# Blender 3.3.1
# www.blender.org
mtllib cubo3_lev3.mtl
o cubo2
v 1.883943 1.883943 -1.883943
v 1.883943 -1.883943 -1.883944
v -1.883943 -1.883942 -1.883944
v -1.883942 1.883944 -1.883943
v 1.883944 1.883941 1.883944
v 1.883942 -1.883944 1.883943
v -1.883944 -1.883943 1.883943
v -1.883943 1.883943 1.883944
v 1.953719 0.976860 -1.953719
v 1.953719 -0.976859 -1.953719
v 0.976860 1.953719 -1.953718
v -0.976859 1.953719 -1.953718
v 1.953719 1.953718 -0.976859
v 1.953719 1.953718 0.976860
v 0.976859 -1.953718 -1.953719
v -0.976859 -1.953718 -1.953719
v 1.953718 -1.953719 -0.976860
v 1.953717 -1.953719 0.976859
v -1.953719 -0.976858 -1.953719
v -1.953718 0.976860 -1.953719
v -1.953719 -1.953718 -0.976860
v -1.953719 -1.953718 0.976859
v -1.953718 1.953719 -0.976859
v -1.953718 1.953719 0.976860
v 1.953719 0.976858 1.953719
v 1.953718 -0.976861 1.953719
v 0.976860 1.953717 1.953719
v -0.976859 1.953718 1.953719
v 0.976858 -1.953719 1.953718
v -0.976860 -1.953718 1.953718
v -1.953719 -0.976859 1.953719
v -1.953719 0.976859 1.953719
v 1.055008 1.055009 -1.992793
v 1.055008 -1.055008 -1.992793
v -1.055007 1.055009 -1.992793
v -1.055008 -1.055008 -1.992793
v 1.055008 1.055007 1.992793
v -1.055008 1.055008 1.992793
v 1.055007 -1.055009 1.992793
v -1.055009 -1.055009 1.992793
v 1.992793 1.055008 -1.055008
v 1.992793 1.055007 1.055008
v 1.992792 -1.055008 -1.055009
v 1.992792 -1.055009 1.055008
v 1.055008 -1.992793 -1.055009
v 1.055007 -1.992793 1.055008
v -1.055008 -1.992792 -1.055009
v -1.055009 -1.992792 1.055008
v -1.992793 -1.055007 -1.055008
v -1.992793 -1.055007 1.055008
v -1.992792 1.055009 -1.055008
v -1.992792 1.055008 1.055008
v 1.055008 1.992792 1.055009
v 1.055008 1.992793 -1.055008
v -1.055008 1.992792 1.055009
v -1.055007 1.992793 -1.055008
v 1.103724 1.103723 1.103725
v -1.103724 1.103724 1.103725
v 1.103724 1.103724 -1.103724
v 1.103724 -1.103724 -1.103725
v 1.103723 -1.103725 1.103724
v -1.103724 -1.103724 1.103724
v -1.103724 -1.103724 -1.103725
v -1.103723 1.103725 -1.103724
v -1.220614 1.220614 0.807224
v -1.285567 1.285567 0.541152
v -1.322311 1.322311 0.271883
v -1.334136 1.334137 0.000000
v -1.322311 1.322311 -0.271883
v -1.285566 1.285567 -0.541152
v -1.220613 1.220614 -0.807223
v 1.220614 -1.220614 -0.807224
v 1.285566 -1.285567 -0.541152
v 1.322311 -1.322312 -0.271883
v 1.334136 -1.334137 -0.000000
v 1.322311 -1.322311 0.271883
v 1.285566 -1.285567 0.541152
v 1.220613 -1.220614 0.807223
v 1.898832 1.849010 -1.898832
v 1.915971 1.791138 -1.915971
v 1.930698 1.712945 -1.930698
v 1.941767 1.613239 -1.941766
v 1.948676 1.490637 -1.948676
v 1.952225 1.344232 -1.952224
v 1.953532 1.173235 -1.953532
v 1.953719 0.755540 -1.953719
v 1.953719 0.514596 -1.953719
v 1.953719 0.260569 -1.953719
v 1.953719 0.000000 -1.953719
v 1.953719 -0.260568 -1.953719
v 1.953719 -0.514595 -1.953719
v 1.953719 -0.755539 -1.953719
v 1.849010 1.898832 -1.898832
v 1.791138 1.915971 -1.915970
v 1.712945 1.930698 -1.930698
v 1.613240 1.941766 -1.941766
v 1.490637 1.948676 -1.948676
v 1.344232 1.952225 -1.952224
v 1.173235 1.953532 -1.953532
v 0.755540 1.953719 -1.953718
v 0.514596 1.953719 -1.953719
v 0.260569 1.953719 -1.953718
v 0.000001 1.953719 -1.953718
v -0.260568 1.953719 -1.953718
v -0.514595 1.953719 -1.953719
v -0.755539 1.953719 -1.953718
v 1.898832 1.898832 -1.849010
v 1.915971 1.915970 -1.791138
v 1.930699 1.930698 -1.712945
v 1.941767 1.941766 -1.613239
v 1.948676 1.948676 -1.490637
v 1.952225 1.952224 -1.344231
v 1.953532 1.953532 -1.173234
v 1.898833 1.898830 1.849010
v 1.915971 1.915969 1.791138
v 1.930699 1.930697 1.712945
v 1.941767 1.941765 1.613240
v 1.948677 1.948675 1.490637
v 1.952225 1.952223 1.344232
v 1.953532 1.953531 1.173235
v -1.849010 -1.898831 -1.898832
v -1.791138 -1.915970 -1.915971
v -1.712945 -1.930697 -1.930699
v -1.613240 -1.941765 -1.941767
v -1.490637 -1.948675 -1.948677
v -1.344232 -1.952224 -1.952225
v -1.173235 -1.953531 -1.953532
v 0.807223 -1.220614 -1.220615
v 0.541152 -1.285567 -1.285567
v 0.271883 -1.322311 -1.322312
v 0.000000 -1.334136 -1.334137
v -0.271883 -1.322311 -1.322312
v -0.541152 -1.285567 -1.285567
v -0.807223 -1.220614 -1.220614
v 1.953718 -1.953719 -0.755540
v 1.953718 -1.953719 -0.514596
v 1.953718 -1.953719 -0.260569
v 1.953717 -1.953719 -0.000000
v 1.953717 -1.953719 0.260568
v 1.953717 -1.953719 0.514595
v 1.953717 -1.953719 0.755539
v -1.898832 -1.849009 -1.898833
v -1.915971 -1.791137 -1.915971
v -1.930699 -1.712943 -1.930699
v -1.941767 -1.613238 -1.941767
v -1.948676 -1.490636 -1.948676
v -1.952225 -1.344230 -1.952225
v -1.953532 -1.173234 -1.953532
v -1.953718 -0.755539 -1.953719
v -1.953719 -0.514595 -1.953719
v -1.953718 -0.260568 -1.953719
v -1.953718 0.000001 -1.953719
v -1.953718 0.260569 -1.953719
v -1.953718 0.514596 -1.953719
v -1.953718 0.755540 -1.953719
v -1.898832 -1.898831 -1.849011
v -1.915971 -1.915970 -1.791138
v -1.930699 -1.930697 -1.712945
v -1.941767 -1.941765 -1.613240
v -1.948676 -1.948675 -1.490637
v -1.952225 -1.952224 -1.344232
v -1.953532 -1.953531 -1.173235
v -1.898832 -1.898832 1.849010
v -1.915971 -1.915970 1.791137
v -1.930699 -1.930698 1.712945
v -1.941767 -1.941766 1.613239
v -1.948676 -1.948676 1.490637
v -1.952225 -1.952224 1.344231
v -1.953532 -1.953531 1.173234
v -1.953718 1.953719 -0.755539
v -1.953718 1.953719 -0.514595
v -1.953718 1.953719 -0.260568
v -1.953718 1.953719 0.000000
v -1.953718 1.953719 0.260569
v -1.953718 1.953719 0.514596
v -1.953718 1.953719 0.755540
v 1.898833 1.849008 1.898833
v 1.915971 1.791136 1.915971
v 1.930699 1.712943 1.930699
v 1.941767 1.613238 1.941767
v 1.948677 1.490636 1.948677
v 1.952225 1.344230 1.952225
v 1.953532 1.173233 1.953532
v 1.953718 0.755538 1.953719
v 1.953719 0.514594 1.953719
v 1.953718 0.260567 1.953719
v 1.953718 -0.000001 1.953719
v 1.953718 -0.260570 1.953719
v 1.953718 -0.514597 1.953719
v 1.953718 -0.755541 1.953719
v 1.849011 1.898830 1.898833
v 1.791138 1.915969 1.915971
v 1.712945 1.930697 1.930699
v 1.613240 1.941765 1.941767
v 1.490638 1.948675 1.948677
v 1.344232 1.952223 1.952225
v 1.173235 1.953531 1.953532
v 0.755540 1.953718 1.953719
v 0.514596 1.953717 1.953719
v 0.260569 1.953718 1.953719
v 0.000000 1.953718 1.953719
v -0.260568 1.953718 1.953719
v -0.514595 1.953718 1.953719
v -0.755539 1.953718 1.953719
v -1.849010 -1.898832 1.898832
v -1.791138 -1.915970 1.915970
v -1.712945 -1.930698 1.930698
v -1.613240 -1.941766 1.941766
v -1.490638 -1.948676 1.948676
v -1.344232 -1.952224 1.952225
v -1.173235 -1.953532 1.953532
v -1.898832 -1.849010 1.898832
v -1.915971 -1.791137 1.915971
v -1.930699 -1.712944 1.930698
v -1.941767 -1.613239 1.941766
v -1.948676 -1.490637 1.948676
v -1.952225 -1.344231 1.952225
v -1.953532 -1.173234 1.953532
v -1.953719 -0.755539 1.953719
v -1.953719 -0.514595 1.953719
v -1.953719 -0.260568 1.953719
v -1.953719 -0.000000 1.953719
v -1.953719 0.260569 1.953719
v -1.953719 0.514596 1.953719
v -1.953719 0.755540 1.953719
v 1.894840 0.976990 -1.999620
v 1.822846 0.977906 -2.033103
v 1.737703 0.980392 -2.054833
v 1.639380 0.985233 -2.065476
v 1.527398 0.993292 -2.065554
v 1.399510 1.005750 -2.055020
v 1.251242 1.024222 -2.033150
v 0.976990 -1.894839 -1.999620
v 0.977906 -1.822845 -2.033103
v 0.980392 -1.737702 -2.054834
v 0.985232 -1.639379 -2.065476
v 0.993292 -1.527398 -2.065554
v 1.005750 -1.399509 -2.055020
v 1.024222 -1.251242 -2.033150
v 0.790983 1.191739 -1.977465
v 0.533899 1.268455 -1.968687
v 0.269131 1.311360 -1.963701
v 0.000001 1.325040 -1.962092
v -0.269130 1.311360 -1.963701
v -0.533898 1.268455 -1.968687
v -0.790982 1.191739 -1.977465
v -1.894840 -0.976989 -1.999620
v -1.822846 -0.977905 -2.033103
v -1.737703 -0.980391 -2.054834
v -1.639379 -0.985232 -2.065476
v -1.527398 -0.993291 -2.065554
v -1.399509 -1.005749 -2.055021
v -1.251242 -1.024221 -2.033150
v 0.976990 1.894839 1.999620
v 0.977906 1.822844 2.033103
v 0.980392 1.737702 2.054834
v 0.985233 1.639378 2.065476
v 0.993292 1.527397 2.065554
v 1.005750 1.399508 2.055020
v 1.024221 1.251241 2.033150
v 0.790983 1.191738 1.977466
v 0.533899 1.268454 1.968687
v 0.269130 1.311359 1.963702
v 0.000000 1.325039 1.962092
v -0.269130 1.311359 1.963702
v -0.533899 1.268454 1.968688
v -0.790983 1.191738 1.977466
v 0.976989 -1.894841 1.999619
v 0.977905 -1.822847 2.033103
v 0.980391 -1.737704 2.054833
v 0.985232 -1.639380 2.065476
v 0.993291 -1.527399 2.065553
v 1.005749 -1.399511 2.055020
v 1.024221 -1.251243 2.033150
v -1.894840 -0.976990 1.999620
v -1.822846 -0.977906 2.033103
v -1.737703 -0.980392 2.054833
v -1.639380 -0.985232 2.065476
v -1.527399 -0.993292 2.065554
v -1.399510 -1.005749 2.055020
v -1.251243 -1.024222 2.033150
v 1.999620 1.894840 -0.976990
v 2.033103 1.822845 -0.977906
v 2.054834 1.737702 -0.980392
v 2.065476 1.639379 -0.985232
v 2.065554 1.527398 -0.993292
v 2.055020 1.399509 -1.005749
v 2.033150 1.251242 -1.024221
v 1.999620 0.976989 1.894840
v 2.033103 0.977905 1.822846
v 2.054833 0.980390 1.737703
v 2.065476 0.985231 1.639380
v 2.065554 0.993291 1.527399
v 2.055020 1.005748 1.399510
v 2.033150 1.024220 1.251243
v 1.999619 -1.894840 -0.976991
v 2.033102 -1.822846 -0.977906
v 2.054833 -1.737703 -0.980392
v 2.065475 -1.639380 -0.985233
v 2.065553 -1.527399 -0.993292
v 2.055019 -1.399510 -1.005750
v 2.033149 -1.251242 -1.024222
v 1.977464 -1.191739 -0.790983
v 1.968686 -1.268455 -0.533899
v 1.963701 -1.311360 -0.269131
v 1.962091 -1.325040 -0.000000
v 1.963700 -1.311360 0.269130
v 1.968686 -1.268456 0.533899
v 1.977464 -1.191740 0.790982
v 1.894839 -1.999620 -0.976991
v 1.822845 -2.033103 -0.977906
v 1.737702 -2.054833 -0.980392
v 1.639379 -2.065476 -0.985233
v 1.527398 -2.065553 -0.993292
v 1.399509 -2.055020 -1.005750
v 1.251242 -2.033150 -1.024222
v 0.976989 -1.999620 1.894840
v 0.977905 -2.033103 1.822845
v 0.980391 -2.054834 1.737703
v 0.985231 -2.065476 1.639379
v 0.993291 -2.065554 1.527398
v 1.005748 -2.055020 1.399509
v 1.024220 -2.033150 1.251242
v -1.894840 -1.999619 -0.976991
v -1.822846 -2.033102 -0.977906
v -1.737703 -2.054833 -0.980392
v -1.639379 -2.065475 -0.985233
v -1.527398 -2.065552 -0.993292
v -1.399510 -2.055019 -1.005750
v -1.251243 -2.033149 -1.024222
v -1.191739 -1.977464 -0.790983
v -1.268455 -1.968686 -0.533899
v -1.311360 -1.963701 -0.269131
v -1.325040 -1.962091 -0.000000
v -1.311360 -1.963701 0.269130
v -1.268455 -1.968687 0.533898
v -1.191739 -1.977465 0.790982
v -1.999620 -1.894839 -0.976991
v -2.033103 -1.822845 -0.977906
v -2.054834 -1.737702 -0.980392
v -2.065476 -1.639378 -0.985233
v -2.065554 -1.527397 -0.993292
v -2.055020 -1.399509 -1.005750
v -2.033150 -1.251241 -1.024222
v -1.999620 -0.976990 1.894840
v -2.033103 -0.977906 1.822846
v -2.054833 -0.980391 1.737703
v -2.065476 -0.985232 1.639379
v -2.065554 -0.993291 1.527398
v -2.055020 -1.005749 1.399510
v -2.033150 -1.024221 1.251242
v -1.999619 1.894840 -0.976990
v -2.033102 1.822846 -0.977906
v -2.054833 1.737703 -0.980391
v -2.065475 1.639380 -0.985232
v -2.065552 1.527399 -0.993292
v -2.055019 1.399510 -1.005749
v -2.033149 1.251243 -1.024221
v -1.977464 1.191739 -0.790982
v -1.968686 1.268455 -0.533899
v -1.963701 1.311360 -0.269130
v -1.962091 1.325040 0.000000
v -1.963701 1.311360 0.269131
v -1.968686 1.268455 0.533899
v -1.977465 1.191739 0.790983
v 0.976990 1.999618 1.894840
v 0.977906 2.033102 1.822846
v 0.980392 2.054832 1.737704
v 0.985233 2.065475 1.639380
v 0.993292 2.065552 1.527399
v 1.005750 2.055019 1.399510
v 1.024222 2.033149 1.251243
v 1.894840 1.999619 -0.976990
v 1.822846 2.033103 -0.977906
v 1.737703 2.054833 -0.980391
v 1.639380 2.065475 -0.985232
v 1.527398 2.065553 -0.993292
v 1.399510 2.055019 -1.005749
v 1.251242 2.033149 -1.024221
v 0.790983 1.977464 1.191739
v 0.533899 1.968686 1.268455
v 0.269131 1.963700 1.311360
v 0.000000 1.962091 1.325040
v -0.269130 1.963700 1.311360
v -0.533898 1.968686 1.268455
v -0.790982 1.977464 1.191739
v -1.894839 1.999620 -0.976990
v -1.822845 2.033103 -0.977906
v -1.737702 2.054834 -0.980391
v -1.639378 2.065476 -0.985232
v -1.527398 2.065554 -0.993292
v -1.399509 2.055021 -1.005749
v -1.251241 2.033150 -1.024221
v 0.968628 0.968627 1.918104
v 0.920145 0.920144 1.838768
v 0.893898 0.893897 1.751495
v 0.887676 0.887675 1.656837
v 0.900921 0.900920 1.554687
v 0.935393 0.935392 1.441652
v 0.994817 0.994816 1.310003
v 0.807223 1.220613 1.220614
v 0.541152 1.285566 1.285567
v 0.271883 1.322310 1.322312
v 0.000000 1.334136 1.334137
v -0.271883 1.322311 1.322312
v -0.541152 1.285566 1.285567
v -0.807223 1.220614 1.220615
v 0.968628 0.968628 -1.918104
v 0.920145 0.920145 -1.838768
v 0.893898 0.893898 -1.751495
v 0.887676 0.887676 -1.656836
v 0.900921 0.900921 -1.554687
v 0.935393 0.935393 -1.441652
v 0.994817 0.994817 -1.310003
v 0.968627 -1.918104 -0.968628
v 0.920144 -1.838768 -0.920145
v 0.893897 -1.751495 -0.893898
v 0.887675 -1.656836 -0.887676
v 0.900920 -1.554687 -0.900921
v 0.935393 -1.441652 -0.935393
v 0.994817 -1.310002 -0.994817
v 0.968627 -0.968629 1.918104
v 0.920144 -0.920146 1.838768
v 0.893897 -0.893899 1.751495
v 0.887675 -0.887676 1.656836
v 0.900920 -0.900922 1.554687
v 0.935392 -0.935394 1.441652
v 0.994816 -0.994818 1.310003
v 0.807223 -1.220615 1.220614
v 0.541151 -1.285567 1.285567
v 0.271883 -1.322312 1.322311
v -0.000001 -1.334137 1.334136
v -0.271884 -1.322312 1.322311
v -0.541152 -1.285567 1.285567
v -0.807224 -1.220614 1.220614
v -0.968628 -1.918103 -0.968628
v -0.920145 -1.838767 -0.920145
v -0.893898 -1.751495 -0.893898
v -0.887676 -1.656836 -0.887676
v -0.900921 -1.554687 -0.900921
v -0.935393 -1.441652 -0.935393
v -0.994817 -1.310002 -0.994817
v 0.807224 1.220614 -1.220614
v 0.541152 1.285567 -1.285567
v 0.271884 1.322312 -1.322311
v 0.000000 1.334137 -1.334136
v -0.271883 1.322312 -1.322311
v -0.541151 1.285567 -1.285567
v -0.807223 1.220614 -1.220614
v 1.191738 -1.977465 -0.790983
v 1.268454 -1.968687 -0.533899
v 1.311359 -1.963702 -0.269131
v 1.325039 -1.962092 -0.000000
v 1.311359 -1.963701 0.269130
v 1.268454 -1.968688 0.533899
v 1.191738 -1.977465 0.790982
v -1.894839 0.976991 -1.999620
v -1.822845 0.977907 -2.033103
v -1.737702 0.980392 -2.054833
v -1.639379 0.985233 -2.065476
v -1.527398 0.993292 -2.065553
v -1.399509 1.005750 -2.055020
v -1.251241 1.024222 -2.033150
v 0.790982 -1.977465 -1.191739
v 0.533898 -1.968687 -1.268455
v 0.269130 -1.963701 -1.311360
v 0.000000 -1.962091 -1.325040
v -0.269131 -1.963701 -1.311360
v -0.533899 -1.968686 -1.268455
v -0.790983 -1.977464 -1.191739
v -0.968627 0.968628 -1.918104
v -0.920144 0.920145 -1.838768
v -0.893897 0.893898 -1.751495
v -0.887675 0.887676 -1.656836
v -0.900920 0.900921 -1.554687
v -0.935392 0.935393 -1.441652
v -0.994816 0.994817 -1.310003
v 1.977465 1.191738 -0.790982
v 1.968687 1.268454 -0.533899
v 1.963701 1.311359 -0.269130
v 1.962092 1.325039 0.000000
v 1.963701 1.311359 0.269131
v 1.968687 1.268454 0.533899
v 1.977465 1.191738 0.790983
v 1.918104 0.968627 -0.968628
v 1.838768 0.920145 -0.920145
v 1.751495 0.893898 -0.893898
v 1.656836 0.887675 -0.887676
v 1.554687 0.900921 -0.900921
v 1.441652 0.935393 -0.935393
v 1.310003 0.994817 -0.994817
v 1.977465 0.790982 -1.191739
v 1.968687 0.533898 -1.268455
v 1.963701 0.269130 -1.311360
v 1.962092 0.000000 -1.325040
v 1.963701 -0.269131 -1.311360
v 1.968687 -0.533899 -1.268455
v 1.977465 -0.790983 -1.191739
v -1.977465 -1.191738 -0.790983
v -1.968687 -1.268454 -0.533899
v -1.963701 -1.311359 -0.269131
v -1.962092 -1.325039 -0.000000
v -1.963701 -1.311359 0.269130
v -1.968687 -1.268454 0.533899
v -1.977465 -1.191738 0.790982
v 1.918103 -0.968628 -0.968628
v 1.838767 -0.920145 -0.920145
v 1.751495 -0.893898 -0.893898
v 1.656836 -0.887676 -0.887676
v 1.554687 -0.900921 -0.900921
v 1.441652 -0.935393 -0.935393
v 1.310002 -0.994817 -0.994817
v -1.977465 -0.790982 -1.191739
v -1.968687 -0.533898 -1.268455
v -1.963701 -0.269130 -1.311360
v -1.962091 0.000001 -1.325040
v -1.963701 0.269131 -1.311360
v -1.968686 0.533899 -1.268455
v -1.977464 0.790983 -1.191739
v 1.999619 -0.976991 1.894840
v 2.033102 -0.977907 1.822846
v 2.054833 -0.980393 1.737703
v 2.065475 -0.985234 1.639379
v 2.065552 -0.993293 1.527398
v 2.055019 -1.005751 1.399510
v 2.033149 -1.024222 1.251242
v 1.953719 1.953718 -0.755539
v 1.953719 1.953718 -0.514595
v 1.953719 1.953718 -0.260568
v 1.953719 1.953718 0.000000
v 1.953719 1.953718 0.260569
v 1.953719 1.953718 0.514596
v 1.953719 1.953717 0.755540
v 1.191739 1.977464 0.790983
v 1.268455 1.968686 0.533899
v 1.311360 1.963701 0.269131
v 1.325040 1.962091 0.000000
v 1.311360 1.963701 -0.269130
v 1.268455 1.968687 -0.533899
v 1.191739 1.977465 -0.790982
v -1.220614 -1.220614 0.807223
v -1.285567 -1.285567 0.541152
v -1.322311 -1.322311 0.271883
v -1.334137 -1.334136 -0.000000
v -1.322312 -1.322311 -0.271883
v -1.285567 -1.285567 -0.541152
v -1.220614 -1.220614 -0.807224
v -1.894840 0.976990 1.999620
v -1.822846 0.977906 2.033103
v -1.737703 0.980391 2.054834
v -1.639379 0.985232 2.065476
v -1.527398 0.993292 2.065554
v -1.399510 1.005749 2.055020
v -1.251242 1.024221 2.033150
v -1.918104 -0.968627 -0.968628
v -1.838768 -0.920144 -0.920145
v -1.751495 -0.893897 -0.893898
v -1.656836 -0.887675 -0.887676
v -1.554687 -0.900921 -0.900921
v -1.441652 -0.935393 -0.935393
v -1.310002 -0.994817 -0.994817
v 0.790983 -1.191738 -1.977466
v 0.533899 -1.268454 -1.968688
v 0.269130 -1.311360 -1.963702
v 0.000000 -1.325040 -1.962092
v -0.269130 -1.311360 -1.963702
v -0.533899 -1.268454 -1.968687
v -0.790983 -1.191738 -1.977465
v 0.968628 1.918103 0.968628
v 0.920145 1.838767 0.920145
v 0.893898 1.751494 0.893898
v 0.887676 1.656835 0.887676
v 0.900921 1.554686 0.900921
v 0.935393 1.441651 0.935393
v 0.994817 1.310002 0.994817
v 0.755540 -1.953718 -1.953719
v 0.514596 -1.953718 -1.953719
v 0.260568 -1.953718 -1.953719
v 0.000000 -1.953718 -1.953719
v -0.260569 -1.953718 -1.953719
v -0.514596 -1.953718 -1.953719
v -0.755540 -1.953718 -1.953719
v -1.191738 1.977464 0.790983
v -1.268454 1.968687 0.533899
v -1.311359 1.963701 0.269131
v -1.325039 1.962092 0.000000
v -1.311359 1.963701 -0.269130
v -1.268454 1.968687 -0.533898
v -1.191738 1.977465 -0.790982
v -1.894839 1.999620 0.976991
v -1.822845 2.033103 0.977906
v -1.737702 2.054833 0.980392
v -1.639379 2.065475 0.985233
v -1.527398 2.065553 0.993292
v -1.399509 2.055019 1.005750
v -1.251241 2.033149 1.024222
v -1.918103 0.968628 -0.968628
v -1.838767 0.920145 -0.920145
v -1.751494 0.893898 -0.893898
v -1.656835 0.887676 -0.887676
v -1.554686 0.900921 -0.900921
v -1.441651 0.935393 -0.935393
v -1.310002 0.994817 -0.994817
v -0.968627 1.918103 0.968628
v -0.920144 1.838767 0.920145
v -0.893897 1.751495 0.893898
v -0.887675 1.656836 0.887676
v -0.900921 1.554687 0.900921
v -0.935393 1.441652 0.935393
v -0.994817 1.310002 0.994817
v -0.976991 -1.999620 1.894840
v -0.977907 -2.033103 1.822845
v -0.980392 -2.054833 1.737702
v -0.985233 -2.065475 1.639379
v -0.993292 -2.065553 1.527398
v -1.005750 -2.055020 1.399509
v -1.024222 -2.033150 1.251242
v 1.220614 1.220613 0.807224
v 1.285567 1.285566 0.541152
v 1.322311 1.322311 0.271883
v 1.334137 1.334136 0.000000
v 1.322311 1.322311 -0.271883
v 1.285567 1.285567 -0.541152
v 1.220614 1.220614 -0.807223
v 1.220614 0.807223 -1.220614
v 1.285567 0.541152 -1.285567
v 1.322311 0.271883 -1.322312
v 1.334137 0.000000 -1.334137
v 1.322311 -0.271883 -1.322312
v 1.285567 -0.541152 -1.285567
v 1.220614 -0.807223 -1.220614
v -1.191739 0.790982 1.977466
v -1.268455 0.533898 1.968687
v -1.311360 0.269130 1.963701
v -1.325040 -0.000000 1.962092
v -1.311360 -0.269131 1.963701
v -1.268455 -0.533899 1.968687
v -1.191739 -0.790983 1.977465
v 1.220614 0.807222 1.220614
v 1.285567 0.541151 1.285567
v 1.322311 0.271882 1.322311
v 1.334136 -0.000001 1.334137
v 1.322311 -0.271884 1.322311
v 1.285566 -0.541153 1.285567
v 1.220613 -0.807224 1.220614
v 0.976990 1.894840 -1.999619
v 0.977906 1.822846 -2.033103
v 0.980392 1.737704 -2.054833
v 0.985233 1.639380 -2.065476
v 0.993292 1.527399 -2.065553
v 1.005750 1.399510 -2.055020
v 1.024222 1.251243 -2.033150
v -1.999620 0.976990 1.894840
v -2.033103 0.977906 1.822846
v -2.054833 0.980392 1.737703
v -2.065476 0.985233 1.639380
v -2.065553 0.993292 1.527398
v -2.055019 1.005749 1.399510
v -2.033149 1.024221 1.251242
v 1.898832 -1.849010 -1.898832
v 1.915971 -1.791137 -1.915971
v 1.930698 -1.712945 -1.930699
v 1.941766 -1.613239 -1.941767
v 1.948676 -1.490637 -1.948677
v 1.952225 -1.344231 -1.952225
v 1.953532 -1.173234 -1.953532
v 1.999620 0.976990 -1.894840
v 2.033103 0.977906 -1.822846
v 2.054834 0.980392 -1.737703
v 2.065476 0.985232 -1.639379
v 2.065554 0.993292 -1.527398
v 2.055020 1.005749 -1.399509
v 2.033150 1.024221 -1.251242
v -1.849009 1.898833 -1.898832
v -1.791137 1.915971 -1.915970
v -1.712944 1.930699 -1.930698
v -1.613238 1.941767 -1.941766
v -1.490636 1.948677 -1.948676
v -1.344231 1.952225 -1.952224
v -1.173234 1.953532 -1.953532
v 1.849010 -1.898832 -1.898833
v 1.791138 -1.915970 -1.915971
v 1.712945 -1.930698 -1.930699
v 1.613239 -1.941766 -1.941767
v 1.490637 -1.948676 -1.948677
v 1.344231 -1.952224 -1.952225
v 1.173235 -1.953531 -1.953532
v 1.898832 -1.898832 -1.849011
v 1.915971 -1.915970 -1.791138
v 1.930698 -1.930698 -1.712945
v 1.941766 -1.941766 -1.613240
v 1.948676 -1.948676 -1.490637
v 1.952224 -1.952225 -1.344232
v 1.953531 -1.953532 -1.173235
v 1.898831 -1.898833 1.849010
v 1.915969 -1.915972 1.791137
v 1.930697 -1.930699 1.712945
v 1.941765 -1.941768 1.613239
v 1.948675 -1.948677 1.490637
v 1.952223 -1.952226 1.344231
v 1.953530 -1.953533 1.173234
v -1.898831 1.849011 -1.898832
v -1.915970 1.791138 -1.915971
v -1.930697 1.712945 -1.930698
v -1.941766 1.613240 -1.941766
v -1.948676 1.490638 -1.948676
v -1.952224 1.344232 -1.952225
v -1.953531 1.173235 -1.953532
v -1.898831 1.898833 -1.849010
v -1.915970 1.915971 -1.791138
v -1.930697 1.930699 -1.712945
v -1.941766 1.941767 -1.613239
v -1.948676 1.948677 -1.490637
v -1.952224 1.952225 -1.344231
v -1.953531 1.953532 -1.173234
v -1.898832 1.898832 1.849010
v -1.915970 1.915971 1.791138
v -1.930698 1.930698 1.712945
v -1.941766 1.941766 1.613240
v -1.948676 1.948676 1.490638
v -1.952224 1.952225 1.344232
v -1.953531 1.953532 1.173235
v 1.898831 -1.849011 1.898832
v 1.915969 -1.791139 1.915971
v 1.930697 -1.712946 1.930698
v 1.941765 -1.613241 1.941766
v 1.948675 -1.490639 1.948676
v 1.952224 -1.344233 1.952225
v 1.953531 -1.173236 1.953532
v -1.849010 1.898832 1.898832
v -1.791137 1.915970 1.915971
v -1.712944 1.930698 1.930699
v -1.613239 1.941766 1.941767
v -1.490637 1.948676 1.948677
v -1.344231 1.952224 1.952225
v -1.173234 1.953531 1.953532
v 1.849009 -1.898833 1.898832
v 1.791136 -1.915972 1.915971
v 1.712943 -1.930700 1.930698
v 1.613238 -1.941767 1.941766
v 1.490636 -1.948677 1.948676
v 1.344230 -1.952225 1.952224
v 1.173233 -1.953533 1.953532
v -1.898832 1.849010 1.898833
v -1.915970 1.791137 1.915971
v -1.930698 1.712944 1.930699
v -1.941766 1.613239 1.941767
v -1.948676 1.490637 1.948676
v -1.952224 1.344231 1.952225
v -1.953532 1.173234 1.953532
v 1.894840 -0.976990 -1.999620
v 1.822846 -0.977906 -2.033103
v 1.737703 -0.980391 -2.054834
v 1.639380 -0.985232 -2.065477
v 1.527398 -0.993292 -2.065554
v 1.399510 -1.005749 -2.055020
v 1.251242 -1.024221 -2.033150
v -0.976989 1.894840 -1.999619
v -0.977905 1.822846 -2.033103
v -0.980391 1.737703 -2.054833
v -0.985232 1.639380 -2.065476
v -0.993291 1.527399 -2.065553
v -1.005749 1.399510 -2.055020
v -1.024221 1.251243 -2.033150
v -0.976990 -1.894839 -1.999620
v -0.977906 -1.822845 -2.033103
v -0.980392 -1.737702 -2.054834
v -0.985232 -1.639379 -2.065476
v -0.993292 -1.527398 -2.065554
v -1.005749 -1.399509 -2.055020
v -1.024221 -1.251241 -2.033150
v -0.976990 1.894839 1.999620
v -0.977906 1.822845 2.033103
v -0.980392 1.737702 2.054834
v -0.985232 1.639379 2.065477
v -0.993292 1.527398 2.065554
v -1.005749 1.399509 2.055020
v -1.024221 1.251242 2.033150
v 1.894839 -0.976991 1.999620
v 1.822845 -0.977907 2.033103
v 1.737702 -0.980393 2.054833
v 1.639378 -0.985234 2.065476
v 1.527398 -0.993293 2.065553
v 1.399509 -1.005751 2.055020
v 1.251241 -1.024222 2.033150
v -0.976991 -1.894840 1.999619
v -0.977907 -1.822846 2.033103
v -0.980392 -1.737703 2.054833
v -0.985233 -1.639379 2.065476
v -0.993292 -1.527399 2.065553
v -1.005750 -1.399510 2.055020
v -1.024222 -1.251243 2.033150
v 1.999620 1.894839 0.976990
v 2.033103 1.822845 0.977906
v 2.054833 1.737702 0.980392
v 2.065476 1.639378 0.985233
v 2.065554 1.527397 0.993292
v 2.055020 1.399508 1.005750
v 2.033150 1.251241 1.024222
v 1.999620 -0.976990 -1.894840
v 2.033103 -0.977906 -1.822846
v 2.054833 -0.980392 -1.737703
v 2.065476 -0.985232 -1.639380
v 2.065553 -0.993292 -1.527398
v 2.055020 -1.005749 -1.399510
v 2.033149 -1.024221 -1.251242
v 1.999618 -1.894841 0.976990
v 2.033101 -1.822847 0.977906
v 2.054832 -1.737704 0.980391
v 2.065475 -1.639380 0.985232
v 2.065552 -1.527399 0.993292
v 2.055019 -1.399511 1.005749
v 2.033149 -1.251243 1.024221
v 1.894838 -1.999621 0.976990
v 1.822844 -2.033104 0.977906
v 1.737702 -2.054834 0.980391
v 1.639378 -2.065477 0.985232
v 1.527397 -2.065554 0.993292
v 1.399508 -2.055020 1.005749
v 1.251241 -2.033150 1.024221
v -0.976990 -1.999619 -1.894840
v -0.977906 -2.033102 -1.822846
v -0.980392 -2.054832 -1.737703
v -0.985233 -2.065475 -1.639380
v -0.993292 -2.065553 -1.527399
v -1.005750 -2.055019 -1.399510
v -1.024222 -2.033149 -1.251243
v -1.894840 -1.999619 0.976990
v -1.822846 -2.033102 0.977906
v -1.737703 -2.054833 0.980391
v -1.639380 -2.065475 0.985232
v -1.527399 -2.065553 0.993292
v -1.399510 -2.055019 1.005749
v -1.251243 -2.033149 1.024221
v -1.999620 -1.894839 0.976990
v -2.033103 -1.822845 0.977906
v -2.054833 -1.737702 0.980392
v -2.065476 -1.639379 0.985232
v -2.065554 -1.527398 0.993292
v -2.055020 -1.399509 1.005749
v -2.033150 -1.251242 1.024221
v -1.999619 0.976991 -1.894840
v -2.033102 0.977906 -1.822846
v -2.054833 0.980392 -1.737703
v -2.065475 0.985233 -1.639379
v -2.065553 0.993292 -1.527398
v -2.055019 1.005750 -1.399510
v -2.033149 1.024222 -1.251242
v -1.999619 1.894840 0.976991
v -2.033102 1.822846 0.977906
v -2.054833 1.737703 0.980392
v -2.065475 1.639379 0.985233
v -2.065553 1.527398 0.993292
v -2.055019 1.399510 1.005750
v -2.033149 1.251242 1.024222
v 1.894840 1.999619 0.976991
v 1.822846 2.033102 0.977906
v 1.737703 2.054832 0.980392
v 1.639380 2.065475 0.985233
v 1.527398 2.065553 0.993292
v 1.399510 2.055019 1.005750
v 1.251242 2.033149 1.024222
v -0.976990 1.999619 1.894840
v -0.977906 2.033102 1.822846
v -0.980391 2.054833 1.737703
v -0.985232 2.065475 1.639380
v -0.993291 2.065552 1.527399
v -1.005749 2.055019 1.399510
v -1.024221 2.033149 1.251243
v -0.976989 1.999620 -1.894840
v -0.977905 2.033103 -1.822845
v -0.980391 2.054834 -1.737702
v -0.985232 2.065476 -1.639379
v -0.993291 2.065554 -1.527398
v -1.005749 2.055020 -1.399509
v -1.024220 2.033150 -1.251242
v -1.953719 -1.953718 -0.755540
v -1.953719 -1.953718 -0.514596
v -1.953719 -1.953718 -0.260569
v -1.953719 -1.953718 -0.000000
v -1.953719 -1.953718 0.260568
v -1.953719 -1.953718 0.514595
v -1.953719 -1.953718 0.755539
v -0.968628 0.968627 1.918104
v -0.920145 0.920145 1.838768
v -0.893898 0.893898 1.751495
v -0.887676 0.887675 1.656837
v -0.900921 0.900920 1.554687
v -0.935393 0.935393 1.441652
v -0.994817 0.994817 1.310003
v 0.968628 1.918103 -0.968628
v 0.920145 1.838768 -0.920145
v 0.893898 1.751495 -0.893898
v 0.887676 1.656836 -0.887676
v 0.900921 1.554687 -0.900921
v 0.935393 1.441652 -0.935393
v 0.994817 1.310002 -0.994817
v 0.968628 -0.968627 -1.918104
v 0.920145 -0.920145 -1.838768
v 0.893898 -0.893898 -1.751495
v 0.887676 -0.887676 -1.656837
v 0.900921 -0.900921 -1.554687
v 0.935393 -0.935393 -1.441652
v 0.994817 -0.994817 -1.310003
v 0.968627 -1.918104 0.968628
v 0.920144 -1.838768 0.920145
v 0.893897 -1.751495 0.893898
v 0.887675 -1.656837 0.887676
v 0.900920 -1.554687 0.900921
v 0.935392 -1.441652 0.935393
v 0.994816 -1.310003 0.994817
v -0.968628 -1.918103 0.968628
v -0.920145 -1.838768 0.920145
v -0.893898 -1.751495 0.893898
v -0.887676 -1.656836 0.887675
v -0.900921 -1.554687 0.900921
v -0.935393 -1.441652 0.935393
v -0.994817 -1.310003 0.994817
v -0.968628 -0.968627 -1.918104
v -0.920145 -0.920145 -1.838768
v -0.893898 -0.893898 -1.751495
v -0.887676 -0.887675 -1.656837
v -0.900921 -0.900921 -1.554687
v -0.935393 -0.935393 -1.441652
v -0.994817 -0.994817 -1.310003
v -0.968627 1.918104 -0.968628
v -0.920144 1.838768 -0.920145
v -0.893897 1.751495 -0.893898
v -0.887675 1.656837 -0.887675
v -0.900920 1.554687 -0.900921
v -0.935392 1.441652 -0.935393
v -0.994816 1.310003 -0.994817
v 0.976990 -1.999619 -1.894840
v 0.977906 -2.033103 -1.822846
v 0.980391 -2.054833 -1.737704
v 0.985232 -2.065476 -1.639380
v 0.993291 -2.065553 -1.527399
v 1.005749 -2.055019 -1.399510
v 1.024221 -2.033150 -1.251243
v 0.790982 -1.977465 1.191739
v 0.533898 -1.968687 1.268455
v 0.269130 -1.963701 1.311360
v -0.000001 -1.962092 1.325040
v -0.269131 -1.963701 1.311360
v -0.533899 -1.968687 1.268454
v -0.790983 -1.977465 1.191739
v 0.976990 1.999620 -1.894840
v 0.977906 2.033103 -1.822845
v 0.980392 2.054833 -1.737703
v 0.985233 2.065476 -1.639379
v 0.993292 2.065554 -1.527398
v 1.005750 2.055020 -1.399509
v 1.024222 2.033149 -1.251242
v 1.918104 0.968627 0.968628
v 1.838768 0.920144 0.920145
v 1.751495 0.893897 0.893898
v 1.656836 0.887675 0.887676
v 1.554687 0.900920 0.900921
v 1.441652 0.935392 0.935393
v 1.310002 0.994816 0.994817
v -0.968628 -0.968628 1.918104
v -0.920145 -0.920145 1.838768
v -0.893898 -0.893898 1.751495
v -0.887676 -0.887676 1.656836
v -0.900921 -0.900921 1.554687
v -0.935393 -0.935393 1.441652
v -0.994817 -0.994817 1.310003
v 0.755539 -1.953719 1.953718
v 0.514595 -1.953719 1.953719
v 0.260568 -1.953719 1.953718
v -0.000001 -1.953719 1.953718
v -0.260569 -1.953719 1.953718
v -0.514596 -1.953719 1.953719
v -0.755540 -1.953719 1.953718
v 1.894840 0.976989 1.999620
v 1.822846 0.977905 2.033103
v 1.737703 0.980390 2.054834
v 1.639380 0.985231 2.065476
v 1.527398 0.993291 2.065554
v 1.399509 1.005748 2.055020
v 1.251242 1.024220 2.033150
v -1.999620 -0.976989 -1.894840
v -2.033103 -0.977905 -1.822846
v -2.054834 -0.980391 -1.737703
v -2.065476 -0.985231 -1.639380
v -2.065554 -0.993291 -1.527399
v -2.055020 -1.005748 -1.399510
v -2.033150 -1.024220 -1.251243
v 1.918103 -0.968629 0.968628
v 1.838767 -0.920146 0.920145
v 1.751494 -0.893899 0.893898
v 1.656835 -0.887676 0.887676
v 1.554686 -0.900922 0.900921
v 1.441651 -0.935394 0.935393
v 1.310002 -0.994818 0.994817
v -1.977465 -0.790982 1.191739
v -1.968687 -0.533898 1.268455
v -1.963701 -0.269130 1.311360
v -1.962092 -0.000000 1.325040
v -1.963701 0.269131 1.311360
v -1.968687 0.533899 1.268455
v -1.977464 0.790982 1.191739
v 1.191739 0.790983 -1.977465
v 1.268455 0.533899 -1.968687
v 1.311360 0.269131 -1.963701
v 1.325040 0.000000 -1.962092
v 1.311360 -0.269130 -1.963701
v 1.268455 -0.533898 -1.968687
v 1.191739 -0.790982 -1.977466
v 1.977465 0.790981 1.191739
v 1.968687 0.533898 1.268455
v 1.963701 0.269129 1.311360
v 1.962091 -0.000001 1.325040
v 1.963701 -0.269132 1.311360
v 1.968687 -0.533900 1.268455
v 1.977464 -0.790984 1.191739
v -1.918103 0.968628 0.968628
v -1.838767 0.920145 0.920145
v -1.751495 0.893898 0.893898
v -1.656836 0.887676 0.887676
v -1.554687 0.900921 0.900921
v -1.441652 0.935393 0.935393
v -1.310002 0.994817 0.994817
v -1.918104 -0.968627 0.968628
v -1.838768 -0.920145 0.920145
v -1.751495 -0.893898 0.893898
v -1.656836 -0.887675 0.887676
v -1.554687 -0.900921 0.900921
v -1.441652 -0.935393 0.935393
v -1.310003 -0.994817 0.994817
v 0.790983 1.977465 -1.191739
v 0.533899 1.968687 -1.268455
v 0.269131 1.963701 -1.311360
v 0.000001 1.962092 -1.325040
v -0.269130 1.963701 -1.311360
v -0.533898 1.968687 -1.268454
v -0.790982 1.977465 -1.191739
v -1.191738 0.790983 -1.977465
v -1.268454 0.533899 -1.968687
v -1.311360 0.269131 -1.963701
v -1.325040 0.000000 -1.962092
v -1.311360 -0.269130 -1.963701
v -1.268455 -0.533898 -1.968687
v -1.191739 -0.790982 -1.977466
v 1.191739 0.790981 1.977466
v 1.268454 0.533898 1.968687
v 1.311360 0.269129 1.963701
v 1.325040 -0.000001 1.962092
v 1.311360 -0.269132 1.963701
v 1.268454 -0.533900 1.968687
v 1.191738 -0.790984 1.977465
v -1.220614 -0.807223 -1.220614
v -1.285567 -0.541151 -1.285567
v -1.322311 -0.271883 -1.322312
v -1.334136 0.000000 -1.334137
v -1.322311 0.271884 -1.322312
v -1.285566 0.541152 -1.285567
v -1.220613 0.807224 -1.220614
v 0.790982 -1.191740 1.977465
v 0.533898 -1.268456 1.968687
v 0.269130 -1.311361 1.963701
v -0.000001 -1.325041 1.962092
v -0.269131 -1.311361 1.963701
v -0.533899 -1.268455 1.968687
v -0.790983 -1.191739 1.977465
v -1.220614 0.807223 1.220614
v -1.285567 0.541152 1.285567
v -1.322311 0.271883 1.322311
v -1.334137 -0.000000 1.334137
v -1.322311 -0.271883 1.322311
v -1.285567 -0.541152 1.285567
v -1.220614 -0.807224 1.220614
v 1.894602 -1.173366 -1.999439
v 1.893493 -1.344418 -1.997962
v 1.890617 -1.491012 -1.993885
v 1.885076 -1.614014 -1.985908
v 1.876360 -1.714450 -1.972925
v 1.865502 -1.793988 -1.954622
v 1.854575 -1.854575 -1.930621
v 1.822022 -1.174235 -2.033152
v 1.820739 -1.345301 -2.031780
v 1.818325 -1.492205 -2.027529
v 1.814106 -1.616045 -2.018941
v 1.807775 -1.718113 -2.004640
v 1.800478 -1.800477 -1.983577
v 1.793988 -1.865502 -1.954622
v 1.735219 -1.176551 -2.055547
v 1.732950 -1.347366 -2.054768
v 1.730395 -1.494319 -2.050872
v 1.727054 -1.618892 -2.042238
v 1.722687 -1.722687 -2.027291
v 1.718114 -1.807775 -2.004640
v 1.714450 -1.876360 -1.972925
v 1.633615 -1.181027 -2.067505
v 1.629110 -1.351097 -2.068014
v 1.625424 -1.497456 -2.065176
v 1.622116 -1.622116 -2.057168
v 1.618892 -1.727053 -2.042238
v 1.616045 -1.814106 -2.018942
v 1.614014 -1.885075 -1.985908
v 1.516093 -1.188488 -2.069898
v 1.507810 -1.357049 -2.072721
v 1.501795 -1.501795 -2.071830
v 1.497457 -1.625424 -2.065176
v 1.494319 -1.730395 -2.050872
v 1.492205 -1.818324 -2.027530
v 1.491012 -1.890616 -1.993885
v 1.379362 -1.200232 -2.063578
v 1.366060 -1.366059 -2.070553
v 1.357050 -1.507810 -2.072721
v 1.351098 -1.629110 -2.068014
v 1.347367 -1.732949 -2.054768
v 1.345302 -1.820739 -2.031780
v 1.344418 -1.893492 -1.997962
v 1.218528 -1.218527 -2.049857
v 1.200233 -1.379361 -2.063578
v 1.188488 -1.516092 -2.069898
v 1.181027 -1.633614 -2.067505
v 1.176552 -1.735218 -2.055547
v 1.174235 -1.822022 -2.033152
v 1.173366 -1.894601 -1.999440
v 1.854575 1.854575 -1.930620
v 1.865502 1.793989 -1.954621
v 1.876360 1.714450 -1.972924
v 1.885076 1.614014 -1.985907
v 1.890617 1.491012 -1.993885
v 1.893493 1.344419 -1.997961
v 1.894602 1.173367 -1.999439
v 1.793989 1.865502 -1.954621
v 1.800478 1.800478 -1.983577
v 1.807775 1.718114 -2.004640
v 1.814106 1.616045 -2.018941
v 1.818325 1.492205 -2.027529
v 1.820740 1.345302 -2.031780
v 1.822022 1.174235 -2.033151
v 1.714450 1.876360 -1.972924
v 1.718114 1.807775 -2.004639
v 1.722687 1.722687 -2.027290
v 1.727054 1.618892 -2.042238
v 1.730395 1.494319 -2.050872
v 1.732950 1.347367 -2.054767
v 1.735219 1.176552 -2.055547
v 1.614014 1.885076 -1.985907
v 1.616045 1.814106 -2.018941
v 1.618892 1.727054 -2.042238
v 1.622117 1.622117 -2.057168
v 1.625424 1.497457 -2.065176
v 1.629110 1.351098 -2.068013
v 1.633615 1.181027 -2.067505
v 1.491012 1.890617 -1.993885
v 1.492205 1.818325 -2.027529
v 1.494319 1.730396 -2.050872
v 1.497457 1.625425 -2.065176
v 1.501795 1.501795 -2.071830
v 1.507810 1.357050 -2.072721
v 1.516093 1.188488 -2.069897
v 1.344419 1.893493 -1.997961
v 1.345302 1.820740 -2.031780
v 1.347367 1.732950 -2.054767
v 1.351098 1.629110 -2.068013
v 1.357050 1.507811 -2.072721
v 1.366059 1.366060 -2.070553
v 1.379362 1.200233 -2.063577
v 1.173367 1.894602 -1.999439
v 1.174235 1.822022 -2.033151
v 1.176552 1.735219 -2.055547
v 1.181027 1.633615 -2.067505
v 1.188488 1.516093 -2.069897
v 1.200233 1.379362 -2.063577
v 1.218527 1.218528 -2.049857
v -1.218527 -1.218526 -2.049857
v -1.200232 -1.379361 -2.063578
v -1.188488 -1.516092 -2.069898
v -1.181027 -1.633614 -2.067505
v -1.176552 -1.735218 -2.055548
v -1.174235 -1.822021 -2.033152
v -1.173366 -1.894601 -1.999439
v -1.379362 -1.200232 -2.063578
v -1.366059 -1.366058 -2.070554
v -1.357050 -1.507809 -2.072721
v -1.351098 -1.629109 -2.068014
v -1.347367 -1.732949 -2.054768
v -1.345302 -1.820738 -2.031780
v -1.344418 -1.893492 -1.997962
v -1.516093 -1.188487 -2.069898
v -1.507810 -1.357049 -2.072721
v -1.501795 -1.501794 -2.071831
v -1.497457 -1.625423 -2.065177
v -1.494319 -1.730395 -2.050872
v -1.492205 -1.818323 -2.027530
v -1.491012 -1.890615 -1.993885
v -1.633615 -1.181026 -2.067505
v -1.629110 -1.351097 -2.068014
v -1.625424 -1.497456 -2.065177
v -1.622116 -1.622115 -2.057168
v -1.618892 -1.727053 -2.042238
v -1.616045 -1.814105 -2.018942
v -1.614014 -1.885075 -1.985908
v -1.735218 -1.176551 -2.055547
v -1.732950 -1.347366 -2.054768
v -1.730396 -1.494318 -2.050872
v -1.727054 -1.618891 -2.042238
v -1.722687 -1.722686 -2.027291
v -1.718114 -1.807774 -2.004640
v -1.714451 -1.876359 -1.972925
v -1.822022 -1.174234 -2.033152
v -1.820739 -1.345301 -2.031780
v -1.818325 -1.492204 -2.027530
v -1.814106 -1.616044 -2.018942
v -1.807775 -1.718113 -2.004640
v -1.800478 -1.800477 -1.983577
v -1.793989 -1.865501 -1.954622
v -1.894602 -1.173365 -1.999439
v -1.893493 -1.344417 -1.997962
v -1.890617 -1.491011 -1.993885
v -1.885076 -1.614013 -1.985908
v -1.876361 -1.714449 -1.972925
v -1.865502 -1.793988 -1.954622
v -1.854575 -1.854574 -1.930620
v -1.173366 1.894602 -1.999439
v -1.174234 1.822023 -2.033152
v -1.176551 1.735219 -2.055547
v -1.181026 1.633615 -2.067505
v -1.188487 1.516093 -2.069897
v -1.200231 1.379362 -2.063577
v -1.218526 1.218528 -2.049857
v -1.344417 1.893493 -1.997961
v -1.345301 1.820740 -2.031780
v -1.347366 1.732950 -2.054767
v -1.351097 1.629111 -2.068013
v -1.357049 1.507811 -2.072721
v -1.366058 1.366060 -2.070553
v -1.379361 1.200233 -2.063577
v -1.491011 1.890617 -1.993885
v -1.492204 1.818325 -2.027529
v -1.494318 1.730396 -2.050872
v -1.497456 1.625425 -2.065176
v -1.501794 1.501796 -2.071830
v -1.507809 1.357050 -2.072721
v -1.516092 1.188489 -2.069897
v -1.614013 1.885077 -1.985907
v -1.616044 1.814107 -2.018941
v -1.618891 1.727054 -2.042238
v -1.622116 1.622117 -2.057167
v -1.625423 1.497457 -2.065176
v -1.629109 1.351098 -2.068013
v -1.633614 1.181027 -2.067505
v -1.714449 1.876361 -1.972924
v -1.718113 1.807776 -2.004640
v -1.722686 1.722687 -2.027290
v -1.727053 1.618893 -2.042238
v -1.730395 1.494320 -2.050872
v -1.732949 1.347367 -2.054768
v -1.735218 1.176552 -2.055547
v -1.793988 1.865502 -1.954622
v -1.800477 1.800479 -1.983577
v -1.807774 1.718114 -2.004640
v -1.814105 1.616045 -2.018941
v -1.818324 1.492206 -2.027529
v -1.820738 1.345302 -2.031780
v -1.822021 1.174236 -2.033151
v -1.854574 1.854576 -1.930620
v -1.865501 1.793989 -1.954621
v -1.876359 1.714451 -1.972925
v -1.885075 1.614014 -1.985907
v -1.890616 1.491012 -1.993885
v -1.893492 1.344419 -1.997962
v -1.894601 1.173367 -1.999439
v -1.173366 1.894601 1.999440
v -1.344418 1.893492 1.997962
v -1.491012 1.890616 1.993885
v -1.614014 1.885076 1.985908
v -1.714450 1.876360 1.972925
v -1.793988 1.865501 1.954622
v -1.854575 1.854575 1.930621
v -1.174235 1.822021 2.033152
v -1.345302 1.820739 2.031780
v -1.492205 1.818324 2.027529
v -1.616045 1.814106 2.018941
v -1.718114 1.807775 2.004640
v -1.800478 1.800478 1.983577
v -1.865502 1.793988 1.954622
v -1.176551 1.735218 2.055547
v -1.347367 1.732949 2.054768
v -1.494319 1.730395 2.050872
v -1.618892 1.727053 2.042238
v -1.722687 1.722686 2.027291
v -1.807775 1.718113 2.004640
v -1.876360 1.714450 1.972925
v -1.181027 1.633614 2.067505
v -1.351098 1.629109 2.068014
v -1.497457 1.625424 2.065176
v -1.622116 1.622116 2.057168
v -1.727053 1.618892 2.042238
v -1.814106 1.616044 2.018942
v -1.885076 1.614014 1.985908
v -1.188488 1.516092 2.069898
v -1.357049 1.507810 2.072721
v -1.501795 1.501795 2.071830
v -1.625424 1.497456 2.065176
v -1.730395 1.494319 2.050872
v -1.818325 1.492205 2.027530
v -1.890616 1.491012 1.993885
v -1.200232 1.379361 2.063578
v -1.366059 1.366059 2.070553
v -1.507810 1.357049 2.072721
v -1.629110 1.351097 2.068014
v -1.732950 1.347366 2.054768
v -1.820739 1.345301 2.031780
v -1.893493 1.344418 1.997962
v -1.218527 1.218527 2.049857
v -1.379362 1.200232 2.063578
v -1.516093 1.188488 2.069898
v -1.633615 1.181027 2.067505
v -1.735218 1.176552 2.055547
v -1.822022 1.174235 2.033152
v -1.894601 1.173366 1.999439
v 1.854576 1.854573 1.930621
v 1.793989 1.865500 1.954622
v 1.714451 1.876359 1.972925
v 1.614014 1.885075 1.985908
v 1.491012 1.890615 1.993885
v 1.344419 1.893491 1.997962
v 1.173367 1.894600 1.999440
v 1.865502 1.793987 1.954622
v 1.800478 1.800476 1.983577
v 1.718114 1.807774 2.004640
v 1.616045 1.814104 2.018942
v 1.492206 1.818323 2.027529
v 1.345302 1.820738 2.031780
v 1.174235 1.822021 2.033152
v 1.876361 1.714449 1.972925
v 1.807776 1.718112 2.004640
v 1.722687 1.722685 2.027291
v 1.618893 1.727052 2.042238
v 1.494319 1.730394 2.050872
v 1.347367 1.732948 2.054768
v 1.176552 1.735217 2.055548
v 1.885076 1.614012 1.985907
v 1.814106 1.616043 2.018942
v 1.727054 1.618891 2.042238
v 1.622117 1.622115 2.057168
v 1.497457 1.625423 2.065177
v 1.351098 1.629109 2.068014
v 1.181027 1.633613 2.067505
v 1.890617 1.491010 1.993885
v 1.818325 1.492204 2.027530
v 1.730396 1.494318 2.050872
v 1.625425 1.497455 2.065176
v 1.501795 1.501794 2.071830
v 1.357050 1.507809 2.072721
v 1.188488 1.516091 2.069898
v 1.893493 1.344417 1.997962
v 1.820740 1.345300 2.031780
v 1.732950 1.347365 2.054768
v 1.629110 1.351096 2.068014
v 1.507810 1.357048 2.072721
v 1.366059 1.366058 2.070553
v 1.200232 1.379360 2.063578
v 1.894602 1.173365 1.999439
v 1.822022 1.174234 2.033152
v 1.735219 1.176551 2.055548
v 1.633615 1.181026 2.067505
v 1.516093 1.188487 2.069898
v 1.379362 1.200231 2.063578
v 1.218527 1.218526 2.049857
v -1.218528 -1.218527 2.049857
v -1.379362 -1.200233 2.063577
v -1.516093 -1.188488 2.069897
v -1.633615 -1.181027 2.067505
v -1.735219 -1.176551 2.055547
v -1.822022 -1.174235 2.033152
v -1.894602 -1.173366 1.999439
v -1.200233 -1.379362 2.063577
v -1.366060 -1.366059 2.070553
v -1.507810 -1.357050 2.072721
v -1.629110 -1.351097 2.068013
v -1.732950 -1.347367 2.054768
v -1.820739 -1.345301 2.031780
v -1.893493 -1.344418 1.997962
v -1.188489 -1.516093 2.069898
v -1.357050 -1.507810 2.072721
v -1.501796 -1.501795 2.071830
v -1.625424 -1.497457 2.065176
v -1.730396 -1.494319 2.050872
v -1.818325 -1.492205 2.027529
v -1.890617 -1.491012 1.993885
v -1.181027 -1.633615 2.067505
v -1.351098 -1.629110 2.068013
v -1.497457 -1.625424 2.065176
v -1.622117 -1.622116 2.057168
v -1.727054 -1.618892 2.042238
v -1.814106 -1.616045 2.018941
v -1.885077 -1.614014 1.985907
v -1.176552 -1.735218 2.055547
v -1.347367 -1.732950 2.054768
v -1.494320 -1.730395 2.050872
v -1.618893 -1.727053 2.042238
v -1.722687 -1.722686 2.027290
v -1.807775 -1.718113 2.004639
v -1.876361 -1.714450 1.972925
v -1.174236 -1.822022 2.033151
v -1.345302 -1.820739 2.031780
v -1.492206 -1.818324 2.027529
v -1.616045 -1.814106 2.018941
v -1.718114 -1.807775 2.004639
v -1.800478 -1.800478 1.983577
v -1.865502 -1.793988 1.954622
v -1.173367 -1.894601 1.999439
v -1.344419 -1.893492 1.997962
v -1.491013 -1.890616 1.993885
v -1.614015 -1.885076 1.985907
v -1.714451 -1.876360 1.972925
v -1.793989 -1.865501 1.954621
v -1.854575 -1.854575 1.930620
v 1.894601 -1.173368 1.999439
v 1.822021 -1.174237 2.033152
v 1.735217 -1.176553 2.055547
v 1.633614 -1.181028 2.067505
v 1.516092 -1.188490 2.069897
v 1.379361 -1.200233 2.063577
v 1.218527 -1.218528 2.049857
v 1.893492 -1.344419 1.997961
v 1.820738 -1.345303 2.031780
v 1.732949 -1.347368 2.054767
v 1.629109 -1.351099 2.068013
v 1.507809 -1.357051 2.072721
v 1.366058 -1.366060 2.070553
v 1.200232 -1.379363 2.063577
v 1.890615 -1.491013 1.993885
v 1.818323 -1.492206 2.027529
v 1.730394 -1.494320 2.050872
v 1.625423 -1.497458 2.065176
v 1.501794 -1.501796 2.071830
v 1.357049 -1.507811 2.072721
v 1.188487 -1.516094 2.069897
v 1.885075 -1.614015 1.985908
v 1.814105 -1.616046 2.018941
v 1.727052 -1.618894 2.042238
v 1.622115 -1.622118 2.057167
v 1.497455 -1.625425 2.065176
v 1.351097 -1.629111 2.068013
v 1.181026 -1.633616 2.067505
v 1.876359 -1.714452 1.972925
v 1.807774 -1.718115 2.004640
v 1.722685 -1.722688 2.027290
v 1.618891 -1.727054 2.042238
v 1.494318 -1.730397 2.050872
v 1.347366 -1.732951 2.054768
v 1.176551 -1.735219 2.055547
v 1.865500 -1.793990 1.954622
v 1.800477 -1.800479 1.983577
v 1.718112 -1.807776 2.004640
v 1.616044 -1.814107 2.018941
v 1.492204 -1.818326 2.027529
v 1.345301 -1.820740 2.031780
v 1.174234 -1.822023 2.033151
v 1.854574 -1.854576 1.930620
v 1.793987 -1.865503 1.954621
v 1.714449 -1.876361 1.972925
v 1.614013 -1.885077 1.985907
v 1.491011 -1.890618 1.993884
v 1.344417 -1.893494 1.997962
v 1.173365 -1.894602 1.999439
v 1.999439 1.894600 1.173367
v 1.997962 1.893491 1.344419
v 1.993885 1.890615 1.491012
v 1.985908 1.885075 1.614015
v 1.972925 1.876359 1.714451
v 1.954622 1.865500 1.793989
v 1.930621 1.854573 1.854576
v 2.033152 1.822021 1.174235
v 2.031780 1.820738 1.345302
v 2.027529 1.818323 1.492205
v 2.018941 1.814104 1.616045
v 2.004640 1.807774 1.718114
v 1.983578 1.800476 1.800478
v 1.954622 1.793987 1.865502
v 2.055547 1.735217 1.176552
v 2.054768 1.732949 1.347367
v 2.050872 1.730394 1.494319
v 2.042238 1.727052 1.618893
v 2.027291 1.722685 1.722687
v 2.004640 1.718112 1.807775
v 1.972925 1.714449 1.876361
v 2.067505 1.633613 1.181027
v 2.068014 1.629109 1.351098
v 2.065177 1.625423 1.497457
v 2.057168 1.622115 1.622117
v 2.042238 1.618891 1.727054
v 2.018941 1.616043 1.814106
v 1.985908 1.614012 1.885076
v 2.069898 1.516092 1.188488
v 2.072721 1.507809 1.357050
v 2.071831 1.501794 1.501796
v 2.065176 1.497455 1.625424
v 2.050872 1.494318 1.730396
v 2.027529 1.492204 1.818325
v 1.993885 1.491010 1.890617
v 2.063578 1.379361 1.200233
v 2.070553 1.366058 1.366060
v 2.072721 1.357048 1.507811
v 2.068014 1.351096 1.629110
v 2.054768 1.347365 1.732950
v 2.031780 1.345300 1.820740
v 1.997962 1.344417 1.893493
v 2.049857 1.218526 1.218528
v 2.063578 1.200231 1.379362
v 2.069898 1.188487 1.516093
v 2.067505 1.181026 1.633615
v 2.055547 1.176551 1.735219
v 2.033152 1.174234 1.822023
v 1.999439 1.173365 1.894602
v 1.930620 1.854575 -1.854575
v 1.954622 1.865502 -1.793988
v 1.972925 1.876360 -1.714450
v 1.985907 1.885076 -1.614013
v 1.993885 1.890616 -1.491012
v 1.997962 1.893492 -1.344418
v 1.999439 1.894601 -1.173366
v 1.954622 1.793988 -1.865502
v 1.983577 1.800478 -1.800478
v 2.004640 1.807775 -1.718114
v 2.018941 1.814106 -1.616045
v 2.027529 1.818324 -1.492205
v 2.031780 1.820739 -1.345302
v 2.033152 1.822022 -1.174235
v 1.972925 1.714450 -1.876360
v 2.004640 1.718113 -1.807775
v 2.027290 1.722686 -1.722687
v 2.042238 1.727053 -1.618892
v 2.050872 1.730395 -1.494319
v 2.054768 1.732949 -1.347367
v 2.055547 1.735218 -1.176552
v 1.985907 1.614014 -1.885076
v 2.018941 1.616045 -1.814106
v 2.042238 1.618892 -1.727053
v 2.057168 1.622116 -1.622116
v 2.065176 1.625424 -1.497457
v 2.068014 1.629110 -1.351098
v 2.067505 1.633614 -1.181027
v 1.993885 1.491012 -1.890616
v 2.027530 1.492205 -1.818324
v 2.050872 1.494319 -1.730395
v 2.065176 1.497456 -1.625424
v 2.071830 1.501795 -1.501795
v 2.072721 1.507810 -1.357049
v 2.069897 1.516092 -1.188488
v 1.997962 1.344418 -1.893493
v 2.031780 1.345302 -1.820739
v 2.054768 1.347366 -1.732950
v 2.068014 1.351097 -1.629110
v 2.072721 1.357049 -1.507810
v 2.070553 1.366059 -1.366059
v 2.063577 1.379361 -1.200232
v 1.999439 1.173367 -1.894601
v 2.033152 1.174235 -1.822022
v 2.055547 1.176552 -1.735218
v 2.067505 1.181027 -1.633615
v 2.069897 1.188488 -1.516093
v 2.063578 1.200232 -1.379362
v 2.049857 1.218527 -1.218527
v 2.049856 -1.218528 1.218527
v 2.063576 -1.200234 1.379362
v 2.069896 -1.188489 1.516092
v 2.067504 -1.181028 1.633614
v 2.055547 -1.176553 1.735218
v 2.033151 -1.174237 1.822022
v 1.999438 -1.173368 1.894601
v 2.063576 -1.379363 1.200232
v 2.070552 -1.366060 1.366059
v 2.072720 -1.357051 1.507810
v 2.068012 -1.351099 1.629110
v 2.054766 -1.347368 1.732950
v 2.031779 -1.345303 1.820739
v 1.997960 -1.344420 1.893493
v 2.069896 -1.516094 1.188488
v 2.072720 -1.507811 1.357049
v 2.071829 -1.501797 1.501795
v 2.065175 -1.497458 1.625424
v 2.050871 -1.494321 1.730395
v 2.027528 -1.492206 1.818325
v 1.993884 -1.491014 1.890616
v 2.067503 -1.633616 1.181027
v 2.068012 -1.629111 1.351097
v 2.065175 -1.625425 1.497457
v 2.057166 -1.622118 1.622116
v 2.042237 -1.618894 1.727054
v 2.018940 -1.616046 1.814106
v 1.985906 -1.614015 1.885076
v 2.055546 -1.735220 1.176552
v 2.054766 -1.732951 1.347367
v 2.050870 -1.730397 1.494319
v 2.042237 -1.727055 1.618892
v 2.027289 -1.722688 1.722687
v 2.004638 -1.718115 1.807775
v 1.972923 -1.714452 1.876360
v 2.033150 -1.822024 1.174235
v 2.031778 -1.820740 1.345302
v 2.027528 -1.818326 1.492205
v 2.018939 -1.814107 1.616045
v 2.004638 -1.807776 1.718114
v 1.983576 -1.800479 1.800478
v 1.954620 -1.793990 1.865502
v 1.999438 -1.894603 1.173366
v 1.997960 -1.893494 1.344418
v 1.993883 -1.890618 1.491012
v 1.985906 -1.885077 1.614014
v 1.972923 -1.876361 1.714450
v 1.954620 -1.865503 1.793988
v 1.930619 -1.854576 1.854575
v 1.999439 -1.173366 -1.894602
v 2.033152 -1.174235 -1.822023
v 2.055547 -1.176551 -1.735219
v 2.067504 -1.181027 -1.633615
v 2.069897 -1.188488 -1.516093
v 2.063577 -1.200232 -1.379362
v 2.049856 -1.218527 -1.218528
v 1.997962 -1.344418 -1.893493
v 2.031780 -1.345302 -1.820740
v 2.054767 -1.347367 -1.732950
v 2.068013 -1.351098 -1.629110
v 2.072721 -1.357049 -1.507810
v 2.070552 -1.366059 -1.366060
v 2.063577 -1.379362 -1.200233
v 1.993885 -1.491012 -1.890617
v 2.027529 -1.492205 -1.818325
v 2.050872 -1.494319 -1.730396
v 2.065176 -1.497457 -1.625425
v 2.071830 -1.501795 -1.501796
v 2.072720 -1.507810 -1.357050
v 2.069897 -1.516092 -1.188488
v 1.985907 -1.614014 -1.885077
v 2.018941 -1.616045 -1.814107
v 2.042238 -1.618892 -1.727054
v 2.057167 -1.622116 -1.622117
v 2.065176 -1.625424 -1.497457
v 2.068013 -1.629110 -1.351098
v 2.067504 -1.633615 -1.181027
v 1.972925 -1.714450 -1.876361
v 2.004640 -1.718114 -1.807776
v 2.027290 -1.722687 -1.722687
v 2.042238 -1.727053 -1.618893
v 2.050872 -1.730395 -1.494319
v 2.054767 -1.732950 -1.347367
v 2.055547 -1.735219 -1.176552
v 1.954622 -1.793988 -1.865502
v 1.983577 -1.800478 -1.800478
v 2.004639 -1.807775 -1.718114
v 2.018941 -1.814106 -1.616045
v 2.027529 -1.818325 -1.492206
v 2.031780 -1.820739 -1.345302
v 2.033151 -1.822022 -1.174235
v 1.930620 -1.854575 -1.854576
v 1.954621 -1.865502 -1.793989
v 1.972924 -1.876360 -1.714451
v 1.985907 -1.885076 -1.614014
v 1.993884 -1.890616 -1.491012
v 1.997961 -1.893493 -1.344419
v 1.999438 -1.894602 -1.173367
v 1.894600 -1.999440 1.173366
v 1.893491 -1.997962 1.344418
v 1.890615 -1.993886 1.491012
v 1.885075 -1.985909 1.614014
v 1.876359 -1.972926 1.714450
v 1.865500 -1.954623 1.793988
v 1.854573 -1.930621 1.854575
v 1.822021 -2.033153 1.174235
v 1.820738 -2.031781 1.345301
v 1.818323 -2.027530 1.492205
v 1.814104 -2.018942 1.616045
v 1.807774 -2.004641 1.718114
v 1.800476 -1.983578 1.800478
v 1.793987 -1.954623 1.865502
v 1.735217 -2.055548 1.176551
v 1.732949 -2.054769 1.347366
v 1.730394 -2.050873 1.494319
v 1.727052 -2.042239 1.618892
v 1.722685 -2.027291 1.722687
v 1.718112 -2.004641 1.807775
v 1.714449 -1.972926 1.876360
v 1.633613 -2.067506 1.181027
v 1.629109 -2.068014 1.351097
v 1.625423 -2.065177 1.497456
v 1.622115 -2.057168 1.622116
v 1.618891 -2.042239 1.727053
v 1.616043 -2.018942 1.814106
v 1.614012 -1.985908 1.885076
v 1.516092 -2.069898 1.188488
v 1.507809 -2.072721 1.357049
v 1.501794 -2.071831 1.501795
v 1.497455 -2.065177 1.625424
v 1.494318 -2.050873 1.730395
v 1.492204 -2.027530 1.818324
v 1.491011 -1.993886 1.890616
v 1.379361 -2.063578 1.200232
v 1.366058 -2.070553 1.366059
v 1.357048 -2.072721 1.507810
v 1.351096 -2.068014 1.629110
v 1.347365 -2.054769 1.732949
v 1.345301 -2.031780 1.820739
v 1.344417 -1.997962 1.893493
v 1.218526 -2.049857 1.218527
v 1.200231 -2.063578 1.379362
v 1.188487 -2.069898 1.516092
v 1.181026 -2.067506 1.633615
v 1.176551 -2.055548 1.735218
v 1.174234 -2.033152 1.822022
v 1.173365 -1.999440 1.894601
v 1.854575 -1.930620 -1.854576
v 1.865502 -1.954621 -1.793989
v 1.876360 -1.972924 -1.714451
v 1.885076 -1.985907 -1.614014
v 1.890616 -1.993885 -1.491012
v 1.893492 -1.997961 -1.344419
v 1.894601 -1.999439 -1.173367
v 1.793988 -1.954621 -1.865502
v 1.800478 -1.983577 -1.800479
v 1.807775 -2.004639 -1.718114
v 1.814106 -2.018941 -1.616045
v 1.818324 -2.027529 -1.492206
v 1.820739 -2.031780 -1.345302
v 1.822021 -2.033152 -1.174236
v 1.714450 -1.972924 -1.876361
v 1.718114 -2.004639 -1.807776
v 1.722687 -2.027290 -1.722687
v 1.727053 -2.042238 -1.618893
v 1.730395 -2.050872 -1.494319
v 1.732949 -2.054767 -1.347367
v 1.735218 -2.055547 -1.176552
v 1.614014 -1.985907 -1.885077
v 1.616045 -2.018941 -1.814107
v 1.618892 -2.042238 -1.727054
v 1.622116 -2.057167 -1.622117
v 1.625424 -2.065176 -1.497457
v 1.629109 -2.068013 -1.351098
v 1.633614 -2.067505 -1.181027
v 1.491012 -1.993884 -1.890617
v 1.492205 -2.027529 -1.818325
v 1.494319 -2.050871 -1.730396
v 1.497456 -2.065176 -1.625425
v 1.501795 -2.071829 -1.501796
v 1.507810 -2.072721 -1.357050
v 1.516092 -2.069897 -1.188489
v 1.344418 -1.997961 -1.893493
v 1.345302 -2.031779 -1.820740
v 1.347366 -2.054767 -1.732950
v 1.351097 -2.068013 -1.629110
v 1.357049 -2.072721 -1.507811
v 1.366059 -2.070553 -1.366060
v 1.379361 -2.063577 -1.200233
v 1.173366 -1.999438 -1.894602
v 1.174235 -2.033151 -1.822023
v 1.176552 -2.055547 -1.735219
v 1.181027 -2.067504 -1.633615
v 1.188488 -2.069897 -1.516093
v 1.200232 -2.063577 -1.379362
v 1.218527 -2.049857 -1.218528
v -1.218528 -2.049856 1.218527
v -1.200233 -2.063577 1.379362
v -1.188489 -2.069897 1.516092
v -1.181027 -2.067505 1.633614
v -1.176552 -2.055547 1.735218
v -1.174236 -2.033151 1.822022
v -1.173367 -1.999439 1.894601
v -1.379362 -2.063577 1.200232
v -1.366060 -2.070552 1.366059
v -1.357050 -2.072720 1.507810
v -1.351098 -2.068013 1.629110
v -1.347367 -2.054767 1.732950
v -1.345302 -2.031780 1.820739
v -1.344419 -1.997961 1.893493
v -1.516093 -2.069897 1.188488
v -1.507810 -2.072720 1.357049
v -1.501796 -2.071830 1.501795
v -1.497457 -2.065176 1.625424
v -1.494319 -2.050871 1.730395
v -1.492206 -2.027529 1.818324
v -1.491012 -1.993884 1.890616
v -1.633615 -2.067504 1.181026
v -1.629110 -2.068013 1.351097
v -1.625425 -2.065176 1.497456
v -1.622117 -2.057167 1.622116
v -1.618893 -2.042237 1.727054
v -1.616045 -2.018941 1.814106
v -1.614014 -1.985907 1.885076
v -1.735219 -2.055547 1.176551
v -1.732950 -2.054767 1.347366
v -1.730396 -2.050872 1.494319
v -1.727054 -2.042238 1.618892
v -1.722687 -2.027289 1.722687
v -1.718114 -2.004639 1.807775
v -1.714451 -1.972924 1.876360
v -1.822023 -2.033151 1.174235
v -1.820739 -2.031780 1.345302
v -1.818325 -2.027529 1.492205
v -1.814106 -2.018941 1.616045
v -1.807776 -2.004639 1.718114
v -1.800478 -1.983577 1.800478
v -1.793989 -1.954621 1.865502
v -1.894602 -1.999439 1.173366
v -1.893493 -1.997961 1.344418
v -1.890617 -1.993884 1.491012
v -1.885077 -1.985907 1.614014
v -1.876361 -1.972924 1.714450
v -1.865502 -1.954621 1.793988
v -1.854575 -1.930620 1.854575
v -1.173366 -1.999438 -1.894602
v -1.174235 -2.033151 -1.822023
v -1.176552 -2.055546 -1.735219
v -1.181027 -2.067504 -1.633615
v -1.188488 -2.069896 -1.516093
v -1.200232 -2.063576 -1.379362
v -1.218527 -2.049856 -1.218528
v -1.344418 -1.997960 -1.893493
v -1.345302 -2.031779 -1.820740
v -1.347367 -2.054767 -1.732950
v -1.351098 -2.068012 -1.629111
v -1.357050 -2.072720 -1.507811
v -1.366059 -2.070552 -1.366060
v -1.379362 -2.063577 -1.200233
v -1.491012 -1.993884 -1.890617
v -1.492205 -2.027528 -1.818325
v -1.494319 -2.050871 -1.730396
v -1.497457 -2.065175 -1.625425
v -1.501795 -2.071829 -1.501796
v -1.507810 -2.072720 -1.357050
v -1.516093 -2.069896 -1.188489
v -1.614014 -1.985906 -1.885077
v -1.616045 -2.018940 -1.814107
v -1.618892 -2.042237 -1.727054
v -1.622116 -2.057166 -1.622117
v -1.625424 -2.065175 -1.497457
v -1.629110 -2.068012 -1.351098
v -1.633615 -2.067504 -1.181027
v -1.714451 -1.972923 -1.876361
v -1.718114 -2.004639 -1.807776
v -1.722687 -2.027289 -1.722687
v -1.727054 -2.042237 -1.618893
v -1.730396 -2.050871 -1.494320
v -1.732950 -2.054767 -1.347367
v -1.735218 -2.055547 -1.176552
v -1.793989 -1.954621 -1.865502
v -1.800478 -1.983576 -1.800478
v -1.807775 -2.004638 -1.718114
v -1.814106 -2.018940 -1.616045
v -1.818325 -2.027528 -1.492206
v -1.820739 -2.031779 -1.345302
v -1.822022 -2.033151 -1.174236
v -1.854575 -1.930619 -1.854576
v -1.865502 -1.954620 -1.793989
v -1.876361 -1.972924 -1.714451
v -1.885076 -1.985906 -1.614014
v -1.890617 -1.993884 -1.491012
v -1.893493 -1.997961 -1.344419
v -1.894602 -1.999438 -1.173367
v -1.999439 -1.894601 1.173366
v -1.997962 -1.893492 1.344418
v -1.993885 -1.890616 1.491012
v -1.985908 -1.885076 1.614014
v -1.972925 -1.876360 1.714450
v -1.954622 -1.865501 1.793988
v -1.930620 -1.854575 1.854575
v -2.033152 -1.822022 1.174235
v -2.031780 -1.820739 1.345302
v -2.027529 -1.818324 1.492205
v -2.018941 -1.814105 1.616045
v -2.004640 -1.807775 1.718114
v -1.983577 -1.800478 1.800478
v -1.954622 -1.793988 1.865502
v -2.055547 -1.735218 1.176551
v -2.054768 -1.732949 1.347367
v -2.050872 -1.730395 1.494319
v -2.042238 -1.727053 1.618892
v -2.027290 -1.722686 1.722687
v -2.004640 -1.718113 1.807775
v -1.972925 -1.714450 1.876360
v -2.067505 -1.633614 1.181027
v -2.068014 -1.629109 1.351098
v -2.065176 -1.625424 1.497456
v -2.057168 -1.622116 1.622116
v -2.042238 -1.618892 1.727053
v -2.018941 -1.616044 1.814106
v -1.985907 -1.614014 1.885076
v -2.069898 -1.516092 1.188488
v -2.072721 -1.507810 1.357049
v -2.071830 -1.501795 1.501795
v -2.065176 -1.497456 1.625424
v -2.050872 -1.494318 1.730395
v -2.027529 -1.492205 1.818325
v -1.993885 -1.491012 1.890616
v -2.063578 -1.379361 1.200232
v -2.070553 -1.366059 1.366059
v -2.072721 -1.357049 1.507810
v -2.068014 -1.351097 1.629110
v -2.054768 -1.347366 1.732950
v -2.031780 -1.345301 1.820739
v -1.997962 -1.344418 1.893493
v -2.049857 -1.218527 1.218527
v -2.063578 -1.200232 1.379362
v -2.069898 -1.188488 1.516093
v -2.067505 -1.181026 1.633615
v -2.055547 -1.176551 1.735218
v -2.033152 -1.174235 1.822022
v -1.999439 -1.173366 1.894601
v -1.930620 -1.854574 -1.854576
v -1.954622 -1.865501 -1.793989
v -1.972925 -1.876359 -1.714451
v -1.985907 -1.885075 -1.614014
v -1.993885 -1.890615 -1.491012
v -1.997962 -1.893492 -1.344419
v -1.999439 -1.894601 -1.173367
v -1.954622 -1.793987 -1.865502
v -1.983577 -1.800477 -1.800478
v -2.004640 -1.807774 -1.718114
v -2.018941 -1.814105 -1.616045
v -2.027529 -1.818323 -1.492206
v -2.031780 -1.820738 -1.345302
v -2.033152 -1.822021 -1.174236
v -1.972925 -1.714449 -1.876361
v -2.004640 -1.718113 -1.807776
v -2.027290 -1.722686 -1.722687
v -2.042238 -1.727052 -1.618892
v -2.050872 -1.730394 -1.494319
v -2.054768 -1.732949 -1.347367
v -2.055547 -1.735217 -1.176552
v -1.985907 -1.614013 -1.885076
v -2.018941 -1.616044 -1.814106
v -2.042238 -1.618891 -1.727054
v -2.057168 -1.622115 -1.622117
v -2.065176 -1.625423 -1.497457
v -2.068014 -1.629109 -1.351098
v -2.067505 -1.633614 -1.181027
v -1.993885 -1.491011 -1.890617
v -2.027529 -1.492204 -1.818325
v -2.050872 -1.494318 -1.730396
v -2.065176 -1.497455 -1.625425
v -2.071830 -1.501794 -1.501796
v -2.072721 -1.507809 -1.357050
v -2.069897 -1.516091 -1.188488
v -1.997962 -1.344417 -1.893493
v -2.031780 -1.345301 -1.820740
v -2.054768 -1.347366 -1.732950
v -2.068014 -1.351096 -1.629110
v -2.072721 -1.357049 -1.507811
v -2.070553 -1.366058 -1.366059
v -2.063577 -1.379361 -1.200233
v -1.999439 -1.173365 -1.894602
v -2.033152 -1.174234 -1.822023
v -2.055547 -1.176551 -1.735219
v -2.067505 -1.181026 -1.633615
v -2.069897 -1.188487 -1.516093
v -2.063578 -1.200231 -1.379362
v -2.049857 -1.218526 -1.218528
v -2.049856 1.218527 1.218527
v -2.063577 1.200232 1.379362
v -2.069897 1.188488 1.516093
v -2.067505 1.181027 1.633615
v -2.055547 1.176552 1.735219
v -2.033151 1.174235 1.822023
v -1.999439 1.173366 1.894602
v -2.063577 1.379362 1.200233
v -2.070552 1.366059 1.366060
v -2.072720 1.357050 1.507810
v -2.068013 1.351097 1.629110
v -2.054767 1.347367 1.732950
v -2.031780 1.345302 1.820740
v -1.997961 1.344418 1.893493
v -2.069896 1.516092 1.188488
v -2.072720 1.507810 1.357050
v -2.071830 1.501795 1.501796
v -2.065176 1.497457 1.625425
v -2.050871 1.494319 1.730396
v -2.027529 1.492205 1.818325
v -1.993885 1.491012 1.890617
v -2.067504 1.633615 1.181027
v -2.068013 1.629110 1.351098
v -2.065176 1.625424 1.497457
v -2.057167 1.622116 1.622117
v -2.042238 1.618892 1.727054
v -2.018941 1.616045 1.814106
v -1.985907 1.614014 1.885077
v -2.055547 1.735218 1.176552
v -2.054767 1.732950 1.347367
v -2.050871 1.730395 1.494319
v -2.042238 1.727054 1.618893
v -2.027289 1.722687 1.722687
v -2.004639 1.718114 1.807775
v -1.972924 1.714450 1.876361
v -2.033151 1.822022 1.174236
v -2.031780 1.820739 1.345302
v -2.027529 1.818325 1.492206
v -2.018941 1.814106 1.616045
v -2.004639 1.807775 1.718114
v -1.983577 1.800478 1.800478
v -1.954621 1.793988 1.865502
v -1.999438 1.894601 1.173367
v -1.997961 1.893493 1.344419
v -1.993884 1.890616 1.491012
v -1.985907 1.885076 1.614015
v -1.972924 1.876360 1.714451
v -1.954621 1.865502 1.793989
v -1.930620 1.854575 1.854575
v -1.999438 1.173367 -1.894601
v -2.033151 1.174236 -1.822022
v -2.055547 1.176552 -1.735218
v -2.067504 1.181027 -1.633615
v -2.069897 1.188489 -1.516093
v -2.063577 1.200233 -1.379362
v -2.049856 1.218528 -1.218527
v -1.997961 1.344419 -1.893493
v -2.031779 1.345302 -1.820739
v -2.054767 1.347367 -1.732950
v -2.068012 1.351098 -1.629110
v -2.072720 1.357050 -1.507810
v -2.070552 1.366060 -1.366059
v -2.063577 1.379362 -1.200232
v -1.993884 1.491012 -1.890616
v -2.027529 1.492206 -1.818325
v -2.050871 1.494319 -1.730395
v -2.065176 1.497457 -1.625424
v -2.071829 1.501796 -1.501795
v -2.072720 1.507811 -1.357049
v -2.069896 1.516093 -1.188488
v -1.985907 1.614015 -1.885076
v -2.018940 1.616045 -1.814106
v -2.042237 1.618893 -1.727054
v -2.057167 1.622117 -1.622116
v -2.065175 1.625425 -1.497457
v -2.068013 1.629110 -1.351097
v -2.067504 1.633615 -1.181027
v -1.972924 1.714451 -1.876360
v -2.004639 1.718114 -1.807775
v -2.027289 1.722687 -1.722687
v -2.042237 1.727054 -1.618892
v -2.050871 1.730396 -1.494319
v -2.054767 1.732950 -1.347366
v -2.055547 1.735219 -1.176552
v -1.954621 1.793989 -1.865502
v -1.983576 1.800478 -1.800478
v -2.004639 1.807775 -1.718114
v -2.018940 1.814106 -1.616045
v -2.027528 1.818325 -1.492205
v -2.031779 1.820740 -1.345302
v -2.033151 1.822023 -1.174235
v -1.930619 1.854576 -1.854575
v -1.954621 1.865502 -1.793988
v -1.972924 1.876361 -1.714450
v -1.985906 1.885076 -1.614014
v -1.993884 1.890617 -1.491012
v -1.997961 1.893493 -1.344418
v -1.999438 1.894602 -1.173366
v 1.894602 1.999439 -1.173366
v 1.893493 1.997961 -1.344418
v 1.890617 1.993884 -1.491012
v 1.885076 1.985907 -1.614014
v 1.876360 1.972924 -1.714450
v 1.865502 1.954621 -1.793988
v 1.854575 1.930620 -1.854575
v 1.822022 2.033151 -1.174235
v 1.820739 2.031779 -1.345301
v 1.818325 2.027529 -1.492205
v 1.814106 2.018941 -1.616045
v 1.807775 2.004639 -1.718114
v 1.800478 1.983577 -1.800478
v 1.793989 1.954622 -1.865502
v 1.735219 2.055547 -1.176551
v 1.732950 2.054767 -1.347366
v 1.730395 2.050872 -1.494319
v 1.727054 2.042238 -1.618892
v 1.722687 2.027290 -1.722687
v 1.718114 2.004640 -1.807775
v 1.714450 1.972924 -1.876360
v 1.633615 2.067504 -1.181027
v 1.629110 2.068013 -1.351097
v 1.625424 2.065176 -1.497456
v 1.622116 2.057167 -1.622116
v 1.618892 2.042238 -1.727053
v 1.616045 2.018941 -1.814106
v 1.614014 1.985907 -1.885076
v 1.516093 2.069897 -1.188488
v 1.507810 2.072721 -1.357049
v 1.501795 2.071830 -1.501795
v 1.497457 2.065176 -1.625424
v 1.494319 2.050872 -1.730395
v 1.492205 2.027529 -1.818324
v 1.491012 1.993885 -1.890616
v 1.379362 2.063577 -1.200232
v 1.366060 2.070553 -1.366059
v 1.357050 2.072721 -1.507810
v 1.351098 2.068013 -1.629110
v 1.347367 2.054768 -1.732949
v 1.345302 2.031780 -1.820739
v 1.344418 1.997962 -1.893493
v 1.218528 2.049856 -1.218527
v 1.200233 2.063577 -1.379362
v 1.188488 2.069897 -1.516092
v 1.181027 2.067505 -1.633614
v 1.176552 2.055547 -1.735218
v 1.174235 2.033152 -1.822022
v 1.173367 1.999439 -1.894601
v 1.854576 1.930619 1.854576
v 1.865502 1.954620 1.793989
v 1.876361 1.972923 1.714451
v 1.885076 1.985906 1.614014
v 1.890617 1.993883 1.491012
v 1.893493 1.997960 1.344419
v 1.894602 1.999438 1.173367
v 1.793989 1.954620 1.865502
v 1.800478 1.983576 1.800479
v 1.807776 2.004638 1.718114
v 1.814106 2.018940 1.616045
v 1.818325 2.027528 1.492206
v 1.820740 2.031778 1.345302
v 1.822023 2.033150 1.174236
v 1.714451 1.972923 1.876361
v 1.718114 2.004638 1.807776
v 1.722687 2.027289 1.722687
v 1.727054 2.042236 1.618893
v 1.730396 2.050871 1.494319
v 1.732950 2.054766 1.347367
v 1.735219 2.055546 1.176552
v 1.614014 1.985906 1.885077
v 1.616045 2.018940 1.814107
v 1.618892 2.042236 1.727054
v 1.622117 2.057166 1.622117
v 1.625425 2.065175 1.497457
v 1.629110 2.068012 1.351098
v 1.633615 2.067504 1.181027
v 1.491012 1.993883 1.890617
v 1.492205 2.027528 1.818325
v 1.494319 2.050871 1.730396
v 1.497457 2.065175 1.625425
v 1.501796 2.071828 1.501796
v 1.507810 2.072720 1.357050
v 1.516093 2.069896 1.188489
v 1.344419 1.997960 1.893493
v 1.345302 2.031779 1.820740
v 1.347367 2.054766 1.732950
v 1.351098 2.068012 1.629110
v 1.357050 2.072720 1.507811
v 1.366059 2.070552 1.366060
v 1.379362 2.063576 1.200233
v 1.173367 1.999438 1.894602
v 1.174236 2.033151 1.822023
v 1.176552 2.055546 1.735219
v 1.181027 2.067504 1.633615
v 1.188488 2.069896 1.516093
v 1.200233 2.063576 1.379362
v 1.218527 2.049856 1.218528
v -1.218526 2.049857 -1.218527
v -1.200232 2.063578 -1.379362
v -1.188487 2.069898 -1.516092
v -1.181026 2.067505 -1.633614
v -1.176551 2.055548 -1.735218
v -1.174234 2.033152 -1.822022
v -1.173365 1.999439 -1.894601
v -1.379361 2.063578 -1.200232
v -1.366058 2.070553 -1.366059
v -1.357049 2.072721 -1.507810
v -1.351097 2.068014 -1.629110
v -1.347366 2.054768 -1.732950
v -1.345301 2.031780 -1.820739
v -1.344417 1.997962 -1.893493
v -1.516092 2.069898 -1.188488
v -1.507809 2.072721 -1.357049
v -1.501794 2.071831 -1.501795
v -1.497456 2.065177 -1.625424
v -1.494318 2.050872 -1.730395
v -1.492204 2.027530 -1.818324
v -1.491011 1.993885 -1.890616
v -1.633614 2.067505 -1.181026
v -1.629109 2.068014 -1.351097
v -1.625423 2.065177 -1.497456
v -1.622115 2.057168 -1.622116
v -1.618891 2.042238 -1.727054
v -1.616044 2.018942 -1.814106
v -1.614013 1.985908 -1.885076
v -1.735218 2.055547 -1.176551
v -1.732949 2.054768 -1.347366
v -1.730394 2.050872 -1.494319
v -1.727053 2.042238 -1.618892
v -1.722686 2.027291 -1.722687
v -1.718113 2.004640 -1.807775
v -1.714450 1.972925 -1.876360
v -1.822021 2.033152 -1.174235
v -1.820738 2.031780 -1.345302
v -1.818324 2.027530 -1.492205
v -1.814105 2.018942 -1.616045
v -1.807774 2.004640 -1.718114
v -1.800477 1.983577 -1.800478
v -1.793988 1.954622 -1.865502
v -1.894601 1.999439 -1.173366
v -1.893492 1.997962 -1.344418
v -1.890616 1.993885 -1.491012
v -1.885076 1.985908 -1.614014
v -1.876360 1.972925 -1.714450
v -1.865501 1.954622 -1.793988
v -1.854574 1.930620 -1.854575
v -1.173366 1.999438 1.894602
v -1.174235 2.033151 1.822023
v -1.176551 2.055547 1.735219
v -1.181026 2.067504 1.633615
v -1.188488 2.069897 1.516093
v -1.200232 2.063576 1.379362
v -1.218527 2.049856 1.218528
v -1.344418 1.997961 1.893493
v -1.345301 2.031779 1.820740
v -1.347366 2.054767 1.732950
v -1.351097 2.068013 1.629111
v -1.357049 2.072720 1.507811
v -1.366059 2.070552 1.366060
v -1.379361 2.063577 1.200233
v -1.491012 1.993884 1.890617
v -1.492205 2.027529 1.818325
v -1.494318 2.050871 1.730396
v -1.497456 2.065176 1.625425
v -1.501795 2.071829 1.501796
v -1.507810 2.072720 1.357050
v -1.516092 2.069897 1.188489
v -1.614014 1.985907 1.885077
v -1.616045 2.018941 1.814107
v -1.618892 2.042238 1.727054
v -1.622116 2.057167 1.622117
v -1.625423 2.065176 1.497457
v -1.629109 2.068013 1.351098
v -1.633614 2.067504 1.181027
v -1.714450 1.972924 1.876361
v -1.718113 2.004639 1.807776
v -1.722686 2.027290 1.722687
v -1.727053 2.042238 1.618893
v -1.730395 2.050872 1.494320
v -1.732949 2.054768 1.347367
v -1.735218 2.055547 1.176552
v -1.793988 1.954621 1.865502
v -1.800478 1.983577 1.800478
v -1.807775 2.004639 1.718114
v -1.814105 2.018941 1.616045
v -1.818324 2.027529 1.492206
v -1.820739 2.031780 1.345302
v -1.822022 2.033151 1.174236
v -1.854575 1.930620 1.854576
v -1.865502 1.954621 1.793989
v -1.876360 1.972924 1.714451
v -1.885075 1.985907 1.614014
v -1.890616 1.993885 1.491012
v -1.893492 1.997962 1.344419
v -1.894601 1.999439 1.173367
v 0.755658 -1.999589 1.894951
v 0.514685 -1.999564 1.895063
v 0.260616 -1.999548 1.895149
v -0.000001 -1.999542 1.895183
v -0.260617 -1.999547 1.895149
v -0.514686 -1.999564 1.895063
v -0.755660 -1.999588 1.894951
v 0.756495 -2.032852 1.823735
v 0.515314 -2.032655 1.824628
v 0.260952 -2.032525 1.825317
v -0.000001 -2.032478 1.825593
v -0.260954 -2.032524 1.825317
v -0.515316 -2.032654 1.824628
v -0.756497 -2.032852 1.823735
v 0.758767 -2.053987 1.740704
v 0.517023 -2.053319 1.743719
v 0.261865 -2.052881 1.746044
v -0.000001 -2.052724 1.746975
v -0.261866 -2.052881 1.746044
v -0.517025 -2.053319 1.743719
v -0.758769 -2.053986 1.740704
v 0.763192 -2.063468 1.646493
v 0.520351 -2.061886 1.653640
v 0.263642 -2.060848 1.659151
v -0.000001 -2.060475 1.661358
v -0.263644 -2.060848 1.659151
v -0.520353 -2.061885 1.653640
v -0.763194 -2.063468 1.646493
v 0.770352 -2.061579 1.541764
v 0.525526 -2.058500 1.556190
v 0.266335 -2.056507 1.567059
v -0.000001 -2.055798 1.571326
v -0.266337 -2.056507 1.567059
v -0.525528 -2.058499 1.556190
v -0.770354 -2.061578 1.541764
v 0.780290 -2.047815 1.427294
v 0.531531 -2.042573 1.455156
v 0.269046 -2.039341 1.474592
v -0.000001 -2.038234 1.481686
v -0.269048 -2.039341 1.474592
v -0.531533 -2.042572 1.455156
v -0.780291 -2.047814 1.427294
v 0.791257 -2.020978 1.305722
v 0.536185 -2.013167 1.355944
v 0.270534 -2.008662 1.387317
v -0.000001 -2.007195 1.397803
v -0.270535 -2.008662 1.387316
v -0.536186 -2.013167 1.355944
v -0.791258 -2.020978 1.305722
v -0.755660 -1.894951 1.999588
v -0.514686 -1.895063 1.999563
v -0.260617 -1.895149 1.999547
v -0.000001 -1.895184 1.999541
v 0.260616 -1.895149 1.999547
v 0.514685 -1.895063 1.999563
v 0.755658 -1.894952 1.999588
v -0.756497 -1.823735 2.032852
v -0.515316 -1.824628 2.032654
v -0.260954 -1.825317 2.032524
v -0.000001 -1.825593 2.032478
v 0.260952 -1.825317 2.032524
v 0.515314 -1.824629 2.032654
v 0.756495 -1.823736 2.032852
v -0.758769 -1.740704 2.053986
v -0.517025 -1.743719 2.053318
v -0.261866 -1.746044 2.052881
v -0.000001 -1.746976 2.052724
v 0.261865 -1.746045 2.052881
v 0.517023 -1.743720 2.053319
v 0.758767 -1.740705 2.053986
v -0.763194 -1.646493 2.063468
v -0.520353 -1.653640 2.061885
v -0.263644 -1.659151 2.060848
v -0.000001 -1.661359 2.060475
v 0.263642 -1.659152 2.060848
v 0.520351 -1.653641 2.061885
v 0.763192 -1.646494 2.063468
v -0.770353 -1.541765 2.061578
v -0.525528 -1.556191 2.058500
v -0.266337 -1.567059 2.056507
v -0.000001 -1.571327 2.055798
v 0.266335 -1.567060 2.056507
v 0.525526 -1.556191 2.058500
v 0.770352 -1.541766 2.061578
v -0.780291 -1.427295 2.047815
v -0.531533 -1.455157 2.042572
v -0.269048 -1.474593 2.039341
v -0.000001 -1.481687 2.038234
v 0.269046 -1.474593 2.039341
v 0.531531 -1.455158 2.042572
v 0.780290 -1.427296 2.047814
v -0.791259 -1.305723 2.020978
v -0.536186 -1.355945 2.013167
v -0.270535 -1.387318 2.008662
v -0.000001 -1.397804 2.007195
v 0.270534 -1.387318 2.008662
v 0.536185 -1.355945 2.013167
v 0.791257 -1.305724 2.020978
v 0.762484 -1.914211 1.111603
v 0.520913 -1.908286 1.201604
v 0.263878 -1.904283 1.251934
v -0.000001 -1.902905 1.267892
v -0.263879 -1.904282 1.251934
v -0.520914 -1.908286 1.201604
v -0.762485 -1.914210 1.111603
v 0.730309 -1.837416 1.061161
v 0.504205 -1.834775 1.155869
v 0.257090 -1.832691 1.210034
v -0.000001 -1.831895 1.227376
v -0.257092 -1.832691 1.210034
v -0.504206 -1.834775 1.155869
v -0.730310 -1.837416 1.061161
v 0.710311 -1.751523 1.033569
v 0.492308 -1.751625 1.129831
v 0.251758 -1.751796 1.185626
v -0.000001 -1.751893 1.203641
v -0.251759 -1.751796 1.185626
v -0.492309 -1.751624 1.129831
v -0.710312 -1.751522 1.033569
v 0.705500 -1.658225 1.026744
v 0.489259 -1.661281 1.122933
v 0.250307 -1.664337 1.178782
v -0.000001 -1.665726 1.196833
v -0.250308 -1.664337 1.178782
v -0.489260 -1.661281 1.122933
v -0.705501 -1.658225 1.026744
v 0.716614 -1.558305 1.039987
v 0.496901 -1.566015 1.134932
v 0.254160 -1.573308 1.189499
v -0.000001 -1.576509 1.206981
v -0.254161 -1.573308 1.189499
v -0.496902 -1.566015 1.134933
v -0.716615 -1.558305 1.039987
v 0.743320 -1.450637 1.074769
v 0.512808 -1.468404 1.165981
v 0.261275 -1.482836 1.217357
v -0.000001 -1.488486 1.233630
v -0.261276 -1.482836 1.217357
v -0.512809 -1.468404 1.165981
v -0.743321 -1.450637 1.074769
v 0.781803 -1.334805 1.133511
v 0.531698 -1.372204 1.216245
v 0.268523 -1.397471 1.261820
v -0.000001 -1.406186 1.276207
v -0.268524 -1.397471 1.261820
v -0.531699 -1.372203 1.216245
v -0.781805 -1.334805 1.133511
v 0.762484 -1.111604 1.914210
v 0.730309 -1.061162 1.837416
v 0.710311 -1.033570 1.751522
v 0.705500 -1.026745 1.658225
v 0.716614 -1.039988 1.558305
v 0.743320 -1.074770 1.450637
v 0.781803 -1.133512 1.334804
v 0.520913 -1.201605 1.908286
v 0.504205 -1.155870 1.834775
v 0.492308 -1.129832 1.751624
v 0.489259 -1.122933 1.661281
v 0.496902 -1.134933 1.566015
v 0.512808 -1.165981 1.468404
v 0.531698 -1.216246 1.372203
v 0.263878 -1.251935 1.904282
v 0.257091 -1.210035 1.832691
v 0.251758 -1.185627 1.751796
v 0.250307 -1.178783 1.664337
v 0.254160 -1.189500 1.573308
v 0.261275 -1.217357 1.482836
v 0.268523 -1.261820 1.397470
v -0.000001 -1.267893 1.902905
v -0.000001 -1.227377 1.831895
v -0.000001 -1.203642 1.751892
v -0.000001 -1.196834 1.665726
v 0.000000 -1.206982 1.576509
v 0.000000 -1.233631 1.488486
v -0.000001 -1.276207 1.406186
v -0.263879 -1.251935 1.904282
v -0.257092 -1.210035 1.832691
v -0.251759 -1.185626 1.751796
v -0.250308 -1.178782 1.664337
v -0.254161 -1.189500 1.573308
v -0.261276 -1.217357 1.482836
v -0.268524 -1.261820 1.397470
v -0.520914 -1.201605 1.908286
v -0.504206 -1.155870 1.834775
v -0.492309 -1.129831 1.751624
v -0.489260 -1.122933 1.661281
v -0.496902 -1.134933 1.566015
v -0.512809 -1.165981 1.468404
v -0.531699 -1.216246 1.372203
v -0.762485 -1.111604 1.914211
v -0.730310 -1.061162 1.837416
v -0.710312 -1.033569 1.751522
v -0.705501 -1.026745 1.658225
v -0.716615 -1.039988 1.558305
v -0.743321 -1.074770 1.450637
v -0.781804 -1.133512 1.334804
v 0.755660 1.999589 -1.894951
v 0.514686 1.999564 -1.895063
v 0.260617 1.999548 -1.895149
v 0.000001 1.999542 -1.895183
v -0.260616 1.999548 -1.895149
v -0.514685 1.999564 -1.895063
v -0.755659 1.999589 -1.894951
v 0.756497 2.032852 -1.823735
v 0.515315 2.032654 -1.824628
v 0.260953 2.032525 -1.825317
v 0.000001 2.032478 -1.825593
v -0.260952 2.032525 -1.825317
v -0.515314 2.032654 -1.824628
v -0.756496 2.032852 -1.823735
v 0.758769 2.053986 -1.740704
v 0.517024 2.053319 -1.743719
v 0.261866 2.052881 -1.746044
v 0.000001 2.052724 -1.746975
v -0.261865 2.052881 -1.746044
v -0.517023 2.053319 -1.743719
v -0.758768 2.053987 -1.740704
v 0.763194 2.063468 -1.646493
v 0.520352 2.061885 -1.653640
v 0.263643 2.060848 -1.659151
v 0.000001 2.060476 -1.661358
v -0.263642 2.060848 -1.659151
v -0.520351 2.061886 -1.653640
v -0.763193 2.063469 -1.646493
v 0.770353 2.061578 -1.541764
v 0.525528 2.058500 -1.556190
v 0.266337 2.056507 -1.567059
v 0.000001 2.055798 -1.571326
v -0.266336 2.056507 -1.567059
v -0.525527 2.058500 -1.556190
v -0.770352 2.061579 -1.541764
v 0.780291 2.047814 -1.427294
v 0.531532 2.042572 -1.455156
v 0.269048 2.039341 -1.474592
v 0.000001 2.038234 -1.481686
v -0.269047 2.039341 -1.474592
v -0.531532 2.042573 -1.455157
v -0.780290 2.047815 -1.427294
v 0.791258 2.020978 -1.305722
v 0.536186 2.013167 -1.355944
v 0.270535 2.008662 -1.387317
v 0.000000 2.007195 -1.397803
v -0.270534 2.008662 -1.387316
v -0.536185 2.013167 -1.355944
v -0.791257 2.020979 -1.305722
v 0.755660 1.894951 -1.999588
v 0.756497 1.823735 -2.032852
v 0.758769 1.740704 -2.053986
v 0.763193 1.646494 -2.063468
v 0.770353 1.541765 -2.061578
v 0.780291 1.427295 -2.047814
v 0.791258 1.305723 -2.020978
v 0.514686 1.895063 -1.999564
v 0.515316 1.824629 -2.032654
v 0.517024 1.743720 -2.053319
v 0.520352 1.653640 -2.061885
v 0.525528 1.556191 -2.058499
v 0.531533 1.455157 -2.042572
v 0.536186 1.355945 -2.013167
v 0.260617 1.895149 -1.999547
v 0.260953 1.825318 -2.032524
v 0.261866 1.746044 -2.052881
v 0.263643 1.659152 -2.060848
v 0.266337 1.567060 -2.056507
v 0.269048 1.474593 -2.039341
v 0.270535 1.387317 -2.008662
v 0.000001 1.895184 -1.999541
v 0.000001 1.825594 -2.032478
v 0.000001 1.746976 -2.052724
v 0.000001 1.661359 -2.060475
v 0.000001 1.571327 -2.055798
v 0.000001 1.481687 -2.038234
v 0.000001 1.397803 -2.007195
v -0.260616 1.895149 -1.999547
v -0.260952 1.825318 -2.032525
v -0.261865 1.746045 -2.052881
v -0.263642 1.659152 -2.060848
v -0.266336 1.567059 -2.056506
v -0.269047 1.474593 -2.039340
v -0.270534 1.387317 -2.008662
v -0.514685 1.895064 -1.999564
v -0.515314 1.824629 -2.032654
v -0.517023 1.743720 -2.053319
v -0.520351 1.653640 -2.061885
v -0.525527 1.556191 -2.058500
v -0.531532 1.455157 -2.042572
v -0.536185 1.355945 -2.013167
v -0.755659 1.894952 -1.999588
v -0.756496 1.823735 -2.032852
v -0.758768 1.740704 -2.053986
v -0.763193 1.646494 -2.063468
v -0.770352 1.541765 -2.061578
v -0.780290 1.427295 -2.047815
v -0.791257 1.305723 -2.020978
v 0.762485 1.914211 -1.111603
v 0.520914 1.908286 -1.201604
v 0.263879 1.904282 -1.251934
v 0.000001 1.902905 -1.267892
v -0.263878 1.904282 -1.251934
v -0.520913 1.908286 -1.201604
v -0.762484 1.914211 -1.111603
v 0.730310 1.837416 -1.061161
v 0.504206 1.834775 -1.155869
v 0.257092 1.832691 -1.210034
v 0.000001 1.831895 -1.227376
v -0.257090 1.832691 -1.210034
v -0.504205 1.834775 -1.155869
v -0.730309 1.837416 -1.061161
v 0.710312 1.751522 -1.033569
v 0.492309 1.751624 -1.129831
v 0.251759 1.751796 -1.185626
v 0.000001 1.751893 -1.203641
v -0.251758 1.751796 -1.185626
v -0.492308 1.751624 -1.129831
v -0.710311 1.751523 -1.033569
v 0.705501 1.658225 -1.026744
v 0.489260 1.661281 -1.122933
v 0.250308 1.664337 -1.178782
v 0.000001 1.665726 -1.196833
v -0.250307 1.664337 -1.178782
v -0.489259 1.661281 -1.122933
v -0.705500 1.658225 -1.026744
v 0.716615 1.558305 -1.039987
v 0.496902 1.566015 -1.134932
v 0.254161 1.573308 -1.189499
v 0.000001 1.576509 -1.206981
v -0.254160 1.573308 -1.189499
v -0.496901 1.566015 -1.134933
v -0.716614 1.558305 -1.039987
v 0.743321 1.450637 -1.074769
v 0.512809 1.468404 -1.165981
v 0.261276 1.482836 -1.217357
v 0.000001 1.488486 -1.233630
v -0.261275 1.482836 -1.217357
v -0.512808 1.468404 -1.165980
v -0.743320 1.450637 -1.074769
v 0.781804 1.334804 -1.133511
v 0.531699 1.372203 -1.216245
v 0.268524 1.397471 -1.261820
v 0.000001 1.406186 -1.276207
v -0.268523 1.397471 -1.261820
v -0.531698 1.372204 -1.216245
v -0.781803 1.334804 -1.133511
v 0.762485 1.111604 -1.914210
v 0.730310 1.061162 -1.837416
v 0.710312 1.033569 -1.751522
v 0.705501 1.026745 -1.658225
v 0.716615 1.039988 -1.558305
v 0.743321 1.074769 -1.450637
v 0.781804 1.133512 -1.334804
v 0.520914 1.201605 -1.908286
v 0.504206 1.155870 -1.834775
v 0.492309 1.129831 -1.751624
v 0.489260 1.122933 -1.661281
v 0.496902 1.134933 -1.566015
v 0.512809 1.165981 -1.468404
v 0.531699 1.216246 -1.372203
v 0.263879 1.251935 -1.904282
v 0.257091 1.210035 -1.832691
v 0.251759 1.185626 -1.751796
v 0.250308 1.178782 -1.664337
v 0.254161 1.189500 -1.573308
v 0.261276 1.217357 -1.482836
v 0.268524 1.261820 -1.397470
v 0.000001 1.267893 -1.902905
v 0.000001 1.227377 -1.831895
v 0.000000 1.203641 -1.751892
v 0.000000 1.196834 -1.665726
v 0.000000 1.206982 -1.576509
v 0.000001 1.233631 -1.488486
v 0.000001 1.276207 -1.406186
v -0.263878 1.251935 -1.904282
v -0.257091 1.210035 -1.832691
v -0.251758 1.185626 -1.751796
v -0.250307 1.178782 -1.664337
v -0.254160 1.189500 -1.573308
v -0.261275 1.217358 -1.482836
v -0.268523 1.261820 -1.397470
v -0.520913 1.201605 -1.908286
v -0.504205 1.155870 -1.834775
v -0.492308 1.129831 -1.751624
v -0.489259 1.122933 -1.661281
v -0.496901 1.134933 -1.566015
v -0.512808 1.165981 -1.468404
v -0.531698 1.216246 -1.372203
v -0.762484 1.111604 -1.914211
v -0.730309 1.061162 -1.837416
v -0.710311 1.033569 -1.751522
v -0.705500 1.026745 -1.658225
v -0.716614 1.039988 -1.558305
v -0.743320 1.074770 -1.450637
v -0.781803 1.133512 -1.334804
v 0.755659 -1.999588 -1.894952
v 0.756496 -2.032851 -1.823735
v 0.758768 -2.053985 -1.740705
v 0.763193 -2.063468 -1.646494
v 0.770353 -2.061578 -1.541765
v 0.780290 -2.047814 -1.427295
v 0.791258 -2.020978 -1.305723
v 0.514685 -1.999563 -1.895064
v 0.515315 -2.032654 -1.824629
v 0.517024 -2.053318 -1.743720
v 0.520352 -2.061885 -1.653640
v 0.525527 -2.058499 -1.556191
v 0.531532 -2.042572 -1.455157
v 0.536185 -2.013167 -1.355945
v 0.260616 -1.999547 -1.895149
v 0.260953 -2.032524 -1.825318
v 0.261865 -2.052880 -1.746045
v 0.263643 -2.060847 -1.659152
v 0.266336 -2.056506 -1.567060
v 0.269047 -2.039340 -1.474593
v 0.270534 -2.008662 -1.387317
v 0.000000 -1.999541 -1.895184
v 0.000000 -2.032477 -1.825594
v 0.000000 -2.052723 -1.746976
v 0.000000 -2.060474 -1.661359
v 0.000000 -2.055797 -1.571327
v 0.000000 -2.038234 -1.481687
v 0.000000 -2.007195 -1.397803
v -0.260617 -1.999546 -1.895149
v -0.260953 -2.032524 -1.825318
v -0.261866 -2.052880 -1.746045
v -0.263643 -2.060847 -1.659152
v -0.266336 -2.056506 -1.567059
v -0.269047 -2.039340 -1.474593
v -0.270535 -2.008662 -1.387317
v -0.514686 -1.999563 -1.895064
v -0.515315 -2.032654 -1.824629
v -0.517024 -2.053318 -1.743720
v -0.520352 -2.061884 -1.653640
v -0.525528 -2.058499 -1.556191
v -0.531532 -2.042572 -1.455157
v -0.536186 -2.013166 -1.355945
v -0.755659 -1.999588 -1.894952
v -0.756496 -2.032851 -1.823735
v -0.758769 -2.053985 -1.740704
v -0.763193 -2.063467 -1.646494
v -0.770353 -2.061577 -1.541765
v -0.780291 -2.047814 -1.427295
v -0.791258 -2.020977 -1.305723
v 0.755659 -1.894950 -1.999589
v 0.514685 -1.895062 -1.999564
v 0.260616 -1.895148 -1.999548
v 0.000000 -1.895183 -1.999542
v -0.260617 -1.895148 -1.999548
v -0.514686 -1.895062 -1.999564
v -0.755659 -1.894950 -1.999589
v 0.756496 -1.823734 -2.032852
v 0.515315 -1.824627 -2.032655
v 0.260953 -1.825316 -2.032525
v 0.000000 -1.825592 -2.032478
v -0.260953 -1.825316 -2.032525
v -0.515315 -1.824627 -2.032655
v -0.756496 -1.823734 -2.032852
v 0.758768 -1.740703 -2.053987
v 0.517024 -1.743718 -2.053319
v 0.261866 -1.746043 -2.052881
v 0.000000 -1.746975 -2.052724
v -0.261866 -1.746043 -2.052881
v -0.517024 -1.743718 -2.053319
v -0.758768 -1.740703 -2.053987
v 0.763193 -1.646492 -2.063468
v 0.520352 -1.653639 -2.061886
v 0.263643 -1.659150 -2.060848
v 0.000000 -1.661358 -2.060476
v -0.263643 -1.659150 -2.060848
v -0.520352 -1.653639 -2.061886
v -0.763193 -1.646492 -2.063469
v 0.770353 -1.541764 -2.061579
v 0.525527 -1.556190 -2.058500
v 0.266336 -1.567058 -2.056507
v 0.000000 -1.571326 -2.055799
v -0.266336 -1.567058 -2.056507
v -0.525527 -1.556190 -2.058500
v -0.770353 -1.541764 -2.061579
v 0.780291 -1.427294 -2.047815
v 0.531532 -1.455156 -2.042573
v 0.269047 -1.474592 -2.039341
v 0.000000 -1.481686 -2.038234
v -0.269047 -1.474592 -2.039341
v -0.531532 -1.455156 -2.042573
v -0.780291 -1.427294 -2.047815
v 0.791258 -1.305722 -2.020979
v 0.536186 -1.355944 -2.013167
v 0.270534 -1.387316 -2.008663
v 0.000000 -1.397803 -2.007195
v -0.270534 -1.387316 -2.008662
v -0.536186 -1.355944 -2.013167
v -0.791258 -1.305722 -2.020979
v 0.762485 -1.111603 -1.914211
v 0.520913 -1.201604 -1.908287
v 0.263878 -1.251934 -1.904283
v 0.000000 -1.267892 -1.902906
v -0.263878 -1.251934 -1.904283
v -0.520913 -1.201604 -1.908286
v -0.762484 -1.111603 -1.914211
v 0.730310 -1.061161 -1.837416
v 0.504205 -1.155869 -1.834776
v 0.257091 -1.210034 -1.832692
v 0.000000 -1.227376 -1.831896
v -0.257091 -1.210034 -1.832691
v -0.504205 -1.155869 -1.834776
v -0.730310 -1.061161 -1.837416
v 0.710312 -1.033569 -1.751523
v 0.492309 -1.129831 -1.751625
v 0.251758 -1.185626 -1.751796
v 0.000000 -1.203641 -1.751893
v -0.251758 -1.185626 -1.751796
v -0.492309 -1.129831 -1.751625
v -0.710311 -1.033569 -1.751523
v 0.705501 -1.026744 -1.658226
v 0.489260 -1.122933 -1.661281
v 0.250308 -1.178782 -1.664338
v 0.000000 -1.196833 -1.665727
v -0.250308 -1.178782 -1.664338
v -0.489260 -1.122933 -1.661281
v -0.705501 -1.026744 -1.658226
v 0.716615 -1.039987 -1.558305
v 0.496902 -1.134932 -1.566015
v 0.254160 -1.189499 -1.573308
v 0.000000 -1.206981 -1.576509
v -0.254160 -1.189499 -1.573308
v -0.496902 -1.134933 -1.566015
v -0.716615 -1.039987 -1.558305
v 0.743320 -1.074769 -1.450638
v 0.512808 -1.165981 -1.468404
v 0.261275 -1.217357 -1.482836
v 0.000000 -1.233630 -1.488486
v -0.261275 -1.217357 -1.482836
v -0.512808 -1.165980 -1.468404
v -0.743320 -1.074769 -1.450637
v 0.781804 -1.133511 -1.334805
v 0.531698 -1.216245 -1.372204
v 0.268524 -1.261820 -1.397471
v 0.000000 -1.276207 -1.406186
v -0.268524 -1.261819 -1.397471
v -0.531698 -1.216245 -1.372204
v -0.781804 -1.133511 -1.334804
v 0.762484 -1.914210 -1.111604
v 0.730309 -1.837416 -1.061162
v 0.710311 -1.751522 -1.033569
v 0.705501 -1.658225 -1.026745
v 0.716615 -1.558305 -1.039988
v 0.743320 -1.450637 -1.074770
v 0.781804 -1.334804 -1.133512
v 0.520913 -1.908286 -1.201605
v 0.504205 -1.834775 -1.155870
v 0.492308 -1.751624 -1.129831
v 0.489260 -1.661281 -1.122933
v 0.496902 -1.566015 -1.134933
v 0.512808 -1.468404 -1.165981
v 0.531698 -1.372203 -1.216246
v 0.263878 -1.904282 -1.251935
v 0.257091 -1.832691 -1.210035
v 0.251758 -1.751795 -1.185626
v 0.250307 -1.664337 -1.178782
v 0.254160 -1.573308 -1.189500
v 0.261275 -1.482835 -1.217357
v 0.268524 -1.397470 -1.261820
v 0.000000 -1.902905 -1.267893
v 0.000000 -1.831895 -1.227377
v 0.000000 -1.751892 -1.203641
v 0.000000 -1.665726 -1.196834
v 0.000000 -1.576509 -1.206982
v 0.000000 -1.488486 -1.233631
v 0.000000 -1.406186 -1.276207
v -0.263879 -1.904282 -1.251935
v -0.257091 -1.832690 -1.210035
v -0.251759 -1.751795 -1.185626
v -0.250308 -1.664337 -1.178782
v -0.254160 -1.573307 -1.189500
v -0.261276 -1.482836 -1.217358
v -0.268524 -1.397470 -1.261820
v -0.520914 -1.908285 -1.201605
v -0.504206 -1.834774 -1.155870
v -0.492309 -1.751624 -1.129831
v -0.489260 -1.661281 -1.122933
v -0.496902 -1.566015 -1.134933
v -0.512808 -1.468403 -1.165981
v -0.531698 -1.372203 -1.216246
v -0.762485 -1.914210 -1.111604
v -0.730310 -1.837415 -1.061162
v -0.710312 -1.751522 -1.033569
v -0.705501 -1.658225 -1.026745
v -0.716615 -1.558305 -1.039988
v -0.743320 -1.450637 -1.074770
v -0.781804 -1.334804 -1.133512
v 0.755659 1.999587 1.894952
v 0.756497 2.032851 1.823735
v 0.758769 2.053985 1.740705
v 0.763193 2.063467 1.646494
v 0.770353 2.061577 1.541765
v 0.780291 2.047813 1.427295
v 0.791258 2.020977 1.305723
v 0.514686 1.999563 1.895063
v 0.515315 2.032653 1.824629
v 0.517024 2.053318 1.743720
v 0.520352 2.061884 1.653640
v 0.525527 2.058498 1.556191
v 0.531532 2.042571 1.455157
v 0.536186 2.013166 1.355945
v 0.260617 1.999546 1.895149
v 0.260953 2.032524 1.825318
v 0.261866 2.052880 1.746045
v 0.263643 2.060847 1.659152
v 0.266336 2.056506 1.567060
v 0.269047 2.039340 1.474593
v 0.270535 2.008661 1.387317
v 0.000000 1.999540 1.895184
v 0.000000 2.032477 1.825594
v 0.000000 2.052723 1.746976
v 0.000000 2.060474 1.661359
v 0.000000 2.055797 1.571327
v 0.000000 2.038233 1.481687
v 0.000000 2.007194 1.397803
v -0.260616 1.999546 1.895149
v -0.260953 2.032524 1.825318
v -0.261865 2.052880 1.746045
v -0.263643 2.060847 1.659152
v -0.266336 2.056505 1.567059
v -0.269047 2.039340 1.474593
v -0.270534 2.008661 1.387317
v -0.514685 1.999563 1.895064
v -0.515315 2.032653 1.824629
v -0.517024 2.053318 1.743720
v -0.520352 2.061884 1.653640
v -0.525527 2.058499 1.556191
v -0.531532 2.042572 1.455157
v -0.536185 2.013166 1.355945
v -0.755659 1.999587 1.894952
v -0.756496 2.032851 1.823735
v -0.758768 2.053985 1.740704
v -0.763193 2.063467 1.646494
v -0.770353 2.061577 1.541765
v -0.780290 2.047814 1.427295
v -0.791257 2.020977 1.305723
v -0.755659 1.894950 1.999589
v -0.756496 1.823734 2.032852
v -0.758768 1.740703 2.053987
v -0.763193 1.646493 2.063468
v -0.770353 1.541764 2.061579
v -0.780291 1.427294 2.047815
v -0.791258 1.305722 2.020979
v -0.514685 1.895062 1.999564
v -0.515315 1.824627 2.032655
v -0.517024 1.743718 2.053319
v -0.520352 1.653639 2.061886
v -0.525527 1.556190 2.058500
v -0.531532 1.455156 2.042573
v -0.536186 1.355944 2.013168
v -0.260616 1.895148 1.999548
v -0.260953 1.825316 2.032525
v -0.261866 1.746043 2.052881
v -0.263643 1.659150 2.060848
v -0.266336 1.567058 2.056507
v -0.269047 1.474592 2.039341
v -0.270534 1.387316 2.008662
v 0.000000 1.895182 1.999542
v 0.000000 1.825592 2.032478
v 0.000000 1.746975 2.052724
v 0.000000 1.661358 2.060476
v 0.000000 1.571325 2.055799
v 0.000000 1.481685 2.038234
v 0.000000 1.397802 2.007195
v 0.260617 1.895148 1.999548
v 0.260953 1.825316 2.032525
v 0.261866 1.746043 2.052881
v 0.263643 1.659150 2.060848
v 0.266336 1.567058 2.056507
v 0.269047 1.474591 2.039341
v 0.270534 1.387316 2.008662
v 0.514686 1.895062 1.999564
v 0.515315 1.824627 2.032655
v 0.517024 1.743718 2.053319
v 0.520352 1.653639 2.061886
v 0.525527 1.556189 2.058500
v 0.531532 1.455156 2.042573
v 0.536186 1.355943 2.013168
v 0.755659 1.894950 1.999589
v 0.756497 1.823734 2.032852
v 0.758769 1.740703 2.053987
v 0.763193 1.646492 2.063468
v 0.770353 1.541764 2.061579
v 0.780291 1.427294 2.047815
v 0.791258 1.305722 2.020979
v -0.762485 1.111603 1.914211
v -0.730310 1.061161 1.837416
v -0.710311 1.033569 1.751523
v -0.705501 1.026744 1.658225
v -0.716615 1.039987 1.558306
v -0.743320 1.074769 1.450638
v -0.781804 1.133511 1.334805
v -0.520913 1.201604 1.908287
v -0.504205 1.155869 1.834776
v -0.492309 1.129830 1.751625
v -0.489260 1.122932 1.661281
v -0.496902 1.134932 1.566015
v -0.512808 1.165980 1.468404
v -0.531698 1.216245 1.372204
v -0.263878 1.251934 1.904283
v -0.257091 1.210034 1.832692
v -0.251758 1.185625 1.751796
v -0.250308 1.178782 1.664338
v -0.254160 1.189499 1.573308
v -0.261275 1.217356 1.482836
v -0.268524 1.261819 1.397471
v 0.000000 1.267891 1.902906
v 0.000000 1.227376 1.831896
v 0.000000 1.203641 1.751893
v 0.000000 1.196833 1.665726
v 0.000000 1.206981 1.576509
v 0.000000 1.233630 1.488486
v 0.000000 1.276206 1.406186
v 0.263878 1.251934 1.904283
v 0.257091 1.210034 1.832691
v 0.251758 1.185625 1.751796
v 0.250308 1.178781 1.664337
v 0.254160 1.189498 1.573308
v 0.261275 1.217356 1.482836
v 0.268524 1.261819 1.397471
v 0.520913 1.201604 1.908286
v 0.504205 1.155868 1.834776
v 0.492309 1.129830 1.751625
v 0.489260 1.122932 1.661281
v 0.496902 1.134932 1.566015
v 0.512808 1.165980 1.468404
v 0.531698 1.216244 1.372204
v 0.762484 1.111602 1.914211
v 0.730310 1.061160 1.837416
v 0.710311 1.033568 1.751523
v 0.705501 1.026744 1.658226
v 0.716615 1.039986 1.558305
v 0.743320 1.074768 1.450638
v 0.781804 1.133510 1.334804
v -0.762484 1.914210 1.111604
v -0.520913 1.908285 1.201605
v -0.263878 1.904281 1.251935
v 0.000000 1.902904 1.267893
v 0.263879 1.904281 1.251935
v 0.520914 1.908285 1.201605
v 0.762485 1.914209 1.111604
v -0.730309 1.837415 1.061162
v -0.504205 1.834774 1.155870
v -0.257091 1.832690 1.210035
v 0.000000 1.831895 1.227377
v 0.257091 1.832690 1.210035
v 0.504206 1.834774 1.155870
v 0.730310 1.837415 1.061162
v -0.710311 1.751522 1.033569
v -0.492308 1.751624 1.129831
v -0.251758 1.751795 1.185626
v 0.000000 1.751892 1.203641
v 0.251759 1.751795 1.185626
v 0.492309 1.751623 1.129831
v 0.710312 1.751522 1.033569
v -0.705501 1.658225 1.026745
v -0.489260 1.661281 1.122933
v -0.250307 1.664336 1.178782
v 0.000000 1.665725 1.196834
v 0.250308 1.664336 1.178782
v 0.489260 1.661280 1.122933
v 0.705501 1.658225 1.026745
v -0.716615 1.558305 1.039988
v -0.496902 1.566014 1.134933
v -0.254160 1.573307 1.189500
v 0.000000 1.576508 1.206982
v 0.254160 1.573307 1.189500
v 0.496902 1.566014 1.134933
v 0.716615 1.558304 1.039987
v -0.743320 1.450637 1.074770
v -0.512808 1.468403 1.165981
v -0.261275 1.482835 1.217357
v 0.000000 1.488486 1.233631
v 0.261276 1.482835 1.217357
v 0.512808 1.468403 1.165981
v 0.743321 1.450637 1.074770
v -0.781804 1.334804 1.133512
v -0.531698 1.372203 1.216246
v -0.268524 1.397470 1.261820
v 0.000000 1.406185 1.276207
v 0.268524 1.397470 1.261820
v 0.531698 1.372202 1.216246
v 0.781804 1.334803 1.133511
v -1.894950 1.999588 -0.755659
v -1.895062 1.999564 -0.514685
v -1.895148 1.999547 -0.260616
v -1.895183 1.999542 0.000000
v -1.895148 1.999547 0.260617
v -1.895062 1.999564 0.514686
v -1.894950 1.999588 0.755660
v -1.823734 2.032852 -0.756496
v -1.824627 2.032654 -0.515315
v -1.825316 2.032525 -0.260953
v -1.825592 2.032478 0.000000
v -1.825316 2.032524 0.260953
v -1.824627 2.032654 0.515315
v -1.823734 2.032852 0.756497
v -1.740703 2.053987 -0.758768
v -1.743718 2.053319 -0.517024
v -1.746043 2.052881 -0.261865
v -1.746975 2.052724 0.000000
v -1.746043 2.052881 0.261866
v -1.743718 2.053319 0.517024
v -1.740703 2.053986 0.758769
v -1.646492 2.063468 -0.763193
v -1.653639 2.061885 -0.520352
v -1.659150 2.060848 -0.263643
v -1.661358 2.060475 0.000000
v -1.659150 2.060848 0.263643
v -1.653639 2.061885 0.520352
v -1.646492 2.063468 0.763194
v -1.541764 2.061579 -0.770353
v -1.556190 2.058500 -0.525527
v -1.567058 2.056507 -0.266336
v -1.571325 2.055798 0.000000
v -1.567058 2.056507 0.266337
v -1.556190 2.058500 0.525528
v -1.541764 2.061577 0.770353
v -1.427294 2.047815 -0.780290
v -1.455156 2.042572 -0.531532
v -1.474591 2.039341 -0.269047
v -1.481686 2.038234 0.000000
v -1.474591 2.039341 0.269048
v -1.455156 2.042572 0.531533
v -1.427294 2.047814 0.780291
v -1.305722 2.020979 -0.791258
v -1.355943 2.013167 -0.536185
v -1.387316 2.008662 -0.270534
v -1.397802 2.007195 0.000000
v -1.387316 2.008662 0.270535
v -1.355943 2.013167 0.536186
v -1.305722 2.020978 0.791258
v -1.999588 1.894951 0.755660
v -1.999563 1.895063 0.514686
v -1.999547 1.895149 0.260617
v -1.999541 1.895183 0.000000
v -1.999546 1.895149 -0.260616
v -1.999563 1.895063 -0.514685
v -1.999588 1.894951 -0.755659
v -2.032851 1.823735 0.756497
v -2.032653 1.824628 0.515315
v -2.032524 1.825317 0.260953
v -2.032477 1.825593 0.000000
v -2.032524 1.825317 -0.260953
v -2.032653 1.824628 -0.515315
v -2.032851 1.823735 -0.756496
v -2.053986 1.740704 0.758769
v -2.053318 1.743719 0.517024
v -2.052880 1.746044 0.261866
v -2.052723 1.746976 0.000000
v -2.052881 1.746044 -0.261865
v -2.053318 1.743719 -0.517024
v -2.053986 1.740704 -0.758768
v -2.063467 1.646493 0.763194
v -2.061884 1.653640 0.520352
v -2.060847 1.659151 0.263643
v -2.060474 1.661359 0.000000
v -2.060847 1.659151 -0.263643
v -2.061884 1.653640 -0.520352
v -2.063468 1.646494 -0.763193
v -2.061577 1.541765 0.770353
v -2.058499 1.556190 0.525528
v -2.056506 1.567059 0.266336
v -2.055797 1.571327 0.000000
v -2.056506 1.567059 -0.266336
v -2.058499 1.556191 -0.525527
v -2.061577 1.541765 -0.770353
v -2.047814 1.427295 0.780291
v -2.042572 1.455157 0.531532
v -2.039340 1.474593 0.269047
v -2.038233 1.481686 0.000000
v -2.039340 1.474593 -0.269047
v -2.042572 1.455157 -0.531532
v -2.047814 1.427295 -0.780290
v -2.020978 1.305723 0.791258
v -2.013166 1.355944 0.536186
v -2.008661 1.387317 0.270535
v -2.007195 1.397803 0.000000
v -2.008661 1.387317 -0.270534
v -2.013166 1.355944 -0.536186
v -2.020977 1.305723 -0.791258
v -1.999588 -1.894950 0.755659
v -2.032852 -1.823734 0.756496
v -2.053986 -1.740703 0.758768
v -2.063468 -1.646493 0.763193
v -2.061578 -1.541764 0.770353
v -2.047815 -1.427294 0.780290
v -2.020979 -1.305722 0.791258
v -1.999564 -1.895062 0.514685
v -2.032655 -1.824628 0.515315
v -2.053319 -1.743718 0.517024
v -2.061885 -1.653639 0.520352
v -2.058500 -1.556190 0.525527
v -2.042573 -1.455156 0.531532
v -2.013167 -1.355943 0.536186
v -1.999548 -1.895148 0.260616
v -2.032525 -1.825316 0.260953
v -2.052881 -1.746043 0.261865
v -2.060848 -1.659150 0.263643
v -2.056507 -1.567058 0.266336
v -2.039341 -1.474592 0.269047
v -2.008662 -1.387316 0.270534
v -1.999542 -1.895183 -0.000000
v -2.032478 -1.825592 -0.000000
v -2.052724 -1.746974 -0.000000
v -2.060475 -1.661358 -0.000000
v -2.055798 -1.571326 -0.000000
v -2.038234 -1.481686 -0.000000
v -2.007195 -1.397802 -0.000000
v -1.999547 -1.895148 -0.260617
v -2.032525 -1.825316 -0.260953
v -2.052881 -1.746043 -0.261866
v -2.060848 -1.659150 -0.263643
v -2.056507 -1.567058 -0.266336
v -2.039341 -1.474591 -0.269047
v -2.008662 -1.387316 -0.270535
v -1.999564 -1.895062 -0.514686
v -2.032654 -1.824627 -0.515315
v -2.053319 -1.743718 -0.517024
v -2.061885 -1.653639 -0.520352
v -2.058500 -1.556190 -0.525528
v -2.042573 -1.455156 -0.531532
v -2.013167 -1.355943 -0.536186
v -1.999588 -1.894950 -0.755660
v -2.032852 -1.823734 -0.756497
v -2.053986 -1.740703 -0.758769
v -2.063468 -1.646492 -0.763194
v -2.061579 -1.541764 -0.770353
v -2.047815 -1.427294 -0.780291
v -2.020978 -1.305722 -0.791258
v -1.894951 -1.999588 0.755659
v -1.895063 -1.999563 0.514685
v -1.895149 -1.999547 0.260616
v -1.895183 -1.999541 -0.000000
v -1.895149 -1.999546 -0.260617
v -1.895063 -1.999563 -0.514686
v -1.894951 -1.999588 -0.755660
v -1.823735 -2.032851 0.756496
v -1.824628 -2.032653 0.515315
v -1.825317 -2.032524 0.260953
v -1.825593 -2.032477 -0.000000
v -1.825317 -2.032524 -0.260953
v -1.824628 -2.032653 -0.515315
v -1.823735 -2.032851 -0.756497
v -1.740704 -2.053986 0.758768
v -1.743719 -2.053318 0.517024
v -1.746044 -2.052880 0.261865
v -1.746976 -2.052723 -0.000000
v -1.746044 -2.052881 -0.261866
v -1.743719 -2.053318 -0.517024
v -1.740704 -2.053985 -0.758769
v -1.646493 -2.063468 0.763193
v -1.653640 -2.061884 0.520352
v -1.659151 -2.060847 0.263643
v -1.661359 -2.060474 -0.000000
v -1.659151 -2.060847 -0.263643
v -1.653640 -2.061884 -0.520352
v -1.646493 -2.063467 -0.763194
v -1.541765 -2.061578 0.770353
v -1.556190 -2.058499 0.525527
v -1.567059 -2.056506 0.266336
v -1.571327 -2.055797 -0.000000
v -1.567059 -2.056506 -0.266337
v -1.556191 -2.058499 -0.525528
v -1.541765 -2.061577 -0.770353
v -1.427295 -2.047814 0.780290
v -1.455157 -2.042572 0.531532
v -1.474593 -2.039340 0.269047
v -1.481686 -2.038233 -0.000000
v -1.474593 -2.039340 -0.269048
v -1.455157 -2.042572 -0.531533
v -1.427295 -2.047814 -0.780291
v -1.305723 -2.020978 0.791258
v -1.355945 -2.013166 0.536185
v -1.387317 -2.008661 0.270534
v -1.397803 -2.007195 -0.000000
v -1.387317 -2.008662 -0.270535
v -1.355944 -2.013166 -0.536186
v -1.305723 -2.020977 -0.791258
v 1.894950 -1.999589 0.755659
v 1.823733 -2.032853 0.756496
v 1.740703 -2.053987 0.758768
v 1.646492 -2.063469 0.763193
v 1.541764 -2.061579 0.770353
v 1.427294 -2.047815 0.780290
v 1.305722 -2.020979 0.791258
v 1.895062 -1.999564 0.514685
v 1.824627 -2.032655 0.515315
v 1.743718 -2.053319 0.517024
v 1.653638 -2.061886 0.520352
v 1.556189 -2.058500 0.525527
v 1.455156 -2.042573 0.531532
v 1.355943 -2.013168 0.536185
v 1.895147 -1.999548 0.260616
v 1.825316 -2.032525 0.260953
v 1.746043 -2.052881 0.261865
v 1.659150 -2.060848 0.263643
v 1.567058 -2.056507 0.266336
v 1.474591 -2.039341 0.269047
v 1.387316 -2.008662 0.270534
v 1.895182 -1.999542 -0.000000
v 1.825592 -2.032479 -0.000000
v 1.746974 -2.052724 -0.000000
v 1.661357 -2.060476 -0.000000
v 1.571325 -2.055799 -0.000000
v 1.481685 -2.038234 -0.000000
v 1.397802 -2.007195 -0.000000
v 1.895148 -1.999548 -0.260617
v 1.825316 -2.032525 -0.260953
v 1.746043 -2.052881 -0.261866
v 1.659150 -2.060848 -0.263643
v 1.567058 -2.056507 -0.266337
v 1.474591 -2.039341 -0.269048
v 1.387316 -2.008662 -0.270535
v 1.895062 -1.999564 -0.514686
v 1.824627 -2.032655 -0.515315
v 1.743718 -2.053319 -0.517024
v 1.653639 -2.061886 -0.520353
v 1.556190 -2.058500 -0.525528
v 1.455156 -2.042573 -0.531533
v 1.355943 -2.013167 -0.536186
v 1.894950 -1.999589 -0.755660
v 1.823734 -2.032852 -0.756497
v 1.740703 -2.053986 -0.758769
v 1.646492 -2.063468 -0.763194
v 1.541764 -2.061578 -0.770353
v 1.427294 -2.047815 -0.780291
v 1.305722 -2.020978 -0.791259
v 1.999587 -1.894952 0.755659
v 1.999563 -1.895064 0.514685
v 1.999546 -1.895149 0.260616
v 1.999540 -1.895184 -0.000000
v 1.999546 -1.895149 -0.260617
v 1.999563 -1.895063 -0.514686
v 1.999587 -1.894951 -0.755660
v 2.032851 -1.823736 0.756496
v 2.032653 -1.824629 0.515315
v 2.032523 -1.825318 0.260953
v 2.032477 -1.825594 -0.000000
v 2.032523 -1.825317 -0.260953
v 2.032653 -1.824628 -0.515315
v 2.032851 -1.823735 -0.756497
v 2.053985 -1.740705 0.758768
v 2.053317 -1.743720 0.517024
v 2.052880 -1.746045 0.261865
v 2.052723 -1.746976 -0.000000
v 2.052880 -1.746045 -0.261866
v 2.053318 -1.743719 -0.517024
v 2.053985 -1.740704 -0.758769
v 2.063467 -1.646494 0.763193
v 2.061884 -1.653641 0.520352
v 2.060847 -1.659152 0.263643
v 2.060474 -1.661359 -0.000000
v 2.060847 -1.659152 -0.263643
v 2.061884 -1.653640 -0.520352
v 2.063467 -1.646494 -0.763194
v 2.061577 -1.541766 0.770353
v 2.058499 -1.556191 0.525527
v 2.056506 -1.567060 0.266336
v 2.055797 -1.571327 -0.000000
v 2.056506 -1.567060 -0.266336
v 2.058499 -1.556191 -0.525528
v 2.061577 -1.541765 -0.770353
v 2.047813 -1.427296 0.780290
v 2.042572 -1.455158 0.531532
v 2.039340 -1.474593 0.269047
v 2.038233 -1.481687 -0.000000
v 2.039340 -1.474593 -0.269047
v 2.042572 -1.455157 -0.531532
v 2.047814 -1.427295 -0.780291
v 2.020977 -1.305724 0.791258
v 2.013166 -1.355945 0.536186
v 2.008661 -1.387318 0.270534
v 2.007194 -1.397803 -0.000000
v 2.008661 -1.387317 -0.270535
v 2.013166 -1.355944 -0.536186
v 2.020978 -1.305723 -0.791258
v 1.999588 1.894950 0.755660
v 2.032852 1.823734 0.756497
v 2.053986 1.740703 0.758769
v 2.063468 1.646492 0.763194
v 2.061578 1.541764 0.770353
v 2.047815 1.427294 0.780291
v 2.020979 1.305722 0.791258
v 1.999564 1.895062 0.514686
v 2.032655 1.824627 0.515315
v 2.053319 1.743718 0.517024
v 2.061886 1.653639 0.520352
v 2.058500 1.556189 0.525528
v 2.042573 1.455156 0.531532
v 2.013167 1.355943 0.536186
v 1.999548 1.895148 0.260617
v 2.032525 1.825316 0.260953
v 2.052881 1.746043 0.261866
v 2.060848 1.659150 0.263643
v 2.056507 1.567058 0.266336
v 2.039341 1.474591 0.269047
v 2.008662 1.387316 0.270535
v 1.999542 1.895183 0.000000
v 2.032478 1.825592 0.000000
v 2.052724 1.746975 0.000000
v 2.060475 1.661358 0.000000
v 2.055798 1.571326 0.000000
v 2.038234 1.481686 0.000000
v 2.007195 1.397802 0.000000
v 1.999547 1.895148 -0.260616
v 2.032525 1.825316 -0.260953
v 2.052881 1.746043 -0.261865
v 2.060848 1.659150 -0.263643
v 2.056507 1.567058 -0.266336
v 2.039341 1.474591 -0.269047
v 2.008662 1.387316 -0.270534
v 1.999564 1.895062 -0.514685
v 2.032654 1.824628 -0.515315
v 2.053319 1.743719 -0.517024
v 2.061885 1.653639 -0.520352
v 2.058500 1.556190 -0.525527
v 2.042573 1.455156 -0.531532
v 2.013167 1.355943 -0.536186
v 1.999588 1.894951 -0.755659
v 2.032852 1.823734 -0.756496
v 2.053986 1.740703 -0.758768
v 2.063468 1.646493 -0.763193
v 2.061579 1.541764 -0.770353
v 2.047815 1.427294 -0.780290
v 2.020978 1.305722 -0.791258
v 1.894951 1.999588 -0.755659
v 1.823735 2.032852 -0.756496
v 1.740704 2.053986 -0.758768
v 1.646493 2.063467 -0.763193
v 1.541765 2.061578 -0.770353
v 1.427295 2.047814 -0.780290
v 1.305723 2.020978 -0.791258
v 1.895063 1.999563 -0.514685
v 1.824628 2.032654 -0.515315
v 1.743719 2.053318 -0.517024
v 1.653640 2.061885 -0.520352
v 1.556191 2.058499 -0.525527
v 1.455157 2.042572 -0.531532
v 1.355945 2.013166 -0.536185
v 1.895149 1.999547 -0.260616
v 1.825317 2.032524 -0.260953
v 1.746044 2.052880 -0.261865
v 1.659151 2.060847 -0.263643
v 1.567059 2.056506 -0.266336
v 1.474593 2.039340 -0.269047
v 1.387317 2.008661 -0.270534
v 1.895183 1.999541 0.000000
v 1.825593 2.032477 0.000000
v 1.746976 2.052723 0.000000
v 1.661359 2.060475 0.000000
v 1.571327 2.055797 0.000000
v 1.481687 2.038234 0.000000
v 1.397803 2.007194 0.000000
v 1.895149 1.999546 0.260617
v 1.825317 2.032524 0.260953
v 1.746044 2.052880 0.261866
v 1.659151 2.060847 0.263643
v 1.567059 2.056506 0.266337
v 1.474593 2.039340 0.269048
v 1.387317 2.008662 0.270535
v 1.895063 1.999563 0.514686
v 1.824628 2.032654 0.515315
v 1.743719 2.053318 0.517024
v 1.653640 2.061885 0.520353
v 1.556191 2.058499 0.525528
v 1.455157 2.042572 0.531533
v 1.355944 2.013166 0.536186
v 1.894952 1.999587 0.755660
v 1.823735 2.032851 0.756497
v 1.740704 2.053985 0.758769
v 1.646494 2.063467 0.763194
v 1.541765 2.061577 0.770353
v 1.427295 2.047813 0.780291
v 1.305723 2.020977 0.791259
v -1.111603 -1.914210 0.762484
v -1.201605 -1.908286 0.520913
v -1.251935 -1.904282 0.263878
v -1.267892 -1.902905 -0.000000
v -1.251935 -1.904282 -0.263879
v -1.201604 -1.908285 -0.520914
v -1.111603 -1.914210 -0.762485
v -1.061161 -1.837415 0.730309
v -1.155869 -1.834775 0.504205
v -1.210035 -1.832691 0.257091
v -1.227377 -1.831895 -0.000000
v -1.210035 -1.832690 -0.257091
v -1.155869 -1.834774 -0.504206
v -1.061161 -1.837415 -0.730310
v -1.033569 -1.751522 0.710311
v -1.129831 -1.751624 0.492309
v -1.185626 -1.751795 0.251758
v -1.203641 -1.751892 -0.000000
v -1.185626 -1.751795 -0.251759
v -1.129831 -1.751624 -0.492309
v -1.033569 -1.751522 -0.710312
v -1.026745 -1.658225 0.705501
v -1.122933 -1.661281 0.489260
v -1.178782 -1.664337 0.250307
v -1.196834 -1.665726 -0.000000
v -1.178782 -1.664337 -0.250308
v -1.122933 -1.661281 -0.489260
v -1.026745 -1.658225 -0.705501
v -1.039987 -1.558305 0.716615
v -1.134933 -1.566015 0.496902
v -1.189500 -1.573308 0.254160
v -1.206982 -1.576509 -0.000000
v -1.189499 -1.573308 -0.254161
v -1.134933 -1.566015 -0.496902
v -1.039987 -1.558305 -0.716615
v -1.074769 -1.450637 0.743320
v -1.165981 -1.468404 0.512808
v -1.217357 -1.482836 0.261275
v -1.233631 -1.488486 -0.000000
v -1.217357 -1.482836 -0.261276
v -1.165981 -1.468403 -0.512809
v -1.074769 -1.450637 -0.743321
v -1.133512 -1.334804 0.781804
v -1.216245 -1.372203 0.531698
v -1.261820 -1.397470 0.268523
v -1.276207 -1.406186 -0.000000
v -1.261820 -1.397470 -0.268524
v -1.216245 -1.372203 -0.531699
v -1.133511 -1.334804 -0.781804
v -1.914211 -1.111603 0.762484
v -1.837416 -1.061161 0.730310
v -1.751523 -1.033569 0.710311
v -1.658225 -1.026744 0.705501
v -1.558305 -1.039987 0.716615
v -1.450637 -1.074769 0.743320
v -1.334804 -1.133511 0.781804
v -1.908286 -1.201604 0.520913
v -1.834775 -1.155869 0.504205
v -1.751624 -1.129830 0.492309
v -1.661281 -1.122932 0.489260
v -1.566015 -1.134932 0.496902
v -1.468404 -1.165981 0.512808
v -1.372203 -1.216245 0.531698
v -1.904283 -1.251934 0.263878
v -1.832691 -1.210034 0.257091
v -1.751796 -1.185625 0.251758
v -1.664337 -1.178782 0.250308
v -1.573308 -1.189499 0.254160
v -1.482836 -1.217357 0.261275
v -1.397471 -1.261819 0.268523
v -1.902905 -1.267891 -0.000000
v -1.831896 -1.227376 -0.000000
v -1.751893 -1.203641 -0.000000
v -1.665726 -1.196833 -0.000000
v -1.576509 -1.206981 -0.000000
v -1.488486 -1.233630 -0.000000
v -1.406186 -1.276207 -0.000000
v -1.904283 -1.251934 -0.263879
v -1.832691 -1.210034 -0.257091
v -1.751796 -1.185625 -0.251759
v -1.664337 -1.178781 -0.250308
v -1.573308 -1.189499 -0.254161
v -1.482836 -1.217357 -0.261276
v -1.397470 -1.261819 -0.268524
v -1.908286 -1.201604 -0.520914
v -1.834775 -1.155869 -0.504206
v -1.751624 -1.129830 -0.492309
v -1.661281 -1.122932 -0.489260
v -1.566015 -1.134932 -0.496902
v -1.468404 -1.165980 -0.512808
v -1.372203 -1.216245 -0.531699
v -1.914211 -1.111602 -0.762485
v -1.837416 -1.061160 -0.730310
v -1.751523 -1.033569 -0.710312
v -1.658225 -1.026744 -0.705501
v -1.558305 -1.039987 -0.716615
v -1.450637 -1.074769 -0.743321
v -1.334804 -1.133511 -0.781804
v -1.111602 1.914210 0.762485
v -1.061161 1.837415 0.730310
v -1.033569 1.751522 0.710312
v -1.026744 1.658225 0.705501
v -1.039987 1.558305 0.716615
v -1.074769 1.450637 0.743321
v -1.133511 1.334804 0.781804
v -1.201604 1.908286 0.520914
v -1.155869 1.834775 0.504206
v -1.129830 1.751624 0.492309
v -1.122932 1.661281 0.489260
v -1.134932 1.566015 0.496902
v -1.165980 1.468404 0.512809
v -1.216245 1.372203 0.531699
v -1.251934 1.904282 0.263879
v -1.210034 1.832691 0.257091
v -1.185625 1.751796 0.251759
v -1.178781 1.664337 0.250308
v -1.189499 1.573308 0.254161
v -1.217356 1.482836 0.261276
v -1.261819 1.397471 0.268524
v -1.267891 1.902905 0.000000
v -1.227376 1.831895 0.000000
v -1.203640 1.751892 0.000000
v -1.196833 1.665726 0.000000
v -1.206981 1.576509 0.000000
v -1.233630 1.488486 0.000000
v -1.276206 1.406186 0.000000
v -1.251934 1.904282 -0.263878
v -1.210034 1.832691 -0.257091
v -1.185625 1.751796 -0.251758
v -1.178781 1.664337 -0.250307
v -1.189499 1.573308 -0.254160
v -1.217356 1.482836 -0.261275
v -1.261819 1.397470 -0.268523
v -1.201604 1.908286 -0.520913
v -1.155868 1.834775 -0.504205
v -1.129830 1.751624 -0.492309
v -1.122932 1.661281 -0.489260
v -1.134932 1.566015 -0.496902
v -1.165980 1.468404 -0.512808
v -1.216245 1.372203 -0.531698
v -1.111603 1.914211 -0.762484
v -1.061160 1.837416 -0.730309
v -1.033568 1.751523 -0.710311
v -1.026744 1.658225 -0.705501
v -1.039987 1.558305 -0.716615
v -1.074769 1.450637 -0.743320
v -1.133511 1.334804 -0.781804
v -1.914210 1.111603 0.762485
v -1.908285 1.201604 0.520914
v -1.904282 1.251935 0.263879
v -1.902905 1.267892 0.000000
v -1.904282 1.251935 -0.263878
v -1.908285 1.201605 -0.520913
v -1.914210 1.111603 -0.762484
v -1.837415 1.061161 0.730310
v -1.834774 1.155869 0.504206
v -1.832691 1.210035 0.257091
v -1.831895 1.227377 0.000000
v -1.832690 1.210035 -0.257091
v -1.834774 1.155870 -0.504205
v -1.837415 1.061161 -0.730310
v -1.751522 1.033569 0.710312
v -1.751624 1.129831 0.492309
v -1.751795 1.185626 0.251759
v -1.751892 1.203641 0.000000
v -1.751795 1.185626 -0.251758
v -1.751624 1.129831 -0.492309
v -1.751522 1.033569 -0.710311
v -1.658225 1.026745 0.705501
v -1.661281 1.122933 0.489260
v -1.664337 1.178782 0.250308
v -1.665726 1.196834 0.000000
v -1.664336 1.178782 -0.250308
v -1.661281 1.122933 -0.489260
v -1.658225 1.026745 -0.705501
v -1.558305 1.039987 0.716615
v -1.566015 1.134933 0.496902
v -1.573307 1.189500 0.254161
v -1.576508 1.206982 0.000000
v -1.573307 1.189499 -0.254160
v -1.566014 1.134933 -0.496902
v -1.558305 1.039987 -0.716615
v -1.450637 1.074769 0.743321
v -1.468403 1.165981 0.512808
v -1.482835 1.217357 0.261276
v -1.488486 1.233631 0.000000
v -1.482835 1.217357 -0.261275
v -1.468403 1.165981 -0.512808
v -1.450637 1.074770 -0.743320
v -1.334804 1.133511 0.781804
v -1.372203 1.216245 0.531699
v -1.397470 1.261820 0.268524
v -1.406186 1.276207 0.000000
v -1.397470 1.261820 -0.268523
v -1.372203 1.216245 -0.531698
v -1.334803 1.133511 -0.781804
v 1.914210 -1.111603 -0.762485
v 1.837415 -1.061161 -0.730310
v 1.751522 -1.033569 -0.710312
v 1.658225 -1.026745 -0.705501
v 1.558305 -1.039987 -0.716615
v 1.450637 -1.074769 -0.743321
v 1.334804 -1.133512 -0.781804
v 1.908285 -1.201605 -0.520914
v 1.834774 -1.155869 -0.504206
v 1.751624 -1.129831 -0.492309
v 1.661281 -1.122933 -0.489260
v 1.566015 -1.134933 -0.496902
v 1.468403 -1.165981 -0.512808
v 1.372203 -1.216245 -0.531699
v 1.904282 -1.251935 -0.263879
v 1.832690 -1.210035 -0.257091
v 1.751795 -1.185626 -0.251759
v 1.664337 -1.178782 -0.250308
v 1.573307 -1.189500 -0.254161
v 1.482835 -1.217357 -0.261276
v 1.397470 -1.261820 -0.268524
v 1.902905 -1.267893 -0.000000
v 1.831895 -1.227377 -0.000000
v 1.751892 -1.203642 -0.000000
v 1.665725 -1.196834 -0.000000
v 1.576508 -1.206982 -0.000000
v 1.488486 -1.233631 -0.000000
v 1.406186 -1.276207 -0.000000
v 1.904282 -1.251935 0.263878
v 1.832690 -1.210035 0.257091
v 1.751795 -1.185626 0.251758
v 1.664337 -1.178782 0.250308
v 1.573307 -1.189500 0.254160
v 1.482835 -1.217357 0.261275
v 1.397470 -1.261820 0.268524
v 1.908285 -1.201605 0.520913
v 1.834774 -1.155870 0.504205
v 1.751624 -1.129832 0.492309
v 1.661281 -1.122933 0.489260
v 1.566014 -1.134933 0.496902
v 1.468403 -1.165981 0.512808
v 1.372203 -1.216246 0.531698
v 1.914210 -1.111604 0.762484
v 1.837415 -1.061162 0.730310
v 1.751522 -1.033570 0.710311
v 1.658225 -1.026745 0.705501
v 1.558305 -1.039988 0.716615
v 1.450637 -1.074770 0.743320
v 1.334803 -1.133512 0.781804
v 1.111602 -1.914211 -0.762485
v 1.201604 -1.908286 -0.520914
v 1.251934 -1.904283 -0.263879
v 1.267891 -1.902905 -0.000000
v 1.251934 -1.904283 0.263878
v 1.201604 -1.908286 0.520913
v 1.111602 -1.914211 0.762484
v 1.061161 -1.837416 -0.730310
v 1.155869 -1.834775 -0.504206
v 1.210034 -1.832691 -0.257091
v 1.227376 -1.831896 -0.000000
v 1.210034 -1.832691 0.257091
v 1.155868 -1.834775 0.504205
v 1.061160 -1.837416 0.730310
v 1.033569 -1.751522 -0.710312
v 1.129830 -1.751624 -0.492309
v 1.185625 -1.751796 -0.251759
v 1.203640 -1.751893 -0.000000
v 1.185625 -1.751796 0.251758
v 1.129830 -1.751625 0.492309
v 1.033568 -1.751523 0.710311
v 1.026744 -1.658225 -0.705501
v 1.122932 -1.661281 -0.489260
v 1.178781 -1.664337 -0.250308
v 1.196833 -1.665726 -0.000000
v 1.178781 -1.664337 0.250307
v 1.122932 -1.661281 0.489260
v 1.026744 -1.658226 0.705501
v 1.039987 -1.558305 -0.716615
v 1.134932 -1.566015 -0.496902
v 1.189499 -1.573308 -0.254161
v 1.206981 -1.576509 -0.000000
v 1.189499 -1.573308 0.254160
v 1.134932 -1.566015 0.496902
v 1.039986 -1.558305 0.716615
v 1.074769 -1.450637 -0.743321
v 1.165980 -1.468404 -0.512809
v 1.217356 -1.482836 -0.261276
v 1.233630 -1.488486 -0.000000
v 1.217356 -1.482836 0.261275
v 1.165980 -1.468404 0.512808
v 1.074769 -1.450638 0.743320
v 1.133511 -1.334804 -0.781804
v 1.216245 -1.372203 -0.531699
v 1.261819 -1.397471 -0.268524
v 1.276206 -1.406186 -0.000000
v 1.261819 -1.397471 0.268523
v 1.216244 -1.372203 0.531698
v 1.133510 -1.334804 0.781804
v 1.914211 1.111602 0.762485
v 1.837416 1.061160 0.730310
v 1.751523 1.033568 0.710312
v 1.658225 1.026744 0.705501
v 1.558305 1.039986 0.716615
v 1.450637 1.074769 0.743321
v 1.334804 1.133510 0.781804
v 1.908286 1.201604 0.520914
v 1.834775 1.155868 0.504206
v 1.751624 1.129830 0.492309
v 1.661281 1.122932 0.489260
v 1.566015 1.134932 0.496902
v 1.468404 1.165980 0.512808
v 1.372203 1.216244 0.531699
v 1.904283 1.251934 0.263879
v 1.832691 1.210034 0.257091
v 1.751796 1.185625 0.251759
v 1.664337 1.178781 0.250308
v 1.573308 1.189499 0.254161
v 1.482836 1.217356 0.261276
v 1.397471 1.261819 0.268524
v 1.902905 1.267891 0.000000
v 1.831896 1.227376 0.000000
v 1.751893 1.203640 0.000000
v 1.665726 1.196833 0.000000
v 1.576509 1.206981 0.000000
v 1.488486 1.233630 0.000000
v 1.406186 1.276206 0.000000
v 1.904283 1.251934 -0.263878
v 1.832691 1.210034 -0.257091
v 1.751796 1.185625 -0.251758
v 1.664337 1.178781 -0.250308
v 1.573308 1.189499 -0.254160
v 1.482836 1.217357 -0.261275
v 1.397470 1.261819 -0.268524
v 1.908286 1.201604 -0.520913
v 1.834775 1.155869 -0.504205
v 1.751624 1.129830 -0.492309
v 1.661281 1.122932 -0.489260
v 1.566015 1.134932 -0.496902
v 1.468404 1.165980 -0.512808
v 1.372203 1.216245 -0.531698
v 1.914211 1.111603 -0.762484
v 1.837416 1.061161 -0.730310
v 1.751523 1.033569 -0.710311
v 1.658225 1.026744 -0.705501
v 1.558305 1.039987 -0.716615
v 1.450637 1.074769 -0.743320
v 1.334804 1.133511 -0.781804
v 1.111603 1.914210 0.762485
v 1.201605 1.908285 0.520914
v 1.251935 1.904282 0.263879
v 1.267892 1.902905 0.000000
v 1.251935 1.904282 -0.263878
v 1.201604 1.908285 -0.520913
v 1.111603 1.914210 -0.762484
v 1.061161 1.837415 0.730310
v 1.155869 1.834774 0.504206
v 1.210035 1.832690 0.257091
v 1.227377 1.831895 0.000000
v 1.210035 1.832690 -0.257091
v 1.155869 1.834774 -0.504205
v 1.061161 1.837415 -0.730310
v 1.033569 1.751522 0.710312
v 1.129831 1.751624 0.492309
v 1.185626 1.751795 0.251759
v 1.203641 1.751892 0.000000
v 1.185626 1.751795 -0.251758
v 1.129831 1.751624 -0.492309
v 1.033569 1.751522 -0.710311
v 1.026745 1.658224 0.705501
v 1.122933 1.661280 0.489260
v 1.178782 1.664336 0.250308
v 1.196834 1.665725 0.000000
v 1.178782 1.664337 -0.250307
v 1.122933 1.661281 -0.489260
v 1.026745 1.658225 -0.705501
v 1.039987 1.558304 0.716615
v 1.134933 1.566014 0.496902
v 1.189500 1.573307 0.254161
v 1.206982 1.576508 0.000000
v 1.189499 1.573307 -0.254160
v 1.134933 1.566015 -0.496902
v 1.039987 1.558305 -0.716615
v 1.074769 1.450637 0.743321
v 1.165981 1.468403 0.512809
v 1.217357 1.482835 0.261276
v 1.233631 1.488486 0.000000
v 1.217357 1.482835 -0.261275
v 1.165981 1.468403 -0.512808
v 1.074770 1.450637 -0.743320
v 1.133512 1.334803 0.781804
v 1.216245 1.372203 0.531699
v 1.261820 1.397470 0.268524
v 1.276207 1.406185 0.000000
v 1.261820 1.397470 -0.268523
v 1.216245 1.372203 -0.531698
v 1.133511 1.334804 -0.781804
v -1.999588 -0.755659 1.894951
v -1.999564 -0.514685 1.895063
v -1.999547 -0.260616 1.895149
v -1.999542 -0.000000 1.895184
v -1.999547 0.260617 1.895149
v -1.999564 0.514686 1.895063
v -1.999588 0.755659 1.894951
v -2.032852 -0.756496 1.823735
v -2.032654 -0.515315 1.824628
v -2.032525 -0.260953 1.825317
v -2.032478 -0.000000 1.825593
v -2.032524 0.260953 1.825317
v -2.032654 0.515315 1.824628
v -2.032852 0.756496 1.823735
v -2.053986 -0.758768 1.740704
v -2.053319 -0.517024 1.743719
v -2.052881 -0.261865 1.746044
v -2.052724 -0.000000 1.746976
v -2.052881 0.261866 1.746044
v -2.053319 0.517024 1.743719
v -2.053986 0.758768 1.740704
v -2.063468 -0.763193 1.646493
v -2.061885 -0.520352 1.653640
v -2.060848 -0.263643 1.659151
v -2.060475 -0.000000 1.661359
v -2.060848 0.263643 1.659151
v -2.061885 0.520352 1.653640
v -2.063468 0.763193 1.646494
v -2.061578 -0.770353 1.541764
v -2.058500 -0.525527 1.556190
v -2.056507 -0.266336 1.567059
v -2.055798 -0.000000 1.571326
v -2.056507 0.266336 1.567059
v -2.058500 0.525527 1.556191
v -2.061578 0.770353 1.541765
v -2.047815 -0.780290 1.427295
v -2.042572 -0.531532 1.455157
v -2.039341 -0.269047 1.474593
v -2.038234 -0.000000 1.481686
v -2.039341 0.269047 1.474593
v -2.042572 0.531532 1.455157
v -2.047814 0.780291 1.427295
v -2.020978 -0.791258 1.305723
v -2.013167 -0.536185 1.355944
v -2.008662 -0.270534 1.387317
v -2.007195 -0.000000 1.397803
v -2.008662 0.270535 1.387317
v -2.013167 0.536186 1.355944
v -2.020978 0.791258 1.305723
v -1.999588 -0.755658 -1.894951
v -2.032852 -0.756495 -1.823735
v -2.053986 -0.758767 -1.740704
v -2.063468 -0.763192 -1.646493
v -2.061578 -0.770352 -1.541765
v -2.047815 -0.780290 -1.427295
v -2.020978 -0.791257 -1.305723
v -1.999564 -0.514685 -1.895063
v -2.032654 -0.515314 -1.824628
v -2.053319 -0.517023 -1.743719
v -2.061885 -0.520351 -1.653640
v -2.058500 -0.525526 -1.556191
v -2.042572 -0.531531 -1.455157
v -2.013167 -0.536185 -1.355945
v -1.999547 -0.260616 -1.895149
v -2.032524 -0.260952 -1.825317
v -2.052881 -0.261865 -1.746044
v -2.060847 -0.263642 -1.659151
v -2.056506 -0.266335 -1.567059
v -2.039340 -0.269046 -1.474593
v -2.008662 -0.270534 -1.387317
v -1.999541 0.000001 -1.895183
v -2.032478 0.000001 -1.825593
v -2.052723 0.000001 -1.746976
v -2.060475 0.000001 -1.661359
v -2.055798 0.000001 -1.571327
v -2.038234 0.000001 -1.481687
v -2.007195 0.000001 -1.397803
v -1.999547 0.260617 -1.895149
v -2.032524 0.260954 -1.825317
v -2.052881 0.261866 -1.746044
v -2.060847 0.263644 -1.659151
v -2.056506 0.266337 -1.567059
v -2.039340 0.269048 -1.474592
v -2.008662 0.270535 -1.387317
v -1.999563 0.514686 -1.895063
v -2.032654 0.515316 -1.824628
v -2.053318 0.517025 -1.743719
v -2.061885 0.520353 -1.653640
v -2.058499 0.525528 -1.556191
v -2.042572 0.531533 -1.455157
v -2.013166 0.536186 -1.355944
v -1.999588 0.755660 -1.894951
v -2.032851 0.756497 -1.823735
v -2.053986 0.758769 -1.740704
v -2.063468 0.763194 -1.646493
v -2.061578 0.770354 -1.541765
v -2.047814 0.780291 -1.427295
v -2.020978 0.791259 -1.305723
v -1.894951 -0.755658 -1.999588
v -1.895063 -0.514685 -1.999564
v -1.895149 -0.260616 -1.999547
v -1.895183 0.000001 -1.999542
v -1.895148 0.260617 -1.999547
v -1.895062 0.514686 -1.999564
v -1.894950 0.755660 -1.999588
v -1.823735 -0.756495 -2.032852
v -1.824628 -0.515314 -2.032654
v -1.825317 -0.260952 -2.032525
v -1.825593 0.000001 -2.032478
v -1.825317 0.260954 -2.032525
v -1.824628 0.515316 -2.032654
v -1.823734 0.756497 -2.032852
v -1.740704 -0.758768 -2.053987
v -1.743719 -0.517023 -2.053319
v -1.746044 -0.261865 -2.052881
v -1.746975 0.000001 -2.052724
v -1.746044 0.261866 -2.052881
v -1.743719 0.517025 -2.053319
v -1.740703 0.758769 -2.053986
v -1.646493 -0.763193 -2.063468
v -1.653639 -0.520351 -2.061885
v -1.659151 -0.263642 -2.060848
v -1.661358 0.000001 -2.060475
v -1.659150 0.263644 -2.060848
v -1.653639 0.520353 -2.061885
v -1.646493 0.763194 -2.063468
v -1.541764 -0.770352 -2.061579
v -1.556190 -0.525527 -2.058500
v -1.567058 -0.266336 -2.056507
v -1.571326 0.000001 -2.055798
v -1.567059 0.266337 -2.056507
v -1.556190 0.525528 -2.058500
v -1.541764 0.770353 -2.061578
v -1.427295 -0.780290 -2.047815
v -1.455157 -0.531532 -2.042573
v -1.474592 -0.269047 -2.039341
v -1.481686 0.000001 -2.038234
v -1.474592 0.269048 -2.039341
v -1.455156 0.531533 -2.042572
v -1.427294 0.780291 -2.047814
v -1.305723 -0.791258 -2.020979
v -1.355944 -0.536185 -2.013167
v -1.387316 -0.270534 -2.008662
v -1.397803 0.000000 -2.007195
v -1.387316 0.270535 -2.008662
v -1.355944 0.536186 -2.013167
v -1.305722 0.791258 -2.020978
v 1.894951 -0.755659 -1.999588
v 1.823735 -0.756496 -2.032852
v 1.740704 -0.758768 -2.053987
v 1.646493 -0.763193 -2.063468
v 1.541765 -0.770353 -2.061579
v 1.427295 -0.780290 -2.047815
v 1.305723 -0.791258 -2.020979
v 1.895063 -0.514685 -1.999564
v 1.824628 -0.515315 -2.032655
v 1.743719 -0.517024 -2.053319
v 1.653640 -0.520352 -2.061885
v 1.556191 -0.525527 -2.058500
v 1.455157 -0.531532 -2.042573
v 1.355945 -0.536185 -2.013167
v 1.895149 -0.260616 -1.999548
v 1.825317 -0.260953 -2.032525
v 1.746044 -0.261865 -2.052881
v 1.659151 -0.263643 -2.060848
v 1.567059 -0.266336 -2.056507
v 1.474593 -0.269047 -2.039341
v 1.387317 -0.270534 -2.008662
v 1.895183 0.000000 -1.999542
v 1.825593 0.000000 -2.032478
v 1.746976 0.000000 -2.052724
v 1.661359 0.000000 -2.060475
v 1.571327 0.000000 -2.055798
v 1.481687 0.000000 -2.038234
v 1.397803 0.000000 -2.007195
v 1.895149 0.260617 -1.999547
v 1.825317 0.260953 -2.032525
v 1.746044 0.261866 -2.052881
v 1.659151 0.263643 -2.060848
v 1.567059 0.266337 -2.056507
v 1.474593 0.269048 -2.039341
v 1.387317 0.270535 -2.008662
v 1.895063 0.514686 -1.999564
v 1.824628 0.515315 -2.032654
v 1.743719 0.517024 -2.053319
v 1.653640 0.520352 -2.061885
v 1.556191 0.525528 -2.058500
v 1.455157 0.531533 -2.042573
v 1.355944 0.536186 -2.013167
v 1.894951 0.755659 -1.999588
v 1.823735 0.756497 -2.032852
v 1.740704 0.758769 -2.053986
v 1.646494 0.763194 -2.063468
v 1.541765 0.770353 -2.061578
v 1.427295 0.780291 -2.047815
v 1.305723 0.791258 -2.020978
v 1.999588 0.755659 -1.894951
v 2.032852 0.756496 -1.823735
v 2.053986 0.758768 -1.740704
v 2.063468 0.763193 -1.646493
v 2.061578 0.770353 -1.541765
v 2.047815 0.780290 -1.427295
v 2.020978 0.791258 -1.305723
v 1.999564 0.514686 -1.895063
v 2.032655 0.515315 -1.824628
v 2.053319 0.517024 -1.743719
v 2.061885 0.520352 -1.653640
v 2.058500 0.525527 -1.556190
v 2.042572 0.531532 -1.455157
v 2.013167 0.536186 -1.355944
v 1.999547 0.260617 -1.895149
v 2.032525 0.260953 -1.825317
v 2.052881 0.261866 -1.746044
v 2.060848 0.263643 -1.659151
v 2.056507 0.266336 -1.567059
v 2.039341 0.269047 -1.474593
v 2.008662 0.270534 -1.387317
v 1.999542 0.000000 -1.895183
v 2.032478 0.000000 -1.825593
v 2.052724 0.000000 -1.746976
v 2.060475 0.000000 -1.661359
v 2.055798 0.000000 -1.571327
v 2.038234 0.000000 -1.481687
v 2.007195 0.000000 -1.397803
v 1.999547 -0.260616 -1.895149
v 2.032525 -0.260953 -1.825317
v 2.052881 -0.261865 -1.746044
v 2.060848 -0.263643 -1.659151
v 2.056506 -0.266336 -1.567059
v 2.039341 -0.269047 -1.474592
v 2.008662 -0.270535 -1.387317
v 1.999564 -0.514685 -1.895063
v 2.032654 -0.515315 -1.824628
v 2.053319 -0.517024 -1.743719
v 2.061885 -0.520352 -1.653640
v 2.058500 -0.525527 -1.556191
v 2.042572 -0.531532 -1.455157
v 2.013167 -0.536186 -1.355945
v 1.999588 -0.755659 -1.894951
v 2.032852 -0.756496 -1.823735
v 2.053986 -0.758768 -1.740704
v 2.063468 -0.763193 -1.646494
v 2.061578 -0.770353 -1.541765
v 2.047814 -0.780291 -1.427295
v 2.020978 -0.791258 -1.305723
v 1.999588 0.755658 1.894951
v 1.999563 0.514684 1.895063
v 1.999547 0.260615 1.895149
v 1.999541 -0.000001 1.895184
v 1.999547 -0.260618 1.895149
v 1.999563 -0.514687 1.895063
v 1.999588 -0.755661 1.894951
v 2.032852 0.756495 1.823735
v 2.032654 0.515314 1.824628
v 2.032524 0.260952 1.825317
v 2.032478 -0.000001 1.825593
v 2.032524 -0.260954 1.825317
v 2.032654 -0.515316 1.824628
v 2.032851 -0.756498 1.823735
v 2.053986 0.758767 1.740704
v 2.053318 0.517023 1.743719
v 2.052881 0.261864 1.746044
v 2.052723 -0.000001 1.746976
v 2.052881 -0.261867 1.746044
v 2.053318 -0.517025 1.743719
v 2.053985 -0.758770 1.740704
v 2.063468 0.763192 1.646494
v 2.061885 0.520351 1.653640
v 2.060848 0.263642 1.659151
v 2.060475 -0.000001 1.661359
v 2.060847 -0.263644 1.659151
v 2.061885 -0.520353 1.653640
v 2.063468 -0.763195 1.646493
v 2.061578 0.770352 1.541765
v 2.058500 0.525526 1.556191
v 2.056507 0.266335 1.567059
v 2.055798 -0.000001 1.571326
v 2.056506 -0.266337 1.567059
v 2.058499 -0.525529 1.556190
v 2.061577 -0.770354 1.541765
v 2.047815 0.780289 1.427295
v 2.042572 0.531531 1.455157
v 2.039341 0.269046 1.474593
v 2.038234 -0.000001 1.481686
v 2.039340 -0.269048 1.474593
v 2.042572 -0.531533 1.455157
v 2.047814 -0.780292 1.427295
v 2.020978 0.791257 1.305723
v 2.013167 0.536185 1.355944
v 2.008662 0.270533 1.387317
v 2.007195 -0.000001 1.397803
v 2.008662 -0.270536 1.387317
v 2.013166 -0.536187 1.355944
v 2.020978 -0.791259 1.305723
v 1.894951 0.755658 1.999588
v 1.823735 0.756495 2.032852
v 1.740704 0.758767 2.053987
v 1.646493 0.763192 2.063468
v 1.541765 0.770352 2.061579
v 1.427295 0.780289 2.047815
v 1.305722 0.791257 2.020979
v 1.895063 0.514684 1.999564
v 1.824628 0.515314 2.032654
v 1.743719 0.517023 2.053319
v 1.653640 0.520351 2.061885
v 1.556190 0.525526 2.058500
v 1.455156 0.531531 2.042573
v 1.355944 0.536184 2.013167
v 1.895149 0.260615 1.999547
v 1.825317 0.260952 2.032525
v 1.746044 0.261864 2.052881
v 1.659151 0.263642 2.060848
v 1.567059 0.266335 2.056507
v 1.474592 0.269046 2.039341
v 1.387317 0.270533 2.008662
v 1.895183 -0.000001 1.999542
v 1.825593 -0.000001 2.032478
v 1.746975 -0.000001 2.052724
v 1.661358 -0.000001 2.060475
v 1.571326 -0.000001 2.055798
v 1.481686 -0.000001 2.038234
v 1.397802 -0.000001 2.007195
v 1.895148 -0.260618 1.999547
v 1.825317 -0.260954 2.032525
v 1.746044 -0.261867 2.052881
v 1.659151 -0.263644 2.060848
v 1.567058 -0.266338 2.056507
v 1.474592 -0.269048 2.039341
v 1.387316 -0.270536 2.008662
v 1.895062 -0.514687 1.999564
v 1.824628 -0.515316 2.032654
v 1.743719 -0.517025 2.053319
v 1.653639 -0.520353 2.061885
v 1.556190 -0.525529 2.058500
v 1.455156 -0.531533 2.042573
v 1.355944 -0.536187 2.013167
v 1.894951 -0.755661 1.999588
v 1.823734 -0.756498 2.032852
v 1.740703 -0.758770 2.053986
v 1.646492 -0.763195 2.063468
v 1.541764 -0.770354 2.061578
v 1.427294 -0.780292 2.047815
v 1.305722 -0.791259 2.020978
v -1.894951 0.755659 1.999588
v -1.895063 0.514686 1.999564
v -1.895149 0.260617 1.999547
v -1.895183 -0.000000 1.999542
v -1.895149 -0.260616 1.999547
v -1.895063 -0.514685 1.999564
v -1.894951 -0.755659 1.999588
v -1.823735 0.756496 2.032852
v -1.824628 0.515315 2.032654
v -1.825317 0.260953 2.032525
v -1.825593 -0.000000 2.032478
v -1.825317 -0.260953 2.032525
v -1.824628 -0.515315 2.032654
v -1.823735 -0.756496 2.032852
v -1.740704 0.758768 2.053987
v -1.743719 0.517024 2.053319
v -1.746044 0.261866 2.052881
v -1.746976 -0.000000 2.052724
v -1.746044 -0.261866 2.052881
v -1.743719 -0.517024 2.053319
v -1.740704 -0.758768 2.053986
v -1.646493 0.763193 2.063468
v -1.653640 0.520352 2.061885
v -1.659151 0.263643 2.060848
v -1.661359 -0.000000 2.060475
v -1.659151 -0.263643 2.060848
v -1.653640 -0.520352 2.061885
v -1.646493 -0.763193 2.063468
v -1.541765 0.770353 2.061579
v -1.556190 0.525527 2.058500
v -1.567059 0.266336 2.056507
v -1.571327 -0.000000 2.055798
v -1.567059 -0.266336 2.056507
v -1.556191 -0.525527 2.058500
v -1.541765 -0.770353 2.061578
v -1.427295 0.780290 2.047815
v -1.455157 0.531532 2.042573
v -1.474593 0.269047 2.039341
v -1.481686 -0.000000 2.038234
v -1.474593 -0.269047 2.039341
v -1.455157 -0.531532 2.042572
v -1.427295 -0.780291 2.047814
v -1.305723 0.791258 2.020979
v -1.355944 0.536185 2.013167
v -1.387317 0.270534 2.008662
v -1.397803 -0.000000 2.007195
v -1.387317 -0.270535 2.008662
v -1.355944 -0.536186 2.013167
v -1.305723 -0.791258 2.020978
v 1.914211 0.762484 -1.111603
v 1.837416 0.730309 -1.061161
v 1.751522 0.710311 -1.033569
v 1.658225 0.705501 -1.026744
v 1.558305 0.716615 -1.039987
v 1.450637 0.743320 -1.074769
v 1.334804 0.781804 -1.133512
v 1.908286 0.520913 -1.201604
v 1.834775 0.504205 -1.155869
v 1.751624 0.492309 -1.129831
v 1.661281 0.489260 -1.122933
v 1.566015 0.496902 -1.134932
v 1.468404 0.512808 -1.165981
v 1.372203 0.531698 -1.216245
v 1.904282 0.263878 -1.251935
v 1.832691 0.257091 -1.210034
v 1.751796 0.251758 -1.185626
v 1.664337 0.250308 -1.178782
v 1.573308 0.254160 -1.189499
v 1.482836 0.261275 -1.217357
v 1.397470 0.268524 -1.261820
v 1.902905 0.000000 -1.267892
v 1.831895 0.000000 -1.227377
v 1.751892 0.000000 -1.203641
v 1.665726 0.000000 -1.196834
v 1.576509 0.000000 -1.206981
v 1.488486 0.000000 -1.233631
v 1.406186 0.000000 -1.276207
v 1.904282 -0.263878 -1.251935
v 1.832691 -0.257091 -1.210034
v 1.751796 -0.251758 -1.185626
v 1.664337 -0.250308 -1.178782
v 1.573308 -0.254160 -1.189499
v 1.482836 -0.261275 -1.217357
v 1.397470 -0.268524 -1.261820
v 1.908286 -0.520914 -1.201605
v 1.834775 -0.504205 -1.155870
v 1.751624 -0.492309 -1.129831
v 1.661281 -0.489260 -1.122933
v 1.566015 -0.496902 -1.134933
v 1.468403 -0.512808 -1.165981
v 1.372203 -0.531698 -1.216246
v 1.914210 -0.762484 -1.111603
v 1.837415 -0.730310 -1.061161
v 1.751522 -0.710311 -1.033569
v 1.658225 -0.705501 -1.026745
v 1.558305 -0.716615 -1.039987
v 1.450637 -0.743320 -1.074769
v 1.334804 -0.781804 -1.133511
v 1.111603 0.762485 -1.914211
v 1.201605 0.520914 -1.908286
v 1.251935 0.263879 -1.904283
v 1.267892 0.000000 -1.902905
v 1.251935 -0.263878 -1.904283
v 1.201604 -0.520913 -1.908286
v 1.111603 -0.762484 -1.914211
v 1.061161 0.730310 -1.837416
v 1.155869 0.504206 -1.834775
v 1.210035 0.257091 -1.832691
v 1.227377 0.000000 -1.831896
v 1.210035 -0.257091 -1.832691
v 1.155869 -0.504205 -1.834775
v 1.061161 -0.730310 -1.837416
v 1.033569 0.710312 -1.751522
v 1.129831 0.492309 -1.751624
v 1.185626 0.251759 -1.751796
v 1.203641 0.000000 -1.751893
v 1.185626 -0.251758 -1.751796
v 1.129831 -0.492309 -1.751625
v 1.033569 -0.710311 -1.751523
v 1.026745 0.705501 -1.658225
v 1.122933 0.489260 -1.661281
v 1.178782 0.250308 -1.664337
v 1.196834 0.000000 -1.665726
v 1.178782 -0.250307 -1.664337
v 1.122933 -0.489260 -1.661281
v 1.026745 -0.705501 -1.658226
v 1.039987 0.716615 -1.558305
v 1.134933 0.496902 -1.566015
v 1.189499 0.254161 -1.573308
v 1.206982 0.000000 -1.576509
v 1.189499 -0.254160 -1.573308
v 1.134933 -0.496902 -1.566015
v 1.039987 -0.716615 -1.558305
v 1.074769 0.743321 -1.450637
v 1.165981 0.512808 -1.468404
v 1.217357 0.261276 -1.482836
v 1.233631 0.000000 -1.488486
v 1.217357 -0.261275 -1.482836
v 1.165981 -0.512808 -1.468404
v 1.074769 -0.743320 -1.450637
v 1.133512 0.781804 -1.334804
v 1.216245 0.531698 -1.372203
v 1.261820 0.268524 -1.397471
v 1.276207 0.000000 -1.406186
v 1.261820 -0.268524 -1.397471
v 1.216245 -0.531698 -1.372203
v 1.133511 -0.781804 -1.334804
v -1.914210 -0.762484 -1.111603
v -1.837416 -0.730309 -1.061161
v -1.751522 -0.710311 -1.033569
v -1.658225 -0.705501 -1.026745
v -1.558305 -0.716614 -1.039987
v -1.450637 -0.743320 -1.074769
v -1.334804 -0.781804 -1.133512
v -1.908286 -0.520913 -1.201605
v -1.834775 -0.504205 -1.155869
v -1.751624 -0.492308 -1.129831
v -1.661281 -0.489259 -1.122933
v -1.566015 -0.496902 -1.134933
v -1.468403 -0.512808 -1.165981
v -1.372203 -0.531698 -1.216245
v -1.904282 -0.263878 -1.251935
v -1.832691 -0.257090 -1.210034
v -1.751796 -0.251758 -1.185626
v -1.664337 -0.250307 -1.178782
v -1.573308 -0.254160 -1.189499
v -1.482835 -0.261275 -1.217357
v -1.397470 -0.268523 -1.261820
v -1.902905 0.000001 -1.267892
v -1.831895 0.000001 -1.227377
v -1.751892 0.000001 -1.203641
v -1.665726 0.000000 -1.196834
v -1.576509 0.000000 -1.206981
v -1.488486 0.000000 -1.233631
v -1.406186 0.000000 -1.276207
v -1.904282 0.263879 -1.251935
v -1.832691 0.257092 -1.210034
v -1.751795 0.251759 -1.185626
v -1.664337 0.250308 -1.178782
v -1.573307 0.254161 -1.189499
v -1.482835 0.261276 -1.217357
v -1.397470 0.268524 -1.261820
v -1.908285 0.520914 -1.201604
v -1.834774 0.504206 -1.155869
v -1.751624 0.492309 -1.129831
v -1.661281 0.489260 -1.122933
v -1.566014 0.496902 -1.134933
v -1.468403 0.512809 -1.165981
v -1.372203 0.531699 -1.216245
v -1.914210 0.762485 -1.111603
v -1.837415 0.730310 -1.061161
v -1.751522 0.710312 -1.033569
v -1.658225 0.705501 -1.026744
v -1.558305 0.716615 -1.039987
v -1.450637 0.743321 -1.074769
v -1.334803 0.781804 -1.133511
v -1.111603 -0.762484 -1.914211
v -1.201604 -0.520913 -1.908287
v -1.251934 -0.263878 -1.904283
v -1.267892 0.000000 -1.902905
v -1.251934 0.263879 -1.904283
v -1.201604 0.520914 -1.908286
v -1.111603 0.762485 -1.914211
v -1.061161 -0.730309 -1.837416
v -1.155869 -0.504205 -1.834775
v -1.210034 -0.257091 -1.832691
v -1.227376 0.000000 -1.831896
v -1.210034 0.257091 -1.832691
v -1.155869 0.504206 -1.834775
v -1.061160 0.730310 -1.837416
v -1.033569 -0.710311 -1.751523
v -1.129831 -0.492309 -1.751625
v -1.185625 -0.251758 -1.751796
v -1.203641 0.000000 -1.751893
v -1.185625 0.251759 -1.751796
v -1.129830 0.492309 -1.751624
v -1.033569 0.710312 -1.751523
v -1.026744 -0.705501 -1.658226
v -1.122932 -0.489260 -1.661281
v -1.178782 -0.250307 -1.664337
v -1.196833 0.000000 -1.665726
v -1.178782 0.250308 -1.664337
v -1.122932 0.489260 -1.661281
v -1.026744 0.705501 -1.658225
v -1.039987 -0.716615 -1.558305
v -1.134932 -0.496902 -1.566015
v -1.189499 -0.254160 -1.573308
v -1.206981 0.000000 -1.576509
v -1.189499 0.254161 -1.573308
v -1.134932 0.496902 -1.566015
v -1.039986 0.716615 -1.558305
v -1.074769 -0.743320 -1.450638
v -1.165981 -0.512808 -1.468404
v -1.217357 -0.261275 -1.482836
v -1.233630 0.000000 -1.488486
v -1.217356 0.261276 -1.482836
v -1.165980 0.512809 -1.468404
v -1.074769 0.743321 -1.450637
v -1.133511 -0.781804 -1.334804
v -1.216245 -0.531698 -1.372204
v -1.261819 -0.268523 -1.397471
v -1.276206 0.000000 -1.406186
v -1.261819 0.268524 -1.397471
v -1.216244 0.531699 -1.372203
v -1.133510 0.781805 -1.334804
v 1.111603 0.762483 1.914211
v 1.061161 0.730309 1.837416
v 1.033569 0.710310 1.751523
v 1.026744 0.705500 1.658225
v 1.039987 0.716614 1.558306
v 1.074769 0.743319 1.450638
v 1.133511 0.781803 1.334805
v 1.201604 0.520912 1.908286
v 1.155869 0.504204 1.834775
v 1.129831 0.492308 1.751625
v 1.122932 0.489259 1.661281
v 1.134932 0.496901 1.566015
v 1.165981 0.512807 1.468404
v 1.216245 0.531697 1.372204
v 1.251934 0.263877 1.904283
v 1.210034 0.257090 1.832691
v 1.185625 0.251757 1.751796
v 1.178782 0.250307 1.664337
v 1.189499 0.254159 1.573308
v 1.217357 0.261274 1.482836
v 1.261819 0.268523 1.397471
v 1.267892 -0.000001 1.902905
v 1.227376 -0.000001 1.831896
v 1.203641 -0.000001 1.751893
v 1.196833 -0.000001 1.665726
v 1.206981 -0.000001 1.576509
v 1.233630 -0.000001 1.488486
v 1.276207 -0.000001 1.406186
v 1.251934 -0.263879 1.904283
v 1.210034 -0.257092 1.832691
v 1.185625 -0.251759 1.751796
v 1.178781 -0.250309 1.664337
v 1.189499 -0.254161 1.573308
v 1.217357 -0.261276 1.482836
v 1.261819 -0.268525 1.397470
v 1.201604 -0.520915 1.908286
v 1.155869 -0.504206 1.834775
v 1.129830 -0.492310 1.751624
v 1.122932 -0.489261 1.661281
v 1.134932 -0.496903 1.566015
v 1.165980 -0.512809 1.468404
v 1.216245 -0.531699 1.372203
v 1.111603 -0.762486 1.914211
v 1.061160 -0.730311 1.837416
v 1.033568 -0.710312 1.751523
v 1.026744 -0.705502 1.658225
v 1.039987 -0.716616 1.558305
v 1.074769 -0.743321 1.450637
v 1.133511 -0.781805 1.334804
v 1.914211 0.762483 1.111603
v 1.908286 0.520912 1.201605
v 1.904282 0.263877 1.251935
v 1.902905 -0.000001 1.267892
v 1.904282 -0.263879 1.251935
v 1.908285 -0.520914 1.201604
v 1.914210 -0.762486 1.111603
v 1.837416 0.730309 1.061161
v 1.834775 0.504204 1.155870
v 1.832691 0.257090 1.210035
v 1.831895 -0.000001 1.227377
v 1.832690 -0.257092 1.210035
v 1.834774 -0.504206 1.155869
v 1.837415 -0.730311 1.061161
v 1.751522 0.710310 1.033569
v 1.751624 0.492308 1.129831
v 1.751796 0.251757 1.185626
v 1.751892 -0.000001 1.203641
v 1.751795 -0.251759 1.185626
v 1.751624 -0.492310 1.129831
v 1.751522 -0.710312 1.033569
v 1.658225 0.705500 1.026745
v 1.661281 0.489259 1.122933
v 1.664337 0.250307 1.178782
v 1.665726 -0.000001 1.196834
v 1.664337 -0.250309 1.178782
v 1.661281 -0.489261 1.122933
v 1.658225 -0.705502 1.026744
v 1.558305 0.716614 1.039987
v 1.566015 0.496901 1.134933
v 1.573307 0.254159 1.189499
v 1.576509 -0.000001 1.206981
v 1.573307 -0.254161 1.189499
v 1.566014 -0.496903 1.134933
v 1.558304 -0.716616 1.039987
v 1.450637 0.743319 1.074769
v 1.468404 0.512807 1.165981
v 1.482835 0.261274 1.217357
v 1.488486 -0.000001 1.233631
v 1.482835 -0.261276 1.217357
v 1.468403 -0.512809 1.165981
v 1.450637 -0.743321 1.074769
v 1.334804 0.781803 1.133512
v 1.372203 0.531697 1.216245
v 1.397470 0.268523 1.261820
v 1.406186 -0.000001 1.276207
v 1.397470 -0.268524 1.261820
v 1.372203 -0.531699 1.216245
v 1.334804 -0.781805 1.133511
v -1.111603 0.762484 1.914211
v -1.201605 0.520913 1.908287
v -1.251935 0.263878 1.904283
v -1.267892 -0.000000 1.902905
v -1.251935 -0.263879 1.904283
v -1.201605 -0.520914 1.908286
v -1.111603 -0.762485 1.914211
v -1.061161 0.730309 1.837416
v -1.155869 0.504205 1.834775
v -1.210035 0.257091 1.832691
v -1.227377 -0.000000 1.831896
v -1.210035 -0.257091 1.832691
v -1.155869 -0.504206 1.834775
v -1.061161 -0.730310 1.837416
v -1.033569 0.710311 1.751523
v -1.129831 0.492309 1.751625
v -1.185626 0.251758 1.751796
v -1.203641 -0.000000 1.751893
v -1.185626 -0.251759 1.751796
v -1.129831 -0.492309 1.751624
v -1.033569 -0.710312 1.751523
v -1.026745 0.705501 1.658226
v -1.122933 0.489260 1.661281
v -1.178782 0.250307 1.664337
v -1.196834 -0.000000 1.665726
v -1.178782 -0.250308 1.664337
v -1.122933 -0.489260 1.661281
v -1.026745 -0.705501 1.658225
v -1.039987 0.716615 1.558305
v -1.134933 0.496902 1.566015
v -1.189499 0.254160 1.573308
v -1.206982 -0.000000 1.576509
v -1.189499 -0.254161 1.573308
v -1.134933 -0.496902 1.566015
v -1.039987 -0.716615 1.558305
v -1.074769 0.743320 1.450638
v -1.165981 0.512808 1.468404
v -1.217357 0.261275 1.482836
v -1.233631 -0.000000 1.488486
v -1.217357 -0.261276 1.482836
v -1.165981 -0.512808 1.468404
v -1.074770 -0.743321 1.450637
v -1.133511 0.781804 1.334804
v -1.216245 0.531698 1.372204
v -1.261820 0.268523 1.397471
v -1.276207 -0.000000 1.406186
v -1.261820 -0.268524 1.397471
v -1.216245 -0.531699 1.372203
v -1.133511 -0.781804 1.334804
v -1.914210 0.762485 1.111603
v -1.837416 0.730310 1.061161
v -1.751522 0.710311 1.033569
v -1.658225 0.705501 1.026745
v -1.558305 0.716615 1.039987
v -1.450637 0.743320 1.074769
v -1.334804 0.781804 1.133512
v -1.908286 0.520914 1.201605
v -1.834775 0.504205 1.155869
v -1.751624 0.492309 1.129831
v -1.661281 0.489260 1.122933
v -1.566015 0.496902 1.134933
v -1.468404 0.512808 1.165981
v -1.372203 0.531698 1.216245
v -1.904282 0.263878 1.251935
v -1.832691 0.257091 1.210034
v -1.751796 0.251758 1.185626
v -1.664337 0.250308 1.178782
v -1.573308 0.254160 1.189499
v -1.482836 0.261275 1.217357
v -1.397470 0.268524 1.261820
v -1.902905 -0.000000 1.267892
v -1.831895 -0.000000 1.227377
v -1.751892 -0.000000 1.203641
v -1.665726 -0.000000 1.196834
v -1.576509 -0.000000 1.206981
v -1.488486 -0.000000 1.233631
v -1.406186 -0.000000 1.276207
v -1.904282 -0.263878 1.251935
v -1.832691 -0.257091 1.210034
v -1.751796 -0.251758 1.185626
v -1.664337 -0.250308 1.178782
v -1.573308 -0.254160 1.189499
v -1.482836 -0.261276 1.217357
v -1.397470 -0.268524 1.261820
v -1.908286 -0.520913 1.201604
v -1.834775 -0.504205 1.155869
v -1.751624 -0.492309 1.129831
v -1.661281 -0.489260 1.122933
v -1.566015 -0.496902 1.134933
v -1.468404 -0.512808 1.165981
v -1.372203 -0.531698 1.216245
v -1.914211 -0.762484 1.111603
v -1.837416 -0.730309 1.061161
v -1.751523 -0.710311 1.033569
v -1.658225 -0.705501 1.026744
v -1.558305 -0.716615 1.039987
v -1.450637 -0.743320 1.074769
v -1.334804 -0.781804 1.133511
vn 0.5214 -0.0060 -0.8533
vn 0.5214 -0.0222 -0.8530
vn 0.3391 -0.0209 -0.9405
vn 0.3372 -0.0052 -0.9414
vn 0.5213 -0.0560 -0.8516
vn 0.3410 -0.0542 -0.9385
vn 0.5213 -0.0560 -0.8515
vn 0.5199 -0.1157 -0.8464
vn 0.3423 -0.1134 -0.9327
vn 0.5142 -0.2053 -0.8327
vn 0.3410 -0.2055 -0.9173
vn 0.5142 -0.2053 -0.8328
vn 0.4998 -0.3259 -0.8025
vn 0.3353 -0.3353 -0.8804
vn 0.4727 -0.4727 -0.7437
vn 0.3259 -0.4998 -0.8025
vn 0.1905 -0.0171 -0.9815
vn 0.1839 -0.0019 -0.9829
vn 0.1968 -0.0503 -0.9792
vn 0.3411 -0.0542 -0.9385
vn 0.2017 -0.1098 -0.9733
vn 0.2046 -0.2045 -0.9572
vn 0.2055 -0.3410 -0.9173
vn 0.2045 -0.2045 -0.9573
vn 0.2053 -0.5142 -0.8328
vn 0.0823 -0.0085 -0.9966
vn 0.0681 0.0065 -0.9977
vn 0.0947 -0.0425 -0.9946
vn 0.1040 -0.1039 -0.9891
vn 0.2046 -0.2046 -0.9572
vn 0.1098 -0.2017 -0.9733
vn 0.1039 -0.1039 -0.9891
vn 0.2045 -0.2046 -0.9572
vn 0.2055 -0.3411 -0.9173
vn 0.1134 -0.3423 -0.9327
vn 0.1157 -0.5199 -0.8464
vn 0.0824 -0.0085 -0.9966
vn 0.0094 0.0078 -0.9999
vn -0.0157 0.0237 -0.9996
vn 0.0292 -0.0292 -0.9991
vn 0.0425 -0.0947 -0.9946
vn 0.1039 -0.1040 -0.9891
vn 0.0503 -0.1968 -0.9792
vn 0.0542 -0.3410 -0.9385
vn 0.0560 -0.5213 -0.8515
vn -0.0351 0.0351 -0.9988
vn -0.0743 0.0555 -0.9957
vn -0.0078 -0.0094 -0.9999
vn 0.0085 -0.0824 -0.9966
vn 0.0171 -0.1905 -0.9815
vn 0.0085 -0.0823 -0.9966
vn 0.0209 -0.3391 -0.9405
vn 0.0222 -0.5214 -0.8530
vn -0.0555 0.0743 -0.9957
vn -0.1135 0.1135 -0.9870
vn -0.0237 0.0157 -0.9996
vn -0.0065 -0.0681 -0.9977
vn 0.0019 -0.1839 -0.9829
vn 0.0052 -0.3372 -0.9414
vn 0.0060 -0.5214 -0.8533
vn 0.7071 -0.0008 -0.7071
vn 0.7071 -0.0061 -0.7071
vn 0.5214 -0.0061 -0.8533
vn 0.5218 -0.0008 -0.8531
vn 0.7069 -0.0225 -0.7069
vn 0.7060 -0.0566 -0.7060
vn 0.7023 -0.1166 -0.7023
vn 0.5213 -0.0561 -0.8515
vn 0.6921 -0.2050 -0.6921
vn 0.6921 -0.2051 -0.6921
vn 0.6698 -0.3206 -0.6698
vn 0.6301 -0.4539 -0.6301
vn 0.5773 -0.5773 -0.5774
vn 0.4539 -0.6301 -0.6301
vn 0.3206 -0.6698 -0.6698
vn 0.2050 -0.6921 -0.6921
vn 0.1166 -0.7023 -0.7023
vn 0.1157 -0.5198 -0.8464
vn 0.0566 -0.7060 -0.7060
vn 0.0560 -0.5213 -0.8516
vn 0.0225 -0.7069 -0.7069
vn 0.0061 -0.7071 -0.7071
vn 0.0061 -0.5214 -0.8533
vn 0.0008 -0.7071 -0.7071
vn 0.0008 -0.5218 -0.8531
vn 0.0004 -0.3363 -0.9417
vn 0.0005 -0.3363 -0.9418
vn -0.0022 -0.1782 -0.9840
vn -0.0096 -0.0539 -0.9985
vn -0.0257 0.0430 -0.9987
vn -0.0572 0.1210 -0.9910
vn -0.0573 0.1210 -0.9910
vn -0.1215 0.1912 -0.9740
vn -0.1912 0.1215 -0.9740
vn -0.2772 0.2773 -0.9199
vn -0.1210 0.0573 -0.9910
vn -0.0430 0.0257 -0.9987
vn -0.1210 0.0572 -0.9910
vn 0.0539 0.0096 -0.9985
vn 0.1782 0.0022 -0.9840
vn 0.3363 -0.0005 -0.9418
vn 0.3363 -0.0004 -0.9417
vn 0.4727 0.4727 -0.7437
vn 0.4998 0.3259 -0.8025
vn 0.3353 0.3353 -0.8804
vn 0.3259 0.4998 -0.8025
vn 0.5142 0.2053 -0.8327
vn 0.3410 0.2055 -0.9173
vn 0.5142 0.2053 -0.8328
vn 0.5199 0.1157 -0.8464
vn 0.3423 0.1134 -0.9327
vn 0.5213 0.0560 -0.8515
vn 0.3410 0.0542 -0.9385
vn 0.5214 0.0222 -0.8530
vn 0.3391 0.0209 -0.9405
vn 0.5214 0.0060 -0.8533
vn 0.3372 0.0052 -0.9414
vn 0.2055 0.3410 -0.9173
vn 0.2053 0.5142 -0.8328
vn 0.2046 0.2046 -0.9572
vn 0.2017 0.1098 -0.9733
vn 0.2046 0.2045 -0.9572
vn 0.3411 0.0542 -0.9385
vn 0.1968 0.0503 -0.9792
vn 0.1905 0.0171 -0.9815
vn 0.1839 0.0019 -0.9829
vn 0.1134 0.3423 -0.9327
vn 0.1157 0.5199 -0.8464
vn 0.2045 0.2046 -0.9572
vn 0.1098 0.2017 -0.9733
vn 0.2045 0.2045 -0.9573
vn 0.1039 0.1039 -0.9891
vn 0.0947 0.0425 -0.9946
vn 0.1040 0.1039 -0.9891
vn 0.0823 0.0085 -0.9966
vn 0.0681 -0.0065 -0.9977
vn 0.0542 0.3410 -0.9385
vn 0.0560 0.5213 -0.8515
vn 0.0503 0.1968 -0.9792
vn 0.0542 0.3411 -0.9385
vn 0.1039 0.1040 -0.9891
vn 0.0425 0.0947 -0.9946
vn 0.0292 0.0292 -0.9991
vn 0.0824 0.0085 -0.9966
vn 0.0094 -0.0078 -0.9999
vn -0.0157 -0.0237 -0.9996
vn 0.0209 0.3391 -0.9405
vn 0.0222 0.5214 -0.8530
vn 0.0171 0.1905 -0.9815
vn 0.0085 0.0823 -0.9966
vn -0.0078 0.0094 -0.9999
vn 0.0085 0.0824 -0.9966
vn -0.0351 -0.0351 -0.9988
vn -0.0743 -0.0555 -0.9957
vn 0.0052 0.3372 -0.9414
vn 0.0060 0.5214 -0.8533
vn 0.0019 0.1839 -0.9829
vn -0.0065 0.0681 -0.9977
vn -0.0237 -0.0157 -0.9996
vn -0.0555 -0.0743 -0.9957
vn -0.1135 -0.1135 -0.9870
vn 0.5773 0.5773 -0.5774
vn 0.6301 0.4539 -0.6301
vn 0.4539 0.6301 -0.6301
vn 0.6698 0.3206 -0.6698
vn 0.6921 0.2051 -0.6921
vn 0.6921 0.2050 -0.6921
vn 0.7023 0.1166 -0.7023
vn 0.7060 0.0566 -0.7060
vn 0.5213 0.0561 -0.8515
vn 0.7069 0.0225 -0.7069
vn 0.7071 0.0061 -0.7071
vn 0.5214 0.0061 -0.8533
vn 0.7071 0.0008 -0.7071
vn 0.5218 0.0008 -0.8531
vn 0.3363 0.0005 -0.9418
vn 0.1782 -0.0022 -0.9840
vn 0.0539 -0.0096 -0.9985
vn -0.0430 -0.0257 -0.9987
vn -0.0430 -0.0256 -0.9987
vn -0.1210 -0.0572 -0.9910
vn -0.1210 -0.0573 -0.9910
vn -0.1912 -0.1215 -0.9740
vn -0.2772 -0.2773 -0.9199
vn -0.1215 -0.1912 -0.9740
vn -0.0573 -0.1210 -0.9910
vn -0.0572 -0.1210 -0.9910
vn -0.0256 -0.0430 -0.9987
vn -0.0257 -0.0430 -0.9987
vn -0.0096 0.0539 -0.9985
vn -0.0022 0.1782 -0.9840
vn 0.0005 0.3363 -0.9418
vn 0.0005 0.3363 -0.9417
vn 0.0008 0.5218 -0.8531
vn 0.0061 0.7071 -0.7071
vn 0.0061 0.5214 -0.8533
vn 0.0008 0.7071 -0.7071
vn 0.0225 0.7069 -0.7069
vn 0.0566 0.7060 -0.7060
vn 0.1166 0.7023 -0.7023
vn 0.2050 0.6921 -0.6921
vn 0.3206 0.6698 -0.6698
vn 0.2051 0.6921 -0.6921
vn 0.1135 0.1135 -0.9870
vn 0.0555 0.0743 -0.9957
vn 0.0351 0.0351 -0.9988
vn 0.0743 0.0555 -0.9957
vn 0.0237 0.0157 -0.9996
vn 0.0078 -0.0094 -0.9999
vn 0.0065 -0.0681 -0.9977
vn -0.0085 -0.0824 -0.9966
vn -0.0019 -0.1839 -0.9829
vn -0.0171 -0.1905 -0.9815
vn -0.0085 -0.0823 -0.9966
vn -0.0052 -0.3372 -0.9414
vn -0.0209 -0.3391 -0.9405
vn -0.0060 -0.5214 -0.8533
vn -0.0222 -0.5214 -0.8530
vn -0.0094 0.0078 -0.9999
vn 0.0157 0.0237 -0.9996
vn -0.0292 -0.0292 -0.9991
vn -0.0425 -0.0947 -0.9946
vn -0.0503 -0.1968 -0.9792
vn -0.0542 -0.3410 -0.9385
vn -0.0560 -0.5213 -0.8516
vn -0.0824 -0.0085 -0.9966
vn -0.0681 0.0065 -0.9977
vn -0.0947 -0.0425 -0.9946
vn -0.1039 -0.1039 -0.9891
vn -0.1098 -0.2017 -0.9733
vn -0.1134 -0.3423 -0.9327
vn -0.0560 -0.5213 -0.8515
vn -0.1157 -0.5199 -0.8464
vn -0.0823 -0.0085 -0.9966
vn -0.1905 -0.0171 -0.9815
vn -0.1839 -0.0019 -0.9829
vn -0.1968 -0.0503 -0.9792
vn -0.2017 -0.1098 -0.9733
vn -0.2046 -0.2046 -0.9572
vn -0.2055 -0.3410 -0.9173
vn -0.2045 -0.2046 -0.9572
vn -0.2053 -0.5142 -0.8328
vn -0.3391 -0.0209 -0.9405
vn -0.3372 -0.0052 -0.9414
vn -0.3410 -0.0542 -0.9385
vn -0.3423 -0.1134 -0.9327
vn -0.2045 -0.2045 -0.9572
vn -0.3410 -0.2055 -0.9173
vn -0.2045 -0.2045 -0.9573
vn -0.3353 -0.3353 -0.8804
vn -0.3259 -0.4998 -0.8025
vn -0.5214 -0.0222 -0.8530
vn -0.5214 -0.0060 -0.8533
vn -0.5213 -0.0560 -0.8516
vn -0.5199 -0.1157 -0.8464
vn -0.5213 -0.0560 -0.8515
vn -0.5142 -0.2053 -0.8328
vn -0.4998 -0.3259 -0.8025
vn -0.4727 -0.4727 -0.7437
vn 0.2773 0.2772 -0.9199
vn 0.1215 0.1912 -0.9740
vn 0.1912 0.1215 -0.9740
vn 0.0573 0.1210 -0.9910
vn 0.0572 0.1210 -0.9910
vn 0.0257 0.0430 -0.9987
vn 0.0096 -0.0539 -0.9985
vn 0.0022 -0.1782 -0.9840
vn -0.0005 -0.3363 -0.9418
vn -0.0004 -0.3363 -0.9417
vn -0.0008 -0.5218 -0.8531
vn -0.0008 -0.7071 -0.7071
vn -0.0061 -0.7071 -0.7071
vn -0.0061 -0.5214 -0.8533
vn -0.0225 -0.7069 -0.7069
vn -0.0566 -0.7060 -0.7060
vn -0.0561 -0.5213 -0.8515
vn -0.1166 -0.7023 -0.7023
vn -0.1157 -0.5198 -0.8464
vn -0.2050 -0.6921 -0.6921
vn -0.2051 -0.6921 -0.6921
vn -0.3206 -0.6698 -0.6698
vn -0.4539 -0.6301 -0.6301
vn -0.5774 -0.5774 -0.5773
vn -0.6301 -0.4539 -0.6301
vn -0.6698 -0.3206 -0.6698
vn -0.6921 -0.2050 -0.6921
vn -0.7023 -0.1166 -0.7023
vn -0.7060 -0.0566 -0.7060
vn -0.7069 -0.0225 -0.7069
vn -0.7071 -0.0061 -0.7071
vn -0.5218 -0.0008 -0.8531
vn -0.5214 -0.0061 -0.8533
vn -0.7071 -0.0008 -0.7071
vn -0.3363 -0.0004 -0.9417
vn -0.1782 0.0022 -0.9840
vn -0.3363 -0.0005 -0.9418
vn -0.0539 0.0096 -0.9985
vn 0.0430 0.0257 -0.9987
vn 0.1210 0.0572 -0.9910
vn 0.1210 0.0573 -0.9910
vn -0.0061 0.5214 -0.8533
vn -0.0052 0.3372 -0.9414
vn -0.0209 0.3391 -0.9405
vn -0.0222 0.5214 -0.8530
vn -0.0019 0.1839 -0.9829
vn -0.0171 0.1905 -0.9815
vn 0.0065 0.0681 -0.9977
vn -0.0085 0.0823 -0.9966
vn 0.0237 -0.0157 -0.9996
vn 0.0078 0.0094 -0.9999
vn -0.0085 0.0824 -0.9966
vn 0.0555 -0.0743 -0.9957
vn 0.0351 -0.0351 -0.9988
vn 0.1135 -0.1135 -0.9870
vn 0.0743 -0.0555 -0.9957
vn -0.0542 0.3410 -0.9385
vn -0.0560 0.5213 -0.8515
vn -0.0503 0.1968 -0.9792
vn -0.0425 0.0947 -0.9946
vn -0.0292 0.0292 -0.9991
vn -0.0094 -0.0078 -0.9999
vn 0.0157 -0.0237 -0.9996
vn -0.1134 0.3423 -0.9327
vn -0.1157 0.5199 -0.8464
vn -0.0542 0.3411 -0.9385
vn -0.1098 0.2017 -0.9733
vn -0.1039 0.1039 -0.9891
vn -0.0947 0.0425 -0.9946
vn -0.0824 0.0085 -0.9966
vn -0.0681 -0.0065 -0.9977
vn -0.2055 0.3410 -0.9173
vn -0.2053 0.5142 -0.8327
vn -0.2045 0.2046 -0.9572
vn -0.2017 0.1098 -0.9733
vn -0.2045 0.2045 -0.9573
vn -0.1968 0.0503 -0.9792
vn -0.0823 0.0085 -0.9966
vn -0.1905 0.0171 -0.9815
vn -0.1839 0.0019 -0.9829
vn -0.3353 0.3353 -0.8804
vn -0.3259 0.4998 -0.8025
vn -0.3410 0.2055 -0.9173
vn -0.2046 0.2045 -0.9572
vn -0.3423 0.1134 -0.9327
vn -0.3411 0.0542 -0.9385
vn -0.3391 0.0209 -0.9405
vn -0.3410 0.0542 -0.9385
vn -0.1906 0.0171 -0.9815
vn -0.3372 0.0052 -0.9414
vn -0.3390 0.0209 -0.9405
vn -0.4998 0.3259 -0.8025
vn -0.4727 0.4727 -0.7437
vn -0.5142 0.2053 -0.8327
vn -0.5199 0.1157 -0.8464
vn -0.5213 0.0560 -0.8515
vn -0.5214 0.0222 -0.8530
vn -0.5213 0.0560 -0.8516
vn -0.5214 0.0060 -0.8533
vn -0.0008 0.7071 -0.7071
vn -0.0008 0.5218 -0.8531
vn -0.0061 0.7071 -0.7071
vn -0.0004 0.3363 -0.9417
vn -0.0005 0.3363 -0.9418
vn 0.0022 0.1782 -0.9840
vn 0.0096 0.0539 -0.9985
vn 0.0257 -0.0430 -0.9987
vn 0.0256 -0.0430 -0.9987
vn 0.0572 -0.1210 -0.9910
vn 0.0573 -0.1210 -0.9910
vn 0.1215 -0.1912 -0.9740
vn 0.2772 -0.2773 -0.9199
vn 0.1912 -0.1215 -0.9740
vn 0.1210 -0.0573 -0.9910
vn 0.1210 -0.0572 -0.9910
vn 0.0430 -0.0256 -0.9987
vn 0.0430 -0.0257 -0.9987
vn -0.0539 -0.0096 -0.9985
vn -0.1782 -0.0022 -0.9840
vn -0.3363 0.0005 -0.9418
vn -0.5218 0.0008 -0.8531
vn -0.5214 0.0061 -0.8533
vn -0.7071 0.0008 -0.7071
vn -0.7071 0.0061 -0.7071
vn -0.7069 0.0225 -0.7069
vn -0.7060 0.0566 -0.7060
vn -0.5198 0.1157 -0.8464
vn -0.7023 0.1166 -0.7023
vn -0.5142 0.2053 -0.8328
vn -0.6921 0.2050 -0.6921
vn -0.6698 0.3206 -0.6698
vn -0.6301 0.4539 -0.6301
vn -0.4539 0.6301 -0.6301
vn -0.5774 0.5774 -0.5773
vn -0.3206 0.6698 -0.6698
vn -0.2050 0.6921 -0.6921
vn -0.1166 0.7023 -0.7023
vn -0.2053 0.5142 -0.8328
vn -0.0566 0.7060 -0.7060
vn -0.0225 0.7069 -0.7069
vn -0.0060 0.5214 0.8533
vn -0.0222 0.5214 0.8530
vn -0.0209 0.3391 0.9405
vn -0.0052 0.3372 0.9414
vn -0.0560 0.5213 0.8516
vn -0.0542 0.3410 0.9385
vn -0.0560 0.5213 0.8515
vn -0.1157 0.5199 0.8464
vn -0.1134 0.3423 0.9327
vn -0.0542 0.3411 0.9385
vn -0.2053 0.5142 0.8327
vn -0.2055 0.3410 0.9173
vn -0.2053 0.5142 0.8328
vn -0.3259 0.4998 0.8025
vn -0.3353 0.3353 0.8804
vn -0.4727 0.4727 0.7437
vn -0.4998 0.3259 0.8025
vn -0.0171 0.1905 0.9815
vn -0.0019 0.1839 0.9829
vn -0.0503 0.1968 0.9792
vn -0.1098 0.2017 0.9733
vn -0.2045 0.2046 0.9572
vn -0.3410 0.2055 0.9173
vn -0.2045 0.2045 0.9573
vn -0.5142 0.2053 0.8328
vn -0.0085 0.0823 0.9966
vn 0.0065 0.0681 0.9977
vn -0.0425 0.0947 0.9946
vn -0.1039 0.1040 0.9891
vn -0.2046 0.2046 0.9572
vn -0.2017 0.1098 0.9733
vn -0.1039 0.1039 0.9891
vn -0.2045 0.2045 0.9572
vn -0.3423 0.1134 0.9327
vn -0.5142 0.2053 0.8327
vn -0.5199 0.1157 0.8464
vn -0.0085 0.0824 0.9966
vn 0.0078 0.0094 0.9999
vn 0.0237 -0.0157 0.9996
vn -0.0292 0.0292 0.9991
vn -0.0947 0.0425 0.9946
vn -0.1968 0.0503 0.9792
vn -0.3410 0.0542 0.9385
vn -0.5213 0.0560 0.8515
vn 0.0351 -0.0351 0.9988
vn 0.0555 -0.0743 0.9957
vn -0.0094 -0.0078 0.9999
vn -0.0824 0.0085 0.9966
vn -0.1905 0.0171 0.9815
vn -0.0823 0.0085 0.9966
vn -0.3391 0.0209 0.9405
vn -0.5214 0.0222 0.8530
vn 0.0743 -0.0555 0.9957
vn 0.1135 -0.1135 0.9870
vn 0.0157 -0.0237 0.9996
vn -0.0681 -0.0065 0.9977
vn -0.1839 0.0019 0.9829
vn -0.3372 0.0052 0.9414
vn -0.5214 0.0060 0.8533
vn -0.0008 0.7071 0.7071
vn -0.0061 0.7071 0.7071
vn -0.0061 0.5214 0.8533
vn -0.0008 0.5218 0.8531
vn -0.0225 0.7069 0.7069
vn -0.0566 0.7060 0.7060
vn -0.1166 0.7023 0.7023
vn -0.1157 0.5198 0.8464
vn -0.0561 0.5213 0.8515
vn -0.2051 0.6921 0.6921
vn -0.2050 0.6921 0.6921
vn -0.3206 0.6698 0.6698
vn -0.4539 0.6301 0.6301
vn -0.5773 0.5773 0.5774
vn -0.6301 0.4539 0.6301
vn -0.6698 0.3206 0.6698
vn -0.6921 0.2050 0.6921
vn -0.7023 0.1166 0.7023
vn -0.7060 0.0566 0.7060
vn -0.7069 0.0225 0.7069
vn -0.7071 0.0061 0.7071
vn -0.5214 0.0061 0.8533
vn -0.7071 0.0008 0.7071
vn -0.5218 0.0008 0.8531
vn -0.3363 0.0005 0.9417
vn -0.3363 0.0005 0.9418
vn -0.1782 -0.0022 0.9840
vn -0.0539 -0.0096 0.9985
vn 0.0430 -0.0257 0.9987
vn 0.1210 -0.0572 0.9910
vn 0.1210 -0.0573 0.9910
vn 0.1912 -0.1215 0.9740
vn 0.1215 -0.1912 0.9740
vn 0.2772 -0.2773 0.9199
vn 0.0573 -0.1210 0.9910
vn 0.0257 -0.0430 0.9987
vn 0.0572 -0.1210 0.9910
vn 0.0096 0.0539 0.9985
vn 0.0022 0.1782 0.9840
vn -0.0005 0.3363 0.9418
vn -0.0004 0.3363 0.9418
vn 0.4727 0.4727 0.7438
vn 0.3259 0.4998 0.8025
vn 0.3353 0.3353 0.8804
vn 0.4998 0.3259 0.8025
vn 0.2053 0.5142 0.8328
vn 0.2055 0.3410 0.9173
vn 0.2053 0.5142 0.8327
vn 0.1157 0.5199 0.8464
vn 0.1134 0.3423 0.9327
vn 0.0560 0.5213 0.8515
vn 0.0542 0.3410 0.9385
vn 0.0560 0.5213 0.8516
vn 0.0222 0.5214 0.8530
vn 0.0209 0.3391 0.9405
vn 0.0061 0.5214 0.8533
vn 0.0052 0.3372 0.9414
vn 0.3410 0.2055 0.9173
vn 0.5142 0.2053 0.8328
vn 0.2045 0.2045 0.9573
vn 0.1098 0.2017 0.9733
vn 0.2045 0.2046 0.9572
vn 0.0542 0.3411 0.9385
vn 0.0503 0.1968 0.9792
vn 0.0171 0.1905 0.9815
vn 0.0019 0.1839 0.9829
vn 0.3423 0.1134 0.9327
vn 0.5198 0.1157 0.8464
vn 0.2045 0.2045 0.9572
vn 0.2017 0.1098 0.9733
vn 0.2046 0.2046 0.9572
vn 0.1039 0.1039 0.9891
vn 0.0425 0.0947 0.9946
vn 0.1039 0.1040 0.9891
vn 0.0085 0.0823 0.9966
vn -0.0065 0.0681 0.9977
vn 0.3410 0.0542 0.9385
vn 0.5213 0.0560 0.8515
vn 0.1968 0.0503 0.9792
vn 0.0947 0.0425 0.9946
vn 0.0292 0.0292 0.9991
vn -0.0078 0.0094 0.9999
vn 0.0085 0.0824 0.9966
vn -0.0237 -0.0157 0.9996
vn 0.3391 0.0209 0.9405
vn 0.5214 0.0222 0.8530
vn 0.1905 0.0171 0.9815
vn 0.0823 0.0085 0.9966
vn 0.0094 -0.0078 0.9999
vn 0.0824 0.0085 0.9966
vn -0.0351 -0.0351 0.9988
vn -0.0555 -0.0743 0.9957
vn 0.3372 0.0052 0.9414
vn 0.5214 0.0060 0.8533
vn 0.1839 0.0019 0.9829
vn 0.0681 -0.0065 0.9977
vn -0.0157 -0.0237 0.9996
vn -0.0743 -0.0555 0.9957
vn -0.1135 -0.1135 0.9870
vn 0.5774 0.5774 0.5773
vn 0.4539 0.6301 0.6301
vn 0.4727 0.4727 0.7437
vn 0.6301 0.4539 0.6301
vn 0.3206 0.6698 0.6698
vn 0.2050 0.6921 0.6921
vn 0.1166 0.7023 0.7023
vn 0.0566 0.7060 0.7060
vn 0.0561 0.5213 0.8515
vn 0.1157 0.5198 0.8464
vn 0.0225 0.7069 0.7069
vn 0.0061 0.7071 0.7071
vn 0.0008 0.7071 0.7071
vn 0.0008 0.5218 0.8531
vn 0.0004 0.3363 0.9418
vn 0.0005 0.3363 0.9418
vn -0.0022 0.1782 0.9840
vn -0.0096 0.0539 0.9985
vn -0.0257 -0.0430 0.9987
vn -0.0572 -0.1210 0.9910
vn -0.0573 -0.1210 0.9910
vn -0.1215 -0.1912 0.9740
vn -0.2773 -0.2772 0.9199
vn -0.1912 -0.1215 0.9740
vn -0.1210 -0.0573 0.9910
vn -0.1210 -0.0572 0.9910
vn -0.0430 -0.0257 0.9987
vn 0.0539 -0.0096 0.9985
vn 0.1782 -0.0022 0.9840
vn 0.3363 0.0005 0.9418
vn 0.3363 0.0004 0.9417
vn 0.5218 0.0008 0.8531
vn 0.7071 0.0061 0.7071
vn 0.5214 0.0061 0.8533
vn 0.7071 0.0008 0.7071
vn 0.7069 0.0225 0.7069
vn 0.7060 0.0566 0.7060
vn 0.5213 0.0560 0.8516
vn 0.7023 0.1166 0.7023
vn 0.6921 0.2051 0.6921
vn 0.5199 0.1157 0.8464
vn 0.6698 0.3206 0.6698
vn 0.6921 0.2050 0.6921
vn 0.1135 0.1135 0.9870
vn 0.0743 0.0555 0.9957
vn 0.0351 0.0351 0.9988
vn 0.0555 0.0743 0.9957
vn 0.0157 0.0237 0.9996
vn -0.0094 0.0078 0.9999
vn -0.0681 0.0065 0.9977
vn -0.0824 -0.0085 0.9966
vn -0.1839 -0.0019 0.9829
vn -0.1905 -0.0171 0.9815
vn -0.0823 -0.0085 0.9966
vn -0.3372 -0.0052 0.9414
vn -0.3391 -0.0209 0.9405
vn -0.5214 -0.0060 0.8533
vn -0.5214 -0.0222 0.8530
vn 0.0078 -0.0094 0.9999
vn 0.0237 0.0157 0.9996
vn -0.0292 -0.0292 0.9991
vn -0.0947 -0.0425 0.9946
vn -0.1968 -0.0503 0.9792
vn -0.3410 -0.0542 0.9385
vn -0.5213 -0.0560 0.8516
vn -0.0085 -0.0824 0.9966
vn 0.0065 -0.0681 0.9977
vn 0.0077 -0.0094 0.9999
vn -0.0425 -0.0947 0.9946
vn -0.1039 -0.1039 0.9891
vn -0.2017 -0.1098 0.9733
vn -0.1040 -0.1039 0.9891
vn -0.3411 -0.0542 0.9385
vn -0.3423 -0.1134 0.9327
vn -0.5213 -0.0560 0.8515
vn -0.5199 -0.1157 0.8464
vn -0.0085 -0.0823 0.9966
vn -0.0171 -0.1905 0.9815
vn -0.0019 -0.1839 0.9829
vn -0.0503 -0.1968 0.9792
vn -0.1039 -0.1040 0.9891
vn -0.1098 -0.2017 0.9733
vn -0.2045 -0.2045 0.9573
vn -0.3410 -0.2055 0.9173
vn -0.2046 -0.2045 0.9572
vn -0.5142 -0.2053 0.8327
vn -0.0209 -0.3391 0.9405
vn -0.0052 -0.3372 0.9414
vn -0.0542 -0.3410 0.9385
vn -0.1134 -0.3423 0.9327
vn -0.0542 -0.3411 0.9385
vn -0.2045 -0.2046 0.9572
vn -0.2055 -0.3410 0.9173
vn -0.2046 -0.2046 0.9572
vn -0.3353 -0.3353 0.8804
vn -0.5142 -0.2053 0.8328
vn -0.4998 -0.3259 0.8025
vn -0.0222 -0.5214 0.8530
vn -0.0060 -0.5214 0.8533
vn -0.0560 -0.5213 0.8516
vn -0.1157 -0.5199 0.8464
vn -0.0560 -0.5213 0.8515
vn -0.2053 -0.5142 0.8327
vn -0.3259 -0.4998 0.8025
vn -0.2053 -0.5142 0.8328
vn -0.4727 -0.4727 0.7437
vn 0.2773 0.2772 0.9199
vn 0.1912 0.1215 0.9740
vn 0.1215 0.1912 0.9740
vn 0.1210 0.0573 0.9910
vn 0.1210 0.0572 0.9910
vn 0.0430 0.0256 0.9987
vn 0.0430 0.0257 0.9987
vn -0.0539 0.0096 0.9985
vn -0.1782 0.0022 0.9840
vn -0.3363 -0.0005 0.9418
vn -0.3363 -0.0004 0.9417
vn -0.5218 -0.0008 0.8531
vn -0.7071 -0.0008 0.7071
vn -0.7071 -0.0061 0.7071
vn -0.5214 -0.0061 0.8533
vn -0.7069 -0.0225 0.7069
vn -0.7060 -0.0566 0.7060
vn -0.7023 -0.1166 0.7023
vn -0.6921 -0.2050 0.6921
vn -0.6698 -0.3206 0.6698
vn -0.6301 -0.4539 0.6301
vn -0.5774 -0.5774 0.5773
vn -0.4539 -0.6301 0.6301
vn -0.3206 -0.6698 0.6698
vn -0.2051 -0.6921 0.6921
vn -0.1166 -0.7023 0.7023
vn -0.0561 -0.5213 0.8515
vn -0.0566 -0.7060 0.7060
vn -0.0225 -0.7069 0.7069
vn -0.0061 -0.5214 0.8533
vn -0.0061 -0.7071 0.7071
vn -0.0008 -0.5218 0.8531
vn -0.0008 -0.7071 0.7071
vn -0.0005 -0.3363 0.9417
vn 0.0022 -0.1782 0.9840
vn -0.0005 -0.3363 0.9418
vn 0.0096 -0.0539 0.9985
vn 0.0257 0.0430 0.9987
vn 0.0572 0.1210 0.9910
vn 0.0573 0.1210 0.9910
vn 0.5214 -0.0061 0.8533
vn 0.3372 -0.0052 0.9414
vn 0.3391 -0.0209 0.9405
vn 0.5214 -0.0222 0.8530
vn 0.1839 -0.0019 0.9829
vn 0.1905 -0.0171 0.9815
vn 0.0681 0.0065 0.9977
vn 0.0823 -0.0085 0.9966
vn -0.0157 0.0237 0.9996
vn 0.0094 0.0078 0.9999
vn 0.0824 -0.0085 0.9966
vn -0.0743 0.0555 0.9957
vn -0.0351 0.0351 0.9988
vn -0.1135 0.1135 0.9870
vn -0.0555 0.0743 0.9957
vn 0.3410 -0.0542 0.9385
vn 0.5213 -0.0560 0.8516
vn 0.1968 -0.0503 0.9792
vn 0.0947 -0.0425 0.9946
vn 0.0292 -0.0292 0.9991
vn -0.0078 -0.0094 0.9999
vn -0.0237 0.0157 0.9996
vn 0.5213 -0.0560 0.8515
vn 0.3411 -0.0542 0.9385
vn 0.3423 -0.1134 0.9327
vn 0.5199 -0.1157 0.8464
vn 0.2017 -0.1098 0.9733
vn 0.1039 -0.1039 0.9891
vn 0.0425 -0.0947 0.9946
vn 0.0085 -0.0824 0.9966
vn -0.0065 -0.0681 0.9977
vn 0.3410 -0.2055 0.9173
vn 0.5142 -0.2053 0.8327
vn 0.2046 -0.2045 0.9572
vn 0.1098 -0.2017 0.9733
vn 0.2045 -0.2045 0.9573
vn 0.0503 -0.1968 0.9792
vn 0.0085 -0.0823 0.9966
vn 0.0171 -0.1905 0.9815
vn 0.0019 -0.1839 0.9829
vn 0.5142 -0.2053 0.8328
vn 0.3353 -0.3353 0.8804
vn 0.4998 -0.3259 0.8025
vn 0.2055 -0.3410 0.9173
vn 0.2045 -0.2046 0.9572
vn 0.1134 -0.3423 0.9327
vn 0.0542 -0.3411 0.9385
vn 0.0209 -0.3391 0.9405
vn 0.0542 -0.3410 0.9385
vn 0.0052 -0.3372 0.9414
vn 0.3259 -0.4998 0.8025
vn 0.4727 -0.4727 0.7437
vn 0.2053 -0.5142 0.8327
vn 0.1157 -0.5199 0.8464
vn 0.0560 -0.5213 0.8515
vn 0.0222 -0.5214 0.8530
vn 0.0060 -0.5214 0.8533
vn 0.7071 -0.0008 0.7071
vn 0.5218 -0.0008 0.8531
vn 0.7071 -0.0061 0.7071
vn 0.3363 -0.0004 0.9417
vn 0.3363 -0.0005 0.9418
vn 0.1782 0.0022 0.9840
vn 0.0539 0.0096 0.9985
vn -0.0430 0.0257 0.9987
vn -0.0430 0.0256 0.9987
vn -0.1210 0.0572 0.9910
vn -0.1210 0.0573 0.9910
vn -0.1912 0.1215 0.9740
vn -0.2772 0.2773 0.9199
vn -0.1215 0.1912 0.9740
vn -0.0573 0.1210 0.9910
vn -0.0572 0.1210 0.9910
vn -0.0256 0.0430 0.9987
vn -0.0257 0.0430 0.9987
vn -0.0096 -0.0539 0.9985
vn -0.0022 -0.1782 0.9840
vn 0.0005 -0.3363 0.9418
vn 0.0005 -0.3363 0.9417
vn 0.0008 -0.5218 0.8531
vn 0.0061 -0.5214 0.8533
vn 0.0008 -0.7071 0.7071
vn 0.0061 -0.7071 0.7071
vn 0.0225 -0.7069 0.7069
vn 0.0566 -0.7060 0.7060
vn 0.0561 -0.5213 0.8515
vn 0.1166 -0.7023 0.7023
vn 0.2053 -0.5142 0.8328
vn 0.2051 -0.6921 0.6921
vn 0.2050 -0.6921 0.6921
vn 0.3206 -0.6698 0.6698
vn 0.4539 -0.6301 0.6301
vn 0.6301 -0.4539 0.6301
vn 0.5774 -0.5774 0.5773
vn 0.6698 -0.3206 0.6698
vn 0.6921 -0.2050 0.6921
vn 0.7023 -0.1166 0.7023
vn 0.7060 -0.0566 0.7060
vn 0.7069 -0.0225 0.7069
vn 0.8533 0.5214 0.0060
vn 0.8530 0.5214 0.0222
vn 0.9405 0.3391 0.0209
vn 0.9414 0.3372 0.0052
vn 0.8516 0.5213 0.0560
vn 0.9385 0.3410 0.0542
vn 0.8464 0.5199 0.1157
vn 0.9327 0.3423 0.1134
vn 0.9385 0.3411 0.0542
vn 0.8327 0.5142 0.2053
vn 0.9173 0.3410 0.2055
vn 0.8328 0.5142 0.2053
vn 0.8025 0.4998 0.3259
vn 0.8804 0.3353 0.3353
vn 0.7437 0.4727 0.4727
vn 0.8025 0.3259 0.4998
vn 0.9815 0.1905 0.0171
vn 0.9829 0.1839 0.0019
vn 0.9792 0.1968 0.0503
vn 0.9733 0.2017 0.1098
vn 0.9572 0.2046 0.2045
vn 0.9173 0.2055 0.3410
vn 0.9573 0.2045 0.2045
vn 0.8328 0.2053 0.5142
vn 0.9966 0.0823 0.0085
vn 0.9977 0.0681 -0.0065
vn 0.9946 0.0947 0.0425
vn 0.9891 0.1039 0.1039
vn 0.9733 0.1098 0.2017
vn 0.9572 0.2045 0.2046
vn 0.9327 0.1134 0.3423
vn 0.8327 0.2053 0.5142
vn 0.8464 0.1157 0.5199
vn 0.9966 0.0824 0.0085
vn 0.9999 0.0094 -0.0078
vn 0.9996 -0.0157 -0.0237
vn 0.9991 0.0292 0.0292
vn 0.9946 0.0425 0.0947
vn 0.9792 0.0503 0.1968
vn 0.9385 0.0542 0.3411
vn 0.8515 0.0560 0.5213
vn 0.9988 -0.0351 -0.0351
vn 0.9957 -0.0743 -0.0555
vn 0.9999 -0.0078 0.0094
vn 0.9966 0.0085 0.0824
vn 0.9815 0.0171 0.1905
vn 0.9966 0.0085 0.0823
vn 0.9385 0.0542 0.3410
vn 0.9405 0.0209 0.3391
vn 0.8516 0.0560 0.5213
vn 0.8530 0.0222 0.5214
vn 0.9957 -0.0555 -0.0743
vn 0.9870 -0.1135 -0.1135
vn 0.9996 -0.0237 -0.0157
vn 0.9977 -0.0065 0.0681
vn 0.9829 0.0019 0.1839
vn 0.9414 0.0052 0.3372
vn 0.8533 0.0060 0.5214
vn 0.7071 0.7071 0.0008
vn 0.7071 0.7071 0.0061
vn 0.8533 0.5214 0.0061
vn 0.8531 0.5218 0.0008
vn 0.7069 0.7069 0.0225
vn 0.7060 0.7060 0.0566
vn 0.7023 0.7023 0.1166
vn 0.8464 0.5198 0.1157
vn 0.8515 0.5213 0.0561
vn 0.6921 0.6921 0.2050
vn 0.6698 0.6698 0.3206
vn 0.6301 0.6301 0.4539
vn 0.5774 0.5773 0.5773
vn 0.8464 0.1157 0.5198
vn 0.8515 0.0561 0.5213
vn 0.8533 0.0061 0.5214
vn 0.8531 0.0008 0.5218
vn 0.9417 0.0004 0.3363
vn 0.9418 0.0005 0.3363
vn 0.9840 -0.0022 0.1782
vn 0.9985 -0.0096 0.0539
vn 0.9987 -0.0257 -0.0430
vn 0.9910 -0.0572 -0.1210
vn 0.9910 -0.0573 -0.1210
vn 0.9740 -0.1215 -0.1912
vn 0.9740 -0.1912 -0.1215
vn 0.9199 -0.2773 -0.2772
vn 0.9910 -0.1210 -0.0573
vn 0.9987 -0.0430 -0.0257
vn 0.9910 -0.1210 -0.0572
vn 0.9985 0.0539 -0.0096
vn 0.9840 0.1782 -0.0022
vn 0.9418 0.3363 0.0005
vn 0.9417 0.3363 0.0005
vn 0.7437 0.4727 -0.4727
vn 0.8025 0.4998 -0.3259
vn 0.8804 0.3353 -0.3353
vn 0.8025 0.3259 -0.4998
vn 0.8328 0.5142 -0.2053
vn 0.9173 0.3410 -0.2055
vn 0.8327 0.5142 -0.2053
vn 0.8464 0.5199 -0.1157
vn 0.9327 0.3423 -0.1134
vn 0.8515 0.5213 -0.0560
vn 0.9385 0.3410 -0.0542
vn 0.8516 0.5213 -0.0560
vn 0.8530 0.5214 -0.0222
vn 0.9405 0.3391 -0.0209
vn 0.8533 0.5214 -0.0060
vn 0.9414 0.3372 -0.0052
vn 0.9173 0.2055 -0.3410
vn 0.8328 0.2053 -0.5142
vn 0.9572 0.2046 -0.2046
vn 0.9733 0.2017 -0.1098
vn 0.9572 0.2046 -0.2045
vn 0.9385 0.3411 -0.0542
vn 0.9792 0.1968 -0.0503
vn 0.9815 0.1905 -0.0171
vn 0.9829 0.1839 -0.0019
vn 0.8327 0.2053 -0.5142
vn 0.9327 0.1134 -0.3423
vn 0.8464 0.1157 -0.5199
vn 0.9572 0.2045 -0.2046
vn 0.9733 0.1098 -0.2017
vn 0.9573 0.2045 -0.2045
vn 0.9891 0.1039 -0.1039
vn 0.9946 0.0947 -0.0425
vn 0.9891 0.1040 -0.1039
vn 0.9966 0.0823 -0.0085
vn 0.9977 0.0681 0.0065
vn 0.9385 0.0542 -0.3410
vn 0.8515 0.0560 -0.5213
vn 0.9792 0.0503 -0.1968
vn 0.9385 0.0542 -0.3411
vn 0.9891 0.1039 -0.1040
vn 0.9946 0.0425 -0.0947
vn 0.9991 0.0292 -0.0292
vn 0.9966 0.0824 -0.0085
vn 0.9999 0.0094 0.0078
vn 0.9996 -0.0157 0.0237
vn 0.8516 0.0560 -0.5213
vn 0.9405 0.0209 -0.3391
vn 0.8530 0.0222 -0.5214
vn 0.9815 0.0171 -0.1905
vn 0.9966 0.0085 -0.0823
vn 0.9999 -0.0078 -0.0094
vn 0.9966 0.0085 -0.0824
vn 0.9988 -0.0351 0.0351
vn 0.9957 -0.0743 0.0555
vn 0.9414 0.0052 -0.3372
vn 0.8533 0.0060 -0.5214
vn 0.9829 0.0019 -0.1839
vn 0.9977 -0.0065 -0.0681
vn 0.9996 -0.0237 0.0157
vn 0.9957 -0.0555 0.0743
vn 0.9870 -0.1135 0.1135
vn 0.5774 0.5773 -0.5773
vn 0.6301 0.6301 -0.4539
vn 0.6698 0.6698 -0.3206
vn 0.6921 0.6921 -0.2050
vn 0.7023 0.7023 -0.1166
vn 0.7060 0.7060 -0.0566
vn 0.8515 0.5213 -0.0561
vn 0.8464 0.5198 -0.1157
vn 0.7069 0.7069 -0.0225
vn 0.7071 0.7071 -0.0061
vn 0.8533 0.5214 -0.0061
vn 0.7071 0.7071 -0.0008
vn 0.8531 0.5218 -0.0008
vn 0.9417 0.3363 -0.0004
vn 0.9418 0.3363 -0.0005
vn 0.9840 0.1782 0.0022
vn 0.9985 0.0539 0.0096
vn 0.9987 -0.0430 0.0257
vn 0.9987 -0.0430 0.0256
vn 0.9910 -0.1210 0.0572
vn 0.9910 -0.1210 0.0573
vn 0.9740 -0.1912 0.1215
vn 0.9199 -0.2773 0.2772
vn 0.9740 -0.1215 0.1912
vn 0.9910 -0.0573 0.1210
vn 0.9910 -0.0572 0.1210
vn 0.9987 -0.0257 0.0430
vn 0.9985 -0.0096 -0.0539
vn 0.9840 -0.0022 -0.1782
vn 0.9418 0.0005 -0.3363
vn 0.9417 0.0005 -0.3363
vn 0.8531 0.0008 -0.5218
vn 0.8533 0.0061 -0.5214
vn 0.8464 0.1157 -0.5198
vn 0.8515 0.0561 -0.5213
vn 0.9870 0.1135 -0.1135
vn 0.9957 0.0555 -0.0743
vn 0.9988 0.0351 -0.0351
vn 0.9957 0.0743 -0.0555
vn 0.9996 0.0237 -0.0157
vn 0.9999 0.0078 0.0094
vn 0.9977 0.0065 0.0681
vn 0.9966 -0.0085 0.0824
vn 0.9829 -0.0019 0.1839
vn 0.9815 -0.0171 0.1905
vn 0.9966 -0.0085 0.0823
vn 0.9414 -0.0052 0.3372
vn 0.9405 -0.0209 0.3391
vn 0.8533 -0.0060 0.5214
vn 0.8530 -0.0222 0.5214
vn 0.9999 -0.0094 -0.0078
vn 0.9996 0.0157 -0.0237
vn 0.9991 -0.0292 0.0292
vn 0.9946 -0.0425 0.0947
vn 0.9792 -0.0503 0.1968
vn 0.9385 -0.0542 0.3410
vn 0.8515 -0.0560 0.5213
vn 0.9966 -0.0824 0.0085
vn 0.9977 -0.0681 -0.0065
vn 0.9946 -0.0947 0.0425
vn 0.9891 -0.1039 0.1039
vn 0.9733 -0.1098 0.2017
vn 0.9385 -0.0542 0.3411
vn 0.9327 -0.1134 0.3423
vn 0.8464 -0.1157 0.5199
vn 0.9966 -0.0823 0.0085
vn 0.9815 -0.1905 0.0171
vn 0.9829 -0.1839 0.0019
vn 0.9792 -0.1968 0.0503
vn 0.9891 -0.1040 0.1039
vn 0.9733 -0.2017 0.1098
vn 0.9572 -0.2046 0.2046
vn 0.9173 -0.2055 0.3410
vn 0.9572 -0.2045 0.2046
vn 0.8327 -0.2053 0.5142
vn 0.9405 -0.3391 0.0209
vn 0.9414 -0.3372 0.0052
vn 0.9385 -0.3410 0.0542
vn 0.9327 -0.3423 0.1134
vn 0.9385 -0.3411 0.0542
vn 0.9572 -0.2046 0.2045
vn 0.9173 -0.3410 0.2055
vn 0.8804 -0.3353 0.3353
vn 0.8328 -0.2053 0.5142
vn 0.8025 -0.3259 0.4998
vn 0.8530 -0.5214 0.0222
vn 0.8533 -0.5214 0.0061
vn 0.8516 -0.5213 0.0560
vn 0.8464 -0.5199 0.1157
vn 0.8515 -0.5213 0.0560
vn 0.8327 -0.5142 0.2053
vn 0.8025 -0.4998 0.3259
vn 0.8328 -0.5142 0.2053
vn 0.7437 -0.4727 0.4727
vn 0.9199 0.2772 -0.2773
vn 0.9740 0.1215 -0.1912
vn 0.9740 0.1912 -0.1215
vn 0.9910 0.0573 -0.1210
vn 0.9910 0.0572 -0.1210
vn 0.9987 0.0256 -0.0430
vn 0.9987 0.0257 -0.0430
vn 0.9985 0.0096 0.0539
vn 0.9840 0.0022 0.1782
vn 0.9418 -0.0005 0.3363
vn 0.9417 -0.0005 0.3363
vn 0.8531 -0.0008 0.5218
vn 0.8533 -0.0061 0.5214
vn 0.8516 -0.0560 0.5213
vn 0.8515 -0.0561 0.5213
vn 0.5773 -0.5774 0.5774
vn 0.6301 -0.6301 0.4539
vn 0.6698 -0.6698 0.3206
vn 0.6921 -0.6921 0.2051
vn 0.6921 -0.6921 0.2050
vn 0.7023 -0.7023 0.1165
vn 0.8515 -0.5213 0.0561
vn 0.8464 -0.5198 0.1157
vn 0.7023 -0.7023 0.1166
vn 0.7060 -0.7060 0.0566
vn 0.7069 -0.7069 0.0225
vn 0.7071 -0.7071 0.0061
vn 0.8531 -0.5218 0.0008
vn 0.7071 -0.7071 0.0008
vn 0.9418 -0.3363 0.0004
vn 0.9840 -0.1782 -0.0022
vn 0.9418 -0.3363 0.0005
vn 0.9985 -0.0539 -0.0096
vn 0.9987 0.0430 -0.0257
vn 0.9910 0.1210 -0.0572
vn 0.9987 0.0430 -0.0256
vn 0.9910 0.1210 -0.0573
vn 0.8533 -0.0060 -0.5214
vn 0.9414 -0.0052 -0.3372
vn 0.9405 -0.0209 -0.3391
vn 0.8530 -0.0222 -0.5214
vn 0.9829 -0.0019 -0.1839
vn 0.9815 -0.0171 -0.1905
vn 0.9977 0.0065 -0.0681
vn 0.9966 -0.0085 -0.0823
vn 0.9996 0.0237 0.0157
vn 0.9999 0.0078 -0.0094
vn 0.9966 -0.0085 -0.0824
vn 0.9957 0.0555 0.0743
vn 0.9988 0.0351 0.0351
vn 0.9870 0.1135 0.1135
vn 0.9957 0.0743 0.0555
vn 0.9385 -0.0542 -0.3410
vn 0.8516 -0.0560 -0.5213
vn 0.9792 -0.0503 -0.1968
vn 0.9946 -0.0425 -0.0947
vn 0.9991 -0.0292 -0.0292
vn 0.9999 -0.0094 0.0078
vn 0.9996 0.0157 0.0237
vn 0.8515 -0.0560 -0.5213
vn 0.9327 -0.1134 -0.3423
vn 0.8464 -0.1157 -0.5199
vn 0.9385 -0.0542 -0.3411
vn 0.9733 -0.1098 -0.2017
vn 0.9891 -0.1039 -0.1039
vn 0.9946 -0.0947 -0.0425
vn 0.9966 -0.0824 -0.0085
vn 0.9977 -0.0681 0.0065
vn 0.9173 -0.2055 -0.3410
vn 0.8327 -0.2053 -0.5142
vn 0.9572 -0.2045 -0.2046
vn 0.9733 -0.2017 -0.1098
vn 0.9572 -0.2046 -0.2046
vn 0.9792 -0.1968 -0.0503
vn 0.9966 -0.0823 -0.0085
vn 0.9815 -0.1905 -0.0171
vn 0.9829 -0.1839 -0.0019
vn 0.8328 -0.2053 -0.5142
vn 0.8804 -0.3353 -0.3353
vn 0.8025 -0.3259 -0.4998
vn 0.9573 -0.2045 -0.2045
vn 0.9173 -0.3410 -0.2055
vn 0.9572 -0.2046 -0.2045
vn 0.9327 -0.3423 -0.1134
vn 0.9385 -0.3411 -0.0542
vn 0.9405 -0.3391 -0.0209
vn 0.9385 -0.3410 -0.0542
vn 0.9414 -0.3372 -0.0052
vn 0.8025 -0.4998 -0.3259
vn 0.7437 -0.4727 -0.4727
vn 0.8328 -0.5142 -0.2053
vn 0.8464 -0.5199 -0.1157
vn 0.8515 -0.5213 -0.0560
vn 0.8530 -0.5214 -0.0222
vn 0.8533 -0.5214 -0.0060
vn 0.8531 -0.0008 -0.5218
vn 0.8533 -0.0061 -0.5214
vn 0.9417 -0.0004 -0.3363
vn 0.9418 -0.0005 -0.3363
vn 0.9840 0.0022 -0.1782
vn 0.9985 0.0096 -0.0539
vn 0.9987 0.0257 0.0430
vn 0.9987 0.0256 0.0430
vn 0.9910 0.0572 0.1210
vn 0.9910 0.0573 0.1210
vn 0.9740 0.1215 0.1912
vn 0.9199 0.2772 0.2773
vn 0.9740 0.1912 0.1215
vn 0.9910 0.1210 0.0573
vn 0.9910 0.1210 0.0572
vn 0.9987 0.0430 0.0257
vn 0.9985 -0.0539 0.0096
vn 0.9840 -0.1782 0.0022
vn 0.9418 -0.3363 -0.0005
vn 0.9417 -0.3363 -0.0004
vn 0.8531 -0.5218 -0.0008
vn 0.8533 -0.5214 -0.0061
vn 0.7071 -0.7071 -0.0008
vn 0.7071 -0.7071 -0.0061
vn 0.7069 -0.7069 -0.0225
vn 0.7060 -0.7060 -0.0566
vn 0.8464 -0.5198 -0.1157
vn 0.8515 -0.5213 -0.0561
vn 0.7023 -0.7023 -0.1166
vn 0.6921 -0.6921 -0.2050
vn 0.6921 -0.6921 -0.2051
vn 0.6698 -0.6698 -0.3206
vn 0.6301 -0.6301 -0.4539
vn 0.5774 -0.5773 -0.5773
vn 0.8515 -0.0561 -0.5213
vn 0.5214 -0.8533 0.0061
vn 0.5214 -0.8530 0.0222
vn 0.3391 -0.9405 0.0209
vn 0.3372 -0.9414 0.0052
vn 0.5213 -0.8515 0.0560
vn 0.3410 -0.9385 0.0542
vn 0.5199 -0.8464 0.1157
vn 0.3423 -0.9327 0.1134
vn 0.3411 -0.9385 0.0542
vn 0.5142 -0.8327 0.2053
vn 0.3410 -0.9173 0.2055
vn 0.5142 -0.8328 0.2053
vn 0.4998 -0.8025 0.3259
vn 0.3353 -0.8804 0.3353
vn 0.4727 -0.7437 0.4727
vn 0.3259 -0.8025 0.4998
vn 0.1905 -0.9815 0.0171
vn 0.1839 -0.9829 0.0019
vn 0.1968 -0.9792 0.0503
vn 0.2017 -0.9733 0.1098
vn 0.2046 -0.9572 0.2045
vn 0.2055 -0.9173 0.3410
vn 0.2045 -0.9573 0.2045
vn 0.2053 -0.8328 0.5142
vn 0.0823 -0.9966 0.0085
vn 0.0681 -0.9977 -0.0065
vn 0.0947 -0.9946 0.0425
vn 0.1039 -0.9891 0.1039
vn 0.1098 -0.9733 0.2017
vn 0.2045 -0.9572 0.2046
vn 0.1134 -0.9327 0.3423
vn 0.2053 -0.8327 0.5142
vn 0.1157 -0.8464 0.5199
vn 0.0094 -0.9999 -0.0078
vn -0.0157 -0.9996 -0.0237
vn 0.0824 -0.9966 0.0085
vn 0.0292 -0.9991 0.0292
vn 0.0425 -0.9946 0.0947
vn 0.0503 -0.9792 0.1968
vn 0.0542 -0.9385 0.3411
vn 0.0560 -0.8515 0.5213
vn 0.0542 -0.9385 0.3410
vn -0.0351 -0.9988 -0.0351
vn -0.0743 -0.9957 -0.0555
vn -0.0078 -0.9999 0.0094
vn 0.0085 -0.9966 0.0824
vn 0.0171 -0.9815 0.1905
vn 0.0085 -0.9966 0.0823
vn 0.0209 -0.9405 0.3391
vn 0.0560 -0.8516 0.5213
vn 0.0222 -0.8530 0.5214
vn -0.0555 -0.9957 -0.0743
vn -0.1135 -0.9870 -0.1135
vn -0.0237 -0.9996 -0.0157
vn -0.0065 -0.9977 0.0681
vn 0.0019 -0.9829 0.1839
vn 0.0171 -0.9815 0.1906
vn 0.0052 -0.9414 0.3372
vn 0.0060 -0.8533 0.5214
vn 0.5218 -0.8531 0.0008
vn 0.5213 -0.8516 0.0560
vn 0.5774 -0.5773 0.5774
vn 0.4539 -0.6301 0.6300
vn 0.0061 -0.8533 0.5214
vn 0.0008 -0.8531 0.5218
vn 0.0004 -0.9418 0.3363
vn 0.0005 -0.9418 0.3363
vn -0.0022 -0.9840 0.1782
vn 0.0019 -0.9829 0.1840
vn -0.0096 -0.9985 0.0539
vn -0.0257 -0.9987 -0.0430
vn -0.0572 -0.9910 -0.1210
vn -0.0573 -0.9910 -0.1210
vn -0.1215 -0.9740 -0.1912
vn -0.1912 -0.9740 -0.1215
vn -0.2773 -0.9199 -0.2772
vn -0.1210 -0.9910 -0.0573
vn -0.0430 -0.9987 -0.0257
vn -0.1210 -0.9910 -0.0572
vn 0.0539 -0.9985 -0.0096
vn 0.1782 -0.9840 -0.0022
vn 0.3363 -0.9418 0.0005
vn 0.3363 -0.9417 0.0004
vn 0.4727 -0.7437 -0.4727
vn 0.4998 -0.8025 -0.3259
vn 0.3353 -0.8804 -0.3353
vn 0.3259 -0.8025 -0.4998
vn 0.5142 -0.8328 -0.2053
vn 0.3410 -0.9173 -0.2055
vn 0.5199 -0.8464 -0.1157
vn 0.3423 -0.9327 -0.1134
vn 0.5213 -0.8515 -0.0560
vn 0.3410 -0.9385 -0.0542
vn 0.5214 -0.8530 -0.0222
vn 0.3391 -0.9405 -0.0209
vn 0.5214 -0.8533 -0.0060
vn 0.3372 -0.9414 -0.0052
vn 0.2055 -0.9173 -0.3410
vn 0.2053 -0.8327 -0.5142
vn 0.2046 -0.9572 -0.2046
vn 0.2017 -0.9733 -0.1098
vn 0.2046 -0.9572 -0.2045
vn 0.3411 -0.9385 -0.0542
vn 0.1968 -0.9792 -0.0503
vn 0.1905 -0.9815 -0.0171
vn 0.1839 -0.9829 -0.0019
vn 0.1134 -0.9327 -0.3423
vn 0.1157 -0.8464 -0.5199
vn 0.2045 -0.9572 -0.2046
vn 0.1098 -0.9733 -0.2017
vn 0.1039 -0.9891 -0.1039
vn 0.0947 -0.9946 -0.0425
vn 0.0823 -0.9966 -0.0085
vn 0.0681 -0.9977 0.0065
vn 0.0542 -0.9385 -0.3410
vn 0.0560 -0.8515 -0.5213
vn 0.0503 -0.9792 -0.1968
vn 0.0542 -0.9385 -0.3411
vn 0.0425 -0.9946 -0.0947
vn 0.0292 -0.9991 -0.0292
vn 0.0824 -0.9966 -0.0085
vn 0.0094 -0.9999 0.0078
vn -0.0157 -0.9996 0.0237
vn 0.0560 -0.8516 -0.5213
vn 0.0209 -0.9405 -0.3391
vn 0.0222 -0.8530 -0.5214
vn 0.0171 -0.9815 -0.1905
vn 0.0085 -0.9966 -0.0823
vn -0.0078 -0.9999 -0.0094
vn 0.0085 -0.9966 -0.0824
vn -0.0351 -0.9988 0.0351
vn -0.0743 -0.9957 0.0555
vn 0.0052 -0.9414 -0.3372
vn 0.0060 -0.8533 -0.5214
vn 0.0019 -0.9829 -0.1839
vn -0.0065 -0.9977 -0.0681
vn -0.0237 -0.9996 0.0157
vn -0.0555 -0.9957 0.0743
vn -0.1135 -0.9870 0.1135
vn 0.5774 -0.5773 -0.5774
vn 0.5213 -0.8516 -0.0560
vn 0.5214 -0.8533 -0.0061
vn 0.5218 -0.8531 -0.0008
vn 0.3363 -0.9417 -0.0004
vn 0.3363 -0.9418 -0.0005
vn 0.1782 -0.9840 0.0022
vn 0.0539 -0.9985 0.0096
vn -0.0430 -0.9987 0.0257
vn -0.0430 -0.9987 0.0256
vn -0.1210 -0.9910 0.0572
vn -0.1210 -0.9910 0.0573
vn -0.1912 -0.9740 0.1215
vn -0.2773 -0.9199 0.2772
vn -0.1215 -0.9740 0.1912
vn -0.0573 -0.9910 0.1210
vn -0.0572 -0.9910 0.1210
vn -0.0257 -0.9987 0.0430
vn -0.0096 -0.9985 -0.0539
vn -0.0022 -0.9840 -0.1782
vn 0.0005 -0.9418 -0.3363
vn 0.0005 -0.9417 -0.3363
vn 0.0008 -0.8531 -0.5218
vn 0.0061 -0.8533 -0.5214
vn 0.1157 -0.8464 -0.5198
vn 0.0561 -0.8515 -0.5213
vn 0.2053 -0.8328 -0.5142
vn 0.1135 -0.9870 -0.1135
vn 0.0555 -0.9957 -0.0743
vn 0.0351 -0.9988 -0.0351
vn 0.0743 -0.9957 -0.0555
vn 0.0237 -0.9996 -0.0157
vn 0.0078 -0.9999 0.0094
vn 0.0065 -0.9977 0.0681
vn -0.0085 -0.9966 0.0823
vn -0.0019 -0.9829 0.1839
vn -0.0171 -0.9815 0.1905
vn -0.0052 -0.9414 0.3372
vn -0.0209 -0.9405 0.3391
vn -0.0060 -0.8533 0.5214
vn -0.0222 -0.8530 0.5214
vn -0.0094 -0.9999 -0.0078
vn 0.0157 -0.9996 -0.0237
vn -0.0292 -0.9991 0.0292
vn -0.0085 -0.9966 0.0824
vn -0.0425 -0.9946 0.0947
vn -0.0503 -0.9792 0.1968
vn -0.0542 -0.9385 0.3410
vn -0.0560 -0.8515 0.5213
vn -0.0824 -0.9966 0.0085
vn -0.0681 -0.9977 -0.0065
vn -0.0947 -0.9946 0.0425
vn -0.1039 -0.9891 0.1039
vn -0.1098 -0.9733 0.2017
vn -0.1039 -0.9891 0.1040
vn -0.1134 -0.9327 0.3423
vn -0.1157 -0.8464 0.5199
vn -0.0823 -0.9966 0.0085
vn -0.1905 -0.9815 0.0171
vn -0.1839 -0.9829 0.0019
vn -0.1968 -0.9792 0.0503
vn -0.2017 -0.9733 0.1098
vn -0.2045 -0.9573 0.2045
vn -0.2055 -0.9173 0.3410
vn -0.2045 -0.9572 0.2045
vn -0.2053 -0.8327 0.5142
vn -0.3391 -0.9405 0.0209
vn -0.3372 -0.9414 0.0052
vn -0.3410 -0.9385 0.0542
vn -0.3423 -0.9327 0.1134
vn -0.3411 -0.9385 0.0542
vn -0.2046 -0.9572 0.2045
vn -0.3410 -0.9173 0.2055
vn -0.2046 -0.9572 0.2046
vn -0.3353 -0.8804 0.3353
vn -0.2053 -0.8328 0.5142
vn -0.3259 -0.8025 0.4998
vn -0.5214 -0.8530 0.0222
vn -0.5214 -0.8533 0.0060
vn -0.5213 -0.8515 0.0560
vn -0.5199 -0.8464 0.1157
vn -0.5142 -0.8327 0.2053
vn -0.4998 -0.8025 0.3259
vn -0.5142 -0.8328 0.2053
vn -0.4727 -0.7437 0.4727
vn 0.2773 -0.9199 -0.2772
vn 0.1215 -0.9740 -0.1912
vn 0.1912 -0.9740 -0.1215
vn 0.0573 -0.9910 -0.1210
vn 0.0572 -0.9910 -0.1210
vn 0.0257 -0.9987 -0.0430
vn 0.0096 -0.9985 0.0539
vn 0.0022 -0.9840 0.1782
vn -0.0005 -0.9418 0.3363
vn -0.0008 -0.8531 0.5218
vn -0.0061 -0.8533 0.5214
vn -0.0561 -0.8515 0.5213
vn -0.1157 -0.8464 0.5198
vn -0.2050 -0.6921 0.6921
vn -0.5774 -0.5773 0.5774
vn -0.6301 -0.6301 0.4539
vn -0.6698 -0.6698 0.3206
vn -0.6921 -0.6921 0.2051
vn -0.7023 -0.7023 0.1166
vn -0.7060 -0.7060 0.0566
vn -0.7069 -0.7069 0.0225
vn -0.5214 -0.8533 0.0061
vn -0.7071 -0.7071 0.0061
vn -0.5218 -0.8531 0.0008
vn -0.7071 -0.7071 0.0008
vn -0.3363 -0.9417 0.0004
vn -0.1782 -0.9840 -0.0022
vn -0.3363 -0.9418 0.0005
vn -0.0539 -0.9985 -0.0096
vn 0.0430 -0.9987 -0.0257
vn 0.1210 -0.9910 -0.0572
vn 0.1210 -0.9910 -0.0573
vn -0.0061 -0.8533 -0.5214
vn -0.0052 -0.9414 -0.3372
vn -0.0209 -0.9405 -0.3391
vn -0.0222 -0.8530 -0.5214
vn -0.0019 -0.9829 -0.1839
vn -0.0171 -0.9815 -0.1905
vn 0.0065 -0.9977 -0.0681
vn -0.0085 -0.9966 -0.0823
vn 0.0237 -0.9996 0.0157
vn 0.0078 -0.9999 -0.0094
vn -0.0085 -0.9966 -0.0824
vn 0.0555 -0.9957 0.0743
vn 0.0351 -0.9988 0.0351
vn 0.1135 -0.9870 0.1135
vn 0.0743 -0.9957 0.0555
vn -0.0542 -0.9385 -0.3410
vn -0.0560 -0.8515 -0.5213
vn -0.0503 -0.9792 -0.1968
vn -0.0425 -0.9946 -0.0947
vn -0.0292 -0.9991 -0.0292
vn -0.0094 -0.9999 0.0078
vn 0.0157 -0.9996 0.0237
vn -0.1134 -0.9327 -0.3423
vn -0.1157 -0.8464 -0.5199
vn -0.0542 -0.9385 -0.3411
vn -0.1098 -0.9733 -0.2017
vn -0.1039 -0.9891 -0.1039
vn -0.0947 -0.9946 -0.0425
vn -0.0824 -0.9966 -0.0085
vn -0.0681 -0.9977 0.0065
vn -0.2055 -0.9173 -0.3410
vn -0.2053 -0.8328 -0.5142
vn -0.2045 -0.9572 -0.2045
vn -0.2017 -0.9733 -0.1098
vn -0.2045 -0.9573 -0.2045
vn -0.1968 -0.9792 -0.0503
vn -0.0823 -0.9966 -0.0085
vn -0.1905 -0.9815 -0.0171
vn -0.1839 -0.9829 -0.0019
vn -0.3353 -0.8804 -0.3353
vn -0.3259 -0.8025 -0.4998
vn -0.2046 -0.9572 -0.2046
vn -0.3410 -0.9173 -0.2055
vn -0.2046 -0.9572 -0.2045
vn -0.3423 -0.9327 -0.1134
vn -0.3411 -0.9385 -0.0542
vn -0.3391 -0.9405 -0.0209
vn -0.3410 -0.9385 -0.0542
vn -0.3372 -0.9414 -0.0052
vn -0.4998 -0.8025 -0.3259
vn -0.4727 -0.7437 -0.4727
vn -0.5142 -0.8328 -0.2053
vn -0.5199 -0.8464 -0.1157
vn -0.5142 -0.8327 -0.2053
vn -0.5213 -0.8515 -0.0560
vn -0.5214 -0.8530 -0.0222
vn -0.5213 -0.8516 -0.0560
vn -0.5214 -0.8533 -0.0060
vn -0.0008 -0.8531 -0.5218
vn -0.0004 -0.9417 -0.3363
vn -0.0005 -0.9418 -0.3363
vn 0.0022 -0.9840 -0.1782
vn 0.0096 -0.9985 -0.0539
vn 0.0257 -0.9987 0.0430
vn 0.0572 -0.9910 0.1210
vn 0.0573 -0.9910 0.1210
vn 0.1215 -0.9740 0.1912
vn 0.2772 -0.9199 0.2773
vn 0.1912 -0.9740 0.1215
vn 0.1210 -0.9910 0.0573
vn 0.1210 -0.9910 0.0572
vn 0.0430 -0.9987 0.0256
vn 0.0430 -0.9987 0.0257
vn -0.0539 -0.9985 0.0096
vn -0.1782 -0.9840 0.0022
vn -0.3363 -0.9418 -0.0005
vn -0.3363 -0.9417 -0.0005
vn -0.5218 -0.8531 -0.0008
vn -0.5214 -0.8533 -0.0061
vn -0.7071 -0.7071 -0.0008
vn -0.7071 -0.7071 -0.0061
vn -0.7069 -0.7069 -0.0225
vn -0.7060 -0.7060 -0.0566
vn -0.5213 -0.8515 -0.0561
vn -0.7023 -0.7023 -0.1166
vn -0.6921 -0.6921 -0.2051
vn -0.6921 -0.6921 -0.2050
vn -0.6698 -0.6698 -0.3206
vn -0.6301 -0.6301 -0.4539
vn -0.5773 -0.5774 -0.5773
vn -0.0560 -0.8516 -0.5213
vn -0.8533 -0.5214 0.0060
vn -0.8530 -0.5214 0.0222
vn -0.9405 -0.3391 0.0209
vn -0.9414 -0.3372 0.0052
vn -0.8516 -0.5213 0.0560
vn -0.9385 -0.3410 0.0542
vn -0.8464 -0.5199 0.1157
vn -0.9327 -0.3423 0.1134
vn -0.9385 -0.3411 0.0542
vn -0.8327 -0.5142 0.2053
vn -0.9173 -0.3410 0.2055
vn -0.8328 -0.5142 0.2053
vn -0.8025 -0.4998 0.3259
vn -0.8804 -0.3353 0.3353
vn -0.7437 -0.4727 0.4727
vn -0.8025 -0.3259 0.4998
vn -0.9815 -0.1905 0.0171
vn -0.9829 -0.1839 0.0019
vn -0.9792 -0.1968 0.0503
vn -0.9733 -0.2017 0.1098
vn -0.9572 -0.2046 0.2045
vn -0.9173 -0.2055 0.3410
vn -0.9573 -0.2045 0.2045
vn -0.8328 -0.2053 0.5142
vn -0.9966 -0.0823 0.0085
vn -0.9977 -0.0681 -0.0065
vn -0.9946 -0.0947 0.0425
vn -0.9891 -0.1040 0.1039
vn -0.9733 -0.1098 0.2017
vn -0.9891 -0.1039 0.1039
vn -0.9572 -0.2045 0.2046
vn -0.9327 -0.1134 0.3423
vn -0.8327 -0.2053 0.5142
vn -0.8464 -0.1157 0.5199
vn -0.9966 -0.0824 0.0085
vn -0.9999 -0.0094 -0.0078
vn -0.9996 0.0157 -0.0237
vn -0.9991 -0.0292 0.0292
vn -0.9946 -0.0425 0.0947
vn -0.9891 -0.1039 0.1040
vn -0.9792 -0.0503 0.1968
vn -0.9385 -0.0542 0.3411
vn -0.8515 -0.0560 0.5213
vn -0.9385 -0.0542 0.3410
vn -0.9988 0.0351 -0.0351
vn -0.9957 0.0743 -0.0555
vn -0.9999 0.0078 0.0094
vn -0.9966 -0.0085 0.0824
vn -0.9815 -0.0171 0.1905
vn -0.9966 -0.0085 0.0823
vn -0.9405 -0.0209 0.3391
vn -0.8516 -0.0560 0.5213
vn -0.8530 -0.0222 0.5214
vn -0.9957 0.0555 -0.0743
vn -0.9870 0.1135 -0.1135
vn -0.9996 0.0237 -0.0157
vn -0.9977 0.0065 0.0681
vn -0.9829 -0.0019 0.1839
vn -0.9414 -0.0052 0.3372
vn -0.8533 -0.0060 0.5214
vn -0.8533 -0.5214 0.0061
vn -0.8531 -0.5218 0.0008
vn -0.8515 -0.5213 0.0560
vn -0.8515 -0.5213 0.0561
vn -0.6921 -0.6921 0.2050
vn -0.5773 -0.5774 0.5774
vn -0.8464 -0.1157 0.5198
vn -0.8515 -0.0561 0.5213
vn -0.8533 -0.0061 0.5214
vn -0.8531 -0.0008 0.5218
vn -0.9417 -0.0005 0.3363
vn -0.9418 -0.0005 0.3363
vn -0.9840 0.0022 0.1782
vn -0.9985 0.0096 0.0539
vn -0.9987 0.0257 -0.0430
vn -0.9910 0.0572 -0.1210
vn -0.9910 0.0573 -0.1210
vn -0.9740 0.1215 -0.1912
vn -0.9740 0.1912 -0.1215
vn -0.9199 0.2773 -0.2772
vn -0.9910 0.1210 -0.0573
vn -0.9987 0.0430 -0.0257
vn -0.9910 0.1210 -0.0572
vn -0.9985 -0.0539 -0.0096
vn -0.9840 -0.1782 -0.0022
vn -0.9418 -0.3363 0.0005
vn -0.9417 -0.3363 0.0004
vn -0.7437 -0.4727 -0.4727
vn -0.8025 -0.4998 -0.3259
vn -0.8804 -0.3353 -0.3353
vn -0.8025 -0.3259 -0.4998
vn -0.8328 -0.5142 -0.2053
vn -0.9173 -0.3410 -0.2055
vn -0.8464 -0.5199 -0.1157
vn -0.9327 -0.3423 -0.1134
vn -0.8515 -0.5213 -0.0560
vn -0.9385 -0.3410 -0.0542
vn -0.8516 -0.5213 -0.0560
vn -0.8530 -0.5214 -0.0222
vn -0.9405 -0.3391 -0.0209
vn -0.8533 -0.5214 -0.0060
vn -0.9414 -0.3372 -0.0052
vn -0.9173 -0.2055 -0.3410
vn -0.8328 -0.2053 -0.5142
vn -0.9573 -0.2045 -0.2045
vn -0.9733 -0.2017 -0.1098
vn -0.9572 -0.2046 -0.2045
vn -0.9385 -0.3411 -0.0542
vn -0.9792 -0.1968 -0.0503
vn -0.9815 -0.1905 -0.0171
vn -0.9829 -0.1839 -0.0019
vn -0.8327 -0.2053 -0.5142
vn -0.9327 -0.1134 -0.3423
vn -0.8464 -0.1157 -0.5199
vn -0.9572 -0.2045 -0.2046
vn -0.9733 -0.1098 -0.2017
vn -0.9891 -0.1039 -0.1039
vn -0.9946 -0.0947 -0.0425
vn -0.9891 -0.1040 -0.1039
vn -0.9966 -0.0823 -0.0085
vn -0.9977 -0.0681 0.0065
vn -0.9385 -0.0542 -0.3410
vn -0.8515 -0.0560 -0.5213
vn -0.9792 -0.0503 -0.1968
vn -0.9385 -0.0542 -0.3411
vn -0.9891 -0.1039 -0.1040
vn -0.9946 -0.0425 -0.0947
vn -0.9991 -0.0292 -0.0292
vn -0.9966 -0.0824 -0.0085
vn -0.9999 -0.0094 0.0078
vn -0.9996 0.0157 0.0237
vn -0.8516 -0.0560 -0.5213
vn -0.9405 -0.0209 -0.3391
vn -0.8530 -0.0222 -0.5214
vn -0.9815 -0.0171 -0.1905
vn -0.9966 -0.0085 -0.0823
vn -0.9999 0.0078 -0.0094
vn -0.9966 -0.0085 -0.0824
vn -0.9988 0.0351 0.0351
vn -0.9957 0.0743 0.0555
vn -0.9414 -0.0052 -0.3372
vn -0.8533 -0.0060 -0.5214
vn -0.9829 -0.0019 -0.1839
vn -0.9977 0.0065 -0.0681
vn -0.9996 0.0237 0.0157
vn -0.9957 0.0555 0.0743
vn -0.9870 0.1135 0.1135
vn -0.5773 -0.5774 -0.5774
vn -0.8515 -0.5213 -0.0561
vn -0.8464 -0.5198 -0.1157
vn -0.8531 -0.5218 -0.0008
vn -0.8533 -0.5214 -0.0061
vn -0.9417 -0.3363 -0.0004
vn -0.9418 -0.3363 -0.0005
vn -0.9840 -0.1782 0.0022
vn -0.9985 -0.0539 0.0096
vn -0.9987 0.0430 0.0257
vn -0.9987 0.0430 0.0256
vn -0.9910 0.1210 0.0572
vn -0.9910 0.1210 0.0573
vn -0.9740 0.1912 0.1215
vn -0.9199 0.2773 0.2772
vn -0.9740 0.1215 0.1912
vn -0.9910 0.0573 0.1210
vn -0.9910 0.0572 0.1210
vn -0.9987 0.0257 0.0430
vn -0.9985 0.0096 -0.0539
vn -0.9840 0.0022 -0.1782
vn -0.9418 -0.0005 -0.3363
vn -0.9417 -0.0004 -0.3363
vn -0.8531 -0.0008 -0.5218
vn -0.8533 -0.0061 -0.5214
vn -0.8464 -0.1157 -0.5198
vn -0.8515 -0.0561 -0.5213
vn -0.9870 -0.1135 -0.1135
vn -0.9957 -0.0555 -0.0743
vn -0.9988 -0.0351 -0.0351
vn -0.9957 -0.0743 -0.0555
vn -0.9996 -0.0237 -0.0157
vn -0.9999 -0.0078 0.0094
vn -0.9977 -0.0065 0.0681
vn -0.9966 0.0085 0.0824
vn -0.9829 0.0019 0.1839
vn -0.9815 0.0171 0.1905
vn -0.9966 0.0085 0.0823
vn -0.9414 0.0052 0.3372
vn -0.9405 0.0209 0.3391
vn -0.8533 0.0060 0.5214
vn -0.8530 0.0222 0.5214
vn -0.9999 0.0094 -0.0078
vn -0.9996 -0.0157 -0.0237
vn -0.9991 0.0292 0.0292
vn -0.9946 0.0425 0.0947
vn -0.9792 0.0503 0.1968
vn -0.9405 0.0209 0.3390
vn -0.9385 0.0542 0.3410
vn -0.8515 0.0560 0.5213
vn -0.9966 0.0824 0.0085
vn -0.9977 0.0681 -0.0065
vn -0.9946 0.0947 0.0425
vn -0.9891 0.1039 0.1039
vn -0.9733 0.1098 0.2017
vn -0.9891 0.1039 0.1040
vn -0.9385 0.0542 0.3411
vn -0.9327 0.1134 0.3423
vn -0.8464 0.1157 0.5199
vn -0.9966 0.0823 0.0085
vn -0.9815 0.1905 0.0171
vn -0.9829 0.1839 0.0019
vn -0.9792 0.1968 0.0503
vn -0.9733 0.2017 0.1098
vn -0.9891 0.1040 0.1039
vn -0.9573 0.2045 0.2045
vn -0.9173 0.2055 0.3410
vn -0.9572 0.2045 0.2046
vn -0.8327 0.2053 0.5142
vn -0.9405 0.3391 0.0209
vn -0.9414 0.3372 0.0052
vn -0.9385 0.3410 0.0542
vn -0.9405 0.3390 0.0209
vn -0.9327 0.3423 0.1134
vn -0.9385 0.3411 0.0542
vn -0.9572 0.2046 0.2045
vn -0.9173 0.3410 0.2055
vn -0.9572 0.2046 0.2046
vn -0.8804 0.3353 0.3353
vn -0.8328 0.2053 0.5142
vn -0.8025 0.3259 0.4998
vn -0.8530 0.5214 0.0222
vn -0.8533 0.5214 0.0060
vn -0.8515 0.5213 0.0560
vn -0.8464 0.5199 0.1157
vn -0.8328 0.5142 0.2053
vn -0.8025 0.4998 0.3259
vn -0.7437 0.4727 0.4727
vn -0.9199 -0.2773 -0.2772
vn -0.9740 -0.1215 -0.1912
vn -0.9740 -0.1912 -0.1215
vn -0.9910 -0.0573 -0.1210
vn -0.9910 -0.0572 -0.1210
vn -0.9987 -0.0257 -0.0430
vn -0.9985 -0.0096 0.0539
vn -0.9840 -0.0022 0.1782
vn -0.9418 0.0005 0.3363
vn -0.9417 0.0005 0.3363
vn -0.8531 0.0008 0.5218
vn -0.8533 0.0061 0.5214
vn -0.8515 0.0561 0.5213
vn -0.6921 0.2051 0.6921
vn -0.5773 0.5774 0.5774
vn -0.6301 0.6301 0.4539
vn -0.6698 0.6698 0.3206
vn -0.6921 0.6921 0.2051
vn -0.6921 0.6921 0.2050
vn -0.7023 0.7023 0.1166
vn -0.8515 0.5213 0.0561
vn -0.8464 0.5198 0.1157
vn -0.7060 0.7060 0.0566
vn -0.7069 0.7069 0.0225
vn -0.7071 0.7071 0.0061
vn -0.8531 0.5218 0.0008
vn -0.8533 0.5214 0.0061
vn -0.7071 0.7071 0.0008
vn -0.9417 0.3363 0.0005
vn -0.9840 0.1782 -0.0022
vn -0.9418 0.3363 0.0005
vn -0.9985 0.0539 -0.0096
vn -0.9987 -0.0430 -0.0257
vn -0.9910 -0.1210 -0.0572
vn -0.9910 -0.1210 -0.0573
vn -0.8533 0.0060 -0.5214
vn -0.9414 0.0052 -0.3372
vn -0.9405 0.0209 -0.3391
vn -0.8530 0.0222 -0.5214
vn -0.9829 0.0019 -0.1839
vn -0.9815 0.0171 -0.1905
vn -0.9977 -0.0065 -0.0681
vn -0.9966 0.0085 -0.0823
vn -0.9996 -0.0237 0.0157
vn -0.9999 -0.0078 -0.0094
vn -0.9966 0.0085 -0.0824
vn -0.9957 -0.0555 0.0743
vn -0.9988 -0.0351 0.0351
vn -0.9870 -0.1135 0.1135
vn -0.9957 -0.0743 0.0555
vn -0.9385 0.0542 -0.3410
vn -0.8515 0.0560 -0.5213
vn -0.9792 0.0503 -0.1968
vn -0.9946 0.0425 -0.0947
vn -0.9991 0.0292 -0.0292
vn -0.9999 0.0094 0.0078
vn -0.9996 -0.0157 0.0237
vn -0.9327 0.1134 -0.3423
vn -0.8464 0.1157 -0.5199
vn -0.9385 0.0542 -0.3411
vn -0.9733 0.1098 -0.2017
vn -0.9891 0.1039 -0.1040
vn -0.9946 0.0947 -0.0425
vn -0.9891 0.1039 -0.1039
vn -0.9966 0.0824 -0.0085
vn -0.9977 0.0681 0.0065
vn -0.9966 0.0823 -0.0085
vn -0.9173 0.2055 -0.3410
vn -0.8327 0.2053 -0.5142
vn -0.9572 0.2045 -0.2046
vn -0.9891 0.1040 -0.1039
vn -0.9733 0.2017 -0.1098
vn -0.9573 0.2045 -0.2045
vn -0.9792 0.1968 -0.0503
vn -0.9815 0.1905 -0.0171
vn -0.9829 0.1839 -0.0019
vn -0.8328 0.2053 -0.5142
vn -0.8804 0.3353 -0.3353
vn -0.8025 0.3259 -0.4998
vn -0.9572 0.2046 -0.2046
vn -0.9173 0.3410 -0.2055
vn -0.9572 0.2046 -0.2045
vn -0.9327 0.3423 -0.1134
vn -0.9385 0.3411 -0.0542
vn -0.9405 0.3391 -0.0209
vn -0.9385 0.3410 -0.0542
vn -0.9414 0.3372 -0.0052
vn -0.8025 0.4998 -0.3259
vn -0.7437 0.4727 -0.4727
vn -0.8328 0.5142 -0.2053
vn -0.8464 0.5199 -0.1157
vn -0.8327 0.5142 -0.2053
vn -0.8515 0.5213 -0.0560
vn -0.8530 0.5214 -0.0222
vn -0.8516 0.5213 -0.0560
vn -0.8533 0.5214 -0.0060
vn -0.8531 0.0008 -0.5218
vn -0.8533 0.0061 -0.5214
vn -0.9417 0.0005 -0.3363
vn -0.9418 0.0005 -0.3363
vn -0.9840 -0.0022 -0.1782
vn -0.9985 -0.0096 -0.0539
vn -0.9987 -0.0257 0.0430
vn -0.9910 -0.0572 0.1210
vn -0.9910 -0.0573 0.1210
vn -0.9740 -0.1215 0.1912
vn -0.9199 -0.2772 0.2773
vn -0.9740 -0.1912 0.1215
vn -0.9910 -0.1210 0.0573
vn -0.9910 -0.1210 0.0572
vn -0.9987 -0.0430 0.0256
vn -0.9987 -0.0430 0.0257
vn -0.9985 0.0539 0.0096
vn -0.9840 0.1782 0.0022
vn -0.9418 0.3363 -0.0005
vn -0.9417 0.3363 -0.0004
vn -0.8531 0.5218 -0.0008
vn -0.8533 0.5214 -0.0061
vn -0.7071 0.7071 -0.0008
vn -0.7071 0.7071 -0.0061
vn -0.7069 0.7069 -0.0225
vn -0.7060 0.7060 -0.0566
vn -0.8464 0.5198 -0.1157
vn -0.7023 0.7023 -0.1166
vn -0.6921 0.6921 -0.2050
vn -0.6698 0.6698 -0.3206
vn -0.6301 0.6301 -0.4539
vn -0.5773 0.5774 -0.5774
vn -0.6921 0.2051 -0.6921
vn -0.7023 0.1165 -0.7023
vn -0.8515 0.0561 -0.5213
vn -0.8464 0.1157 -0.5198
vn -0.8516 0.0560 -0.5213
vn 0.5214 0.8533 -0.0060
vn 0.5214 0.8530 -0.0222
vn 0.3391 0.9405 -0.0209
vn 0.3372 0.9414 -0.0052
vn 0.5213 0.8515 -0.0560
vn 0.3410 0.9385 -0.0542
vn 0.5199 0.8464 -0.1157
vn 0.3423 0.9327 -0.1134
vn 0.5142 0.8328 -0.2053
vn 0.3410 0.9173 -0.2055
vn 0.4998 0.8025 -0.3259
vn 0.3353 0.8804 -0.3353
vn 0.4727 0.7437 -0.4727
vn 0.3259 0.8025 -0.4998
vn 0.1905 0.9815 -0.0171
vn 0.1839 0.9829 -0.0019
vn 0.1968 0.9792 -0.0503
vn 0.3411 0.9385 -0.0542
vn 0.2017 0.9733 -0.1098
vn 0.2046 0.9572 -0.2045
vn 0.2055 0.9173 -0.3410
vn 0.2045 0.9573 -0.2045
vn 0.2053 0.8328 -0.5142
vn 0.0823 0.9966 -0.0085
vn 0.0681 0.9977 0.0065
vn 0.0947 0.9946 -0.0425
vn 0.1039 0.9891 -0.1039
vn 0.2046 0.9572 -0.2046
vn 0.1098 0.9733 -0.2017
vn 0.2045 0.9572 -0.2046
vn 0.1134 0.9327 -0.3423
vn 0.1157 0.8464 -0.5199
vn 0.0824 0.9966 -0.0085
vn 0.0094 0.9999 0.0078
vn -0.0157 0.9996 0.0237
vn 0.0292 0.9991 -0.0292
vn 0.0425 0.9946 -0.0947
vn 0.0503 0.9792 -0.1968
vn 0.0542 0.9385 -0.3411
vn 0.0560 0.8515 -0.5213
vn 0.0542 0.9385 -0.3410
vn -0.0351 0.9988 0.0351
vn -0.0743 0.9957 0.0555
vn -0.0078 0.9999 -0.0094
vn 0.0085 0.9966 -0.0824
vn 0.0171 0.9815 -0.1905
vn 0.0085 0.9966 -0.0823
vn 0.0209 0.9405 -0.3391
vn 0.0560 0.8516 -0.5213
vn 0.0222 0.8530 -0.5214
vn -0.0555 0.9957 0.0743
vn -0.1135 0.9870 0.1135
vn -0.0237 0.9996 0.0157
vn -0.0065 0.9977 -0.0681
vn 0.0019 0.9829 -0.1839
vn 0.0052 0.9414 -0.3372
vn 0.0060 0.8533 -0.5214
vn 0.5214 0.8533 -0.0061
vn 0.5218 0.8531 -0.0008
vn 0.5198 0.8464 -0.1157
vn 0.5213 0.8515 -0.0561
vn 0.5773 0.5774 -0.5773
vn 0.0561 0.8515 -0.5213
vn 0.0061 0.8533 -0.5214
vn 0.0008 0.8531 -0.5218
vn 0.0004 0.9417 -0.3363
vn 0.0005 0.9418 -0.3363
vn -0.0022 0.9840 -0.1782
vn -0.0096 0.9985 -0.0539
vn -0.0257 0.9987 0.0430
vn -0.0256 0.9987 0.0430
vn -0.0572 0.9910 0.1210
vn -0.0573 0.9910 0.1210
vn -0.1215 0.9740 0.1912
vn -0.1912 0.9740 0.1215
vn -0.2773 0.9199 0.2773
vn -0.1210 0.9910 0.0573
vn -0.0430 0.9987 0.0257
vn -0.1210 0.9910 0.0572
vn 0.0539 0.9985 0.0096
vn 0.1782 0.9840 0.0022
vn 0.3363 0.9418 -0.0005
vn 0.3363 0.9417 -0.0004
vn 0.4727 0.7437 0.4727
vn 0.4998 0.8025 0.3259
vn 0.3353 0.8804 0.3353
vn 0.3259 0.8025 0.4998
vn 0.5142 0.8328 0.2053
vn 0.3410 0.9173 0.2055
vn 0.5142 0.8327 0.2053
vn 0.5199 0.8464 0.1157
vn 0.3423 0.9327 0.1134
vn 0.5213 0.8515 0.0560
vn 0.3410 0.9385 0.0542
vn 0.5214 0.8530 0.0222
vn 0.3391 0.9405 0.0209
vn 0.5214 0.8533 0.0061
vn 0.3372 0.9414 0.0052
vn 0.2055 0.9173 0.3410
vn 0.2053 0.8328 0.5142
vn 0.2046 0.9572 0.2046
vn 0.2017 0.9733 0.1098
vn 0.2046 0.9572 0.2045
vn 0.3411 0.9385 0.0542
vn 0.1968 0.9792 0.0503
vn 0.1905 0.9815 0.0171
vn 0.1839 0.9829 0.0019
vn 0.2053 0.8327 0.5142
vn 0.1134 0.9327 0.3423
vn 0.1157 0.8464 0.5199
vn 0.2045 0.9572 0.2046
vn 0.1098 0.9733 0.2017
vn 0.2045 0.9573 0.2045
vn 0.1039 0.9891 0.1039
vn 0.0947 0.9946 0.0425
vn 0.0823 0.9966 0.0085
vn 0.0681 0.9977 -0.0065
vn 0.0542 0.9385 0.3410
vn 0.0560 0.8515 0.5213
vn 0.0503 0.9792 0.1968
vn 0.0542 0.9385 0.3411
vn 0.0425 0.9946 0.0947
vn 0.0292 0.9991 0.0292
vn 0.0824 0.9966 0.0085
vn 0.0094 0.9999 -0.0078
vn -0.0157 0.9996 -0.0237
vn 0.0209 0.9405 0.3391
vn 0.0222 0.8530 0.5214
vn 0.0171 0.9815 0.1905
vn 0.0085 0.9966 0.0823
vn -0.0077 0.9999 0.0094
vn 0.0085 0.9966 0.0824
vn -0.0351 0.9988 -0.0351
vn -0.0078 0.9999 0.0094
vn -0.0743 0.9957 -0.0555
vn 0.0052 0.9414 0.3372
vn 0.0061 0.8533 0.5214
vn 0.0019 0.9829 0.1839
vn -0.0065 0.9977 0.0681
vn -0.0237 0.9996 -0.0157
vn -0.0555 0.9957 -0.0743
vn -0.1135 0.9870 -0.1135
vn 0.5773 0.5774 0.5773
vn 0.6921 0.6921 0.2051
vn 0.5198 0.8464 0.1157
vn 0.5218 0.8531 0.0008
vn 0.5214 0.8533 0.0060
vn 0.3363 0.9417 0.0005
vn 0.3363 0.9418 0.0005
vn 0.1782 0.9840 -0.0022
vn 0.0539 0.9985 -0.0096
vn -0.0430 0.9987 -0.0257
vn -0.0430 0.9987 -0.0256
vn -0.1210 0.9910 -0.0572
vn -0.1210 0.9910 -0.0573
vn -0.1912 0.9740 -0.1215
vn -0.2772 0.9199 -0.2773
vn -0.1215 0.9740 -0.1912
vn -0.0573 0.9910 -0.1210
vn -0.0572 0.9910 -0.1210
vn -0.0256 0.9987 -0.0430
vn -0.0257 0.9987 -0.0430
vn -0.0096 0.9985 0.0539
vn -0.0022 0.9840 0.1782
vn 0.0005 0.9418 0.3363
vn 0.0004 0.9417 0.3363
vn 0.0008 0.8531 0.5218
vn 0.0560 0.8516 0.5213
vn 0.1157 0.8464 0.5198
vn 0.0561 0.8515 0.5213
vn 0.2051 0.6921 0.6921
vn 0.1135 0.9870 0.1135
vn 0.0555 0.9957 0.0743
vn 0.0351 0.9988 0.0351
vn 0.0743 0.9957 0.0555
vn 0.0237 0.9996 0.0157
vn 0.0078 0.9999 -0.0094
vn 0.0065 0.9977 -0.0681
vn -0.0085 0.9966 -0.0824
vn -0.0019 0.9829 -0.1839
vn -0.0171 0.9815 -0.1905
vn -0.0085 0.9966 -0.0823
vn -0.0052 0.9414 -0.3372
vn -0.0209 0.9405 -0.3391
vn -0.0060 0.8533 -0.5214
vn -0.0222 0.8530 -0.5214
vn -0.0094 0.9999 0.0078
vn 0.0157 0.9996 0.0237
vn -0.0292 0.9991 -0.0292
vn -0.0425 0.9946 -0.0947
vn -0.0503 0.9792 -0.1968
vn -0.0542 0.9385 -0.3410
vn -0.0560 0.8516 -0.5213
vn -0.0824 0.9966 -0.0085
vn -0.0681 0.9977 0.0065
vn -0.0947 0.9946 -0.0425
vn -0.1039 0.9891 -0.1039
vn -0.1098 0.9733 -0.2017
vn -0.1134 0.9327 -0.3423
vn -0.0560 0.8515 -0.5213
vn -0.1157 0.8464 -0.5199
vn -0.0823 0.9966 -0.0085
vn -0.1905 0.9815 -0.0171
vn -0.1839 0.9829 -0.0019
vn -0.1968 0.9792 -0.0503
vn -0.2017 0.9733 -0.1098
vn -0.2046 0.9572 -0.2046
vn -0.2055 0.9173 -0.3410
vn -0.2045 0.9572 -0.2046
vn -0.2053 0.8328 -0.5142
vn -0.3391 0.9405 -0.0209
vn -0.3372 0.9414 -0.0052
vn -0.3410 0.9385 -0.0542
vn -0.3423 0.9327 -0.1134
vn -0.2046 0.9572 -0.2045
vn -0.3410 0.9173 -0.2055
vn -0.2045 0.9573 -0.2045
vn -0.3353 0.8804 -0.3353
vn -0.3259 0.8025 -0.4998
vn -0.5214 0.8530 -0.0222
vn -0.5214 0.8533 -0.0060
vn -0.5213 0.8516 -0.0560
vn -0.5199 0.8464 -0.1157
vn -0.5213 0.8515 -0.0560
vn -0.5142 0.8327 -0.2053
vn -0.4998 0.8025 -0.3259
vn -0.5142 0.8328 -0.2053
vn -0.4727 0.7437 -0.4727
vn 0.2772 0.9199 0.2773
vn 0.1215 0.9740 0.1912
vn 0.1912 0.9740 0.1215
vn 0.0573 0.9910 0.1210
vn 0.0572 0.9910 0.1210
vn 0.0257 0.9987 0.0430
vn 0.0096 0.9985 -0.0539
vn 0.0022 0.9840 -0.1782
vn -0.0005 0.9418 -0.3363
vn -0.0004 0.9417 -0.3363
vn -0.0008 0.8531 -0.5218
vn -0.0061 0.8533 -0.5214
vn -0.0561 0.8515 -0.5213
vn -0.1157 0.8464 -0.5198
vn -0.2053 0.8327 -0.5142
vn -0.5774 0.5773 -0.5774
vn -0.6921 0.6921 -0.2051
vn -0.5213 0.8515 -0.0561
vn -0.5198 0.8464 -0.1157
vn -0.5218 0.8531 -0.0008
vn -0.5214 0.8533 -0.0061
vn -0.3363 0.9417 -0.0004
vn -0.1782 0.9840 0.0022
vn -0.3363 0.9418 -0.0005
vn -0.0539 0.9985 0.0096
vn 0.0430 0.9987 0.0257
vn 0.1210 0.9910 0.0572
vn 0.1210 0.9910 0.0573
vn -0.0060 0.8533 0.5214
vn -0.0052 0.9414 0.3372
vn -0.0209 0.9405 0.3391
vn -0.0222 0.8530 0.5214
vn -0.0019 0.9829 0.1839
vn -0.0171 0.9815 0.1905
vn 0.0065 0.9977 0.0681
vn -0.0085 0.9966 0.0823
vn 0.0237 0.9996 -0.0157
vn 0.0078 0.9999 0.0094
vn -0.0085 0.9966 0.0824
vn 0.0555 0.9957 -0.0743
vn 0.0351 0.9988 -0.0351
vn 0.1135 0.9870 -0.1135
vn 0.0743 0.9957 -0.0555
vn -0.0542 0.9385 0.3410
vn -0.0560 0.8515 0.5213
vn -0.0503 0.9792 0.1968
vn -0.0425 0.9946 0.0947
vn -0.0292 0.9991 0.0292
vn -0.0094 0.9999 -0.0078
vn 0.0157 0.9996 -0.0237
vn -0.1134 0.9327 0.3423
vn -0.1157 0.8464 0.5199
vn -0.0542 0.9385 0.3411
vn -0.1098 0.9733 0.2017
vn -0.1039 0.9891 0.1040
vn -0.0947 0.9946 0.0425
vn -0.1039 0.9891 0.1039
vn -0.0823 0.9966 0.0085
vn -0.0681 0.9977 -0.0065
vn -0.0824 0.9966 0.0085
vn -0.2055 0.9173 0.3410
vn -0.2053 0.8327 0.5142
vn -0.2045 0.9572 0.2046
vn -0.2017 0.9733 0.1098
vn -0.2046 0.9572 0.2046
vn -0.1968 0.9792 0.0503
vn -0.1905 0.9815 0.0171
vn -0.1839 0.9829 0.0019
vn -0.2053 0.8328 0.5142
vn -0.3353 0.8804 0.3353
vn -0.3259 0.8025 0.4998
vn -0.3410 0.9173 0.2055
vn -0.2046 0.9572 0.2045
vn -0.3423 0.9327 0.1134
vn -0.3411 0.9385 0.0542
vn -0.3391 0.9405 0.0209
vn -0.3410 0.9385 0.0542
vn -0.3372 0.9414 0.0052
vn -0.4998 0.8025 0.3259
vn -0.4727 0.7437 0.4727
vn -0.5142 0.8328 0.2053
vn -0.5199 0.8464 0.1157
vn -0.5213 0.8515 0.0560
vn -0.5214 0.8530 0.0222
vn -0.5213 0.8516 0.0560
vn -0.5214 0.8533 0.0060
vn -0.0008 0.8531 0.5218
vn -0.0061 0.8533 0.5214
vn -0.0004 0.9417 0.3363
vn -0.0005 0.9418 0.3363
vn 0.0022 0.9840 0.1782
vn 0.0096 0.9985 0.0539
vn 0.0257 0.9987 -0.0430
vn 0.0572 0.9910 -0.1210
vn 0.0573 0.9910 -0.1210
vn 0.1215 0.9740 -0.1912
vn 0.2773 0.9199 -0.2772
vn 0.1912 0.9740 -0.1215
vn 0.1210 0.9910 -0.0573
vn 0.1210 0.9910 -0.0572
vn 0.0430 0.9987 -0.0257
vn -0.0539 0.9985 -0.0096
vn -0.1782 0.9840 -0.0022
vn -0.3363 0.9418 0.0005
vn -0.3363 0.9417 0.0005
vn -0.5218 0.8531 0.0008
vn -0.5214 0.8533 0.0061
vn -0.5198 0.8464 0.1157
vn -0.5773 0.5774 0.5773
vn -0.0561 0.8515 0.5213
vn -0.1157 0.8464 0.5198
vn 0.0003 -0.8525 0.5227
vn 0.0003 -0.8519 0.5238
vn 0.0004 -0.9412 0.3379
vn 0.0002 -0.9416 0.3366
vn 0.0002 -0.8513 0.5247
vn 0.0003 -0.9407 0.3392
vn 0.0002 -0.8513 0.5248
vn -0.0000 -0.8510 0.5251
vn -0.0000 -0.9405 0.3398
vn -0.0002 -0.8513 0.5247
vn -0.0003 -0.9407 0.3392
vn -0.0003 -0.8519 0.5238
vn -0.0004 -0.9412 0.3379
vn -0.0003 -0.8526 0.5226
vn -0.0002 -0.9416 0.3366
vn 0.0002 -0.9416 0.3367
vn -0.0008 -0.9851 0.1719
vn -0.0016 -0.9847 0.1743
vn 0.0003 -0.9407 0.3393
vn -0.0003 -0.9853 0.1709
vn -0.0000 -0.9853 0.1706
vn 0.0003 -0.9853 0.1709
vn 0.0008 -0.9851 0.1719
vn -0.0002 -0.9416 0.3367
vn 0.0016 -0.9847 0.1743
vn -0.0016 -0.9847 0.1742
vn -0.0055 -0.9995 0.0307
vn -0.0078 -0.9991 0.0412
vn -0.0029 -0.9997 0.0236
vn -0.0000 -0.9998 0.0210
vn 0.0029 -0.9997 0.0236
vn 0.0054 -0.9995 0.0307
vn 0.0016 -0.9847 0.1742
vn 0.0078 -0.9991 0.0412
vn 0.0055 -0.9995 0.0307
vn -0.0054 -0.9995 0.0308
vn -0.0164 -0.9954 -0.0941
vn -0.0219 -0.9973 -0.0699
vn -0.0091 -0.9937 -0.1116
vn -0.0000 -0.9930 -0.1181
vn -0.0091 -0.9937 -0.1117
vn 0.0091 -0.9937 -0.1117
vn 0.0055 -0.9995 0.0308
vn 0.0164 -0.9954 -0.0941
vn 0.0091 -0.9937 -0.1116
vn 0.0219 -0.9973 -0.0699
vn -0.0219 -0.9973 -0.0698
vn -0.0386 -0.9754 -0.2169
vn -0.0503 -0.9841 -0.1703
vn -0.0214 -0.9678 -0.2508
vn -0.0000 -0.9648 -0.2630
vn 0.0214 -0.9678 -0.2508
vn 0.0386 -0.9754 -0.2169
vn 0.0213 -0.9678 -0.2508
vn 0.0219 -0.9973 -0.0698
vn 0.0503 -0.9841 -0.1703
vn 0.0386 -0.9754 -0.2168
vn -0.0790 -0.9306 -0.3575
vn -0.1056 -0.9550 -0.2771
vn -0.0423 -0.9109 -0.4105
vn -0.0791 -0.9305 -0.3575
vn -0.0000 -0.9034 -0.4288
vn 0.0423 -0.9109 -0.4105
vn 0.0791 -0.9305 -0.3575
vn 0.0423 -0.9108 -0.4106
vn 0.1056 -0.9550 -0.2771
vn 0.0791 -0.9305 -0.3576
vn 0.0001 -0.7071 0.7071
vn 0.0003 -0.8526 0.5226
vn -0.0000 -0.7071 0.7071
vn 0.0002 -0.8518 0.5238
vn -0.0001 -0.7071 0.7071
vn -0.0001 -0.8513 0.5247
vn -0.0003 -0.8525 0.5227
vn -0.0002 -0.8519 0.5238
vn 0.0572 -0.9910 -0.1211
vn 0.2773 -0.9199 -0.2773
vn 0.2054 -0.8812 -0.4258
vn 0.0790 -0.9306 -0.3575
vn 0.1421 -0.8334 -0.5340
vn 0.0423 -0.9109 -0.4106
vn 0.0791 -0.9306 -0.3575
vn 0.1421 -0.8335 -0.5340
vn 0.0724 -0.7990 -0.5969
vn -0.0000 -0.7865 -0.6175
vn -0.0724 -0.7990 -0.5969
vn -0.0791 -0.9305 -0.3576
vn -0.0423 -0.9109 -0.4106
vn -0.1421 -0.8335 -0.5340
vn -0.1421 -0.8334 -0.5340
vn -0.2054 -0.8812 -0.4258
vn -0.2773 -0.9199 -0.2773
vn -0.0573 -0.9910 -0.1211
vn 0.0003 -0.8525 0.5226
vn -0.0003 -0.5226 0.8526
vn -0.0003 -0.5238 0.8519
vn -0.0004 -0.3379 0.9412
vn -0.0002 -0.3367 0.9416
vn -0.0002 -0.5247 0.8513
vn -0.0003 -0.3392 0.9407
vn -0.0000 -0.5251 0.8510
vn -0.0000 -0.3398 0.9405
vn 0.0002 -0.5247 0.8513
vn 0.0003 -0.3392 0.9407
vn 0.0002 -0.5248 0.8513
vn 0.0003 -0.5238 0.8519
vn 0.0004 -0.3379 0.9412
vn 0.0003 -0.5226 0.8526
vn 0.0002 -0.3367 0.9416
vn 0.0008 -0.1719 0.9851
vn 0.0016 -0.1742 0.9847
vn -0.0003 -0.3393 0.9407
vn 0.0003 -0.1709 0.9853
vn -0.0000 -0.1706 0.9853
vn -0.0003 -0.1709 0.9853
vn 0.0003 -0.3393 0.9407
vn -0.0008 -0.1719 0.9851
vn -0.0016 -0.1743 0.9847
vn 0.0055 -0.0307 0.9995
vn 0.0078 -0.0412 0.9991
vn 0.0029 -0.0236 0.9997
vn -0.0000 -0.0210 0.9998
vn -0.0029 -0.0236 0.9997
vn -0.0054 -0.0307 0.9995
vn -0.0016 -0.1742 0.9847
vn -0.0078 -0.0412 0.9991
vn -0.0055 -0.0307 0.9995
vn 0.0054 -0.0308 0.9995
vn 0.0164 0.0941 0.9954
vn 0.0219 0.0699 0.9973
vn 0.0055 -0.0308 0.9995
vn 0.0091 0.1117 0.9937
vn -0.0000 0.1181 0.9930
vn -0.0091 0.1117 0.9937
vn -0.0055 -0.0308 0.9995
vn -0.0164 0.0941 0.9954
vn -0.0054 -0.0308 0.9995
vn -0.0219 0.0699 0.9973
vn 0.0219 0.0698 0.9973
vn 0.0386 0.2169 0.9754
vn 0.0503 0.1703 0.9841
vn 0.0214 0.2508 0.9678
vn -0.0000 0.2630 0.9648
vn -0.0214 0.2508 0.9678
vn -0.0386 0.2169 0.9754
vn -0.0219 0.0698 0.9973
vn -0.0503 0.1704 0.9841
vn -0.0386 0.2168 0.9754
vn 0.0791 0.3575 0.9306
vn 0.1056 0.2771 0.9550
vn 0.0423 0.4106 0.9108
vn 0.0791 0.3575 0.9305
vn 0.0213 0.2508 0.9678
vn -0.0000 0.4288 0.9034
vn 0.0423 0.4105 0.9109
vn -0.0213 0.2508 0.9678
vn -0.0423 0.4105 0.9109
vn -0.0791 0.3575 0.9305
vn -0.0423 0.4106 0.9108
vn -0.0503 0.1703 0.9841
vn -0.1056 0.2771 0.9550
vn -0.0791 0.3576 0.9305
vn -0.0003 -0.5227 0.8525
vn -0.0001 -0.5247 0.8513
vn 0.0001 -0.5247 0.8513
vn 0.0003 -0.5227 0.8525
vn 0.0002 -0.5238 0.8519
vn 0.0004 -0.3363 0.9418
vn -0.0572 0.1211 0.9910
vn -0.2773 0.2773 0.9199
vn -0.2054 0.4258 0.8812
vn -0.0790 0.3575 0.9306
vn -0.1421 0.5340 0.8334
vn -0.0423 0.4106 0.9109
vn -0.0791 0.3575 0.9306
vn -0.1421 0.5340 0.8335
vn -0.0724 0.5969 0.7990
vn -0.0000 0.6176 0.7865
vn 0.0724 0.5969 0.7990
vn 0.0791 0.3576 0.9305
vn 0.0423 0.4106 0.9109
vn 0.1421 0.5340 0.8335
vn 0.0790 0.3575 0.9306
vn 0.1421 0.5340 0.8334
vn 0.2054 0.4258 0.8812
vn 0.2773 0.2773 0.9199
vn 0.0573 0.1211 0.9910
vn -0.0004 -0.3363 0.9418
vn -0.3288 -0.7210 -0.6100
vn -0.2130 -0.6655 -0.7154
vn -0.2705 -0.4488 -0.8517
vn -0.4293 -0.4967 -0.7543
vn -0.1044 -0.6239 -0.7745
vn -0.1296 -0.4126 -0.9017
vn -0.0000 -0.6090 -0.7931
vn -0.0000 -0.3999 -0.9166
vn 0.1044 -0.6239 -0.7745
vn 0.1296 -0.4126 -0.9017
vn 0.2130 -0.6655 -0.7154
vn 0.2705 -0.4488 -0.8517
vn 0.1296 -0.4125 -0.9017
vn 0.3288 -0.7210 -0.6100
vn 0.4293 -0.4967 -0.7543
vn -0.4293 -0.4967 -0.7544
vn -0.3058 -0.2081 -0.9291
vn -0.4911 -0.2304 -0.8401
vn -0.1444 -0.1915 -0.9708
vn -0.1296 -0.4125 -0.9017
vn -0.0000 -0.1858 -0.9826
vn 0.1444 -0.1915 -0.9708
vn 0.3058 -0.2081 -0.9291
vn 0.4293 -0.4966 -0.7544
vn 0.4911 -0.2304 -0.8401
vn -0.3154 0.0305 -0.9485
vn -0.5073 0.0396 -0.8609
vn -0.1485 0.0220 -0.9887
vn -0.1444 -0.1914 -0.9708
vn -0.0000 0.0186 -0.9998
vn 0.1444 -0.1914 -0.9708
vn 0.1485 0.0220 -0.9887
vn 0.3154 0.0305 -0.9485
vn 0.5073 0.0396 -0.8609
vn -0.3051 0.2420 -0.9211
vn -0.4871 0.2726 -0.8297
vn -0.1485 0.0221 -0.9887
vn -0.1446 0.2163 -0.9656
vn -0.0000 0.2065 -0.9785
vn 0.1446 0.2163 -0.9656
vn 0.1485 0.0221 -0.9887
vn 0.3051 0.2420 -0.9211
vn 0.4871 0.2726 -0.8297
vn -0.4871 0.2727 -0.8297
vn -0.3050 0.2420 -0.9211
vn -0.2853 0.4161 -0.8634
vn -0.4507 0.4489 -0.7716
vn -0.1446 0.2162 -0.9656
vn -0.1368 0.3900 -0.9106
vn -0.0000 0.3805 -0.9248
vn -0.1369 0.3900 -0.9106
vn 0.1369 0.3900 -0.9106
vn 0.1446 0.2162 -0.9656
vn 0.3050 0.2420 -0.9211
vn 0.2853 0.4161 -0.8634
vn 0.1368 0.3900 -0.9106
vn 0.4507 0.4489 -0.7716
vn -0.2697 0.5589 -0.7842
vn -0.4238 0.5662 -0.7069
vn -0.1305 0.5511 -0.8242
vn -0.0000 0.5481 -0.8364
vn -0.1306 0.5511 -0.8242
vn 0.1306 0.5511 -0.8242
vn 0.2697 0.5589 -0.7842
vn 0.1305 0.5511 -0.8242
vn 0.4238 0.5662 -0.7069
vn -0.4670 -0.7509 -0.4670
vn -0.0000 -0.7865 -0.6176
vn 0.3287 -0.7210 -0.6100
vn 0.4670 -0.7509 -0.4670
vn 0.6032 -0.5217 -0.6032
vn 0.6860 -0.2422 -0.6860
vn 0.4910 -0.2304 -0.8401
vn 0.6861 -0.2422 -0.6860
vn 0.7064 0.0438 -0.7064
vn 0.5072 0.0396 -0.8609
vn 0.7064 0.0439 -0.7064
vn 0.6772 0.2877 -0.6772
vn 0.4872 0.2726 -0.8297
vn 0.6258 0.4657 -0.6257
vn 0.6258 0.4657 -0.6258
vn 0.5813 0.5693 -0.5813
vn 0.4197 0.6418 -0.6418
vn 0.2649 0.6818 -0.6818
vn 0.1306 0.5510 -0.8242
vn 0.1286 0.7012 -0.7012
vn -0.0000 0.7071 -0.7071
vn -0.1286 0.7012 -0.7012
vn -0.1305 0.5510 -0.8242
vn -0.2649 0.6818 -0.6818
vn -0.4197 0.6418 -0.6418
vn -0.5813 0.5693 -0.5813
vn -0.5774 0.5773 -0.5773
vn -0.6258 0.4657 -0.6258
vn -0.6772 0.2877 -0.6772
vn -0.6258 0.4657 -0.6257
vn -0.7064 0.0439 -0.7064
vn -0.5072 0.0396 -0.8609
vn -0.4872 0.2726 -0.8297
vn -0.6861 -0.2422 -0.6860
vn -0.4910 -0.2304 -0.8401
vn -0.6032 -0.5217 -0.6032
vn -0.6860 -0.2422 -0.6860
vn -0.3288 0.6100 0.7210
vn -0.4293 0.7543 0.4967
vn -0.2705 0.8517 0.4488
vn -0.2130 0.7154 0.6655
vn -0.4293 0.7544 0.4966
vn -0.4911 0.8401 0.2304
vn -0.3058 0.9291 0.2081
vn -0.5073 0.8609 -0.0396
vn -0.3154 0.9485 -0.0305
vn -0.4871 0.8297 -0.2727
vn -0.3051 0.9211 -0.2420
vn -0.4871 0.8297 -0.2726
vn -0.4507 0.7716 -0.4489
vn -0.2853 0.8634 -0.4161
vn -0.4238 0.7069 -0.5662
vn -0.2697 0.7842 -0.5589
vn -0.1296 0.9017 0.4125
vn -0.1044 0.7745 0.6239
vn -0.1444 0.9708 0.1915
vn -0.1296 0.9017 0.4126
vn -0.1485 0.9887 -0.0220
vn -0.1446 0.9656 -0.2163
vn -0.1485 0.9887 -0.0221
vn -0.3050 0.9211 -0.2420
vn -0.1368 0.9106 -0.3900
vn -0.1305 0.8242 -0.5511
vn -0.1369 0.9106 -0.3900
vn -0.0000 0.9166 0.3999
vn -0.0000 0.7931 0.6090
vn -0.0000 0.9826 0.1858
vn -0.1444 0.9708 0.1914
vn -0.0000 0.9998 -0.0186
vn -0.1446 0.9656 -0.2162
vn -0.0000 0.9785 -0.2065
vn -0.0000 0.9248 -0.3805
vn -0.1306 0.8242 -0.5511
vn -0.0000 0.8364 -0.5481
vn 0.1296 0.9017 0.4126
vn 0.1044 0.7745 0.6239
vn 0.1444 0.9708 0.1915
vn 0.1485 0.9887 -0.0221
vn 0.1444 0.9708 0.1914
vn 0.1446 0.9656 -0.2162
vn 0.1485 0.9887 -0.0220
vn 0.1369 0.9106 -0.3900
vn 0.1446 0.9656 -0.2163
vn 0.1306 0.8242 -0.5511
vn 0.2705 0.8517 0.4488
vn 0.2130 0.7154 0.6655
vn 0.3058 0.9291 0.2081
vn 0.3154 0.9485 -0.0305
vn 0.3051 0.9211 -0.2420
vn 0.1368 0.9106 -0.3900
vn 0.2853 0.8634 -0.4161
vn 0.3050 0.9211 -0.2420
vn 0.1305 0.8242 -0.5511
vn 0.2697 0.7842 -0.5589
vn 0.4293 0.7543 0.4967
vn 0.3288 0.6100 0.7210
vn 0.4910 0.8401 0.2304
vn 0.4293 0.7544 0.4967
vn 0.5073 0.8609 -0.0396
vn 0.4911 0.8401 0.2304
vn 0.4871 0.8297 -0.2726
vn 0.4507 0.7716 -0.4489
vn 0.4238 0.7069 -0.5662
vn -0.4670 0.4670 0.7509
vn -0.6032 0.6032 0.5217
vn -0.6860 0.6860 0.2422
vn -0.4910 0.8401 0.2304
vn -0.6861 0.6860 0.2422
vn -0.7064 0.7064 -0.0438
vn -0.7064 0.7064 -0.0439
vn -0.6772 0.6772 -0.2877
vn -0.4872 0.8297 -0.2726
vn -0.5072 0.8609 -0.0396
vn -0.6258 0.6257 -0.4657
vn -0.6258 0.6258 -0.4657
vn -0.5813 0.5813 -0.5693
vn -0.1306 0.8242 -0.5510
vn 0.1306 0.8242 -0.5510
vn 0.5813 0.5813 -0.5693
vn 0.6258 0.6258 -0.4657
vn 0.6258 0.6257 -0.4657
vn 0.6772 0.6772 -0.2877
vn 0.5072 0.8609 -0.0396
vn 0.4872 0.8297 -0.2726
vn 0.7064 0.7064 -0.0439
vn 0.6860 0.6860 0.2422
vn 0.6032 0.6032 0.5217
vn 0.4670 0.4670 0.7509
vn 0.3287 0.6100 0.7210
vn 0.0003 0.8525 -0.5227
vn 0.0003 0.8519 -0.5238
vn 0.0004 0.9412 -0.3379
vn 0.0002 0.9416 -0.3366
vn 0.0002 0.8513 -0.5247
vn 0.0003 0.9407 -0.3392
vn 0.0002 0.8513 -0.5248
vn -0.0000 0.8510 -0.5251
vn -0.0000 0.9405 -0.3398
vn -0.0002 0.8513 -0.5247
vn -0.0003 0.9407 -0.3392
vn -0.0003 0.8519 -0.5238
vn -0.0004 0.9412 -0.3379
vn -0.0003 0.8525 -0.5227
vn -0.0002 0.9416 -0.3366
vn -0.0008 0.9851 -0.1719
vn -0.0016 0.9847 -0.1743
vn 0.0003 0.9407 -0.3393
vn -0.0003 0.9853 -0.1709
vn -0.0000 0.9853 -0.1706
vn 0.0003 0.9853 -0.1709
vn -0.0003 0.9407 -0.3393
vn 0.0008 0.9851 -0.1719
vn 0.0016 0.9847 -0.1743
vn -0.0016 0.9847 -0.1742
vn -0.0055 0.9995 -0.0307
vn -0.0078 0.9991 -0.0412
vn -0.0029 0.9997 -0.0236
vn -0.0054 0.9995 -0.0307
vn -0.0000 0.9998 -0.0210
vn 0.0029 0.9997 -0.0236
vn 0.0055 0.9995 -0.0307
vn 0.0016 0.9847 -0.1742
vn 0.0078 0.9991 -0.0412
vn -0.0054 0.9995 -0.0308
vn -0.0164 0.9954 0.0941
vn -0.0219 0.9973 0.0699
vn -0.0091 0.9937 0.1117
vn -0.0000 0.9998 -0.0211
vn -0.0000 0.9930 0.1181
vn 0.0091 0.9937 0.1117
vn 0.0055 0.9995 -0.0308
vn 0.0164 0.9954 0.0941
vn 0.0091 0.9937 0.1116
vn 0.0219 0.9973 0.0699
vn -0.0219 0.9973 0.0698
vn -0.0386 0.9754 0.2168
vn -0.0503 0.9841 0.1704
vn -0.0214 0.9678 0.2508
vn -0.0386 0.9754 0.2169
vn -0.0000 0.9648 0.2630
vn 0.0214 0.9678 0.2508
vn 0.0386 0.9754 0.2169
vn 0.0219 0.9973 0.0698
vn 0.0503 0.9841 0.1703
vn -0.0503 0.9841 0.1703
vn -0.0790 0.9306 0.3575
vn -0.1056 0.9550 0.2771
vn -0.0423 0.9108 0.4106
vn -0.0791 0.9305 0.3575
vn -0.0213 0.9678 0.2508
vn -0.0000 0.9034 0.4288
vn -0.0423 0.9109 0.4105
vn 0.0213 0.9678 0.2508
vn 0.0423 0.9109 0.4105
vn 0.0791 0.9305 0.3575
vn 0.0423 0.9108 0.4106
vn 0.1056 0.9550 0.2771
vn 0.0790 0.9306 0.3575
vn 0.0001 0.7071 -0.7071
vn 0.0003 0.8526 -0.5226
vn 0.0002 0.8518 -0.5238
vn 0.0001 0.8513 -0.5247
vn -0.0001 0.7071 -0.7071
vn -0.0003 0.8518 -0.5238
vn -0.0001 0.8513 -0.5247
vn -0.0002 0.8519 -0.5238
vn -0.0003 0.8526 -0.5226
vn -0.0003 0.8525 -0.5226
vn -0.0004 0.9418 -0.3363
vn 0.0573 0.9910 0.1211
vn 0.2773 0.9199 0.2773
vn 0.2054 0.8812 0.4258
vn 0.1421 0.8334 0.5340
vn 0.0423 0.9109 0.4106
vn 0.0791 0.9305 0.3576
vn 0.1421 0.8335 0.5340
vn 0.0724 0.7990 0.5969
vn -0.0000 0.7865 0.6176
vn -0.0000 0.7865 0.6175
vn -0.0724 0.7990 0.5969
vn -0.0791 0.9306 0.3575
vn -0.0423 0.9109 0.4106
vn -0.1421 0.8335 0.5340
vn -0.1421 0.8334 0.5340
vn -0.2054 0.8812 0.4258
vn -0.0572 0.9910 0.1211
vn 0.0003 0.8525 -0.5226
vn 0.0004 0.9418 -0.3363
vn 0.0003 0.5226 -0.8526
vn 0.0002 0.3366 -0.9416
vn 0.0004 0.3379 -0.9412
vn 0.0003 0.5238 -0.8519
vn 0.0002 0.3367 -0.9416
vn -0.0016 0.1743 -0.9847
vn -0.0008 0.1719 -0.9851
vn -0.0016 0.1742 -0.9847
vn -0.0078 0.0412 -0.9991
vn -0.0055 0.0307 -0.9995
vn -0.0219 -0.0699 -0.9973
vn -0.0164 -0.0941 -0.9954
vn -0.0055 0.0308 -0.9995
vn -0.0219 -0.0698 -0.9973
vn -0.0503 -0.1703 -0.9841
vn -0.0386 -0.2168 -0.9754
vn -0.1056 -0.2771 -0.9550
vn -0.0790 -0.3575 -0.9306
vn 0.0003 0.3392 -0.9407
vn 0.0002 0.5247 -0.8513
vn -0.0003 0.1709 -0.9853
vn 0.0003 0.3393 -0.9407
vn -0.0054 0.0307 -0.9995
vn -0.0029 0.0236 -0.9997
vn -0.0091 -0.1116 -0.9937
vn -0.0386 -0.2169 -0.9754
vn -0.0213 -0.2508 -0.9678
vn -0.0791 -0.3575 -0.9305
vn -0.0423 -0.4106 -0.9109
vn -0.0214 -0.2508 -0.9678
vn -0.0000 0.3398 -0.9405
vn -0.0000 0.5251 -0.8510
vn -0.0000 0.1706 -0.9853
vn -0.0000 0.0210 -0.9998
vn -0.0091 -0.1117 -0.9937
vn -0.0000 -0.1181 -0.9930
vn -0.0000 -0.2630 -0.9648
vn -0.0423 -0.4105 -0.9109
vn -0.0000 -0.4288 -0.9034
vn -0.0003 0.3392 -0.9407
vn -0.0002 0.5247 -0.8513
vn 0.0003 0.1709 -0.9853
vn 0.0029 0.0236 -0.9997
vn -0.0000 0.0211 -0.9998
vn 0.0091 -0.1117 -0.9937
vn 0.0214 -0.2508 -0.9678
vn 0.0423 -0.4105 -0.9109
vn -0.0002 0.5248 -0.8513
vn -0.0004 0.3379 -0.9412
vn -0.0003 0.5238 -0.8519
vn -0.0003 0.3393 -0.9407
vn 0.0008 0.1719 -0.9851
vn 0.0055 0.0307 -0.9995
vn 0.0091 -0.1116 -0.9937
vn 0.0164 -0.0941 -0.9954
vn 0.0054 0.0307 -0.9995
vn 0.0386 -0.2169 -0.9754
vn 0.0165 -0.0941 -0.9954
vn 0.0423 -0.4106 -0.9109
vn 0.0791 -0.3575 -0.9306
vn -0.0002 0.3366 -0.9416
vn -0.0003 0.5227 -0.8525
vn 0.0016 0.1743 -0.9847
vn -0.0002 0.3367 -0.9416
vn 0.0078 0.0412 -0.9991
vn 0.0016 0.1742 -0.9847
vn 0.0054 0.0308 -0.9995
vn 0.0219 -0.0699 -0.9973
vn 0.0503 -0.1703 -0.9841
vn 0.0219 -0.0698 -0.9973
vn 0.1056 -0.2771 -0.9550
vn 0.0003 0.5227 -0.8525
vn 0.0004 0.3363 -0.9418
vn -0.0572 -0.1211 -0.9910
vn -0.1215 -0.1911 -0.9740
vn -0.2773 -0.2773 -0.9199
vn -0.2054 -0.4258 -0.8812
vn -0.1421 -0.5340 -0.8334
vn -0.0791 -0.3576 -0.9305
vn -0.1421 -0.5340 -0.8335
vn -0.0724 -0.5969 -0.7990
vn -0.0000 -0.6176 -0.7865
vn 0.0724 -0.5969 -0.7990
vn 0.1421 -0.5340 -0.8335
vn 0.0791 -0.3576 -0.9305
vn 0.0790 -0.3575 -0.9306
vn 0.1421 -0.5340 -0.8334
vn 0.2054 -0.4258 -0.8812
vn 0.2773 -0.2773 -0.9199
vn 0.0573 -0.1211 -0.9910
vn -0.0004 0.3363 -0.9418
vn -0.0003 0.5226 -0.8526
vn -0.0002 0.5238 -0.8519
vn -0.0001 0.5248 -0.8513
vn 0.0001 0.5247 -0.8513
vn 0.0002 0.5238 -0.8519
vn -0.3288 0.7210 0.6100
vn -0.2130 0.6655 0.7154
vn -0.2705 0.4488 0.8517
vn -0.4293 0.4967 0.7543
vn -0.1044 0.6239 0.7745
vn -0.1296 0.4125 0.9017
vn -0.0000 0.6090 0.7931
vn -0.0000 0.3999 0.9166
vn -0.1296 0.4126 0.9017
vn 0.1044 0.6239 0.7745
vn 0.1296 0.4126 0.9017
vn 0.2130 0.6655 0.7154
vn 0.2705 0.4488 0.8517
vn 0.1296 0.4125 0.9017
vn 0.3288 0.7210 0.6100
vn 0.4293 0.4967 0.7543
vn -0.4293 0.4966 0.7544
vn -0.3058 0.2081 0.9291
vn -0.4911 0.2304 0.8401
vn -0.1444 0.1915 0.9708
vn -0.0000 0.1858 0.9826
vn 0.1444 0.1915 0.9708
vn 0.3058 0.2081 0.9291
vn 0.4293 0.4967 0.7544
vn 0.4911 0.2304 0.8401
vn -0.3154 -0.0305 0.9485
vn -0.5073 -0.0396 0.8609
vn -0.1485 -0.0220 0.9887
vn -0.1444 0.1914 0.9708
vn -0.0000 -0.0186 0.9998
vn 0.1444 0.1914 0.9708
vn 0.1485 -0.0220 0.9887
vn 0.3154 -0.0305 0.9485
vn 0.5073 -0.0396 0.8609
vn -0.3051 -0.2420 0.9211
vn -0.4871 -0.2726 0.8297
vn -0.1485 -0.0221 0.9887
vn -0.1446 -0.2163 0.9656
vn -0.0000 -0.2065 0.9785
vn 0.1446 -0.2163 0.9656
vn 0.1485 -0.0221 0.9887
vn 0.3051 -0.2420 0.9211
vn 0.4871 -0.2726 0.8297
vn -0.4871 -0.2727 0.8297
vn -0.3050 -0.2420 0.9211
vn -0.2853 -0.4161 0.8634
vn -0.4507 -0.4489 0.7716
vn -0.1446 -0.2162 0.9656
vn -0.1368 -0.3900 0.9106
vn -0.0000 -0.3805 0.9248
vn -0.1369 -0.3900 0.9106
vn 0.1369 -0.3900 0.9106
vn 0.3050 -0.2420 0.9211
vn 0.2853 -0.4161 0.8634
vn 0.1368 -0.3900 0.9106
vn 0.4507 -0.4489 0.7716
vn -0.2853 -0.4160 0.8634
vn -0.2697 -0.5589 0.7842
vn -0.4238 -0.5662 0.7069
vn -0.1305 -0.5511 0.8242
vn -0.0000 -0.5481 0.8364
vn -0.1306 -0.5511 0.8242
vn 0.1306 -0.5511 0.8242
vn 0.2697 -0.5589 0.7842
vn 0.1305 -0.5511 0.8242
vn 0.4238 -0.5662 0.7070
vn -0.4670 0.7509 0.4670
vn 0.4670 0.7509 0.4670
vn 0.6032 0.5217 0.6032
vn 0.6860 0.2422 0.6860
vn 0.4910 0.2304 0.8401
vn 0.6861 0.2422 0.6860
vn 0.7064 -0.0438 0.7064
vn 0.5072 -0.0396 0.8609
vn 0.7064 -0.0439 0.7064
vn 0.6772 -0.2877 0.6772
vn 0.4872 -0.2726 0.8297
vn 0.6258 -0.4657 0.6257
vn 0.6258 -0.4657 0.6258
vn 0.5813 -0.5693 0.5813
vn 0.4238 -0.5662 0.7069
vn 0.5774 -0.5773 0.5773
vn 0.4197 -0.6418 0.6418
vn 0.2649 -0.6818 0.6818
vn 0.1305 -0.5510 0.8242
vn 0.1286 -0.7012 0.7012
vn -0.1286 -0.7012 0.7012
vn -0.1306 -0.5510 0.8242
vn -0.2649 -0.6818 0.6818
vn -0.4238 -0.5663 0.7069
vn -0.4197 -0.6418 0.6418
vn -0.5813 -0.5693 0.5813
vn -0.5774 -0.5773 0.5773
vn -0.6258 -0.4657 0.6258
vn -0.6772 -0.2877 0.6772
vn -0.6258 -0.4657 0.6257
vn -0.7064 -0.0439 0.7064
vn -0.5072 -0.0396 0.8609
vn -0.4872 -0.2726 0.8297
vn -0.6861 0.2422 0.6860
vn -0.4910 0.2304 0.8401
vn -0.6032 0.5217 0.6032
vn -0.6860 0.2422 0.6860
vn -0.3288 -0.6100 -0.7210
vn -0.4293 -0.7543 -0.4967
vn -0.2705 -0.8517 -0.4488
vn -0.2130 -0.7154 -0.6655
vn -0.4293 -0.7544 -0.4967
vn -0.4910 -0.8401 -0.2304
vn -0.3058 -0.9291 -0.2081
vn -0.4911 -0.8401 -0.2304
vn -0.5073 -0.8609 0.0396
vn -0.3154 -0.9485 0.0305
vn -0.4871 -0.8297 0.2726
vn -0.3051 -0.9211 0.2420
vn -0.4507 -0.7716 0.4489
vn -0.2853 -0.8634 0.4161
vn -0.4238 -0.7069 0.5662
vn -0.2697 -0.7842 0.5589
vn -0.1296 -0.9017 -0.4126
vn -0.1044 -0.7745 -0.6239
vn -0.1444 -0.9708 -0.1915
vn -0.1485 -0.9887 0.0220
vn -0.1446 -0.9656 0.2163
vn -0.1485 -0.9887 0.0221
vn -0.3050 -0.9211 0.2420
vn -0.1368 -0.9106 0.3900
vn -0.1305 -0.8242 0.5511
vn -0.1369 -0.9106 0.3900
vn -0.0000 -0.9166 -0.3999
vn -0.0000 -0.7931 -0.6090
vn -0.0000 -0.9826 -0.1858
vn -0.0000 -0.9998 0.0186
vn -0.1446 -0.9656 0.2162
vn -0.0000 -0.9785 0.2065
vn -0.0000 -0.9248 0.3805
vn -0.1306 -0.8242 0.5511
vn -0.0000 -0.8364 0.5481
vn 0.1296 -0.9017 -0.4126
vn 0.1044 -0.7745 -0.6239
vn 0.1444 -0.9708 -0.1915
vn 0.1485 -0.9887 0.0221
vn 0.1446 -0.9656 0.2163
vn 0.1485 -0.9887 0.0220
vn 0.1369 -0.9106 0.3900
vn -0.0000 -0.8364 0.5480
vn 0.1306 -0.8242 0.5511
vn 0.2705 -0.8517 -0.4488
vn 0.2130 -0.7154 -0.6655
vn 0.3058 -0.9291 -0.2081
vn 0.3154 -0.9485 0.0305
vn 0.3051 -0.9211 0.2420
vn 0.1368 -0.9106 0.3900
vn 0.2853 -0.8634 0.4161
vn 0.3050 -0.9211 0.2420
vn 0.1305 -0.8242 0.5511
vn 0.2697 -0.7842 0.5589
vn 0.4293 -0.7543 -0.4967
vn 0.3288 -0.6100 -0.7210
vn 0.4910 -0.8401 -0.2304
vn 0.4293 -0.7544 -0.4967
vn 0.5073 -0.8609 0.0396
vn 0.4911 -0.8401 -0.2304
vn 0.4871 -0.8297 0.2726
vn 0.4507 -0.7716 0.4489
vn 0.4238 -0.7069 0.5662
vn -0.4670 -0.4670 -0.7509
vn -0.6032 -0.6032 -0.5217
vn -0.6861 -0.6860 -0.2422
vn -0.6860 -0.6860 -0.2422
vn -0.7064 -0.7064 0.0439
vn -0.6772 -0.6772 0.2877
vn -0.4872 -0.8297 0.2726
vn -0.5072 -0.8609 0.0396
vn -0.6258 -0.6257 0.4657
vn -0.6258 -0.6258 0.4657
vn -0.5813 -0.5813 0.5693
vn -0.1306 -0.8242 0.5510
vn 0.1306 -0.8242 0.5510
vn 0.5813 -0.5813 0.5693
vn 0.6258 -0.6258 0.4657
vn 0.6258 -0.6257 0.4657
vn 0.6772 -0.6772 0.2877
vn 0.5072 -0.8609 0.0396
vn 0.4872 -0.8297 0.2726
vn 0.7064 -0.7064 0.0439
vn 0.6860 -0.6860 -0.2422
vn 0.6032 -0.6032 -0.5217
vn 0.4670 -0.4670 -0.7509
vn 0.3287 -0.6100 -0.7210
vn 0.0003 -0.8525 -0.5227
vn 0.0002 -0.9416 -0.3366
vn 0.0004 -0.9412 -0.3379
vn 0.0003 -0.8519 -0.5238
vn 0.0002 -0.9416 -0.3367
vn -0.0016 -0.9847 -0.1742
vn -0.0008 -0.9851 -0.1719
vn -0.0078 -0.9991 -0.0412
vn -0.0055 -0.9995 -0.0307
vn -0.0008 -0.9851 -0.1720
vn -0.0219 -0.9973 0.0699
vn -0.0164 -0.9954 0.0941
vn -0.0055 -0.9995 -0.0308
vn -0.0219 -0.9973 0.0698
vn -0.0503 -0.9841 0.1704
vn -0.0386 -0.9754 0.2168
vn -0.0503 -0.9841 0.1703
vn -0.1056 -0.9550 0.2771
vn -0.0790 -0.9306 0.3575
vn 0.0003 -0.9407 -0.3392
vn 0.0002 -0.8513 -0.5248
vn -0.0003 -0.9853 -0.1709
vn 0.0003 -0.9407 -0.3393
vn -0.0029 -0.9997 -0.0236
vn -0.0054 -0.9995 -0.0308
vn -0.0091 -0.9937 0.1116
vn -0.0386 -0.9754 0.2169
vn -0.0214 -0.9678 0.2508
vn -0.0791 -0.9306 0.3575
vn -0.0423 -0.9109 0.4106
vn -0.0000 -0.9405 -0.3398
vn -0.0000 -0.8510 -0.5251
vn -0.0000 -0.9853 -0.1707
vn -0.0000 -0.9998 -0.0210
vn -0.0000 -0.9853 -0.1706
vn -0.0091 -0.9937 0.1117
vn -0.0000 -0.9930 0.1181
vn -0.0000 -0.9648 0.2630
vn -0.0423 -0.9109 0.4105
vn -0.0000 -0.9034 0.4288
vn -0.0003 -0.9407 -0.3392
vn -0.0002 -0.8513 -0.5247
vn 0.0003 -0.9853 -0.1709
vn 0.0029 -0.9997 -0.0236
vn 0.0091 -0.9937 0.1117
vn 0.0214 -0.9678 0.2508
vn 0.0091 -0.9937 0.1116
vn 0.0423 -0.9109 0.4105
vn -0.0004 -0.9412 -0.3379
vn -0.0003 -0.8519 -0.5238
vn -0.0003 -0.9407 -0.3393
vn 0.0008 -0.9851 -0.1719
vn 0.0055 -0.9995 -0.0307
vn 0.0164 -0.9954 0.0941
vn 0.0055 -0.9995 -0.0308
vn 0.0386 -0.9754 0.2169
vn 0.0213 -0.9678 0.2508
vn 0.0423 -0.9108 0.4106
vn 0.0791 -0.9305 0.3575
vn -0.0002 -0.9416 -0.3366
vn -0.0003 -0.8525 -0.5227
vn 0.0016 -0.9847 -0.1742
vn -0.0002 -0.9416 -0.3367
vn 0.0078 -0.9991 -0.0412
vn 0.0054 -0.9995 -0.0308
vn 0.0219 -0.9973 0.0699
vn 0.0503 -0.9841 0.1703
vn 0.0219 -0.9973 0.0698
vn 0.0790 -0.9306 0.3575
vn 0.1056 -0.9550 0.2771
vn 0.0003 -0.8526 -0.5226
vn 0.0001 -0.7071 -0.7071
vn 0.0004 -0.9418 -0.3363
vn -0.0573 -0.9910 0.1211
vn -0.1215 -0.9740 0.1911
vn -0.2773 -0.9199 0.2773
vn -0.2054 -0.8812 0.4258
vn -0.1421 -0.8334 0.5340
vn -0.1421 -0.8335 0.5340
vn -0.0724 -0.7990 0.5969
vn -0.0000 -0.7865 0.6176
vn 0.0724 -0.7990 0.5969
vn 0.0423 -0.9109 0.4106
vn 0.1421 -0.8335 0.5340
vn 0.0791 -0.9305 0.3576
vn 0.1421 -0.8334 0.5340
vn 0.2054 -0.8812 0.4258
vn 0.2773 -0.9199 0.2773
vn 0.0572 -0.9910 0.1211
vn -0.0004 -0.9418 -0.3363
vn -0.0003 -0.8525 -0.5226
vn -0.0001 -0.7071 -0.7071
vn -0.0003 -0.8526 -0.5226
vn -0.0000 -0.7071 -0.7071
vn -0.0001 -0.8513 -0.5248
vn 0.0002 -0.8513 -0.5247
vn 0.0001 -0.8513 -0.5247
vn 0.0003 -0.5226 -0.8526
vn 0.0003 -0.5238 -0.8519
vn 0.0004 -0.3379 -0.9412
vn 0.0002 -0.3366 -0.9416
vn 0.0002 -0.5247 -0.8513
vn 0.0003 -0.3392 -0.9407
vn 0.0002 -0.5248 -0.8513
vn -0.0000 -0.5251 -0.8510
vn -0.0000 -0.3398 -0.9405
vn -0.0002 -0.5248 -0.8513
vn -0.0003 -0.3392 -0.9407
vn -0.0002 -0.5247 -0.8513
vn -0.0003 -0.5238 -0.8519
vn -0.0004 -0.3379 -0.9412
vn -0.0003 -0.5226 -0.8526
vn -0.0002 -0.3366 -0.9416
vn 0.0002 -0.3367 -0.9416
vn -0.0008 -0.1719 -0.9851
vn -0.0016 -0.1743 -0.9847
vn 0.0003 -0.3393 -0.9407
vn -0.0003 -0.1709 -0.9853
vn -0.0000 -0.1706 -0.9853
vn 0.0003 -0.1709 -0.9853
vn -0.0003 -0.3393 -0.9407
vn 0.0008 -0.1719 -0.9851
vn -0.0002 -0.3367 -0.9416
vn 0.0016 -0.1743 -0.9847
vn -0.0016 -0.1742 -0.9847
vn -0.0055 -0.0307 -0.9995
vn -0.0078 -0.0412 -0.9991
vn -0.0029 -0.0236 -0.9997
vn -0.0000 -0.0210 -0.9998
vn 0.0029 -0.0236 -0.9997
vn 0.0055 -0.0307 -0.9995
vn 0.0016 -0.1742 -0.9847
vn 0.0078 -0.0412 -0.9991
vn -0.0054 -0.0308 -0.9995
vn -0.0164 0.0941 -0.9954
vn -0.0219 0.0699 -0.9973
vn -0.0091 0.1116 -0.9937
vn -0.0000 0.1181 -0.9930
vn -0.0091 0.1117 -0.9937
vn 0.0091 0.1117 -0.9937
vn 0.0055 -0.0308 -0.9995
vn 0.0164 0.0941 -0.9954
vn 0.0091 0.1116 -0.9937
vn 0.0219 0.0699 -0.9973
vn -0.0219 0.0698 -0.9973
vn -0.0386 0.2169 -0.9754
vn -0.0503 0.1703 -0.9841
vn -0.0214 0.2508 -0.9678
vn -0.0000 0.2630 -0.9648
vn 0.0214 0.2508 -0.9678
vn 0.0386 0.2169 -0.9754
vn 0.0219 0.0698 -0.9973
vn 0.0503 0.1703 -0.9841
vn -0.0790 0.3575 -0.9306
vn -0.1056 0.2771 -0.9550
vn -0.0423 0.4106 -0.9108
vn -0.0791 0.3575 -0.9305
vn -0.0000 0.4288 -0.9034
vn -0.0423 0.4105 -0.9109
vn 0.0423 0.4105 -0.9109
vn 0.0791 0.3575 -0.9305
vn 0.1056 0.2771 -0.9550
vn 0.0790 0.3575 -0.9306
vn 0.0003 -0.5227 -0.8525
vn 0.0002 -0.5238 -0.8519
vn 0.0001 -0.5247 -0.8513
vn -0.0001 -0.5247 -0.8513
vn -0.0003 -0.5227 -0.8525
vn -0.0003 -0.5226 -0.8525
vn -0.0004 -0.3363 -0.9418
vn 0.0573 0.1211 -0.9910
vn 0.2773 0.2773 -0.9199
vn 0.2054 0.4258 -0.8812
vn 0.1421 0.5340 -0.8334
vn 0.0423 0.4106 -0.9109
vn 0.1421 0.5340 -0.8335
vn 0.0724 0.5969 -0.7990
vn -0.0000 0.6175 -0.7865
vn -0.0000 0.6176 -0.7865
vn -0.0724 0.5969 -0.7990
vn -0.0791 0.3576 -0.9305
vn -0.0423 0.4106 -0.9109
vn -0.1421 0.5340 -0.8335
vn -0.1421 0.5340 -0.8334
vn -0.2054 0.4258 -0.8812
vn -0.2773 0.2773 -0.9199
vn -0.0573 0.1211 -0.9910
vn 0.0004 -0.3363 -0.9418
vn 0.0003 -0.5226 -0.8525
vn -0.3288 0.6100 -0.7210
vn -0.2130 0.7154 -0.6655
vn -0.2705 0.8517 -0.4488
vn -0.4293 0.7543 -0.4967
vn -0.1044 0.7745 -0.6239
vn -0.1296 0.9017 -0.4125
vn -0.0000 0.7931 -0.6090
vn -0.0000 0.9166 -0.3999
vn -0.1296 0.9017 -0.4126
vn 0.1044 0.7745 -0.6239
vn 0.1296 0.9017 -0.4126
vn 0.2130 0.7154 -0.6655
vn 0.2705 0.8517 -0.4488
vn 0.1296 0.9017 -0.4125
vn 0.3288 0.6100 -0.7210
vn 0.4293 0.7543 -0.4967
vn -0.4293 0.7544 -0.4967
vn -0.3058 0.9291 -0.2081
vn -0.4911 0.8401 -0.2304
vn -0.1444 0.9708 -0.1915
vn -0.0000 0.9826 -0.1858
vn 0.1444 0.9708 -0.1915
vn 0.3058 0.9291 -0.2081
vn 0.4293 0.7544 -0.4967
vn 0.4911 0.8401 -0.2304
vn -0.3154 0.9485 0.0305
vn -0.5073 0.8609 0.0396
vn -0.1485 0.9887 0.0220
vn -0.1444 0.9708 -0.1914
vn -0.0000 0.9998 0.0186
vn -0.1485 0.9887 0.0221
vn 0.1444 0.9708 -0.1914
vn 0.1485 0.9887 0.0221
vn 0.3154 0.9485 0.0305
vn 0.1485 0.9887 0.0220
vn 0.4910 0.8401 -0.2304
vn 0.5073 0.8609 0.0396
vn -0.3051 0.9211 0.2420
vn -0.4871 0.8297 0.2726
vn -0.1446 0.9656 0.2163
vn -0.0000 0.9785 0.2065
vn 0.1446 0.9656 0.2163
vn 0.3051 0.9211 0.2420
vn 0.4871 0.8297 0.2726
vn -0.3050 0.9211 0.2420
vn -0.2853 0.8634 0.4161
vn -0.4507 0.7716 0.4489
vn -0.1446 0.9656 0.2162
vn -0.1368 0.9106 0.3900
vn -0.0000 0.9248 0.3805
vn -0.1369 0.9106 0.3900
vn 0.1369 0.9106 0.3900
vn 0.3050 0.9211 0.2420
vn 0.2853 0.8634 0.4161
vn 0.1368 0.9106 0.3900
vn 0.4507 0.7716 0.4489
vn -0.2853 0.8634 0.4160
vn -0.2697 0.7842 0.5589
vn -0.4238 0.7069 0.5662
vn -0.1305 0.8242 0.5511
vn -0.0000 0.8364 0.5481
vn -0.1306 0.8242 0.5511
vn 0.1306 0.8242 0.5511
vn 0.2697 0.7842 0.5589
vn 0.1305 0.8242 0.5511
vn 0.4238 0.7069 0.5662
vn -0.4670 0.4670 -0.7509
vn -0.3287 0.6100 -0.7210
vn 0.3287 0.6100 -0.7210
vn 0.4670 0.4670 -0.7509
vn 0.4670 0.4670 -0.7508
vn 0.6032 0.6032 -0.5217
vn 0.6860 0.6860 -0.2422
vn 0.7064 0.7064 0.0439
vn 0.5072 0.8609 0.0396
vn 0.6772 0.6772 0.2877
vn 0.4872 0.8297 0.2726
vn 0.6258 0.6257 0.4657
vn 0.6258 0.6258 0.4657
vn 0.5813 0.5813 0.5693
vn 0.4197 0.6418 0.6418
vn 0.2649 0.6818 0.6818
vn 0.1306 0.8242 0.5510
vn 0.1286 0.7012 0.7012
vn -0.0000 0.7071 0.7071
vn -0.1286 0.7012 0.7012
vn -0.1305 0.8242 0.5510
vn -0.2649 0.6818 0.6818
vn -0.4197 0.6418 0.6418
vn -0.5813 0.5813 0.5693
vn -0.5774 0.5773 0.5773
vn -0.6258 0.6258 0.4657
vn -0.6772 0.6772 0.2877
vn -0.6258 0.6257 0.4657
vn -0.7064 0.7064 0.0439
vn -0.5072 0.8609 0.0396
vn -0.4872 0.8297 0.2726
vn -0.6861 0.6860 -0.2422
vn -0.4910 0.8401 -0.2304
vn -0.6032 0.6032 -0.5217
vn -0.4293 0.7543 -0.4966
vn -0.6860 0.6860 -0.2422
vn -0.4670 0.4670 -0.7508
vn -0.3288 -0.7210 0.6100
vn -0.4293 -0.4967 0.7543
vn -0.2705 -0.4488 0.8517
vn -0.2130 -0.6655 0.7154
vn -0.4293 -0.4967 0.7544
vn -0.4910 -0.2304 0.8401
vn -0.3058 -0.2081 0.9291
vn -0.4911 -0.2304 0.8401
vn -0.5073 0.0396 0.8609
vn -0.3154 0.0305 0.9485
vn -0.4871 0.2726 0.8297
vn -0.3051 0.2420 0.9211
vn -0.4507 0.4489 0.7716
vn -0.2853 0.4161 0.8634
vn -0.4238 0.5662 0.7069
vn -0.2697 0.5589 0.7842
vn -0.1296 -0.4126 0.9017
vn -0.1044 -0.6239 0.7745
vn -0.1444 -0.1915 0.9708
vn -0.1485 0.0220 0.9887
vn -0.1446 0.2163 0.9656
vn -0.1485 0.0221 0.9887
vn -0.3050 0.2420 0.9211
vn -0.1368 0.3900 0.9106
vn -0.1306 0.5510 0.8242
vn -0.1369 0.3900 0.9106
vn -0.0000 -0.3999 0.9166
vn -0.0000 -0.6090 0.7931
vn -0.0000 -0.1858 0.9826
vn -0.0000 0.0186 0.9998
vn -0.0000 0.2065 0.9785
vn -0.0000 0.3805 0.9248
vn -0.1306 0.5511 0.8242
vn -0.0000 0.5481 0.8364
vn 0.1296 -0.4126 0.9017
vn 0.1044 -0.6239 0.7745
vn 0.1444 -0.1915 0.9708
vn 0.1485 0.0221 0.9887
vn 0.1446 0.2163 0.9656
vn 0.1485 0.0220 0.9887
vn 0.1369 0.3900 0.9106
vn -0.0000 0.5480 0.8364
vn 0.1306 0.5511 0.8242
vn 0.2705 -0.4488 0.8517
vn 0.2130 -0.6655 0.7154
vn 0.3058 -0.2081 0.9291
vn 0.3154 0.0305 0.9485
vn 0.3051 0.2420 0.9211
vn 0.1368 0.3900 0.9106
vn 0.2853 0.4161 0.8634
vn 0.3050 0.2420 0.9211
vn 0.1305 0.5511 0.8242
vn 0.2697 0.5589 0.7842
vn 0.4293 -0.4967 0.7543
vn 0.3288 -0.7210 0.6100
vn 0.4910 -0.2304 0.8401
vn 0.4293 -0.4967 0.7544
vn 0.5073 0.0396 0.8609
vn 0.4911 -0.2304 0.8401
vn 0.4871 0.2726 0.8297
vn 0.4507 0.4489 0.7716
vn 0.4238 0.5663 0.7069
vn -0.4670 -0.7509 0.4670
vn -0.6032 -0.5217 0.6032
vn -0.6860 -0.2422 0.6860
vn -0.7064 0.0439 0.7064
vn -0.6772 0.2877 0.6772
vn -0.4872 0.2726 0.8297
vn -0.5073 0.0397 0.8609
vn -0.6258 0.4657 0.6257
vn -0.6258 0.4657 0.6258
vn -0.5813 0.5693 0.5813
vn -0.1305 0.5511 0.8242
vn 0.1306 0.5510 0.8242
vn 0.4238 0.5662 0.7069
vn 0.5813 0.5693 0.5813
vn 0.6258 0.4657 0.6258
vn 0.6258 0.4657 0.6257
vn 0.6772 0.2877 0.6772
vn 0.5072 0.0396 0.8609
vn 0.4872 0.2726 0.8297
vn 0.7064 0.0439 0.7064
vn 0.6860 -0.2422 0.6860
vn 0.6032 -0.5217 0.6032
vn 0.4670 -0.7509 0.4670
vn 0.3287 -0.7210 0.6100
vn 0.0003 0.8525 0.5227
vn 0.0002 0.9416 0.3366
vn 0.0004 0.9412 0.3379
vn 0.0003 0.8519 0.5238
vn 0.0002 0.9416 0.3367
vn -0.0016 0.9847 0.1743
vn -0.0008 0.9851 0.1719
vn -0.0016 0.9847 0.1742
vn -0.0078 0.9991 0.0412
vn -0.0055 0.9995 0.0307
vn -0.0219 0.9973 -0.0699
vn -0.0164 0.9954 -0.0941
vn -0.0055 0.9995 0.0308
vn -0.0219 0.9973 -0.0698
vn -0.0503 0.9841 -0.1703
vn -0.0386 0.9754 -0.2169
vn -0.1056 0.9550 -0.2771
vn -0.0790 0.9306 -0.3575
vn -0.0386 0.9754 -0.2168
vn 0.0003 0.9407 0.3392
vn 0.0002 0.8513 0.5248
vn -0.0003 0.9853 0.1709
vn 0.0003 0.9407 0.3393
vn -0.0029 0.9997 0.0236
vn -0.0091 0.9937 -0.1116
vn -0.0213 0.9678 -0.2508
vn -0.0791 0.9305 -0.3575
vn -0.0423 0.9108 -0.4106
vn 0.0002 0.8513 0.5247
vn -0.0000 0.9405 0.3398
vn -0.0000 0.8510 0.5251
vn -0.0000 0.9853 0.1706
vn -0.0000 0.9998 0.0210
vn -0.0091 0.9937 -0.1117
vn -0.0000 0.9930 -0.1181
vn -0.0214 0.9678 -0.2508
vn -0.0000 0.9648 -0.2630
vn -0.0423 0.9109 -0.4105
vn -0.0000 0.9034 -0.4288
vn -0.0003 0.9407 0.3392
vn -0.0002 0.8513 0.5247
vn -0.0000 0.9853 0.1707
vn 0.0003 0.9853 0.1709
vn 0.0029 0.9997 0.0236
vn -0.0000 0.9998 0.0211
vn 0.0091 0.9937 -0.1117
vn 0.0214 0.9678 -0.2508
vn 0.0091 0.9937 -0.1116
vn 0.0423 0.9109 -0.4105
vn -0.0002 0.8513 0.5248
vn -0.0004 0.9412 0.3379
vn -0.0003 0.8519 0.5238
vn -0.0003 0.9407 0.3393
vn 0.0008 0.9851 0.1719
vn 0.0055 0.9995 0.0307
vn 0.0164 0.9954 -0.0941
vn 0.0054 0.9995 0.0307
vn 0.0386 0.9754 -0.2169
vn 0.0791 0.9305 -0.3575
vn -0.0002 0.9416 0.3366
vn -0.0003 0.8525 0.5227
vn 0.0016 0.9847 0.1743
vn -0.0002 0.9416 0.3367
vn 0.0078 0.9991 0.0412
vn 0.0016 0.9847 0.1742
vn 0.0219 0.9973 -0.0699
vn 0.0503 0.9841 -0.1703
vn 0.0219 0.9973 -0.0698
vn 0.0790 0.9306 -0.3575
vn 0.1056 0.9550 -0.2771
vn 0.0007 0.7071 0.7071
vn 0.0003 0.8526 0.5226
vn 0.0001 0.7071 0.7071
vn 0.0004 0.9418 0.3363
vn -0.0573 0.9910 -0.1211
vn -0.0572 0.9910 -0.1211
vn -0.1215 0.9740 -0.1911
vn -0.2773 0.9199 -0.2773
vn -0.2054 0.8812 -0.4258
vn -0.1421 0.8334 -0.5340
vn -0.0791 0.9305 -0.3576
vn -0.1421 0.8335 -0.5340
vn -0.0724 0.7990 -0.5969
vn -0.0423 0.9109 -0.4106
vn -0.0000 0.7865 -0.6176
vn 0.0724 0.7990 -0.5969
vn 0.0423 0.9109 -0.4106
vn 0.1421 0.8335 -0.5340
vn 0.0791 0.9305 -0.3576
vn 0.1421 0.8334 -0.5340
vn 0.2054 0.8812 -0.4258
vn 0.2773 0.9199 -0.2773
vn 0.1215 0.9740 -0.1911
vn 0.0573 0.9910 -0.1211
vn -0.0004 0.9418 0.3363
vn -0.0001 0.7071 0.7071
vn -0.0003 0.8526 0.5226
vn 0.0001 0.8513 0.5247
vn 0.0002 0.8519 0.5238
vn -0.0003 0.5226 0.8526
vn -0.0002 0.3366 0.9416
vn -0.0004 0.3379 0.9412
vn -0.0003 0.5238 0.8519
vn -0.0002 0.3367 0.9416
vn 0.0016 0.1743 0.9847
vn 0.0008 0.1719 0.9851
vn 0.0016 0.1742 0.9847
vn 0.0078 0.0412 0.9991
vn 0.0055 0.0307 0.9995
vn 0.0219 -0.0699 0.9973
vn 0.0164 -0.0941 0.9954
vn 0.0054 0.0308 0.9995
vn 0.0219 -0.0698 0.9973
vn 0.0503 -0.1703 0.9841
vn 0.0386 -0.2169 0.9754
vn 0.1056 -0.2771 0.9550
vn 0.0790 -0.3575 0.9306
vn 0.0386 -0.2168 0.9754
vn -0.0003 0.3392 0.9407
vn -0.0002 0.5247 0.8513
vn 0.0003 0.1709 0.9853
vn -0.0003 0.3393 0.9407
vn 0.0029 0.0236 0.9997
vn 0.0091 -0.1116 0.9937
vn 0.0214 -0.2508 0.9678
vn 0.0091 -0.1117 0.9937
vn 0.0791 -0.3575 0.9305
vn 0.0423 -0.4106 0.9109
vn -0.0000 0.3398 0.9405
vn -0.0000 0.5251 0.8510
vn -0.0000 0.1706 0.9853
vn -0.0000 0.0210 0.9998
vn -0.0000 -0.1181 0.9930
vn -0.0000 -0.2630 0.9648
vn -0.0000 -0.1180 0.9930
vn 0.0423 -0.4105 0.9109
vn -0.0000 -0.4288 0.9034
vn 0.0003 0.3392 0.9407
vn 0.0002 0.5248 0.8513
vn -0.0003 0.1709 0.9853
vn -0.0029 0.0236 0.9997
vn -0.0091 -0.1117 0.9937
vn -0.0214 -0.2508 0.9678
vn -0.0423 -0.4105 0.9109
vn 0.0002 0.5247 0.8513
vn 0.0004 0.3379 0.9412
vn 0.0003 0.5238 0.8519
vn 0.0003 0.3393 0.9407
vn -0.0008 0.1719 0.9851
vn -0.0055 0.0307 0.9995
vn -0.0091 -0.1116 0.9937
vn -0.0164 -0.0941 0.9954
vn -0.0054 0.0308 0.9995
vn -0.0386 -0.2169 0.9754
vn -0.0423 -0.4106 0.9109
vn -0.0791 -0.3575 0.9305
vn 0.0002 0.3366 0.9416
vn 0.0003 0.5226 0.8526
vn -0.0016 0.1743 0.9847
vn 0.0002 0.3367 0.9416
vn -0.0078 0.0412 0.9991
vn -0.0016 0.1742 0.9847
vn -0.0219 -0.0699 0.9973
vn -0.0386 -0.2168 0.9754
vn -0.0503 -0.1703 0.9841
vn -0.0219 -0.0698 0.9973
vn -0.0791 -0.3576 0.9305
vn -0.1056 -0.2771 0.9550
vn -0.0003 0.5226 0.8525
vn 0.0573 -0.1211 0.9910
vn 0.2773 -0.2773 0.9199
vn 0.2054 -0.4258 0.8812
vn 0.1421 -0.5340 0.8334
vn 0.1421 -0.5340 0.8335
vn 0.0724 -0.5969 0.7990
vn -0.0000 -0.6175 0.7865
vn -0.0724 -0.5969 0.7990
vn -0.1421 -0.5340 0.8335
vn -0.0791 -0.3575 0.9306
vn -0.0790 -0.3575 0.9306
vn -0.1421 -0.5340 0.8334
vn -0.2054 -0.4258 0.8812
vn -0.2773 -0.2773 0.9199
vn -0.0573 -0.1211 0.9910
vn 0.0003 0.5226 0.8525
vn 0.0003 0.5227 0.8525
vn 0.0002 0.5238 0.8519
vn -0.0002 0.5248 0.8513
vn -0.0001 0.5247 0.8513
vn -0.0003 0.5227 0.8525
vn -0.0002 0.5238 0.8519
vn 0.3288 -0.6100 0.7210
vn 0.4293 -0.7543 0.4967
vn 0.2705 -0.8517 0.4488
vn 0.2130 -0.7154 0.6655
vn 0.4293 -0.7544 0.4967
vn 0.4911 -0.8401 0.2304
vn 0.3058 -0.9291 0.2081
vn 0.5073 -0.8609 -0.0396
vn 0.3154 -0.9485 -0.0305
vn 0.4871 -0.8297 -0.2727
vn 0.3051 -0.9211 -0.2420
vn 0.4871 -0.8297 -0.2726
vn 0.4507 -0.7716 -0.4489
vn 0.2853 -0.8634 -0.4161
vn 0.4238 -0.7069 -0.5663
vn 0.2697 -0.7842 -0.5589
vn 0.1296 -0.9017 0.4126
vn 0.1044 -0.7745 0.6239
vn 0.1444 -0.9708 0.1915
vn 0.1485 -0.9887 -0.0220
vn 0.1446 -0.9656 -0.2163
vn 0.1485 -0.9887 -0.0221
vn 0.3050 -0.9211 -0.2420
vn 0.1368 -0.9106 -0.3900
vn 0.1306 -0.8242 -0.5510
vn 0.1369 -0.9106 -0.3900
vn -0.0000 -0.9166 0.3999
vn -0.0000 -0.7931 0.6090
vn 0.1296 -0.9017 0.4125
vn -0.0000 -0.9826 0.1858
vn -0.0000 -0.9998 -0.0186
vn 0.1446 -0.9656 -0.2162
vn -0.0000 -0.9785 -0.2065
vn -0.0000 -0.9248 -0.3805
vn 0.1306 -0.8242 -0.5511
vn -0.0000 -0.8364 -0.5481
vn -0.1296 -0.9017 0.4126
vn -0.1044 -0.7745 0.6239
vn -0.1444 -0.9708 0.1915
vn -0.1485 -0.9887 -0.0221
vn -0.1444 -0.9708 0.1914
vn -0.1446 -0.9656 -0.2163
vn -0.1485 -0.9887 -0.0220
vn -0.1369 -0.9106 -0.3900
vn -0.1306 -0.8242 -0.5511
vn -0.1296 -0.9017 0.4125
vn -0.2705 -0.8517 0.4488
vn -0.2130 -0.7154 0.6655
vn -0.3058 -0.9291 0.2081
vn -0.3154 -0.9485 -0.0305
vn -0.3051 -0.9211 -0.2420
vn -0.1368 -0.9106 -0.3900
vn -0.2853 -0.8634 -0.4161
vn -0.3050 -0.9211 -0.2420
vn -0.1305 -0.8242 -0.5511
vn -0.2697 -0.7842 -0.5589
vn -0.4293 -0.7543 0.4967
vn -0.3288 -0.6100 0.7210
vn -0.4911 -0.8401 0.2304
vn -0.4293 -0.7544 0.4967
vn -0.5073 -0.8609 -0.0396
vn -0.4871 -0.8297 -0.2726
vn -0.4507 -0.7716 -0.4489
vn -0.2853 -0.8634 -0.4160
vn -0.4238 -0.7069 -0.5662
vn 0.4670 -0.4670 0.7509
vn 0.4670 -0.4670 0.7508
vn 0.6032 -0.6032 0.5217
vn 0.6860 -0.6860 0.2422
vn 0.4910 -0.8401 0.2304
vn 0.7064 -0.7064 -0.0439
vn 0.6772 -0.6772 -0.2877
vn 0.4872 -0.8297 -0.2726
vn 0.5072 -0.8609 -0.0396
vn 0.6258 -0.6257 -0.4657
vn 0.6258 -0.6258 -0.4657
vn 0.5813 -0.5813 -0.5693
vn 0.4238 -0.7069 -0.5662
vn 0.4197 -0.6418 -0.6418
vn 0.2649 -0.6818 -0.6818
vn 0.1286 -0.7012 -0.7012
vn 0.1305 -0.8242 -0.5510
vn 0.1305 -0.8242 -0.5511
vn -0.1286 -0.7012 -0.7012
vn -0.1305 -0.8242 -0.5510
vn -0.2649 -0.6818 -0.6818
vn -0.4197 -0.6418 -0.6418
vn -0.5774 -0.5773 -0.5773
vn -0.5813 -0.5813 -0.5693
vn -0.6258 -0.6258 -0.4657
vn -0.6258 -0.6257 -0.4657
vn -0.6772 -0.6772 -0.2877
vn -0.5073 -0.8609 -0.0397
vn -0.4872 -0.8297 -0.2726
vn -0.7064 -0.7064 -0.0439
vn -0.4910 -0.8401 0.2304
vn -0.6860 -0.6861 0.2422
vn -0.6860 -0.6860 0.2422
vn -0.6032 -0.6032 0.5217
vn -0.4670 -0.4670 0.7508
vn -0.4670 -0.4670 0.7509
vn -0.3287 -0.6100 0.7210
vn -0.0000 -0.6176 0.7865
vn 0.3287 -0.6100 0.7210
vn 0.3288 0.7210 -0.6100
vn 0.2130 0.6655 -0.7154
vn 0.2705 0.4488 -0.8517
vn 0.4293 0.4967 -0.7543
vn 0.1044 0.6239 -0.7745
vn 0.1296 0.4126 -0.9017
vn -0.0000 0.6090 -0.7931
vn -0.0000 0.3999 -0.9166
vn -0.0000 0.6091 -0.7931
vn -0.1044 0.6239 -0.7745
vn -0.1296 0.4126 -0.9017
vn -0.2130 0.6655 -0.7154
vn -0.2705 0.4488 -0.8517
vn -0.3288 0.7210 -0.6100
vn -0.4293 0.4967 -0.7543
vn 0.4293 0.4967 -0.7544
vn 0.3058 0.2081 -0.9291
vn 0.4910 0.2304 -0.8401
vn 0.1444 0.1915 -0.9708
vn -0.0000 0.1858 -0.9826
vn -0.1444 0.1915 -0.9708
vn -0.3058 0.2081 -0.9291
vn -0.4293 0.4967 -0.7544
vn -0.4910 0.2304 -0.8401
vn 0.3154 -0.0305 -0.9485
vn 0.5073 -0.0396 -0.8609
vn 0.1485 -0.0220 -0.9887
vn -0.0000 -0.0186 -0.9998
vn 0.1485 -0.0221 -0.9887
vn -0.1485 -0.0221 -0.9887
vn -0.3154 -0.0305 -0.9485
vn -0.1485 -0.0220 -0.9887
vn -0.4911 0.2304 -0.8401
vn -0.5073 -0.0396 -0.8609
vn 0.3051 -0.2420 -0.9211
vn 0.4871 -0.2726 -0.8297
vn 0.1446 -0.2163 -0.9656
vn -0.0000 -0.2065 -0.9785
vn -0.1446 -0.2163 -0.9656
vn -0.3051 -0.2420 -0.9211
vn -0.4871 -0.2726 -0.8297
vn 0.2853 -0.4161 -0.8634
vn 0.4507 -0.4489 -0.7716
vn 0.3050 -0.2420 -0.9211
vn 0.1368 -0.3900 -0.9106
vn -0.0000 -0.3805 -0.9248
vn 0.1369 -0.3900 -0.9106
vn -0.1369 -0.3900 -0.9106
vn -0.3050 -0.2420 -0.9211
vn -0.2853 -0.4161 -0.8634
vn -0.1368 -0.3900 -0.9106
vn -0.4871 -0.2727 -0.8297
vn -0.4507 -0.4489 -0.7716
vn 0.2697 -0.5589 -0.7842
vn 0.4238 -0.5663 -0.7069
vn 0.1306 -0.5510 -0.8242
vn -0.0000 -0.5481 -0.8364
vn 0.1306 -0.5511 -0.8242
vn -0.1306 -0.5511 -0.8242
vn -0.2697 -0.5589 -0.7842
vn -0.1306 -0.5510 -0.8242
vn -0.2853 -0.4160 -0.8634
vn -0.4238 -0.5662 -0.7069
vn 0.4670 0.7509 -0.4670
vn 0.3287 0.7210 -0.6100
vn -0.3287 0.7210 -0.6100
vn -0.4670 0.7509 -0.4670
vn -0.6032 0.5217 -0.6032
vn -0.6860 0.2422 -0.6860
vn -0.7064 -0.0439 -0.7064
vn -0.5073 -0.0397 -0.8609
vn -0.6772 -0.2877 -0.6772
vn -0.4872 -0.2726 -0.8297
vn -0.6258 -0.4657 -0.6257
vn -0.6258 -0.4657 -0.6258
vn -0.5813 -0.5693 -0.5813
vn -0.4238 -0.5662 -0.7070
vn -0.1305 -0.5511 -0.8242
vn 0.1305 -0.5511 -0.8242
vn 0.1305 -0.5510 -0.8242
vn 0.4238 -0.5662 -0.7069
vn 0.5813 -0.5693 -0.5813
vn 0.6258 -0.4657 -0.6258
vn 0.6772 -0.2877 -0.6772
vn 0.6258 -0.4657 -0.6257
vn 0.7064 -0.0439 -0.7064
vn 0.5072 -0.0396 -0.8609
vn 0.4872 -0.2726 -0.8297
vn 0.6860 0.2422 -0.6860
vn 0.4911 0.2304 -0.8401
vn 0.6032 0.5217 -0.6032
vn -0.5226 0.8526 -0.0003
vn -0.5238 0.8519 -0.0003
vn -0.3379 0.9412 -0.0004
vn -0.3366 0.9416 -0.0002
vn -0.5247 0.8513 -0.0002
vn -0.3392 0.9407 -0.0003
vn -0.5251 0.8510 -0.0000
vn -0.3398 0.9405 -0.0000
vn -0.5247 0.8513 0.0002
vn -0.3392 0.9407 0.0003
vn -0.5238 0.8519 0.0003
vn -0.3379 0.9412 0.0004
vn -0.5226 0.8526 0.0003
vn -0.3366 0.9416 0.0002
vn -0.3367 0.9416 -0.0002
vn -0.1719 0.9851 0.0008
vn -0.1743 0.9847 0.0016
vn -0.3393 0.9407 -0.0003
vn -0.1709 0.9853 0.0003
vn -0.1706 0.9853 -0.0000
vn -0.1709 0.9853 -0.0003
vn -0.1719 0.9851 -0.0008
vn -0.3367 0.9416 0.0002
vn -0.1743 0.9847 -0.0016
vn -0.1742 0.9847 0.0016
vn -0.0307 0.9995 0.0055
vn -0.0412 0.9991 0.0078
vn -0.0236 0.9997 0.0029
vn -0.0210 0.9998 -0.0000
vn -0.0236 0.9997 -0.0029
vn -0.0307 0.9995 -0.0054
vn -0.1742 0.9847 -0.0016
vn -0.0412 0.9991 -0.0078
vn -0.0307 0.9995 -0.0055
vn -0.0308 0.9995 0.0054
vn 0.0941 0.9954 0.0164
vn 0.0699 0.9973 0.0219
vn -0.0308 0.9995 0.0055
vn 0.1117 0.9937 0.0091
vn 0.1181 0.9930 -0.0000
vn 0.1117 0.9937 -0.0091
vn -0.0308 0.9995 -0.0054
vn 0.0941 0.9954 -0.0164
vn 0.1116 0.9937 -0.0091
vn 0.0699 0.9973 -0.0219
vn 0.0698 0.9973 0.0219
vn 0.2168 0.9754 0.0386
vn 0.1704 0.9841 0.0503
vn 0.2508 0.9678 0.0214
vn 0.2169 0.9754 0.0386
vn 0.2630 0.9648 -0.0000
vn 0.2508 0.9678 -0.0214
vn 0.2169 0.9754 -0.0386
vn 0.0698 0.9973 -0.0219
vn 0.1703 0.9841 -0.0503
vn 0.1703 0.9841 0.0503
vn 0.3575 0.9306 0.0791
vn 0.2771 0.9550 0.1056
vn 0.4106 0.9108 0.0423
vn 0.3575 0.9305 0.0791
vn 0.2508 0.9678 0.0213
vn 0.4288 0.9034 -0.0000
vn 0.4105 0.9109 0.0423
vn 0.2508 0.9678 -0.0213
vn 0.4105 0.9109 -0.0423
vn 0.3575 0.9305 -0.0791
vn 0.4106 0.9108 -0.0423
vn 0.2168 0.9754 -0.0386
vn 0.2771 0.9550 -0.1056
vn 0.3576 0.9305 -0.0791
vn -0.7071 0.7071 -0.0001
vn -0.5227 0.8525 -0.0003
vn -0.5238 0.8519 -0.0002
vn -0.7071 0.7071 -0.0000
vn -0.5248 0.8513 -0.0002
vn -0.7071 0.7071 0.0001
vn -0.5227 0.8525 0.0003
vn -0.5238 0.8519 0.0002
vn -0.3363 0.9418 0.0004
vn 0.1211 0.9910 -0.0573
vn 0.4258 0.8812 -0.2054
vn 0.3575 0.9306 -0.0790
vn 0.5340 0.8334 -0.1421
vn 0.4106 0.9109 -0.0423
vn 0.3575 0.9306 -0.0791
vn 0.5340 0.8335 -0.1421
vn 0.5969 0.7990 -0.0724
vn 0.6176 0.7865 -0.0000
vn 0.5969 0.7990 0.0724
vn 0.4106 0.9109 0.0423
vn 0.5340 0.8335 0.1421
vn 0.3575 0.9306 0.0790
vn 0.5340 0.8334 0.1421
vn 0.4258 0.8812 0.2054
vn 0.1211 0.9910 0.0573
vn -0.3363 0.9418 -0.0004
vn -0.8525 0.5227 0.0003
vn -0.8519 0.5238 0.0003
vn -0.9412 0.3379 0.0004
vn -0.9416 0.3366 0.0002
vn -0.8513 0.5247 0.0002
vn -0.9407 0.3392 0.0003
vn -0.8513 0.5248 0.0002
vn -0.8510 0.5251 -0.0000
vn -0.9405 0.3398 -0.0000
vn -0.8513 0.5247 -0.0002
vn -0.9407 0.3392 -0.0003
vn -0.8513 0.5248 -0.0002
vn -0.8519 0.5238 -0.0003
vn -0.9412 0.3379 -0.0004
vn -0.8525 0.5227 -0.0003
vn -0.9416 0.3366 -0.0002
vn -0.9851 0.1719 -0.0008
vn -0.9847 0.1743 -0.0016
vn -0.9407 0.3393 0.0003
vn -0.9853 0.1709 -0.0003
vn -0.9853 0.1706 -0.0000
vn -0.9853 0.1709 0.0003
vn -0.9407 0.3393 -0.0003
vn -0.9851 0.1719 0.0008
vn -0.9847 0.1743 0.0016
vn -0.9847 0.1742 -0.0016
vn -0.9995 0.0307 -0.0055
vn -0.9991 0.0412 -0.0078
vn -0.9997 0.0236 -0.0029
vn -0.9998 0.0210 -0.0000
vn -0.9997 0.0236 0.0029
vn -0.9851 0.1720 0.0008
vn -0.9995 0.0307 0.0055
vn -0.9847 0.1742 0.0016
vn -0.9991 0.0412 0.0078
vn -0.9995 0.0308 -0.0054
vn -0.9954 -0.0941 -0.0164
vn -0.9973 -0.0699 -0.0219
vn -0.9995 0.0308 -0.0055
vn -0.9937 -0.1116 -0.0091
vn -0.9930 -0.1181 -0.0000
vn -0.9937 -0.1117 -0.0091
vn -0.9937 -0.1117 0.0091
vn -0.9995 0.0308 0.0055
vn -0.9954 -0.0941 0.0164
vn -0.9937 -0.1116 0.0091
vn -0.9973 -0.0699 0.0219
vn -0.9973 -0.0698 -0.0219
vn -0.9754 -0.2169 -0.0386
vn -0.9841 -0.1703 -0.0503
vn -0.9678 -0.2508 -0.0214
vn -0.9648 -0.2630 -0.0000
vn -0.9678 -0.2508 0.0214
vn -0.9754 -0.2169 0.0386
vn -0.9973 -0.0698 0.0219
vn -0.9841 -0.1703 0.0503
vn -0.9754 -0.2168 -0.0386
vn -0.9306 -0.3575 -0.0790
vn -0.9550 -0.2771 -0.1056
vn -0.9678 -0.2508 -0.0213
vn -0.9109 -0.4105 -0.0423
vn -0.9305 -0.3575 -0.0791
vn -0.9034 -0.4288 -0.0000
vn -0.9109 -0.4105 0.0423
vn -0.9305 -0.3575 0.0791
vn -0.9550 -0.2771 0.1056
vn -0.9306 -0.3575 0.0790
vn -0.8526 0.5226 0.0003
vn -0.8513 0.5247 0.0001
vn -0.8513 0.5247 -0.0001
vn -0.8519 0.5238 -0.0002
vn -0.8526 0.5226 -0.0003
vn -0.9418 0.3363 -0.0004
vn -0.9910 -0.1211 0.0573
vn -0.9199 -0.2773 0.2773
vn -0.8812 -0.4258 0.2054
vn -0.8334 -0.5340 0.1421
vn -0.9109 -0.4106 0.0423
vn -0.8335 -0.5340 0.1421
vn -0.7990 -0.5969 0.0724
vn -0.7865 -0.6176 -0.0000
vn -0.7990 -0.5969 -0.0724
vn -0.9109 -0.4106 -0.0423
vn -0.8335 -0.5340 -0.1421
vn -0.8334 -0.5340 -0.1421
vn -0.8812 -0.4258 -0.2054
vn -0.9199 -0.2773 -0.2773
vn -0.9910 -0.1211 -0.0573
vn -0.9418 0.3363 0.0004
vn -0.8526 -0.5226 0.0003
vn -0.9416 -0.3367 0.0002
vn -0.9412 -0.3379 0.0004
vn -0.8519 -0.5238 0.0003
vn -0.9847 -0.1742 -0.0016
vn -0.9851 -0.1719 -0.0008
vn -0.9991 -0.0412 -0.0078
vn -0.9995 -0.0307 -0.0055
vn -0.9973 0.0699 -0.0219
vn -0.9954 0.0941 -0.0164
vn -0.9995 -0.0308 -0.0054
vn -0.9973 0.0698 -0.0219
vn -0.9841 0.1703 -0.0503
vn -0.9754 0.2169 -0.0386
vn -0.9550 0.2771 -0.1056
vn -0.9306 0.3575 -0.0790
vn -0.9754 0.2168 -0.0386
vn -0.9407 -0.3392 0.0003
vn -0.8513 -0.5247 0.0002
vn -0.9853 -0.1709 -0.0003
vn -0.9407 -0.3393 0.0003
vn -0.9997 -0.0236 -0.0029
vn -0.9995 -0.0308 -0.0055
vn -0.9937 0.1116 -0.0091
vn -0.9678 0.2508 -0.0214
vn -0.9937 0.1117 -0.0091
vn -0.9305 0.3575 -0.0791
vn -0.9108 0.4106 -0.0423
vn -0.8513 -0.5248 0.0002
vn -0.9405 -0.3398 -0.0000
vn -0.8510 -0.5251 -0.0000
vn -0.9853 -0.1706 -0.0000
vn -0.9998 -0.0210 -0.0000
vn -0.9930 0.1181 -0.0000
vn -0.9648 0.2630 -0.0000
vn -0.9109 0.4105 -0.0423
vn -0.9034 0.4288 -0.0000
vn -0.9407 -0.3392 -0.0003
vn -0.8513 -0.5247 -0.0002
vn -0.9853 -0.1709 0.0003
vn -0.9997 -0.0236 0.0029
vn -0.9937 0.1117 0.0091
vn -0.9678 0.2508 0.0214
vn -0.9109 0.4105 0.0423
vn -0.9412 -0.3379 -0.0004
vn -0.8519 -0.5238 -0.0003
vn -0.9407 -0.3393 -0.0003
vn -0.9851 -0.1719 0.0008
vn -0.9995 -0.0307 0.0055
vn -0.9937 0.1116 0.0091
vn -0.9954 0.0941 0.0164
vn -0.9995 -0.0308 0.0055
vn -0.9754 0.2169 0.0386
vn -0.9305 0.3575 0.0791
vn -0.9416 -0.3366 -0.0002
vn -0.8526 -0.5226 -0.0003
vn -0.9847 -0.1743 0.0016
vn -0.9416 -0.3367 -0.0002
vn -0.9991 -0.0412 0.0078
vn -0.9847 -0.1742 0.0016
vn -0.9973 0.0699 0.0219
vn -0.9841 0.1703 0.0503
vn -0.9973 0.0698 0.0219
vn -0.9306 0.3575 0.0790
vn -0.9550 0.2771 0.1056
vn -0.7071 -0.7071 0.0001
vn -0.9416 -0.3366 0.0002
vn -0.8525 -0.5227 0.0003
vn -0.9418 -0.3363 0.0004
vn -0.9910 0.1211 -0.0573
vn -0.9199 0.2773 -0.2773
vn -0.8812 0.4258 -0.2054
vn -0.8334 0.5340 -0.1421
vn -0.9305 0.3576 -0.0791
vn -0.8335 0.5340 -0.1421
vn -0.7990 0.5969 -0.0724
vn -0.9109 0.4106 -0.0423
vn -0.7865 0.6175 -0.0000
vn -0.7990 0.5969 0.0724
vn -0.9109 0.4106 0.0423
vn -0.8335 0.5340 0.1421
vn -0.9305 0.3576 0.0791
vn -0.8334 0.5340 0.1421
vn -0.8812 0.4258 0.2054
vn -0.9199 0.2773 0.2773
vn -0.9740 0.1911 0.1215
vn -0.9910 0.1211 0.0572
vn -0.9418 -0.3363 -0.0004
vn -0.8525 -0.5227 -0.0003
vn -0.7071 -0.7071 -0.0001
vn -0.8519 -0.5238 -0.0002
vn -0.7071 -0.7071 -0.0000
vn -0.8513 -0.5248 -0.0002
vn -0.8513 -0.5247 0.0001
vn -0.8519 -0.5238 0.0002
vn -0.5227 -0.8525 0.0003
vn -0.5238 -0.8519 0.0003
vn -0.3379 -0.9412 0.0004
vn -0.3366 -0.9416 0.0002
vn -0.5247 -0.8513 0.0002
vn -0.3392 -0.9407 0.0003
vn -0.5251 -0.8510 -0.0000
vn -0.3398 -0.9405 -0.0000
vn -0.5247 -0.8513 -0.0002
vn -0.3392 -0.9407 -0.0003
vn -0.5238 -0.8519 -0.0003
vn -0.3379 -0.9412 -0.0004
vn -0.5227 -0.8525 -0.0003
vn -0.3366 -0.9416 -0.0002
vn -0.1719 -0.9851 -0.0008
vn -0.1743 -0.9847 -0.0016
vn -0.3393 -0.9407 0.0003
vn -0.1709 -0.9853 -0.0003
vn -0.1706 -0.9853 -0.0000
vn -0.1709 -0.9853 0.0003
vn -0.3393 -0.9407 -0.0003
vn -0.1719 -0.9851 0.0008
vn -0.3367 -0.9416 -0.0002
vn -0.1743 -0.9847 0.0016
vn -0.1742 -0.9847 -0.0016
vn -0.0307 -0.9995 -0.0055
vn -0.0412 -0.9991 -0.0078
vn -0.0236 -0.9997 -0.0029
vn -0.0210 -0.9998 -0.0000
vn -0.0236 -0.9997 0.0029
vn -0.1720 -0.9851 0.0008
vn -0.0307 -0.9995 0.0055
vn -0.1742 -0.9847 0.0016
vn -0.0412 -0.9991 0.0078
vn -0.0308 -0.9995 -0.0055
vn 0.0941 -0.9954 -0.0164
vn 0.0699 -0.9973 -0.0219
vn 0.1116 -0.9937 -0.0091
vn 0.1181 -0.9930 -0.0000
vn 0.1117 -0.9937 -0.0091
vn 0.1117 -0.9937 0.0091
vn -0.0308 -0.9995 0.0054
vn 0.0941 -0.9954 0.0164
vn 0.1116 -0.9937 0.0091
vn 0.0699 -0.9973 0.0219
vn 0.0698 -0.9973 -0.0219
vn 0.2169 -0.9754 -0.0386
vn 0.1704 -0.9841 -0.0503
vn 0.2508 -0.9678 -0.0214
vn 0.2630 -0.9648 -0.0000
vn 0.2508 -0.9678 0.0214
vn 0.2169 -0.9754 0.0386
vn 0.0698 -0.9973 0.0219
vn 0.1703 -0.9841 0.0503
vn 0.1703 -0.9841 -0.0503
vn 0.3575 -0.9306 -0.0790
vn 0.2771 -0.9550 -0.1056
vn 0.4105 -0.9109 -0.0423
vn 0.3575 -0.9305 -0.0791
vn 0.4288 -0.9034 -0.0000
vn 0.4105 -0.9109 0.0423
vn 0.2508 -0.9678 0.0213
vn 0.3575 -0.9306 0.0791
vn 0.4106 -0.9109 0.0423
vn 0.2771 -0.9550 0.1056
vn 0.3575 -0.9306 0.0790
vn -0.5226 -0.8526 0.0003
vn -0.5247 -0.8513 -0.0001
vn -0.5238 -0.8519 -0.0002
vn -0.5226 -0.8526 -0.0003
vn -0.5226 -0.8525 -0.0003
vn -0.3363 -0.9418 -0.0004
vn 0.1211 -0.9910 0.0573
vn 0.4258 -0.8812 0.2054
vn 0.5340 -0.8334 0.1421
vn 0.5340 -0.8335 0.1421
vn 0.5969 -0.7990 0.0724
vn 0.6176 -0.7865 -0.0000
vn 0.5969 -0.7990 -0.0724
vn 0.5340 -0.8335 -0.1421
vn 0.5340 -0.8334 -0.1421
vn 0.4258 -0.8812 -0.2054
vn 0.1211 -0.9910 -0.0573
vn -0.3363 -0.9418 0.0004
vn -0.5226 -0.8525 0.0003
vn 0.5227 -0.8525 0.0003
vn 0.3366 -0.9416 0.0002
vn 0.3379 -0.9412 0.0004
vn 0.5238 -0.8519 0.0003
vn 0.3367 -0.9416 0.0002
vn 0.1742 -0.9847 -0.0016
vn 0.1719 -0.9851 -0.0008
vn 0.0412 -0.9991 -0.0078
vn 0.0307 -0.9995 -0.0055
vn -0.0699 -0.9973 -0.0219
vn -0.0941 -0.9954 -0.0164
vn 0.0308 -0.9995 -0.0055
vn -0.0698 -0.9973 -0.0219
vn -0.1703 -0.9841 -0.0503
vn -0.2168 -0.9754 -0.0386
vn -0.2771 -0.9550 -0.1056
vn -0.3576 -0.9305 -0.0791
vn 0.3392 -0.9407 0.0003
vn 0.5248 -0.8513 0.0002
vn 0.1709 -0.9853 -0.0003
vn 0.3393 -0.9407 0.0003
vn 0.0236 -0.9997 -0.0029
vn -0.1116 -0.9937 -0.0091
vn -0.2169 -0.9754 -0.0386
vn -0.2508 -0.9678 -0.0214
vn -0.1117 -0.9937 -0.0091
vn -0.3575 -0.9305 -0.0791
vn -0.4106 -0.9109 -0.0423
vn 0.5247 -0.8513 0.0002
vn 0.3398 -0.9405 -0.0000
vn 0.5251 -0.8510 -0.0000
vn 0.1706 -0.9853 -0.0000
vn 0.0210 -0.9998 -0.0000
vn -0.1181 -0.9930 -0.0000
vn -0.2630 -0.9648 -0.0000
vn -0.4105 -0.9109 -0.0423
vn -0.4288 -0.9034 -0.0000
vn 0.3392 -0.9407 -0.0003
vn 0.5247 -0.8513 -0.0002
vn 0.1709 -0.9853 0.0003
vn 0.0236 -0.9997 0.0029
vn -0.1117 -0.9937 0.0091
vn -0.2508 -0.9678 0.0214
vn -0.4105 -0.9109 0.0423
vn 0.3379 -0.9412 -0.0004
vn 0.5238 -0.8519 -0.0003
vn 0.3393 -0.9407 -0.0003
vn 0.1719 -0.9851 0.0008
vn 0.0307 -0.9995 0.0055
vn -0.1116 -0.9937 0.0091
vn -0.0941 -0.9954 0.0164
vn 0.0308 -0.9995 0.0054
vn -0.2169 -0.9754 0.0386
vn -0.2508 -0.9678 0.0213
vn -0.3575 -0.9305 0.0791
vn 0.3366 -0.9416 -0.0002
vn 0.5226 -0.8526 -0.0003
vn 0.1742 -0.9847 0.0016
vn 0.3367 -0.9416 -0.0002
vn 0.0307 -0.9995 0.0054
vn 0.0412 -0.9991 0.0078
vn 0.0308 -0.9995 0.0055
vn -0.0699 -0.9973 0.0219
vn -0.1703 -0.9841 0.0503
vn -0.0698 -0.9973 0.0219
vn -0.3575 -0.9306 0.0790
vn -0.2771 -0.9550 0.1056
vn 0.5226 -0.8526 0.0003
vn 0.7071 -0.7071 0.0001
vn 0.3363 -0.9418 0.0004
vn -0.1211 -0.9910 -0.0573
vn -0.4258 -0.8812 -0.2054
vn -0.5340 -0.8334 -0.1421
vn -0.3575 -0.9306 -0.0790
vn -0.5340 -0.8335 -0.1421
vn -0.5969 -0.7990 -0.0724
vn -0.6176 -0.7865 -0.0000
vn -0.6175 -0.7865 -0.0000
vn -0.5969 -0.7990 0.0724
vn -0.4106 -0.9109 0.0423
vn -0.5340 -0.8335 0.1421
vn -0.5340 -0.8334 0.1421
vn -0.4258 -0.8812 0.2054
vn -0.1211 -0.9910 0.0573
vn 0.3363 -0.9418 -0.0004
vn 0.5226 -0.8525 -0.0003
vn 0.7071 -0.7071 -0.0001
vn 0.5227 -0.8525 -0.0003
vn 0.7071 -0.7071 -0.0000
vn 0.5238 -0.8519 -0.0002
vn 0.5247 -0.8513 -0.0001
vn 0.5247 -0.8513 0.0001
vn 0.8525 -0.5227 0.0003
vn 0.8519 -0.5238 0.0003
vn 0.9412 -0.3379 0.0004
vn 0.9416 -0.3366 0.0002
vn 0.8513 -0.5247 0.0002
vn 0.9407 -0.3392 0.0003
vn 0.8510 -0.5251 -0.0000
vn 0.9405 -0.3398 -0.0000
vn 0.8513 -0.5247 -0.0002
vn 0.9407 -0.3392 -0.0003
vn 0.8519 -0.5238 -0.0003
vn 0.9412 -0.3379 -0.0004
vn 0.8526 -0.5226 -0.0003
vn 0.9416 -0.3366 -0.0002
vn 0.9416 -0.3367 0.0002
vn 0.9851 -0.1719 -0.0008
vn 0.9847 -0.1742 -0.0016
vn 0.9407 -0.3393 0.0003
vn 0.9853 -0.1709 -0.0003
vn 0.9405 -0.3399 -0.0000
vn 0.9853 -0.1706 -0.0000
vn 0.9853 -0.1709 0.0003
vn 0.9851 -0.1719 0.0008
vn 0.9416 -0.3367 -0.0002
vn 0.9847 -0.1743 0.0016
vn 0.9995 -0.0307 -0.0055
vn 0.9991 -0.0412 -0.0078
vn 0.9997 -0.0236 -0.0029
vn 0.9998 -0.0210 -0.0000
vn 0.9997 -0.0236 0.0029
vn 0.9995 -0.0307 0.0055
vn 0.9847 -0.1742 0.0016
vn 0.9991 -0.0412 0.0078
vn 0.9995 -0.0308 -0.0054
vn 0.9954 0.0941 -0.0164
vn 0.9973 0.0699 -0.0219
vn 0.9995 -0.0308 -0.0055
vn 0.9937 0.1116 -0.0091
vn 0.9930 0.1181 -0.0000
vn 0.9937 0.1117 -0.0091
vn 0.9937 0.1117 0.0091
vn 0.9995 -0.0308 0.0055
vn 0.9954 0.0941 0.0164
vn 0.9937 0.1116 0.0091
vn 0.9995 -0.0308 0.0054
vn 0.9973 0.0699 0.0219
vn 0.9973 0.0698 -0.0219
vn 0.9754 0.2169 -0.0386
vn 0.9841 0.1703 -0.0503
vn 0.9678 0.2508 -0.0214
vn 0.9648 0.2630 -0.0000
vn 0.9678 0.2508 0.0214
vn 0.9754 0.2169 0.0386
vn 0.9973 0.0698 0.0219
vn 0.9841 0.1703 0.0503
vn 0.9754 0.2168 -0.0386
vn 0.9306 0.3575 -0.0790
vn 0.9550 0.2771 -0.1056
vn 0.9109 0.4105 -0.0423
vn 0.9305 0.3575 -0.0791
vn 0.9034 0.4288 -0.0000
vn 0.9109 0.4105 0.0423
vn 0.9305 0.3575 0.0791
vn 0.9754 0.2168 0.0386
vn 0.9550 0.2771 0.1056
vn 0.9306 0.3575 0.0790
vn 0.8526 -0.5226 0.0003
vn 0.8518 -0.5238 0.0003
vn 0.8513 -0.5248 0.0001
vn 0.8513 -0.5247 -0.0001
vn 0.8525 -0.5227 -0.0003
vn 0.8519 -0.5238 -0.0002
vn 0.9418 -0.3363 -0.0004
vn 0.9910 0.1211 0.0573
vn 0.9199 0.2773 0.2773
vn 0.8812 0.4258 0.2054
vn 0.8334 0.5340 0.1421
vn 0.9109 0.4106 0.0423
vn 0.8335 0.5340 0.1421
vn 0.7990 0.5969 0.0724
vn 0.7865 0.6175 -0.0000
vn 0.7990 0.5969 -0.0724
vn 0.9305 0.3576 -0.0791
vn 0.9109 0.4106 -0.0423
vn 0.8335 0.5340 -0.1421
vn 0.8334 0.5340 -0.1421
vn 0.8812 0.4258 -0.2054
vn 0.9740 0.1911 -0.1215
vn 0.9199 0.2773 -0.2773
vn 0.9910 0.1211 -0.0572
vn 0.8526 0.5226 0.0003
vn 0.9416 0.3366 0.0002
vn 0.9412 0.3379 0.0004
vn 0.8519 0.5238 0.0003
vn 0.9416 0.3367 0.0002
vn 0.9847 0.1742 -0.0016
vn 0.9851 0.1719 -0.0008
vn 0.9991 0.0412 -0.0078
vn 0.9995 0.0307 -0.0054
vn 0.9973 -0.0698 -0.0219
vn 0.9954 -0.0941 -0.0164
vn 0.9995 0.0308 -0.0055
vn 0.9841 -0.1703 -0.0503
vn 0.9754 -0.2169 -0.0386
vn 0.9550 -0.2771 -0.1056
vn 0.9306 -0.3575 -0.0790
vn 0.9407 0.3392 0.0003
vn 0.8513 0.5247 0.0002
vn 0.9853 0.1709 -0.0003
vn 0.9407 0.3393 0.0003
vn 0.9995 0.0307 -0.0055
vn 0.9997 0.0236 -0.0029
vn 0.9995 0.0308 -0.0054
vn 0.9937 -0.1116 -0.0091
vn 0.9678 -0.2508 -0.0214
vn 0.9937 -0.1117 -0.0091
vn 0.9305 -0.3575 -0.0791
vn 0.9109 -0.4105 -0.0423
vn 0.8513 0.5248 0.0002
vn 0.9405 0.3398 -0.0000
vn 0.8510 0.5251 -0.0000
vn 0.9853 0.1706 -0.0000
vn 0.9998 0.0210 -0.0000
vn 0.9930 -0.1181 -0.0000
vn 0.9648 -0.2630 -0.0000
vn 0.9034 -0.4288 -0.0000
vn 0.9407 0.3392 -0.0003
vn 0.8513 0.5247 -0.0002
vn 0.9853 0.1709 0.0003
vn 0.9997 0.0236 0.0029
vn 0.9937 -0.1117 0.0091
vn 0.9678 -0.2508 0.0214
vn 0.9109 -0.4105 0.0423
vn 0.9412 0.3379 -0.0004
vn 0.8519 0.5238 -0.0003
vn 0.9407 0.3393 -0.0003
vn 0.9851 0.1719 0.0008
vn 0.9995 0.0307 0.0055
vn 0.9937 -0.1116 0.0091
vn 0.9954 -0.0941 0.0164
vn 0.9995 0.0308 0.0055
vn 0.9754 -0.2169 0.0386
vn 0.9108 -0.4106 0.0423
vn 0.9305 -0.3575 0.0791
vn 0.9416 0.3366 -0.0002
vn 0.8526 0.5226 -0.0003
vn 0.9847 0.1743 0.0016
vn 0.9416 0.3367 -0.0002
vn 0.9991 0.0412 0.0078
vn 0.9847 0.1742 0.0016
vn 0.9973 -0.0699 0.0219
vn 0.9841 -0.1704 0.0503
vn 0.9973 -0.0698 0.0219
vn 0.9306 -0.3575 0.0790
vn 0.9550 -0.2771 0.1056
vn 0.9841 -0.1703 0.0503
vn 0.7071 0.7071 0.0001
vn 0.8525 0.5227 0.0003
vn 0.9418 0.3363 0.0004
vn 0.9910 -0.1211 -0.0573
vn 0.9199 -0.2773 -0.2773
vn 0.8812 -0.4258 -0.2054
vn 0.8334 -0.5340 -0.1421
vn 0.9305 -0.3576 -0.0791
vn 0.8335 -0.5340 -0.1421
vn 0.7990 -0.5969 -0.0724
vn 0.9109 -0.4106 -0.0423
vn 0.7865 -0.6175 -0.0000
vn 0.7990 -0.5969 0.0724
vn 0.9109 -0.4106 0.0423
vn 0.8335 -0.5340 0.1421
vn 0.9305 -0.3576 0.0791
vn 0.8334 -0.5340 0.1421
vn 0.8812 -0.4258 0.2054
vn 0.9199 -0.2773 0.2773
vn 0.9910 -0.1211 0.0572
vn 0.9418 0.3363 -0.0004
vn 0.8525 0.5227 -0.0003
vn 0.7071 0.7071 -0.0001
vn 0.8519 0.5238 -0.0002
vn 0.7071 0.7071 -0.0000
vn 0.8513 0.5247 -0.0001
vn 0.8513 0.5247 0.0001
vn 0.8519 0.5238 0.0002
vn 0.5226 0.8526 -0.0003
vn 0.3367 0.9416 -0.0002
vn 0.3379 0.9412 -0.0004
vn 0.5238 0.8519 -0.0003
vn 0.1742 0.9847 0.0016
vn 0.1719 0.9851 0.0008
vn 0.0412 0.9991 0.0078
vn 0.0307 0.9995 0.0055
vn -0.0699 0.9973 0.0219
vn -0.0941 0.9954 0.0164
vn 0.0308 0.9995 0.0054
vn -0.0698 0.9973 0.0219
vn -0.1703 0.9841 0.0503
vn -0.2169 0.9754 0.0386
vn -0.2771 0.9550 0.1056
vn -0.3575 0.9306 0.0790
vn 0.3392 0.9407 -0.0003
vn 0.5247 0.8513 -0.0002
vn 0.1709 0.9853 0.0003
vn 0.3393 0.9407 -0.0003
vn 0.0236 0.9997 0.0029
vn 0.0307 0.9995 0.0054
vn -0.1116 0.9937 0.0091
vn -0.2508 0.9678 0.0214
vn -0.3575 0.9305 0.0791
vn -0.4105 0.9109 0.0423
vn 0.5248 0.8513 -0.0002
vn 0.3398 0.9405 -0.0000
vn 0.5251 0.8510 -0.0000
vn 0.1706 0.9853 -0.0000
vn 0.0210 0.9998 -0.0000
vn -0.1117 0.9937 0.0091
vn -0.1181 0.9930 -0.0000
vn 0.0211 0.9998 -0.0000
vn -0.2630 0.9648 -0.0000
vn -0.4288 0.9034 -0.0000
vn 0.3392 0.9407 0.0003
vn 0.5247 0.8513 0.0002
vn 0.1709 0.9853 -0.0003
vn 0.0236 0.9997 -0.0029
vn -0.1117 0.9937 -0.0091
vn -0.2508 0.9678 -0.0214
vn -0.1116 0.9937 -0.0091
vn -0.4105 0.9109 -0.0423
vn -0.2508 0.9678 -0.0213
vn 0.3379 0.9412 0.0004
vn 0.5238 0.8519 0.0003
vn 0.3393 0.9407 0.0003
vn 0.1719 0.9851 -0.0008
vn 0.0307 0.9995 -0.0054
vn -0.0941 0.9954 -0.0164
vn -0.2169 0.9754 -0.0386
vn -0.4106 0.9109 -0.0423
vn -0.3575 0.9306 -0.0791
vn 0.3366 0.9416 0.0002
vn 0.5226 0.8526 0.0003
vn 0.1742 0.9847 -0.0016
vn 0.3367 0.9416 0.0002
vn 0.0412 0.9991 -0.0078
vn 0.0308 0.9995 -0.0055
vn -0.0699 0.9973 -0.0219
vn -0.1703 0.9841 -0.0503
vn -0.0698 0.9973 -0.0219
vn -0.2168 0.9754 -0.0386
vn -0.3575 0.9306 -0.0790
vn -0.2771 0.9550 -0.1056
vn 0.5227 0.8525 -0.0003
vn 0.3363 0.9418 -0.0004
vn -0.1211 0.9910 0.0573
vn -0.4258 0.8812 0.2054
vn -0.5340 0.8334 0.1421
vn -0.5340 0.8335 0.1421
vn -0.5969 0.7990 0.0724
vn -0.6175 0.7865 -0.0000
vn -0.6176 0.7865 -0.0000
vn -0.5969 0.7990 -0.0724
vn -0.5340 0.8335 -0.1421
vn -0.5340 0.8334 -0.1421
vn -0.4258 0.8812 -0.2054
vn -0.1911 0.9740 -0.1215
vn -0.1211 0.9910 -0.0572
vn 0.3363 0.9418 0.0004
vn 0.5227 0.8525 0.0003
vn 0.5247 0.8513 0.0001
vn 0.5247 0.8513 -0.0001
vn 0.5238 0.8519 -0.0002
vn 0.6100 -0.7210 -0.3288
vn 0.7154 -0.6655 -0.2130
vn 0.8517 -0.4488 -0.2705
vn 0.7543 -0.4967 -0.4293
vn 0.7745 -0.6239 -0.1044
vn 0.9017 -0.4125 -0.1296
vn 0.7931 -0.6090 -0.0000
vn 0.9166 -0.3999 -0.0000
vn 0.9017 -0.4126 -0.1296
vn 0.7745 -0.6239 0.1044
vn 0.9017 -0.4126 0.1296
vn 0.7154 -0.6655 0.2130
vn 0.8517 -0.4488 0.2705
vn 0.6100 -0.7210 0.3288
vn 0.7543 -0.4967 0.4293
vn 0.7544 -0.4966 -0.4293
vn 0.9291 -0.2081 -0.3058
vn 0.8401 -0.2304 -0.4911
vn 0.9708 -0.1915 -0.1444
vn 0.9826 -0.1858 -0.0000
vn 0.9017 -0.4125 0.1296
vn 0.9708 -0.1915 0.1444
vn 0.9291 -0.2081 0.3058
vn 0.7544 -0.4967 0.4293
vn 0.8401 -0.2304 0.4911
vn 0.9485 0.0305 -0.3154
vn 0.8609 0.0396 -0.5073
vn 0.9887 0.0220 -0.1485
vn 0.9998 0.0186 -0.0000
vn 0.9887 0.0221 -0.1485
vn 0.9887 0.0221 0.1485
vn 0.9485 0.0305 0.3154
vn 0.9887 0.0220 0.1485
vn 0.8609 0.0396 0.5073
vn 0.9211 0.2420 -0.3051
vn 0.8297 0.2726 -0.4871
vn 0.9656 0.2163 -0.1446
vn 0.9785 0.2065 -0.0000
vn 0.9656 0.2162 -0.1446
vn 0.9656 0.2163 0.1446
vn 0.9211 0.2420 0.3051
vn 0.8297 0.2726 0.4871
vn 0.9211 0.2420 -0.3050
vn 0.8634 0.4161 -0.2853
vn 0.7716 0.4489 -0.4507
vn 0.9106 0.3900 -0.1368
vn 0.9248 0.3805 -0.0000
vn 0.9106 0.3900 -0.1369
vn 0.9106 0.3900 0.1369
vn 0.9211 0.2420 0.3050
vn 0.8634 0.4161 0.2853
vn 0.9106 0.3900 0.1368
vn 0.7716 0.4489 0.4507
vn 0.7842 0.5589 -0.2697
vn 0.7069 0.5662 -0.4238
vn 0.8242 0.5511 -0.1305
vn 0.8364 0.5481 -0.0000
vn 0.8242 0.5511 -0.1306
vn 0.8242 0.5511 0.1306
vn 0.7842 0.5589 0.2697
vn 0.8242 0.5511 0.1305
vn 0.8634 0.4160 0.2853
vn 0.7069 0.5662 0.4238
vn 0.6100 -0.7210 -0.3287
vn 0.8401 -0.2304 0.4910
vn 0.8609 0.0397 0.5073
vn 0.8297 0.2726 0.4872
vn 0.6257 0.4657 0.6258
vn 0.5773 0.5773 0.5774
vn 0.6418 0.6418 0.4197
vn 0.7069 0.5663 0.4238
vn 0.6818 0.6818 0.2649
vn 0.8242 0.5510 0.1306
vn 0.7012 0.7012 0.1286
vn 0.7012 0.7012 -0.1286
vn 0.8242 0.5510 -0.1306
vn 0.6818 0.6818 -0.2649
vn 0.6418 0.6418 -0.4197
vn 0.6257 0.4657 -0.6258
vn 0.8609 0.0396 -0.5072
vn 0.8297 0.2726 -0.4872
vn 0.8401 -0.2304 -0.4910
vn -0.7210 0.6100 -0.3288
vn -0.4967 0.7543 -0.4293
vn -0.4488 0.8517 -0.2705
vn -0.6655 0.7154 -0.2130
vn -0.4967 0.7544 -0.4293
vn -0.2304 0.8401 -0.4911
vn -0.2081 0.9291 -0.3058
vn 0.0396 0.8609 -0.5073
vn 0.0305 0.9485 -0.3154
vn 0.2726 0.8297 -0.4871
vn 0.2420 0.9211 -0.3051
vn 0.4489 0.7716 -0.4507
vn 0.4161 0.8634 -0.2853
vn 0.2420 0.9211 -0.3050
vn 0.5662 0.7069 -0.4238
vn 0.5589 0.7842 -0.2697
vn 0.4160 0.8634 -0.2853
vn -0.4126 0.9017 -0.1296
vn -0.6239 0.7745 -0.1044
vn -0.1915 0.9708 -0.1444
vn 0.0220 0.9887 -0.1485
vn 0.2163 0.9656 -0.1446
vn 0.0221 0.9887 -0.1485
vn 0.3900 0.9106 -0.1369
vn 0.2162 0.9656 -0.1446
vn 0.5511 0.8242 -0.1305
vn -0.3999 0.9166 -0.0000
vn -0.6090 0.7931 -0.0000
vn -0.1858 0.9826 -0.0000
vn 0.0186 0.9998 -0.0000
vn 0.2065 0.9785 -0.0000
vn 0.3805 0.9248 -0.0000
vn 0.5511 0.8242 -0.1306
vn 0.5481 0.8364 -0.0000
vn -0.4126 0.9017 0.1296
vn -0.6239 0.7745 0.1044
vn -0.1915 0.9708 0.1444
vn 0.0220 0.9887 0.1485
vn -0.1914 0.9708 0.1444
vn 0.2163 0.9656 0.1446
vn 0.3900 0.9106 0.1369
vn 0.5511 0.8242 0.1306
vn -0.4488 0.8517 0.2705
vn -0.6655 0.7154 0.2130
vn -0.2081 0.9291 0.3058
vn 0.0305 0.9485 0.3154
vn 0.0221 0.9887 0.1485
vn 0.2420 0.9211 0.3051
vn 0.4161 0.8634 0.2853
vn 0.2420 0.9211 0.3050
vn 0.5511 0.8242 0.1305
vn 0.5589 0.7842 0.2697
vn -0.4967 0.7543 0.4293
vn -0.7210 0.6100 0.3288
vn -0.2304 0.8401 0.4911
vn -0.4967 0.7544 0.4293
vn 0.0396 0.8609 0.5073
vn 0.2726 0.8297 0.4871
vn 0.4489 0.7716 0.4507
vn 0.5662 0.7069 0.4238
vn -0.7509 0.4670 -0.4670
vn -0.7508 0.4670 -0.4670
vn -0.5217 0.6032 -0.6032
vn -0.2422 0.6860 -0.6860
vn -0.2304 0.8401 -0.4910
vn 0.0439 0.7064 -0.7064
vn 0.2877 0.6772 -0.6772
vn 0.2726 0.8297 -0.4872
vn 0.0396 0.8609 -0.5072
vn 0.4657 0.6257 -0.6258
vn 0.4657 0.6258 -0.6258
vn 0.5693 0.5813 -0.5813
vn 0.5663 0.7069 -0.4238
vn 0.5510 0.8242 -0.1306
vn 0.5510 0.8242 0.1306
vn 0.5663 0.7069 0.4238
vn 0.5693 0.5813 0.5813
vn 0.4657 0.6258 0.6258
vn 0.4657 0.6257 0.6258
vn 0.2877 0.6772 0.6772
vn 0.0396 0.8609 0.5072
vn 0.2726 0.8297 0.4872
vn 0.0439 0.7064 0.7064
vn -0.2304 0.8401 0.4910
vn -0.2422 0.6860 0.6861
vn -0.5217 0.6032 0.6032
vn -0.7509 0.4670 0.4670
vn -0.7210 0.6100 0.3287
vn -0.7865 0.6176 -0.0000
vn -0.7210 0.6100 -0.3287
vn 0.6100 0.7210 -0.3288
vn 0.7543 0.4967 -0.4293
vn 0.8517 0.4488 -0.2705
vn 0.7154 0.6655 -0.2130
vn 0.7544 0.4967 -0.4293
vn 0.8401 0.2304 -0.4911
vn 0.9291 0.2081 -0.3058
vn 0.8609 -0.0396 -0.5073
vn 0.9485 -0.0305 -0.3154
vn 0.8297 -0.2726 -0.4871
vn 0.9211 -0.2420 -0.3051
vn 0.7716 -0.4489 -0.4507
vn 0.8634 -0.4161 -0.2853
vn 0.7069 -0.5662 -0.4238
vn 0.7842 -0.5589 -0.2697
vn 0.9017 0.4126 -0.1296
vn 0.7745 0.6239 -0.1044
vn 0.9708 0.1915 -0.1444
vn 0.9887 -0.0220 -0.1485
vn 0.9656 -0.2163 -0.1446
vn 0.9887 -0.0221 -0.1485
vn 0.9211 -0.2420 -0.3050
vn 0.9106 -0.3900 -0.1368
vn 0.8242 -0.5511 -0.1305
vn 0.9106 -0.3900 -0.1369
vn 0.9166 0.3999 -0.0000
vn 0.7931 0.6090 -0.0000
vn 0.9826 0.1858 -0.0000
vn 0.9998 -0.0186 -0.0000
vn 0.9656 -0.2162 -0.1446
vn 0.9785 -0.2065 -0.0000
vn 0.9248 -0.3805 -0.0000
vn 0.8242 -0.5511 -0.1306
vn 0.8364 -0.5481 -0.0000
vn 0.9017 0.4126 0.1296
vn 0.7745 0.6239 0.1044
vn 0.9708 0.1915 0.1444
vn 0.9887 -0.0221 0.1485
vn 0.9656 -0.2163 0.1446
vn 0.9887 -0.0220 0.1485
vn 0.9106 -0.3900 0.1369
vn 0.8242 -0.5511 0.1306
vn 0.9017 0.4125 0.1296
vn 0.8517 0.4488 0.2705
vn 0.7154 0.6655 0.2130
vn 0.9291 0.2081 0.3058
vn 0.9485 -0.0305 0.3154
vn 0.9656 -0.2162 0.1446
vn 0.9211 -0.2420 0.3051
vn 0.9106 -0.3900 0.1368
vn 0.8634 -0.4161 0.2853
vn 0.9211 -0.2420 0.3050
vn 0.8242 -0.5511 0.1305
vn 0.7842 -0.5589 0.2697
vn 0.7544 0.4966 0.4293
vn 0.6100 0.7210 0.3288
vn 0.8401 0.2304 0.4911
vn 0.8609 -0.0396 0.5073
vn 0.8297 -0.2726 0.4871
vn 0.7716 -0.4489 0.4507
vn 0.7069 -0.5663 0.4238
vn 0.4670 0.7508 -0.4670
vn 0.6860 0.2422 -0.6861
vn 0.8401 0.2304 -0.4910
vn 0.8297 -0.2726 -0.4872
vn 0.8609 -0.0396 -0.5072
vn 0.6257 -0.4657 -0.6258
vn 0.6418 -0.6418 -0.4197
vn 0.6818 -0.6818 -0.2649
vn 0.7012 -0.7012 -0.1286
vn 0.8242 -0.5510 -0.1306
vn 0.7012 -0.7012 0.1286
vn 0.8242 -0.5510 0.1306
vn 0.6818 -0.6818 0.2649
vn 0.6418 -0.6418 0.4197
vn 0.7069 -0.5662 0.4238
vn 0.5773 -0.5773 0.5774
vn 0.6257 -0.4657 0.6258
vn 0.8297 -0.2726 0.4872
vn 0.8401 0.2304 0.4910
vn 0.7543 0.4967 0.4293
vn 0.6100 0.7210 0.3287
vn -0.7210 -0.6100 -0.3288
vn -0.6655 -0.7154 -0.2130
vn -0.4488 -0.8517 -0.2705
vn -0.4967 -0.7543 -0.4293
vn -0.6239 -0.7745 -0.1044
vn -0.4126 -0.9017 -0.1296
vn -0.6090 -0.7931 -0.0000
vn -0.3999 -0.9166 -0.0000
vn -0.6239 -0.7745 0.1044
vn -0.4126 -0.9017 0.1296
vn -0.6655 -0.7154 0.2130
vn -0.4488 -0.8517 0.2705
vn -0.7210 -0.6100 0.3288
vn -0.4967 -0.7543 0.4293
vn -0.4967 -0.7544 -0.4293
vn -0.2081 -0.9291 -0.3058
vn -0.2304 -0.8401 -0.4911
vn -0.1915 -0.9708 -0.1444
vn -0.1858 -0.9826 -0.0000
vn -0.4125 -0.9017 0.1296
vn -0.1915 -0.9708 0.1444
vn -0.2081 -0.9291 0.3058
vn -0.4967 -0.7544 0.4293
vn -0.2304 -0.8401 0.4911
vn 0.0305 -0.9485 -0.3154
vn 0.0396 -0.8609 -0.5073
vn 0.0220 -0.9887 -0.1485
vn 0.0186 -0.9998 -0.0000
vn 0.0221 -0.9887 -0.1485
vn 0.0221 -0.9887 0.1485
vn 0.0305 -0.9485 0.3154
vn 0.0220 -0.9887 0.1485
vn 0.0396 -0.8609 0.5073
vn 0.2420 -0.9211 -0.3051
vn 0.2726 -0.8297 -0.4871
vn 0.2163 -0.9656 -0.1446
vn 0.2065 -0.9785 -0.0000
vn 0.2162 -0.9656 -0.1446
vn 0.2163 -0.9656 0.1446
vn 0.2420 -0.9211 0.3051
vn 0.2726 -0.8297 0.4871
vn 0.2420 -0.9211 -0.3050
vn 0.4161 -0.8634 -0.2853
vn 0.4489 -0.7716 -0.4507
vn 0.3900 -0.9106 -0.1368
vn 0.3805 -0.9248 -0.0000
vn 0.3900 -0.9106 -0.1369
vn 0.3900 -0.9106 0.1369
vn 0.2420 -0.9211 0.3050
vn 0.4161 -0.8634 0.2853
vn 0.3900 -0.9106 0.1368
vn 0.4489 -0.7716 0.4507
vn 0.5589 -0.7842 -0.2697
vn 0.5662 -0.7069 -0.4238
vn 0.5511 -0.8242 -0.1305
vn 0.5481 -0.8364 -0.0000
vn 0.5511 -0.8242 -0.1306
vn 0.5511 -0.8242 0.1306
vn 0.5589 -0.7842 0.2697
vn 0.5511 -0.8242 0.1305
vn 0.4160 -0.8634 0.2853
vn 0.5662 -0.7069 0.4238
vn -0.7509 -0.4670 -0.4670
vn -0.7210 -0.6100 -0.3287
vn -0.7210 -0.6100 0.3287
vn -0.7509 -0.4670 0.4670
vn -0.7508 -0.4670 0.4670
vn -0.5217 -0.6032 0.6032
vn -0.2422 -0.6860 0.6860
vn -0.2304 -0.8401 0.4910
vn -0.2422 -0.6861 0.6860
vn 0.0439 -0.7064 0.7064
vn 0.0397 -0.8609 0.5073
vn 0.2877 -0.6772 0.6772
vn 0.2726 -0.8297 0.4872
vn 0.4657 -0.6257 0.6258
vn 0.4657 -0.6258 0.6258
vn 0.5693 -0.5813 0.5813
vn 0.5662 -0.7070 0.4238
vn 0.5510 -0.8242 0.1306
vn 0.5510 -0.8242 -0.1306
vn 0.5663 -0.7069 -0.4238
vn 0.5693 -0.5813 -0.5813
vn 0.4657 -0.6258 -0.6258
vn 0.2877 -0.6772 -0.6772
vn 0.4657 -0.6257 -0.6258
vn 0.0439 -0.7064 -0.7064
vn 0.0397 -0.8609 -0.5073
vn 0.2726 -0.8297 -0.4872
vn -0.2422 -0.6860 -0.6860
vn -0.2304 -0.8401 -0.4910
vn -0.5217 -0.6032 -0.6032
vn -0.4966 -0.7543 -0.4293
vn 0.7210 0.6100 0.3288
vn 0.4967 0.7543 0.4293
vn 0.4488 0.8517 0.2705
vn 0.6655 0.7154 0.2130
vn 0.4967 0.7544 0.4293
vn 0.2304 0.8401 0.4911
vn 0.2081 0.9291 0.3058
vn -0.0396 0.8609 0.5073
vn -0.0305 0.9485 0.3154
vn -0.2726 0.8297 0.4871
vn -0.2420 0.9211 0.3051
vn -0.4489 0.7716 0.4507
vn -0.4161 0.8634 0.2853
vn -0.2420 0.9211 0.3050
vn -0.5663 0.7069 0.4238
vn -0.5589 0.7842 0.2697
vn 0.4125 0.9017 0.1296
vn 0.6239 0.7745 0.1044
vn 0.1915 0.9708 0.1444
vn 0.4126 0.9017 0.1296
vn -0.0220 0.9887 0.1485
vn -0.2163 0.9656 0.1446
vn -0.0221 0.9887 0.1485
vn -0.3900 0.9106 0.1368
vn -0.5511 0.8242 0.1305
vn -0.3900 0.9106 0.1369
vn 0.3999 0.9166 -0.0000
vn 0.6090 0.7931 -0.0000
vn 0.1858 0.9826 -0.0000
vn -0.0186 0.9998 -0.0000
vn -0.2065 0.9785 -0.0000
vn -0.3805 0.9248 -0.0000
vn -0.5511 0.8242 0.1306
vn -0.5481 0.8364 -0.0000
vn 0.4126 0.9017 -0.1296
vn 0.6239 0.7745 -0.1044
vn 0.1915 0.9708 -0.1444
vn -0.0220 0.9887 -0.1485
vn -0.2162 0.9656 -0.1446
vn -0.3900 0.9106 -0.1369
vn -0.2163 0.9656 -0.1446
vn -0.5511 0.8242 -0.1306
vn 0.4488 0.8517 -0.2705
vn 0.6655 0.7154 -0.2130
vn 0.2081 0.9291 -0.3058
vn -0.0305 0.9485 -0.3154
vn -0.0221 0.9887 -0.1485
vn -0.2420 0.9211 -0.3051
vn -0.3900 0.9106 -0.1368
vn -0.4161 0.8634 -0.2853
vn -0.2420 0.9211 -0.3050
vn -0.5510 0.8242 -0.1306
vn -0.5589 0.7842 -0.2697
vn 0.4967 0.7543 -0.4293
vn 0.7210 0.6100 -0.3288
vn 0.2304 0.8401 -0.4911
vn 0.4967 0.7544 -0.4293
vn -0.0396 0.8609 -0.5073
vn -0.2726 0.8297 -0.4871
vn -0.4489 0.7716 -0.4507
vn -0.5662 0.7070 -0.4238
vn 0.7509 0.4670 0.4670
vn 0.5217 0.6032 0.6032
vn 0.2422 0.6860 0.6860
vn -0.0439 0.7064 0.7064
vn 0.2304 0.8401 0.4910
vn -0.2877 0.6772 0.6772
vn -0.2726 0.8297 0.4872
vn -0.0397 0.8609 0.5073
vn -0.4657 0.6257 0.6258
vn -0.4657 0.6258 0.6258
vn -0.5693 0.5813 0.5813
vn -0.5662 0.7069 0.4238
vn -0.6418 0.6418 0.4197
vn -0.6818 0.6818 0.2649
vn -0.7012 0.7012 0.1286
vn -0.5510 0.8242 0.1306
vn -0.7012 0.7012 -0.1286
vn -0.5511 0.8242 -0.1305
vn -0.5510 0.8242 -0.1305
vn -0.6818 0.6818 -0.2649
vn -0.6418 0.6418 -0.4197
vn -0.5662 0.7069 -0.4238
vn -0.5773 0.5773 -0.5774
vn -0.5693 0.5813 -0.5813
vn -0.4657 0.6258 -0.6258
vn -0.4657 0.6257 -0.6258
vn -0.2877 0.6772 -0.6772
vn -0.0396 0.8609 -0.5072
vn -0.2726 0.8297 -0.4872
vn -0.0439 0.7064 -0.7064
vn 0.2304 0.8401 -0.4910
vn 0.2422 0.6860 -0.6860
vn 0.5217 0.6032 -0.6032
vn 0.7508 0.4670 -0.4670
vn 0.7509 0.4670 -0.4670
vn 0.7865 0.6176 -0.0000
vn 0.7210 0.6100 0.3287
vn -0.6100 -0.7210 0.3288
vn -0.7154 -0.6655 0.2130
vn -0.8517 -0.4488 0.2705
vn -0.7543 -0.4967 0.4293
vn -0.7745 -0.6239 0.1044
vn -0.9017 -0.4126 0.1296
vn -0.7931 -0.6090 -0.0000
vn -0.9166 -0.3999 -0.0000
vn -0.7745 -0.6239 -0.1044
vn -0.9017 -0.4126 -0.1296
vn -0.7154 -0.6655 -0.2130
vn -0.8517 -0.4488 -0.2705
vn -0.6100 -0.7210 -0.3288
vn -0.7543 -0.4967 -0.4293
vn -0.7544 -0.4967 0.4293
vn -0.9291 -0.2081 0.3058
vn -0.8401 -0.2304 0.4911
vn -0.9708 -0.1915 0.1444
vn -0.9826 -0.1858 -0.0000
vn -0.9017 -0.4125 -0.1296
vn -0.9708 -0.1915 -0.1444
vn -0.9291 -0.2081 -0.3058
vn -0.7544 -0.4967 -0.4293
vn -0.8401 -0.2304 -0.4911
vn -0.9485 0.0305 0.3154
vn -0.8609 0.0396 0.5073
vn -0.9887 0.0220 0.1485
vn -0.9998 0.0186 -0.0000
vn -0.9887 0.0221 0.1485
vn -0.9887 0.0221 -0.1485
vn -0.9485 0.0305 -0.3154
vn -0.9887 0.0220 -0.1485
vn -0.8609 0.0396 -0.5073
vn -0.9211 0.2420 0.3051
vn -0.8297 0.2726 0.4871
vn -0.9656 0.2163 0.1446
vn -0.9785 0.2065 -0.0000
vn -0.9656 0.2162 0.1446
vn -0.9656 0.2162 -0.1446
vn -0.9211 0.2420 -0.3051
vn -0.8297 0.2726 -0.4871
vn -0.8634 0.4161 0.2853
vn -0.7716 0.4489 0.4507
vn -0.9211 0.2420 0.3050
vn -0.9106 0.3900 0.1368
vn -0.9248 0.3805 -0.0000
vn -0.9106 0.3900 0.1369
vn -0.9656 0.2163 -0.1446
vn -0.9106 0.3900 -0.1369
vn -0.9211 0.2420 -0.3050
vn -0.8634 0.4161 -0.2853
vn -0.9106 0.3900 -0.1368
vn -0.7716 0.4489 -0.4507
vn -0.7842 0.5589 0.2697
vn -0.7069 0.5662 0.4238
vn -0.8242 0.5511 0.1305
vn -0.8364 0.5481 -0.0000
vn -0.8242 0.5511 0.1306
vn -0.8242 0.5511 -0.1306
vn -0.7842 0.5589 -0.2697
vn -0.8242 0.5511 -0.1305
vn -0.8634 0.4160 -0.2853
vn -0.7069 0.5663 -0.4238
vn -0.6100 -0.7210 0.3287
vn -0.6100 -0.7210 -0.3287
vn -0.4670 -0.7508 -0.4670
vn -0.8401 -0.2304 -0.4910
vn -0.8609 0.0397 -0.5073
vn -0.8297 0.2726 -0.4872
vn -0.6257 0.4657 -0.6258
vn -0.7069 0.5662 -0.4238
vn -0.8242 0.5510 -0.1306
vn -0.8242 0.5510 0.1305
vn -0.6257 0.4657 0.6258
vn -0.8609 0.0396 0.5072
vn -0.8297 0.2726 0.4872
vn -0.8401 -0.2304 0.4910
vn -0.6860 -0.2422 0.6861
vn -0.4670 -0.7508 0.4670
vn 0.7210 -0.6100 -0.3288
vn 0.4967 -0.7543 -0.4293
vn 0.4488 -0.8517 -0.2705
vn 0.6655 -0.7154 -0.2130
vn 0.4967 -0.7544 -0.4293
vn 0.2304 -0.8401 -0.4911
vn 0.2081 -0.9291 -0.3058
vn -0.0396 -0.8609 -0.5073
vn -0.0305 -0.9485 -0.3154
vn -0.2726 -0.8297 -0.4871
vn -0.2420 -0.9211 -0.3051
vn -0.4489 -0.7716 -0.4507
vn -0.4161 -0.8634 -0.2853
vn -0.2420 -0.9211 -0.3050
vn -0.5662 -0.7069 -0.4238
vn -0.5589 -0.7842 -0.2697
vn -0.4160 -0.8634 -0.2853
vn 0.4125 -0.9017 -0.1296
vn 0.6239 -0.7745 -0.1044
vn 0.1915 -0.9708 -0.1444
vn 0.4126 -0.9017 -0.1296
vn -0.0220 -0.9887 -0.1485
vn -0.2163 -0.9656 -0.1446
vn -0.0221 -0.9887 -0.1485
vn -0.3900 -0.9106 -0.1368
vn -0.5511 -0.8242 -0.1305
vn -0.3900 -0.9106 -0.1369
vn 0.3999 -0.9166 -0.0000
vn 0.6090 -0.7931 -0.0000
vn 0.1858 -0.9826 -0.0000
vn -0.0186 -0.9998 -0.0000
vn -0.2065 -0.9785 -0.0000
vn -0.3805 -0.9248 -0.0000
vn -0.5511 -0.8242 -0.1306
vn -0.5481 -0.8364 -0.0000
vn 0.4126 -0.9017 0.1296
vn 0.6239 -0.7745 0.1044
vn 0.1915 -0.9708 0.1444
vn 0.4125 -0.9017 0.1296
vn -0.0221 -0.9887 0.1485
vn -0.2163 -0.9656 0.1446
vn -0.0220 -0.9887 0.1485
vn -0.3900 -0.9106 0.1369
vn -0.5511 -0.8242 0.1306
vn 0.4488 -0.8517 0.2705
vn 0.6655 -0.7154 0.2130
vn 0.2081 -0.9291 0.3058
vn -0.0305 -0.9485 0.3154
vn -0.2420 -0.9211 0.3051
vn -0.3900 -0.9106 0.1368
vn -0.4161 -0.8634 0.2853
vn -0.2420 -0.9211 0.3050
vn -0.5511 -0.8242 0.1305
vn -0.5589 -0.7842 0.2697
vn 0.4967 -0.7543 0.4293
vn 0.7210 -0.6100 0.3288
vn 0.2304 -0.8401 0.4911
vn 0.4967 -0.7544 0.4293
vn -0.0396 -0.8609 0.5073
vn -0.2726 -0.8297 0.4871
vn -0.4489 -0.7716 0.4507
vn -0.5662 -0.7069 0.4238
vn 0.7509 -0.4670 -0.4670
vn 0.5217 -0.6032 -0.6032
vn 0.2422 -0.6860 -0.6860
vn -0.0439 -0.7064 -0.7064
vn 0.2304 -0.8401 -0.4910
vn -0.2877 -0.6772 -0.6772
vn -0.2726 -0.8297 -0.4872
vn -0.0397 -0.8609 -0.5073
vn -0.4657 -0.6257 -0.6258
vn -0.4657 -0.6258 -0.6258
vn -0.5693 -0.5813 -0.5813
vn -0.5773 -0.5773 -0.5774
vn -0.6418 -0.6418 -0.4197
vn -0.5663 -0.7069 -0.4238
vn -0.6818 -0.6818 -0.2649
vn -0.7012 -0.7012 -0.1286
vn -0.5510 -0.8242 -0.1306
vn -0.7012 -0.7012 0.1286
vn -0.5510 -0.8242 0.1306
vn -0.6818 -0.6818 0.2649
vn -0.6418 -0.6418 0.4197
vn -0.5663 -0.7069 0.4238
vn -0.5773 -0.5773 0.5774
vn -0.5693 -0.5813 0.5813
vn -0.4657 -0.6258 0.6258
vn -0.4657 -0.6257 0.6258
vn -0.2877 -0.6772 0.6772
vn -0.0396 -0.8609 0.5072
vn -0.2726 -0.8297 0.4872
vn -0.0439 -0.7064 0.7064
vn 0.2304 -0.8401 0.4910
vn 0.2422 -0.6860 0.6860
vn 0.5217 -0.6032 0.6032
vn 0.7508 -0.4670 0.4670
vn 0.7509 -0.4670 0.4670
vn 0.7210 -0.6100 0.3287
vn 0.7865 -0.6176 -0.0000
vn 0.7210 -0.6100 -0.3287
vn -0.6100 0.7210 -0.3288
vn -0.7154 0.6655 -0.2130
vn -0.8517 0.4488 -0.2705
vn -0.7543 0.4967 -0.4293
vn -0.7745 0.6239 -0.1044
vn -0.9017 0.4125 -0.1296
vn -0.7931 0.6090 -0.0000
vn -0.9166 0.3999 -0.0000
vn -0.9017 0.4126 -0.1296
vn -0.7745 0.6239 0.1044
vn -0.9017 0.4126 0.1296
vn -0.7154 0.6655 0.2130
vn -0.8517 0.4488 0.2705
vn -0.6100 0.7210 0.3288
vn -0.7543 0.4967 0.4293
vn -0.7544 0.4967 -0.4293
vn -0.9291 0.2081 -0.3058
vn -0.8401 0.2304 -0.4911
vn -0.9708 0.1915 -0.1444
vn -0.9826 0.1858 -0.0000
vn -0.9017 0.4125 0.1296
vn -0.9708 0.1915 0.1444
vn -0.9291 0.2081 0.3058
vn -0.7544 0.4967 0.4293
vn -0.8401 0.2304 0.4911
vn -0.9485 -0.0305 -0.3154
vn -0.8609 -0.0396 -0.5073
vn -0.9887 -0.0220 -0.1485
vn -0.9998 -0.0186 -0.0000
vn -0.9887 -0.0221 -0.1485
vn -0.9887 -0.0221 0.1485
vn -0.9485 -0.0305 0.3154
vn -0.9887 -0.0220 0.1485
vn -0.8609 -0.0396 0.5073
vn -0.9211 -0.2420 -0.3051
vn -0.8297 -0.2726 -0.4871
vn -0.9656 -0.2163 -0.1446
vn -0.9785 -0.2065 -0.0000
vn -0.9656 -0.2162 -0.1446
vn -0.9656 -0.2163 0.1446
vn -0.9211 -0.2420 0.3051
vn -0.8297 -0.2726 0.4871
vn -0.9211 -0.2420 -0.3050
vn -0.8634 -0.4161 -0.2853
vn -0.7716 -0.4489 -0.4507
vn -0.9106 -0.3900 -0.1368
vn -0.9248 -0.3805 -0.0000
vn -0.9106 -0.3900 -0.1369
vn -0.9106 -0.3900 0.1369
vn -0.9211 -0.2420 0.3050
vn -0.8634 -0.4161 0.2853
vn -0.9106 -0.3900 0.1368
vn -0.7716 -0.4489 0.4507
vn -0.7842 -0.5589 -0.2697
vn -0.7069 -0.5662 -0.4238
vn -0.8242 -0.5511 -0.1305
vn -0.8364 -0.5481 -0.0000
vn -0.8242 -0.5511 -0.1306
vn -0.8242 -0.5511 0.1306
vn -0.7842 -0.5589 0.2697
vn -0.8242 -0.5511 0.1305
vn -0.8634 -0.4160 0.2853
vn -0.7069 -0.5662 0.4238
vn -0.6100 0.7210 -0.3287
vn -0.6100 0.7210 0.3287
vn -0.4670 0.7508 0.4670
vn -0.8401 0.2304 0.4910
vn -0.8609 -0.0397 0.5073
vn -0.8297 -0.2726 0.4872
vn -0.6257 -0.4657 0.6258
vn -0.7069 -0.5663 0.4238
vn -0.8242 -0.5510 0.1306
vn -0.8242 -0.5510 -0.1306
vn -0.6257 -0.4657 -0.6258
vn -0.8609 -0.0397 -0.5073
vn -0.8297 -0.2726 -0.4872
vn -0.8401 0.2304 -0.4910
vn -0.8526 -0.0003 0.5226
vn -0.8519 -0.0003 0.5238
vn -0.9412 -0.0004 0.3379
vn -0.9416 -0.0002 0.3366
vn -0.8513 -0.0002 0.5247
vn -0.9407 -0.0003 0.3392
vn -0.8510 -0.0000 0.5251
vn -0.9405 -0.0000 0.3398
vn -0.8513 0.0002 0.5247
vn -0.9407 0.0003 0.3392
vn -0.8519 0.0003 0.5238
vn -0.9412 0.0004 0.3379
vn -0.8526 0.0003 0.5226
vn -0.9416 0.0002 0.3366
vn -0.9416 -0.0002 0.3367
vn -0.9851 0.0008 0.1719
vn -0.9847 0.0016 0.1743
vn -0.9407 -0.0003 0.3393
vn -0.9853 0.0003 0.1709
vn -0.9853 -0.0000 0.1706
vn -0.9853 -0.0003 0.1709
vn -0.9851 -0.0008 0.1719
vn -0.9416 0.0002 0.3367
vn -0.9847 -0.0016 0.1743
vn -0.9847 0.0016 0.1742
vn -0.9995 0.0055 0.0307
vn -0.9991 0.0078 0.0412
vn -0.9997 0.0029 0.0236
vn -0.9995 0.0054 0.0307
vn -0.9998 -0.0000 0.0210
vn -0.9997 -0.0029 0.0236
vn -0.9995 -0.0055 0.0307
vn -0.9847 -0.0016 0.1742
vn -0.9991 -0.0078 0.0412
vn -0.9995 0.0054 0.0308
vn -0.9954 0.0164 -0.0941
vn -0.9973 0.0219 -0.0699
vn -0.9995 0.0055 0.0308
vn -0.9937 0.0091 -0.1117
vn -0.9930 -0.0000 -0.1181
vn -0.9937 -0.0091 -0.1117
vn -0.9995 -0.0055 0.0308
vn -0.9954 -0.0164 -0.0941
vn -0.9995 -0.0054 0.0308
vn -0.9973 -0.0219 -0.0699
vn -0.9973 0.0219 -0.0698
vn -0.9754 0.0386 -0.2169
vn -0.9841 0.0503 -0.1703
vn -0.9678 0.0214 -0.2508
vn -0.9648 -0.0000 -0.2630
vn -0.9678 -0.0214 -0.2508
vn -0.9754 -0.0386 -0.2169
vn -0.9973 -0.0219 -0.0698
vn -0.9841 -0.0503 -0.1704
vn -0.9754 -0.0386 -0.2168
vn -0.9306 0.0790 -0.3575
vn -0.9550 0.1056 -0.2771
vn -0.9109 0.0423 -0.4106
vn -0.9306 0.0791 -0.3575
vn -0.9678 0.0213 -0.2508
vn -0.9034 -0.0000 -0.4288
vn -0.9109 0.0423 -0.4105
vn -0.9678 -0.0213 -0.2508
vn -0.9109 -0.0423 -0.4105
vn -0.9306 -0.0791 -0.3575
vn -0.9109 -0.0423 -0.4106
vn -0.9841 -0.0503 -0.1703
vn -0.9550 -0.1056 -0.2771
vn -0.9305 -0.0791 -0.3576
vn -0.7071 -0.0001 0.7071
vn -0.8525 -0.0003 0.5227
vn -0.7071 -0.0000 0.7071
vn -0.8519 -0.0002 0.5238
vn -0.8513 -0.0002 0.5248
vn -0.7071 0.0001 0.7071
vn -0.8513 0.0001 0.5247
vn -0.8525 0.0003 0.5227
vn -0.8519 0.0002 0.5238
vn -0.9418 0.0004 0.3363
vn -0.9910 -0.0573 -0.1211
vn -0.8812 -0.2054 -0.4258
vn -0.9306 -0.0790 -0.3575
vn -0.8334 -0.1421 -0.5340
vn -0.8335 -0.1421 -0.5340
vn -0.7990 -0.0724 -0.5969
vn -0.7865 -0.0000 -0.6176
vn -0.7990 0.0724 -0.5969
vn -0.8335 0.1421 -0.5340
vn -0.8334 0.1421 -0.5340
vn -0.8812 0.2054 -0.4258
vn -0.9910 0.0573 -0.1211
vn -0.9418 -0.0004 0.3363
vn -0.8526 -0.0003 -0.5226
vn -0.9416 -0.0002 -0.3366
vn -0.9412 -0.0004 -0.3379
vn -0.8519 -0.0003 -0.5238
vn -0.9416 -0.0002 -0.3367
vn -0.9847 0.0016 -0.1743
vn -0.9851 0.0008 -0.1719
vn -0.9847 0.0016 -0.1742
vn -0.9991 0.0078 -0.0412
vn -0.9995 0.0055 -0.0307
vn -0.9973 0.0219 0.0699
vn -0.9954 0.0164 0.0941
vn -0.9995 0.0054 -0.0308
vn -0.9973 0.0219 0.0698
vn -0.9841 0.0503 0.1703
vn -0.9754 0.0386 0.2169
vn -0.9550 0.1056 0.2771
vn -0.9306 0.0790 0.3575
vn -0.9407 -0.0003 -0.3392
vn -0.8513 -0.0002 -0.5247
vn -0.9853 0.0003 -0.1709
vn -0.9851 0.0008 -0.1720
vn -0.9997 0.0029 -0.0236
vn -0.9995 0.0055 -0.0308
vn -0.9937 0.0091 0.1116
vn -0.9954 0.0165 0.0941
vn -0.9678 0.0214 0.2508
vn -0.9937 0.0091 0.1117
vn -0.9306 0.0791 0.3575
vn -0.9109 0.0423 0.4106
vn -0.9405 -0.0000 -0.3398
vn -0.8510 -0.0000 -0.5251
vn -0.9853 -0.0000 -0.1706
vn -0.9998 -0.0000 -0.0210
vn -0.9930 -0.0000 0.1181
vn -0.9648 -0.0000 0.2630
vn -0.9109 0.0423 0.4105
vn -0.9034 -0.0000 0.4288
vn -0.9407 0.0003 -0.3392
vn -0.8513 0.0002 -0.5247
vn -0.9853 -0.0003 -0.1709
vn -0.9997 -0.0029 -0.0236
vn -0.9937 -0.0091 0.1117
vn -0.9678 -0.0214 0.2508
vn -0.9937 -0.0091 0.1116
vn -0.9109 -0.0423 0.4105
vn -0.9412 0.0004 -0.3379
vn -0.8519 0.0003 -0.5238
vn -0.9407 0.0003 -0.3393
vn -0.9851 -0.0008 -0.1719
vn -0.9995 -0.0055 -0.0307
vn -0.9954 -0.0164 0.0941
vn -0.9995 -0.0054 -0.0307
vn -0.9754 -0.0386 0.2169
vn -0.9109 -0.0423 0.4106
vn -0.9305 -0.0791 0.3575
vn -0.9416 0.0002 -0.3366
vn -0.8526 0.0003 -0.5226
vn -0.9847 -0.0016 -0.1743
vn -0.9416 0.0002 -0.3367
vn -0.9991 -0.0078 -0.0412
vn -0.9847 -0.0016 -0.1742
vn -0.9995 -0.0055 -0.0308
vn -0.9973 -0.0219 0.0699
vn -0.9754 -0.0386 0.2168
vn -0.9841 -0.0503 0.1703
vn -0.9973 -0.0219 0.0698
vn -0.9306 -0.0790 0.3575
vn -0.9550 -0.1056 0.2771
vn -0.7071 -0.0001 -0.7071
vn -0.8525 -0.0003 -0.5227
vn -0.9418 -0.0004 -0.3363
vn -0.9910 0.0573 0.1211
vn -0.8812 0.2054 0.4258
vn -0.8334 0.1421 0.5340
vn -0.9305 0.0791 0.3576
vn -0.8335 0.1421 0.5340
vn -0.7990 0.0724 0.5969
vn -0.7865 -0.0000 0.6176
vn -0.7990 -0.0724 0.5969
vn -0.8335 -0.1421 0.5340
vn -0.9306 -0.0791 0.3575
vn -0.8334 -0.1421 0.5340
vn -0.8812 -0.2054 0.4258
vn -0.9910 -0.0573 0.1211
vn -0.9418 0.0004 -0.3363
vn -0.8525 0.0003 -0.5226
vn -0.7071 0.0001 -0.7071
vn -0.8525 0.0003 -0.5227
vn -0.7071 -0.0000 -0.7071
vn -0.8519 0.0002 -0.5238
vn -0.8513 0.0002 -0.5248
vn -0.8513 -0.0002 -0.5248
vn -0.8513 -0.0001 -0.5247
vn -0.8519 -0.0002 -0.5238
vn -0.5226 -0.0003 -0.8526
vn -0.5238 -0.0003 -0.8519
vn -0.3379 -0.0004 -0.9412
vn -0.3366 -0.0002 -0.9416
vn -0.5247 -0.0002 -0.8513
vn -0.3392 -0.0003 -0.9407
vn -0.5251 -0.0000 -0.8510
vn -0.3398 -0.0000 -0.9405
vn -0.5247 0.0002 -0.8513
vn -0.3392 0.0003 -0.9407
vn -0.5248 0.0002 -0.8513
vn -0.5238 0.0003 -0.8519
vn -0.3379 0.0004 -0.9412
vn -0.5226 0.0003 -0.8526
vn -0.3366 0.0002 -0.9416
vn -0.3367 -0.0002 -0.9416
vn -0.1719 0.0008 -0.9851
vn -0.1743 0.0016 -0.9847
vn -0.3393 -0.0003 -0.9407
vn -0.1709 0.0003 -0.9853
vn -0.1706 -0.0000 -0.9853
vn -0.1709 -0.0003 -0.9853
vn -0.3393 0.0003 -0.9407
vn -0.1719 -0.0008 -0.9851
vn -0.3367 0.0002 -0.9416
vn -0.1743 -0.0016 -0.9847
vn -0.1742 0.0016 -0.9847
vn -0.0307 0.0055 -0.9995
vn -0.0412 0.0078 -0.9991
vn -0.0236 0.0029 -0.9997
vn -0.0210 -0.0000 -0.9998
vn -0.0236 -0.0029 -0.9997
vn -0.0307 -0.0055 -0.9995
vn -0.1742 -0.0016 -0.9847
vn -0.0412 -0.0078 -0.9991
vn 0.0941 0.0164 -0.9954
vn 0.0699 0.0219 -0.9973
vn -0.0308 0.0055 -0.9995
vn 0.1117 0.0091 -0.9937
vn 0.1181 -0.0000 -0.9930
vn 0.1117 -0.0091 -0.9937
vn -0.0308 -0.0055 -0.9995
vn 0.0941 -0.0164 -0.9954
vn 0.1116 -0.0091 -0.9937
vn -0.0308 -0.0054 -0.9995
vn 0.0699 -0.0219 -0.9973
vn 0.0698 0.0219 -0.9973
vn 0.2169 0.0386 -0.9754
vn 0.1704 0.0503 -0.9841
vn 0.1116 0.0091 -0.9937
vn 0.2508 0.0214 -0.9678
vn 0.2630 -0.0000 -0.9648
vn 0.2508 -0.0214 -0.9678
vn 0.2169 -0.0386 -0.9754
vn 0.0698 -0.0219 -0.9973
vn 0.1704 -0.0503 -0.9841
vn 0.2168 -0.0386 -0.9754
vn 0.1703 0.0503 -0.9841
vn 0.3575 0.0790 -0.9306
vn 0.2771 0.1056 -0.9550
vn 0.4106 0.0423 -0.9108
vn 0.3575 0.0791 -0.9305
vn 0.4288 -0.0000 -0.9034
vn 0.4105 0.0423 -0.9109
vn 0.2508 -0.0213 -0.9678
vn 0.4105 -0.0423 -0.9109
vn 0.3575 -0.0791 -0.9305
vn 0.4106 -0.0423 -0.9108
vn 0.1703 -0.0503 -0.9841
vn 0.2771 -0.1056 -0.9550
vn 0.3575 -0.0790 -0.9306
vn -0.5227 -0.0002 -0.8525
vn -0.5247 0.0001 -0.8513
vn -0.5227 0.0003 -0.8525
vn -0.5238 0.0002 -0.8519
vn -0.3363 0.0004 -0.9418
vn 0.1211 -0.0572 -0.9910
vn 0.4258 -0.2054 -0.8812
vn 0.5340 -0.1421 -0.8334
vn 0.4106 -0.0423 -0.9109
vn 0.3575 -0.0791 -0.9306
vn 0.5340 -0.1421 -0.8335
vn 0.5969 -0.0724 -0.7990
vn 0.6176 -0.0000 -0.7865
vn 0.6175 -0.0000 -0.7865
vn 0.5969 0.0724 -0.7990
vn 0.3575 0.0791 -0.9306
vn 0.4106 0.0423 -0.9109
vn 0.5340 0.1421 -0.8335
vn 0.5340 0.1421 -0.8334
vn 0.4258 0.2054 -0.8812
vn 0.1211 0.0572 -0.9910
vn 0.1211 0.0573 -0.9910
vn -0.3363 -0.0004 -0.9418
vn -0.5227 -0.0003 -0.8525
vn 0.5226 -0.0003 -0.8526
vn 0.3366 -0.0002 -0.9416
vn 0.3379 -0.0004 -0.9412
vn 0.5238 -0.0003 -0.8519
vn 0.3367 -0.0002 -0.9416
vn 0.1743 0.0016 -0.9847
vn 0.1719 0.0008 -0.9851
vn 0.1742 0.0016 -0.9847
vn 0.0412 0.0078 -0.9991
vn 0.0307 0.0055 -0.9995
vn -0.0699 0.0219 -0.9973
vn -0.0941 0.0164 -0.9954
vn 0.0308 0.0055 -0.9995
vn -0.0698 0.0219 -0.9973
vn -0.1703 0.0503 -0.9841
vn -0.2169 0.0386 -0.9754
vn -0.2771 0.1056 -0.9550
vn -0.3575 0.0790 -0.9306
vn 0.3392 -0.0003 -0.9407
vn 0.5247 -0.0002 -0.8513
vn 0.1709 0.0003 -0.9853
vn 0.3393 -0.0003 -0.9407
vn 0.0236 0.0029 -0.9997
vn -0.1117 0.0091 -0.9937
vn -0.2508 0.0214 -0.9678
vn -0.3575 0.0791 -0.9305
vn -0.4105 0.0423 -0.9109
vn 0.3398 -0.0000 -0.9405
vn 0.5251 -0.0000 -0.8510
vn 0.1706 -0.0000 -0.9853
vn 0.0210 -0.0000 -0.9998
vn -0.1181 -0.0000 -0.9930
vn -0.2630 -0.0000 -0.9648
vn -0.4288 -0.0000 -0.9034
vn 0.3392 0.0003 -0.9407
vn 0.5247 0.0002 -0.8513
vn 0.1709 -0.0003 -0.9853
vn 0.0236 -0.0029 -0.9997
vn -0.1117 -0.0091 -0.9937
vn -0.2508 -0.0214 -0.9678
vn -0.4105 -0.0423 -0.9109
vn 0.3379 0.0004 -0.9412
vn 0.5238 0.0003 -0.8519
vn 0.3393 0.0003 -0.9407
vn 0.1719 -0.0008 -0.9851
vn 0.0307 -0.0054 -0.9995
vn -0.0941 -0.0164 -0.9954
vn 0.0308 -0.0055 -0.9995
vn -0.2169 -0.0386 -0.9754
vn -0.4106 -0.0423 -0.9108
vn -0.3575 -0.0791 -0.9305
vn 0.3366 0.0002 -0.9416
vn 0.5226 0.0003 -0.8526
vn 0.1743 -0.0016 -0.9847
vn 0.3367 0.0002 -0.9416
vn 0.0307 -0.0055 -0.9995
vn 0.0412 -0.0078 -0.9991
vn 0.1742 -0.0016 -0.9847
vn 0.0308 -0.0054 -0.9995
vn -0.0699 -0.0219 -0.9973
vn -0.1703 -0.0503 -0.9841
vn -0.0698 -0.0219 -0.9973
vn -0.3575 -0.0790 -0.9306
vn -0.2771 -0.1056 -0.9550
vn 0.7071 -0.0001 -0.7071
vn 0.5227 -0.0003 -0.8525
vn 0.3363 -0.0004 -0.9418
vn -0.1211 0.0573 -0.9910
vn -0.4258 0.2054 -0.8812
vn -0.5340 0.1421 -0.8334
vn -0.5340 0.1421 -0.8335
vn -0.5969 0.0724 -0.7990
vn -0.4106 0.0423 -0.9109
vn -0.6175 -0.0000 -0.7865
vn -0.5969 -0.0724 -0.7990
vn -0.4106 -0.0423 -0.9109
vn -0.5340 -0.1421 -0.8335
vn -0.3576 -0.0791 -0.9305
vn -0.5340 -0.1421 -0.8334
vn -0.4258 -0.2054 -0.8812
vn 0.3363 0.0004 -0.9418
vn 0.5227 0.0003 -0.8525
vn 0.7071 0.0001 -0.7071
vn 0.7071 -0.0000 -0.7071
vn 0.5247 -0.0001 -0.8513
vn 0.5238 -0.0002 -0.8519
vn 0.8526 0.0003 -0.5226
vn 0.9416 0.0002 -0.3366
vn 0.9412 0.0004 -0.3379
vn 0.8519 0.0003 -0.5238
vn 0.9416 0.0002 -0.3367
vn 0.9847 -0.0016 -0.1742
vn 0.9851 -0.0008 -0.1719
vn 0.9991 -0.0078 -0.0412
vn 0.9995 -0.0055 -0.0307
vn 0.9973 -0.0219 0.0699
vn 0.9954 -0.0164 0.0941
vn 0.9995 -0.0054 -0.0308
vn 0.9973 -0.0219 0.0698
vn 0.9841 -0.0503 0.1703
vn 0.9754 -0.0386 0.2169
vn 0.9550 -0.1056 0.2771
vn 0.9306 -0.0790 0.3575
vn 0.9407 0.0003 -0.3392
vn 0.8513 0.0002 -0.5247
vn 0.9853 -0.0003 -0.1709
vn 0.9407 0.0003 -0.3393
vn 0.9997 -0.0029 -0.0236
vn 0.9995 -0.0055 -0.0308
vn 0.9937 -0.0091 0.1117
vn 0.9678 -0.0214 0.2508
vn 0.9306 -0.0791 0.3575
vn 0.9109 -0.0423 0.4106
vn 0.9405 -0.0000 -0.3398
vn 0.8510 -0.0000 -0.5251
vn 0.9853 -0.0000 -0.1706
vn 0.9998 -0.0000 -0.0210
vn 0.9930 -0.0000 0.1181
vn 0.9648 -0.0000 0.2630
vn 0.9678 -0.0213 0.2508
vn 0.9109 -0.0423 0.4105
vn 0.9034 -0.0000 0.4288
vn 0.9407 -0.0003 -0.3392
vn 0.8513 -0.0002 -0.5247
vn 0.9853 0.0003 -0.1709
vn 0.9997 0.0029 -0.0236
vn 0.9998 -0.0000 -0.0211
vn 0.9937 0.0091 0.1117
vn 0.9648 -0.0000 0.2631
vn 0.9678 0.0214 0.2508
vn 0.9937 0.0091 0.1116
vn 0.9109 0.0423 0.4105
vn 0.9412 -0.0004 -0.3379
vn 0.8519 -0.0003 -0.5238
vn 0.9407 -0.0003 -0.3393
vn 0.9851 0.0008 -0.1719
vn 0.9995 0.0055 -0.0307
vn 0.9954 0.0164 0.0941
vn 0.9995 0.0054 -0.0307
vn 0.9754 0.0386 0.2169
vn 0.9678 0.0213 0.2508
vn 0.9108 0.0423 0.4106
vn 0.9305 0.0791 0.3575
vn 0.9416 -0.0002 -0.3366
vn 0.8526 -0.0003 -0.5226
vn 0.9847 0.0016 -0.1743
vn 0.9416 -0.0002 -0.3367
vn 0.9991 0.0078 -0.0412
vn 0.9847 0.0016 -0.1742
vn 0.9995 0.0054 -0.0308
vn 0.9973 0.0219 0.0699
vn 0.9754 0.0386 0.2168
vn 0.9841 0.0503 0.1704
vn 0.9973 0.0219 0.0698
vn 0.9306 0.0790 0.3575
vn 0.9550 0.1056 0.2771
vn 0.9841 0.0503 0.1703
vn 0.8525 0.0003 -0.5227
vn 0.9418 0.0004 -0.3363
vn 0.9910 -0.0573 0.1211
vn 0.8812 -0.2054 0.4258
vn 0.8334 -0.1421 0.5340
vn 0.8335 -0.1421 0.5340
vn 0.7990 -0.0724 0.5969
vn 0.7865 -0.0000 0.6176
vn 0.7990 0.0724 0.5969
vn 0.9109 0.0423 0.4106
vn 0.8335 0.1421 0.5340
vn 0.9306 0.0791 0.3575
vn 0.8334 0.1421 0.5340
vn 0.8812 0.2054 0.4258
vn 0.9910 0.0572 0.1211
vn 0.9910 0.0573 0.1211
vn 0.9418 -0.0004 -0.3363
vn 0.8525 -0.0003 -0.5227
vn 0.8519 -0.0002 -0.5238
vn 0.8513 0.0001 -0.5247
vn 0.8519 0.0002 -0.5238
vn 0.8526 0.0003 0.5226
vn 0.8519 0.0003 0.5238
vn 0.9412 0.0004 0.3379
vn 0.9416 0.0002 0.3366
vn 0.8513 0.0002 0.5248
vn 0.9407 0.0003 0.3392
vn 0.8513 0.0002 0.5247
vn 0.8510 -0.0000 0.5251
vn 0.9405 -0.0000 0.3398
vn 0.8513 -0.0002 0.5247
vn 0.9407 -0.0003 0.3392
vn 0.8519 -0.0003 0.5238
vn 0.9412 -0.0004 0.3379
vn 0.8526 -0.0003 0.5226
vn 0.9416 -0.0002 0.3366
vn 0.9416 0.0002 0.3367
vn 0.9851 -0.0008 0.1719
vn 0.9847 -0.0016 0.1742
vn 0.9407 0.0003 0.3393
vn 0.9853 -0.0003 0.1709
vn 0.9853 -0.0000 0.1706
vn 0.9853 0.0003 0.1709
vn 0.9407 -0.0003 0.3393
vn 0.9851 0.0008 0.1719
vn 0.9416 -0.0002 0.3367
vn 0.9847 0.0016 0.1742
vn 0.9995 -0.0055 0.0307
vn 0.9991 -0.0078 0.0412
vn 0.9997 -0.0029 0.0236
vn 0.9998 -0.0000 0.0210
vn 0.9997 0.0029 0.0236
vn 0.9995 0.0055 0.0307
vn 0.9851 0.0008 0.1720
vn 0.9991 0.0078 0.0412
vn 0.9995 -0.0054 0.0308
vn 0.9954 -0.0164 -0.0941
vn 0.9973 -0.0219 -0.0699
vn 0.9995 -0.0055 0.0308
vn 0.9937 -0.0091 -0.1117
vn 0.9930 -0.0000 -0.1181
vn 0.9937 0.0091 -0.1117
vn 0.9995 0.0054 0.0307
vn 0.9954 0.0164 -0.0941
vn 0.9937 0.0091 -0.1116
vn 0.9995 0.0054 0.0308
vn 0.9973 0.0219 -0.0699
vn 0.9973 -0.0219 -0.0698
vn 0.9754 -0.0386 -0.2169
vn 0.9841 -0.0503 -0.1703
vn 0.9678 -0.0214 -0.2508
vn 0.9648 -0.0000 -0.2630
vn 0.9678 0.0214 -0.2508
vn 0.9754 0.0386 -0.2169
vn 0.9973 0.0219 -0.0698
vn 0.9841 0.0503 -0.1703
vn 0.9306 -0.0790 -0.3575
vn 0.9550 -0.1056 -0.2771
vn 0.9109 -0.0423 -0.4106
vn 0.9305 -0.0791 -0.3575
vn 0.9678 -0.0213 -0.2508
vn 0.9034 -0.0000 -0.4288
vn 0.9109 -0.0423 -0.4105
vn 0.9109 0.0423 -0.4105
vn 0.9678 0.0213 -0.2508
vn 0.9306 0.0791 -0.3575
vn 0.9109 0.0423 -0.4106
vn 0.9754 0.0386 -0.2168
vn 0.9550 0.1056 -0.2771
vn 0.9306 0.0790 -0.3575
vn 0.7071 0.0001 0.7071
vn 0.8525 0.0003 0.5227
vn 0.7071 -0.0000 0.7071
vn 0.8519 0.0002 0.5238
vn 0.8513 0.0001 0.5247
vn 0.7071 -0.0001 0.7071
vn 0.8513 -0.0001 0.5247
vn 0.8525 -0.0003 0.5227
vn 0.8519 -0.0002 0.5238
vn 0.8525 -0.0003 0.5226
vn 0.9418 -0.0004 0.3363
vn 0.9910 0.0573 -0.1211
vn 0.8812 0.2054 -0.4258
vn 0.8334 0.1421 -0.5340
vn 0.9305 0.0791 -0.3576
vn 0.8335 0.1421 -0.5340
vn 0.7990 0.0724 -0.5969
vn 0.7865 -0.0000 -0.6176
vn 0.7990 -0.0724 -0.5969
vn 0.9306 -0.0791 -0.3575
vn 0.8335 -0.1421 -0.5340
vn 0.8334 -0.1421 -0.5340
vn 0.8812 -0.2054 -0.4258
vn 0.9910 -0.0573 -0.1211
vn 0.9418 0.0004 0.3363
vn 0.5226 0.0003 0.8526
vn 0.3366 0.0002 0.9416
vn 0.3379 0.0004 0.9412
vn 0.5238 0.0003 0.8519
vn 0.3367 0.0002 0.9416
vn 0.1743 -0.0016 0.9847
vn 0.1719 -0.0008 0.9851
vn 0.1742 -0.0016 0.9847
vn 0.0412 -0.0078 0.9991
vn 0.0307 -0.0055 0.9995
vn -0.0699 -0.0219 0.9973
vn -0.0941 -0.0164 0.9954
vn 0.0308 -0.0055 0.9995
vn -0.0698 -0.0219 0.9973
vn -0.1703 -0.0503 0.9841
vn -0.2169 -0.0386 0.9754
vn -0.2771 -0.1056 0.9550
vn -0.3575 -0.0790 0.9306
vn 0.3392 0.0003 0.9407
vn 0.5247 0.0002 0.8513
vn 0.1709 -0.0003 0.9853
vn 0.3393 0.0003 0.9407
vn 0.0236 -0.0029 0.9997
vn -0.1117 -0.0091 0.9937
vn -0.2508 -0.0214 0.9678
vn -0.3575 -0.0791 0.9305
vn -0.4105 -0.0423 0.9109
vn 0.3398 -0.0000 0.9405
vn 0.5251 -0.0000 0.8510
vn 0.1706 -0.0000 0.9853
vn 0.0210 -0.0000 0.9998
vn -0.1181 -0.0000 0.9930
vn -0.2630 -0.0000 0.9648
vn -0.4288 -0.0000 0.9034
vn 0.3392 -0.0003 0.9407
vn 0.5247 -0.0002 0.8513
vn 0.1709 0.0003 0.9853
vn 0.0236 0.0029 0.9997
vn -0.1117 0.0091 0.9937
vn -0.2508 0.0214 0.9678
vn -0.4105 0.0423 0.9109
vn 0.3379 -0.0004 0.9412
vn 0.5238 -0.0003 0.8519
vn 0.3393 -0.0003 0.9407
vn 0.1719 0.0008 0.9851
vn 0.0307 0.0054 0.9995
vn -0.1116 0.0091 0.9937
vn -0.0941 0.0164 0.9954
vn 0.0308 0.0055 0.9995
vn -0.2169 0.0386 0.9754
vn -0.3575 0.0791 0.9305
vn 0.3366 -0.0002 0.9416
vn 0.5226 -0.0003 0.8526
vn 0.1743 0.0016 0.9847
vn 0.3367 -0.0002 0.9416
vn 0.0307 0.0055 0.9995
vn 0.0412 0.0078 0.9991
vn 0.1742 0.0016 0.9847
vn 0.0308 0.0054 0.9995
vn -0.0699 0.0219 0.9973
vn -0.1703 0.0503 0.9841
vn -0.0698 0.0219 0.9973
vn -0.3575 0.0790 0.9306
vn -0.2771 0.1056 0.9550
vn 0.5227 0.0003 0.8525
vn 0.3363 0.0004 0.9418
vn -0.1211 -0.0573 0.9910
vn -0.4258 -0.2054 0.8812
vn -0.5340 -0.1421 0.8334
vn -0.3576 -0.0791 0.9305
vn -0.5340 -0.1421 0.8335
vn -0.5969 -0.0724 0.7990
vn -0.4106 -0.0423 0.9109
vn -0.6175 -0.0000 0.7865
vn -0.6176 -0.0000 0.7865
vn -0.5969 0.0724 0.7990
vn -0.4106 0.0423 0.9109
vn -0.5340 0.1421 0.8335
vn -0.3576 0.0791 0.9305
vn -0.5340 0.1421 0.8334
vn -0.4258 0.2054 0.8812
vn -0.1911 0.1215 0.9740
vn -0.1211 0.0573 0.9910
vn 0.3363 -0.0004 0.9418
vn 0.5227 -0.0003 0.8525
vn 0.5238 -0.0002 0.8519
vn 0.5248 -0.0002 0.8513
vn 0.5247 0.0001 0.8513
vn 0.5238 0.0002 0.8519
vn -0.5226 0.0003 0.8526
vn -0.5238 0.0003 0.8519
vn -0.3379 0.0004 0.9412
vn -0.3366 0.0002 0.9416
vn -0.5247 0.0002 0.8513
vn -0.3392 0.0003 0.9407
vn -0.5251 -0.0000 0.8510
vn -0.3398 -0.0000 0.9405
vn -0.5247 -0.0002 0.8513
vn -0.3392 -0.0003 0.9407
vn -0.5238 -0.0003 0.8519
vn -0.3379 -0.0004 0.9412
vn -0.5226 -0.0003 0.8526
vn -0.3366 -0.0002 0.9416
vn -0.3367 0.0002 0.9416
vn -0.1719 -0.0008 0.9851
vn -0.1743 -0.0016 0.9847
vn -0.3393 0.0003 0.9407
vn -0.1709 -0.0003 0.9853
vn -0.1706 -0.0000 0.9853
vn -0.1709 0.0003 0.9853
vn -0.3393 -0.0003 0.9407
vn -0.1719 0.0008 0.9851
vn -0.3367 -0.0002 0.9416
vn -0.1743 0.0016 0.9847
vn -0.1742 -0.0016 0.9847
vn -0.0307 -0.0055 0.9995
vn -0.0412 -0.0078 0.9991
vn -0.0236 -0.0029 0.9997
vn -0.0210 -0.0000 0.9998
vn -0.0236 0.0029 0.9997
vn -0.0307 0.0054 0.9995
vn -0.1742 0.0016 0.9847
vn -0.0412 0.0078 0.9991
vn -0.0307 0.0055 0.9995
vn -0.0308 -0.0055 0.9995
vn 0.0941 -0.0164 0.9954
vn 0.0699 -0.0219 0.9973
vn 0.1117 -0.0091 0.9937
vn 0.1181 -0.0000 0.9930
vn 0.1117 0.0091 0.9937
vn -0.0308 0.0055 0.9995
vn 0.0941 0.0164 0.9954
vn -0.0308 0.0054 0.9995
vn 0.0699 0.0219 0.9973
vn 0.0698 -0.0219 0.9973
vn 0.2169 -0.0386 0.9754
vn 0.1703 -0.0503 0.9841
vn 0.2508 -0.0214 0.9678
vn 0.2630 -0.0000 0.9648
vn 0.2508 0.0214 0.9678
vn 0.2169 0.0386 0.9754
vn 0.0698 0.0219 0.9973
vn 0.1703 0.0503 0.9841
vn 0.2168 0.0386 0.9754
vn 0.2168 -0.0386 0.9754
vn 0.3575 -0.0790 0.9306
vn 0.2771 -0.1056 0.9550
vn 0.4106 -0.0423 0.9108
vn 0.3575 -0.0791 0.9305
vn 0.4288 -0.0000 0.9034
vn 0.4105 -0.0423 0.9109
vn 0.2508 0.0213 0.9678
vn 0.4105 0.0423 0.9109
vn 0.3575 0.0791 0.9305
vn 0.4106 0.0423 0.9108
vn 0.2771 0.1056 0.9550
vn 0.3576 0.0791 0.9305
vn -0.5227 0.0003 0.8525
vn -0.5247 -0.0001 0.8513
vn -0.5227 -0.0003 0.8525
vn -0.5238 -0.0002 0.8519
vn -0.3363 -0.0004 0.9418
vn 0.1211 0.0572 0.9910
vn 0.4258 0.2054 0.8812
vn 0.3575 0.0790 0.9306
vn 0.5340 0.1421 0.8334
vn 0.4106 0.0423 0.9109
vn 0.3575 0.0791 0.9306
vn 0.5340 0.1421 0.8335
vn 0.5969 0.0724 0.7990
vn 0.6175 -0.0000 0.7865
vn 0.5969 -0.0724 0.7990
vn 0.3576 -0.0791 0.9305
vn 0.4106 -0.0423 0.9109
vn 0.5340 -0.1421 0.8335
vn 0.5340 -0.1421 0.8334
vn 0.4258 -0.2054 0.8812
vn 0.1211 -0.0573 0.9910
vn -0.3363 0.0004 0.9418
vn 0.7210 -0.3288 0.6100
vn 0.4967 -0.4293 0.7543
vn 0.4488 -0.2705 0.8517
vn 0.6655 -0.2130 0.7154
vn 0.4966 -0.4293 0.7544
vn 0.2304 -0.4911 0.8401
vn 0.2081 -0.3058 0.9291
vn -0.0396 -0.5073 0.8609
vn -0.0305 -0.3154 0.9485
vn -0.2726 -0.4871 0.8297
vn -0.2420 -0.3051 0.9211
vn -0.4489 -0.4507 0.7716
vn -0.4161 -0.2853 0.8634
vn -0.2420 -0.3050 0.9211
vn -0.5662 -0.4238 0.7069
vn -0.5589 -0.2697 0.7842
vn 0.4125 -0.1296 0.9017
vn 0.6239 -0.1044 0.7745
vn 0.1915 -0.1444 0.9708
vn 0.4126 -0.1296 0.9017
vn -0.0220 -0.1485 0.9887
vn -0.2163 -0.1446 0.9656
vn -0.0221 -0.1485 0.9887
vn -0.3900 -0.1368 0.9106
vn -0.2162 -0.1446 0.9656
vn -0.5511 -0.1305 0.8242
vn -0.3900 -0.1369 0.9106
vn 0.3999 -0.0000 0.9166
vn 0.6090 -0.0000 0.7931
vn 0.1858 -0.0000 0.9826
vn -0.0186 -0.0000 0.9998
vn -0.0221 -0.1484 0.9887
vn -0.2065 -0.0000 0.9785
vn -0.3805 -0.0000 0.9248
vn -0.5511 -0.1306 0.8242
vn -0.5481 -0.0000 0.8364
vn 0.4126 0.1296 0.9017
vn 0.6239 0.1044 0.7745
vn 0.1915 0.1444 0.9708
vn -0.0221 0.1485 0.9887
vn -0.2163 0.1446 0.9656
vn -0.0221 0.1484 0.9887
vn -0.3900 0.1369 0.9106
vn -0.5511 0.1306 0.8242
vn 0.4125 0.1296 0.9017
vn 0.4488 0.2705 0.8517
vn 0.6655 0.2130 0.7154
vn 0.2081 0.3058 0.9291
vn -0.0220 0.1485 0.9887
vn -0.0305 0.3154 0.9485
vn -0.2420 0.3051 0.9211
vn -0.3900 0.1368 0.9106
vn -0.4161 0.2853 0.8634
vn -0.2420 0.3050 0.9211
vn -0.5510 0.1306 0.8242
vn -0.5589 0.2697 0.7842
vn 0.4967 0.4293 0.7543
vn 0.7210 0.3288 0.6100
vn 0.2304 0.4911 0.8401
vn 0.4967 0.4293 0.7544
vn -0.0396 0.5073 0.8609
vn -0.2726 0.4871 0.8297
vn -0.4489 0.4507 0.7716
vn -0.5662 0.4238 0.7069
vn 0.4966 -0.4293 0.7543
vn 0.2304 -0.4910 0.8401
vn -0.2726 -0.4872 0.8297
vn -0.0396 -0.5072 0.8609
vn -0.4657 -0.6258 0.6257
vn -0.5773 -0.5774 0.5773
vn -0.6418 -0.4197 0.6418
vn -0.5663 -0.4238 0.7069
vn -0.6818 -0.2649 0.6818
vn -0.7012 -0.1286 0.7012
vn -0.5510 -0.1306 0.8242
vn -0.7012 0.1286 0.7012
vn -0.6818 0.2649 0.6818
vn -0.6418 0.4197 0.6418
vn -0.4657 0.6258 0.6257
vn -0.0397 0.5073 0.8609
vn -0.2726 0.4872 0.8297
vn 0.2304 0.4910 0.8401
vn 0.7508 0.4670 0.4670
vn 0.7210 0.3287 0.6100
vn -0.6100 -0.3288 -0.7210
vn -0.7154 -0.2130 -0.6655
vn -0.8517 -0.2705 -0.4488
vn -0.7543 -0.4293 -0.4967
vn -0.7745 -0.1044 -0.6239
vn -0.9017 -0.1296 -0.4125
vn -0.7931 -0.0000 -0.6090
vn -0.9166 -0.0000 -0.3999
vn -0.9017 -0.1296 -0.4126
vn -0.7745 0.1044 -0.6239
vn -0.9017 0.1296 -0.4126
vn -0.7154 0.2130 -0.6655
vn -0.8517 0.2705 -0.4488
vn -0.6100 0.3288 -0.7210
vn -0.7543 0.4293 -0.4967
vn -0.7544 -0.4293 -0.4967
vn -0.9291 -0.3058 -0.2081
vn -0.8401 -0.4911 -0.2304
vn -0.9708 -0.1444 -0.1915
vn -0.9826 -0.0000 -0.1858
vn -0.9017 0.1296 -0.4125
vn -0.9708 0.1444 -0.1915
vn -0.9291 0.3058 -0.2081
vn -0.7544 0.4293 -0.4967
vn -0.8401 0.4911 -0.2304
vn -0.9485 -0.3154 0.0305
vn -0.8609 -0.5073 0.0396
vn -0.9887 -0.1485 0.0220
vn -0.9998 -0.0000 0.0186
vn -0.9887 -0.1485 0.0221
vn -0.9887 0.1485 0.0221
vn -0.9485 0.3154 0.0305
vn -0.9887 0.1485 0.0220
vn -0.8609 0.5073 0.0396
vn -0.9211 -0.3051 0.2420
vn -0.8297 -0.4871 0.2726
vn -0.9656 -0.1446 0.2163
vn -0.9785 -0.0000 0.2065
vn -0.9656 0.1446 0.2163
vn -0.9211 0.3051 0.2420
vn -0.8297 0.4871 0.2726
vn -0.9211 -0.3050 0.2420
vn -0.8634 -0.2853 0.4161
vn -0.7716 -0.4507 0.4489
vn -0.9106 -0.1368 0.3900
vn -0.9248 -0.0000 0.3805
vn -0.9106 -0.1369 0.3900
vn -0.9106 0.1369 0.3900
vn -0.9211 0.3050 0.2420
vn -0.8634 0.2853 0.4161
vn -0.9106 0.1368 0.3900
vn -0.7716 0.4507 0.4489
vn -0.7842 -0.2697 0.5589
vn -0.7069 -0.4238 0.5662
vn -0.8242 -0.1305 0.5511
vn -0.8364 -0.0000 0.5481
vn -0.8242 -0.1306 0.5511
vn -0.8242 0.1306 0.5511
vn -0.7842 0.2697 0.5589
vn -0.8242 0.1305 0.5511
vn -0.8634 0.2853 0.4160
vn -0.7069 0.4238 0.5662
vn -0.6100 -0.3287 -0.7210
vn -0.6176 -0.0000 -0.7865
vn -0.8401 0.4910 -0.2304
vn -0.8609 0.5073 0.0397
vn -0.8297 0.4872 0.2726
vn -0.6257 0.6258 0.4657
vn -0.7069 0.4238 0.5663
vn -0.8242 0.1306 0.5510
vn -0.8242 -0.1306 0.5510
vn -0.6257 -0.6258 0.4657
vn -0.8609 -0.5073 0.0397
vn -0.8297 -0.4872 0.2726
vn -0.8401 -0.4910 -0.2304
vn -0.7210 0.3288 0.6100
vn -0.4966 0.4293 0.7544
vn -0.4488 0.2705 0.8517
vn -0.6655 0.2130 0.7154
vn -0.4967 0.4293 0.7544
vn -0.2304 0.4911 0.8401
vn -0.2081 0.3058 0.9291
vn 0.0396 0.5073 0.8609
vn 0.0305 0.3154 0.9485
vn 0.2726 0.4871 0.8297
vn 0.2420 0.3051 0.9211
vn 0.4489 0.4507 0.7716
vn 0.4161 0.2853 0.8634
vn 0.2420 0.3050 0.9211
vn 0.5663 0.4238 0.7069
vn 0.5589 0.2697 0.7842
vn -0.4126 0.1296 0.9017
vn -0.6239 0.1044 0.7745
vn -0.1915 0.1444 0.9708
vn 0.0220 0.1485 0.9887
vn 0.2163 0.1446 0.9656
vn 0.0221 0.1485 0.9887
vn 0.3900 0.1368 0.9106
vn 0.5511 0.1305 0.8242
vn 0.3900 0.1369 0.9106
vn -0.3999 -0.0000 0.9166
vn -0.6090 -0.0000 0.7931
vn -0.1858 -0.0000 0.9826
vn 0.0186 -0.0000 0.9998
vn 0.0221 0.1484 0.9887
vn 0.2065 -0.0000 0.9785
vn 0.3805 -0.0000 0.9248
vn 0.5511 0.1306 0.8242
vn 0.5481 -0.0000 0.8364
vn -0.4126 -0.1296 0.9017
vn -0.6239 -0.1044 0.7745
vn -0.1915 -0.1444 0.9708
vn 0.0221 -0.1485 0.9887
vn 0.2162 -0.1446 0.9656
vn 0.0221 -0.1484 0.9887
vn 0.3900 -0.1369 0.9106
vn 0.2163 -0.1446 0.9656
vn 0.5511 -0.1306 0.8242
vn -0.4125 -0.1296 0.9017
vn -0.4488 -0.2705 0.8517
vn -0.6655 -0.2130 0.7154
vn -0.2081 -0.3058 0.9291
vn 0.0220 -0.1485 0.9887
vn 0.0305 -0.3154 0.9485
vn 0.2420 -0.3051 0.9211
vn 0.3900 -0.1368 0.9106
vn 0.4161 -0.2853 0.8634
vn 0.2420 -0.3050 0.9211
vn 0.5511 -0.1305 0.8242
vn 0.5589 -0.2697 0.7842
vn -0.4967 -0.4293 0.7543
vn -0.7210 -0.3288 0.6100
vn -0.2304 -0.4911 0.8401
vn -0.4967 -0.4293 0.7544
vn 0.0396 -0.5073 0.8609
vn 0.2726 -0.4871 0.8297
vn 0.4489 -0.4507 0.7716
vn 0.4160 -0.2853 0.8634
vn 0.5663 -0.4238 0.7069
vn -0.4967 0.4293 0.7543
vn -0.2422 0.6860 0.6860
vn -0.2304 0.4910 0.8401
vn 0.2726 0.4872 0.8297
vn 0.0397 0.5073 0.8609
vn 0.4657 0.6258 0.6257
vn 0.5662 0.4238 0.7069
vn 0.6418 0.4197 0.6418
vn 0.6818 0.2649 0.6818
vn 0.7012 0.1286 0.7012
vn 0.5510 0.1306 0.8242
vn 0.7012 -0.1286 0.7012
vn 0.5510 -0.1306 0.8242
vn 0.6818 -0.2649 0.6818
vn 0.6418 -0.4197 0.6418
vn 0.5662 -0.4238 0.7069
vn 0.5773 -0.5774 0.5773
vn 0.4657 -0.6258 0.6257
vn 0.0396 -0.5072 0.8609
vn 0.2726 -0.4872 0.8297
vn -0.2304 -0.4910 0.8401
vn -0.7210 0.3287 0.6100
vn 0.6100 0.3288 -0.7210
vn 0.7154 0.2130 -0.6655
vn 0.8517 0.2705 -0.4488
vn 0.7543 0.4293 -0.4967
vn 0.7745 0.1044 -0.6239
vn 0.9017 0.1296 -0.4126
vn 0.7931 -0.0000 -0.6090
vn 0.9166 -0.0000 -0.3999
vn 0.7745 -0.1044 -0.6239
vn 0.9017 -0.1296 -0.4126
vn 0.7154 -0.2130 -0.6655
vn 0.8517 -0.2705 -0.4488
vn 0.6100 -0.3288 -0.7210
vn 0.7543 -0.4293 -0.4967
vn 0.7544 0.4293 -0.4967
vn 0.9291 0.3058 -0.2081
vn 0.8401 0.4911 -0.2304
vn 0.9708 0.1444 -0.1915
vn 0.9826 -0.0000 -0.1858
vn 0.9708 -0.1444 -0.1915
vn 0.9291 -0.3058 -0.2081
vn 0.7544 -0.4293 -0.4967
vn 0.8401 -0.4911 -0.2304
vn 0.9485 0.3154 0.0305
vn 0.8609 0.5073 0.0396
vn 0.9887 0.1485 0.0220
vn 0.9998 -0.0000 0.0186
vn 0.9887 0.1485 0.0221
vn 0.9887 -0.1485 0.0221
vn 0.9485 -0.3154 0.0305
vn 0.9887 -0.1485 0.0220
vn 0.8609 -0.5073 0.0396
vn 0.9211 0.3051 0.2420
vn 0.8297 0.4871 0.2726
vn 0.9656 0.1446 0.2163
vn 0.9785 -0.0000 0.2065
vn 0.9656 -0.1446 0.2162
vn 0.9211 -0.3051 0.2420
vn 0.9656 -0.1446 0.2163
vn 0.8297 -0.4871 0.2726
vn 0.9211 0.3050 0.2420
vn 0.8634 0.2853 0.4161
vn 0.7716 0.4507 0.4489
vn 0.9656 0.1446 0.2162
vn 0.9106 0.1369 0.3900
vn 0.9248 -0.0000 0.3805
vn 0.9106 -0.1369 0.3900
vn 0.9211 -0.3050 0.2420
vn 0.8634 -0.2853 0.4161
vn 0.9106 -0.1368 0.3900
vn 0.8297 -0.4871 0.2727
vn 0.7716 -0.4507 0.4489
vn 0.8634 0.2853 0.4160
vn 0.7842 0.2697 0.5589
vn 0.7069 0.4238 0.5662
vn 0.8242 0.1305 0.5511
vn 0.8364 -0.0000 0.5481
vn 0.8242 0.1306 0.5511
vn 0.8242 -0.1306 0.5511
vn 0.7842 -0.2697 0.5589
vn 0.8242 -0.1305 0.5511
vn 0.8634 -0.2853 0.4160
vn 0.7069 -0.4238 0.5662
vn 0.6100 -0.3287 -0.7210
vn 0.6860 -0.6861 -0.2422
vn 0.8401 -0.4910 -0.2304
vn 0.8609 -0.5072 0.0396
vn 0.8297 -0.4872 0.2726
vn 0.6257 -0.6258 0.4657
vn 0.8242 -0.1306 0.5510
vn 0.8242 0.1306 0.5510
vn 0.6257 0.6258 0.4657
vn 0.8609 0.5072 0.0396
vn 0.8297 0.4872 0.2726
vn 0.6860 0.6861 -0.2422
vn 0.8401 0.4910 -0.2304
vn 0.7543 0.4293 -0.4966
vn 0.6861 0.6860 -0.2422
vn -0.6100 -0.3288 0.7210
vn -0.7543 -0.4293 0.4967
vn -0.8517 -0.2705 0.4488
vn -0.7154 -0.2130 0.6655
vn -0.7544 -0.4293 0.4967
vn -0.8401 -0.4911 0.2304
vn -0.9291 -0.3058 0.2081
vn -0.8609 -0.5073 -0.0396
vn -0.9485 -0.3154 -0.0305
vn -0.8297 -0.4871 -0.2727
vn -0.9211 -0.3051 -0.2420
vn -0.8297 -0.4871 -0.2726
vn -0.7716 -0.4507 -0.4489
vn -0.8634 -0.2853 -0.4161
vn -0.7069 -0.4238 -0.5662
vn -0.7842 -0.2697 -0.5589
vn -0.9017 -0.1296 0.4126
vn -0.7745 -0.1044 0.6239
vn -0.9708 -0.1444 0.1915
vn -0.9887 -0.1485 -0.0220
vn -0.9656 -0.1446 -0.2163
vn -0.9887 -0.1485 -0.0221
vn -0.9211 -0.3050 -0.2420
vn -0.9106 -0.1369 -0.3900
vn -0.9656 -0.1446 -0.2162
vn -0.8242 -0.1305 -0.5511
vn -0.9166 -0.0000 0.3999
vn -0.7931 -0.0000 0.6090
vn -0.9826 -0.0000 0.1858
vn -0.9998 -0.0000 -0.0186
vn -0.9785 -0.0000 -0.2065
vn -0.9248 -0.0000 -0.3805
vn -0.8242 -0.1306 -0.5511
vn -0.8364 -0.0000 -0.5481
vn -0.9017 0.1296 0.4126
vn -0.7745 0.1044 0.6239
vn -0.9708 0.1444 0.1915
vn -0.9887 0.1485 -0.0221
vn -0.9656 0.1446 -0.2163
vn -0.9887 0.1485 -0.0220
vn -0.9106 0.1369 -0.3900
vn -0.8242 0.1306 -0.5511
vn -0.8517 0.2705 0.4488
vn -0.7154 0.2130 0.6655
vn -0.9291 0.3058 0.2081
vn -0.9485 0.3154 -0.0305
vn -0.9211 0.3051 -0.2420
vn -0.9106 0.1368 -0.3900
vn -0.8634 0.2853 -0.4161
vn -0.9211 0.3050 -0.2420
vn -0.8242 0.1305 -0.5511
vn -0.7842 0.2697 -0.5589
vn -0.7543 0.4293 0.4967
vn -0.6100 0.3288 0.7210
vn -0.8401 0.4911 0.2304
vn -0.7544 0.4293 0.4967
vn -0.8609 0.5073 -0.0396
vn -0.8401 0.4910 0.2304
vn -0.8297 0.4871 -0.2726
vn -0.7716 0.4507 -0.4489
vn -0.7069 0.4238 -0.5662
vn -0.8401 -0.4910 0.2304
vn -0.6861 -0.6860 0.2422
vn -0.8609 -0.5072 -0.0396
vn -0.6257 -0.6258 -0.4657
vn -0.6418 -0.4197 -0.6418
vn -0.6818 -0.2649 -0.6818
vn -0.7012 -0.1286 -0.7012
vn -0.8242 -0.1306 -0.5510
vn -0.7012 0.1286 -0.7012
vn -0.8242 0.1306 -0.5510
vn -0.6818 0.2649 -0.6818
vn -0.6418 0.4197 -0.6418
vn -0.5773 0.5774 -0.5773
vn -0.6257 0.6258 -0.4657
vn -0.8609 0.5072 -0.0396
vn -0.8297 0.4872 -0.2726
vn -0.7543 0.4293 0.4966
vn -0.6100 0.3287 0.7210
vn -0.6100 -0.3287 0.7210
vn 0.7210 -0.3288 -0.6100
vn 0.6655 -0.2130 -0.7154
vn 0.4488 -0.2705 -0.8517
vn 0.4967 -0.4293 -0.7543
vn 0.6239 -0.1044 -0.7745
vn 0.4126 -0.1296 -0.9017
vn 0.6090 -0.0000 -0.7931
vn 0.3999 -0.0000 -0.9166
vn 0.6238 0.1044 -0.7745
vn 0.4126 0.1296 -0.9017
vn 0.6239 0.1044 -0.7745
vn 0.6655 0.2130 -0.7154
vn 0.4488 0.2705 -0.8517
vn 0.7210 0.3288 -0.6100
vn 0.4967 0.4293 -0.7543
vn 0.4967 -0.4293 -0.7544
vn 0.2081 -0.3058 -0.9291
vn 0.2304 -0.4911 -0.8401
vn 0.1915 -0.1444 -0.9708
vn 0.1858 -0.0000 -0.9826
vn 0.4125 0.1296 -0.9017
vn 0.1915 0.1444 -0.9708
vn 0.2081 0.3058 -0.9291
vn 0.4967 0.4293 -0.7544
vn 0.2304 0.4911 -0.8401
vn -0.0305 -0.3154 -0.9485
vn -0.0396 -0.5073 -0.8609
vn -0.0220 -0.1485 -0.9887
vn -0.0186 -0.0000 -0.9998
vn -0.0221 -0.1485 -0.9887
vn -0.0221 0.1485 -0.9887
vn -0.0305 0.3154 -0.9485
vn -0.0220 0.1485 -0.9887
vn -0.0396 0.5073 -0.8609
vn -0.2420 -0.3051 -0.9211
vn -0.2726 -0.4871 -0.8297
vn -0.2163 -0.1446 -0.9656
vn -0.0221 -0.1484 -0.9887
vn -0.2065 -0.0000 -0.9785
vn -0.2162 -0.1446 -0.9656
vn -0.0221 0.1484 -0.9887
vn -0.2162 0.1446 -0.9656
vn -0.2420 0.3051 -0.9211
vn -0.2163 0.1446 -0.9656
vn -0.2726 0.4871 -0.8297
vn -0.2420 -0.3050 -0.9211
vn -0.4161 -0.2853 -0.8634
vn -0.4489 -0.4507 -0.7716
vn -0.3900 -0.1368 -0.9106
vn -0.3805 -0.0000 -0.9248
vn -0.3900 -0.1369 -0.9106
vn -0.3900 0.1369 -0.9106
vn -0.2420 0.3050 -0.9211
vn -0.4161 0.2853 -0.8634
vn -0.3900 0.1368 -0.9106
vn -0.4489 0.4507 -0.7716
vn -0.5589 -0.2697 -0.7842
vn -0.5662 -0.4238 -0.7069
vn -0.5511 -0.1305 -0.8242
vn -0.5481 -0.0000 -0.8364
vn -0.5511 -0.1306 -0.8242
vn -0.5511 0.1306 -0.8242
vn -0.5589 0.2697 -0.7842
vn -0.5511 0.1305 -0.8242
vn -0.5662 0.4238 -0.7069
vn 0.7210 -0.3287 -0.6100
vn 0.2304 0.4910 -0.8401
vn -0.0396 0.5072 -0.8609
vn -0.4657 0.6258 -0.6257
vn -0.5510 0.1306 -0.8242
vn -0.5510 -0.1306 -0.8242
vn -0.4657 -0.6258 -0.6257
vn -0.0397 -0.5073 -0.8609
vn -0.2726 -0.4872 -0.8297
vn 0.2422 -0.6860 -0.6861
vn 0.2304 -0.4910 -0.8401
vn 0.4966 -0.4293 -0.7543
vn 0.7508 -0.4670 -0.4670
vn 0.6100 -0.3288 0.7210
vn 0.7154 -0.2130 0.6655
vn 0.8517 -0.2705 0.4488
vn 0.7543 -0.4293 0.4967
vn 0.7745 -0.1044 0.6239
vn 0.9017 -0.1296 0.4126
vn 0.7931 -0.0000 0.6090
vn 0.9166 -0.0000 0.3999
vn 0.7745 0.1044 0.6239
vn 0.9017 0.1296 0.4126
vn 0.7154 0.2130 0.6655
vn 0.8517 0.2705 0.4488
vn 0.9017 0.1296 0.4125
vn 0.6100 0.3288 0.7210
vn 0.7543 0.4293 0.4967
vn 0.7544 -0.4293 0.4967
vn 0.9291 -0.3058 0.2081
vn 0.8401 -0.4911 0.2304
vn 0.9708 -0.1444 0.1915
vn 0.9017 -0.1296 0.4125
vn 0.9826 -0.0000 0.1858
vn 0.9708 0.1444 0.1915
vn 0.9291 0.3058 0.2081
vn 0.7544 0.4293 0.4967
vn 0.8401 0.4911 0.2304
vn 0.9485 -0.3154 -0.0305
vn 0.8609 -0.5073 -0.0396
vn 0.9887 -0.1485 -0.0220
vn 0.9998 -0.0000 -0.0186
vn 0.9887 -0.1485 -0.0221
vn 0.9887 0.1485 -0.0221
vn 0.9485 0.3154 -0.0305
vn 0.9887 0.1485 -0.0220
vn 0.8609 0.5073 -0.0396
vn 0.9211 -0.3051 -0.2420
vn 0.8297 -0.4871 -0.2726
vn 0.9656 -0.1446 -0.2163
vn 0.9785 -0.0000 -0.2065
vn 0.9656 0.1446 -0.2163
vn 0.9211 0.3051 -0.2420
vn 0.8297 0.4871 -0.2726
vn 0.9211 -0.3050 -0.2420
vn 0.8634 -0.2853 -0.4161
vn 0.7716 -0.4507 -0.4489
vn 0.9106 -0.1368 -0.3900
vn 0.9248 -0.0000 -0.3805
vn 0.9106 -0.1369 -0.3900
vn 0.9106 0.1369 -0.3900
vn 0.9211 0.3050 -0.2420
vn 0.8634 0.2853 -0.4161
vn 0.9106 0.1368 -0.3900
vn 0.7716 0.4507 -0.4489
vn 0.8634 -0.2853 -0.4160
vn 0.7842 -0.2697 -0.5589
vn 0.7069 -0.4238 -0.5662
vn 0.8242 -0.1305 -0.5511
vn 0.8364 -0.0000 -0.5481
vn 0.8242 -0.1306 -0.5511
vn 0.8242 0.1306 -0.5511
vn 0.7842 0.2697 -0.5589
vn 0.8242 0.1305 -0.5511
vn 0.8634 0.2853 -0.4160
vn 0.7069 0.4238 -0.5662
vn 0.6176 -0.0000 0.7865
vn 0.6100 0.3287 0.7210
vn 0.8401 0.4910 0.2304
vn 0.8609 0.5073 -0.0397
vn 0.8297 0.4872 -0.2726
vn 0.6257 0.6258 -0.4657
vn 0.6418 0.4197 -0.6418
vn 0.7069 0.4238 -0.5663
vn 0.6818 0.2649 -0.6818
vn 0.8242 0.1306 -0.5510
vn 0.7012 0.1286 -0.7012
vn 0.7012 -0.1286 -0.7012
vn 0.8242 -0.1306 -0.5510
vn 0.6818 -0.2649 -0.6818
vn 0.6418 -0.4197 -0.6418
vn 0.5773 -0.5774 -0.5773
vn 0.6257 -0.6258 -0.4657
vn 0.8609 -0.5073 -0.0397
vn 0.8297 -0.4872 -0.2726
vn 0.8401 -0.4910 0.2304
vn 0.7543 -0.4293 0.4966
vn 0.6861 -0.6860 0.2422
vn -0.7210 -0.3288 -0.6100
vn -0.4966 -0.4293 -0.7544
vn -0.4488 -0.2705 -0.8517
vn -0.6655 -0.2130 -0.7154
vn -0.4967 -0.4293 -0.7544
vn -0.2304 -0.4911 -0.8401
vn -0.2081 -0.3058 -0.9291
vn 0.0396 -0.5073 -0.8609
vn 0.0305 -0.3154 -0.9485
vn 0.2726 -0.4871 -0.8297
vn 0.2420 -0.3051 -0.9211
vn 0.4489 -0.4507 -0.7716
vn 0.4161 -0.2853 -0.8634
vn 0.2420 -0.3050 -0.9211
vn 0.5662 -0.4238 -0.7069
vn 0.5589 -0.2697 -0.7842
vn -0.4126 -0.1296 -0.9017
vn -0.6239 -0.1044 -0.7745
vn -0.1915 -0.1444 -0.9708
vn 0.0220 -0.1485 -0.9887
vn 0.2163 -0.1446 -0.9656
vn 0.0221 -0.1485 -0.9887
vn 0.3900 -0.1368 -0.9106
vn 0.5511 -0.1305 -0.8242
vn 0.3900 -0.1369 -0.9106
vn -0.3999 -0.0000 -0.9166
vn -0.6090 -0.0000 -0.7931
vn -0.1858 -0.0000 -0.9826
vn 0.0186 -0.0000 -0.9998
vn 0.0221 -0.1484 -0.9887
vn 0.2065 -0.0000 -0.9785
vn 0.3805 -0.0000 -0.9248
vn 0.5511 -0.1306 -0.8242
vn 0.5481 -0.0000 -0.8364
vn -0.4126 0.1296 -0.9017
vn -0.6239 0.1044 -0.7745
vn -0.1915 0.1444 -0.9708
vn 0.0221 0.1485 -0.9887
vn 0.2163 0.1446 -0.9656
vn 0.0221 0.1484 -0.9887
vn 0.3900 0.1369 -0.9106
vn 0.5511 0.1306 -0.8242
vn -0.4125 0.1296 -0.9017
vn -0.4488 0.2705 -0.8517
vn -0.6655 0.2130 -0.7154
vn -0.2081 0.3058 -0.9291
vn 0.0220 0.1485 -0.9887
vn 0.0305 0.3154 -0.9485
vn 0.2420 0.3051 -0.9211
vn 0.2162 0.1446 -0.9656
vn 0.3900 0.1368 -0.9106
vn 0.4161 0.2853 -0.8634
vn 0.2420 0.3050 -0.9211
vn 0.5511 0.1305 -0.8242
vn 0.5589 0.2697 -0.7842
vn -0.4967 0.4293 -0.7543
vn -0.7210 0.3288 -0.6100
vn -0.2304 0.4911 -0.8401
vn -0.4966 0.4293 -0.7544
vn 0.0396 0.5073 -0.8609
vn 0.2726 0.4871 -0.8297
vn 0.4489 0.4507 -0.7716
vn 0.4160 0.2853 -0.8634
vn 0.5663 0.4238 -0.7069
vn -0.4967 -0.4293 -0.7543
vn -0.2422 -0.6860 -0.6861
vn -0.2304 -0.4910 -0.8401
vn 0.2726 -0.4872 -0.8297
vn 0.0397 -0.5073 -0.8609
vn 0.4657 -0.6258 -0.6257
vn 0.5510 -0.1306 -0.8242
vn 0.5510 0.1306 -0.8242
vn 0.5662 0.4238 -0.7069
vn 0.4657 0.6258 -0.6257
vn 0.0396 0.5072 -0.8609
vn 0.2726 0.4872 -0.8297
vn -0.2304 0.4910 -0.8401
vn -0.4966 0.4293 -0.7543
vn -0.7210 0.3287 -0.6100
vn -0.7210 -0.3287 -0.6100
usemtl Material1
s 0
f 1073//1 1074//2 1081//3 1080//4
f 1074//2 1075//5 1082//6 1081//3
f 1075//7 1076//8 1083//9 1082//6
f 1076//8 1077//10 1084//11 1083//9
f 1077//12 1078//13 1085//14 1084//11
f 1078//13 1079//15 1086//16 1085//14
f 1080//4 1081//3 1088//17 1087//18
f 1081//3 1082//6 1089//19 1088//17
f 1082//20 1083//9 1090//21 1089//19
f 1083//9 1084//11 1091//22 1090//21
f 1084//11 1085//14 1092//23 1091//24
f 1085//14 1086//16 1093//25 1092//23
f 1087//18 1088//17 1095//26 1094//27
f 1088//17 1089//19 1096//28 1095//26
f 1089//19 1090//21 1097//29 1096//28
f 1090//21 1091//30 1098//31 1097//32
f 1091//33 1092//34 1099//35 1098//31
f 1092//23 1093//25 1100//36 1099//35
f 1094//27 1095//37 1102//38 1101//39
f 1095//37 1096//28 1103//40 1102//38
f 1096//28 1097//32 1104//41 1103//40
f 1097//42 1098//31 1105//43 1104//41
f 1098//31 1099//35 1106//44 1105//43
f 1099//35 1100//36 1107//45 1106//44
f 1101//39 1102//38 1109//46 1108//47
f 1102//38 1103//40 1110//48 1109//46
f 1103//40 1104//41 1111//49 1110//48
f 1104//41 1105//43 1112//50 1111//51
f 1105//43 1106//44 1113//52 1112//50
f 1106//44 1107//45 1114//53 1113//52
f 1108//47 1109//46 1116//54 1115//55
f 1109//46 1110//48 1117//56 1116//54
f 1110//48 1111//49 1118//57 1117//56
f 1111//51 1112//50 1119//58 1118//57
f 1112//50 1113//52 1120//59 1119//58
f 1113//52 1114//53 1121//60 1120//59
f 10//61 666//62 1073//63 751//64
f 666//62 665//65 1074//2 1073//1
f 665//65 664//66 1075//7 1074//2
f 664//66 663//67 1076//8 1075//68
f 663//67 662//69 1077//12 1076//8
f 662//70 661//71 1078//13 1077//12
f 661//71 660//72 1079//15 1078//13
f 660//72 2//73 681//74 1079//15
f 1079//15 681//74 682//75 1086//16
f 1086//16 682//75 683//76 1093//25
f 1093//25 683//76 684//77 1100//36
f 1100//78 684//77 685//79 1107//45
f 1107//80 685//79 686//81 1114//53
f 1114//53 686//81 687//82 1121//83
f 1121//83 687//82 15//84 233//85
f 1120//59 1121//83 233//85 234//86
f 1119//58 1120//59 234//87 235//88
f 1118//57 1119//58 235//88 236//89
f 1117//56 1118//57 236//89 237//90
f 1116//54 1117//56 237//90 238//91
f 1115//55 1116//54 238//92 239//93
f 757//94 1115//55 239//93 34//95
f 756//96 1108//47 1115//55 757//94
f 755//97 1101//39 1108//47 756//98
f 754//99 1094//27 1101//39 755//97
f 753//100 1087//18 1094//27 754//99
f 752//101 1080//4 1087//18 753//100
f 751//64 1073//1 1080//4 752//102
f 1122//103 1123//104 1130//105 1129//106
f 1123//104 1124//107 1131//108 1130//105
f 1124//109 1125//110 1132//111 1131//108
f 1125//110 1126//112 1133//113 1132//111
f 1126//112 1127//114 1134//115 1133//113
f 1127//114 1128//116 1135//117 1134//115
f 1129//106 1130//105 1137//118 1136//119
f 1130//105 1131//108 1138//120 1137//118
f 1131//108 1132//111 1139//121 1138//122
f 1132//111 1133//123 1140//124 1139//121
f 1133//113 1134//115 1141//125 1140//124
f 1134//115 1135//117 1142//126 1141//125
f 1136//119 1137//118 1144//127 1143//128
f 1137//118 1138//129 1145//130 1144//127
f 1138//131 1139//121 1146//132 1145//130
f 1139//121 1140//124 1147//133 1146//134
f 1140//124 1141//125 1148//135 1147//133
f 1141//125 1142//126 1149//136 1148//135
f 1143//128 1144//127 1151//137 1150//138
f 1144//127 1145//130 1152//139 1151//140
f 1145//130 1146//141 1153//142 1152//139
f 1146//132 1147//133 1154//143 1153//142
f 1147//133 1148//144 1155//145 1154//143
f 1148//144 1149//136 1156//146 1155//145
f 1150//138 1151//137 1158//147 1157//148
f 1151//137 1152//139 1159//149 1158//147
f 1152//139 1153//142 1160//150 1159//149
f 1153//142 1154//143 1161//151 1160//152
f 1154//143 1155//145 1162//153 1161//151
f 1155//145 1156//146 1163//154 1162//153
f 1157//148 1158//147 1165//155 1164//156
f 1158//147 1159//149 1166//157 1165//155
f 1159//149 1160//150 1167//158 1166//157
f 1160//152 1161//151 1168//159 1167//158
f 1161//151 1162//153 1169//160 1168//159
f 1162//153 1163//154 1170//161 1169//160
f 1//162 79//163 1122//103 93//164
f 79//163 80//165 1123//104 1122//103
f 80//165 81//166 1124//109 1123//104
f 81//167 82//168 1125//110 1124//109
f 82//168 83//169 1126//170 1125//110
f 83//169 84//171 1127//114 1126//112
f 84//171 85//172 1128//173 1127//114
f 85//172 9//174 226//175 1128//173
f 1128//116 226//175 227//176 1135//117
f 1135//117 227//176 228//177 1142//126
f 1142//126 228//177 229//178 1149//136
f 1149//136 229//178 230//179 1156//146
f 1156//146 230//180 231//181 1163//154
f 1163//154 231//182 232//183 1170//161
f 1170//161 232//183 33//184 652//185
f 1169//160 1170//161 652//185 651//186
f 1168//159 1169//160 651//187 650//188
f 1167//158 1168//159 650//189 649//190
f 1166//157 1167//158 649//190 648//191
f 1165//155 1166//157 648//191 647//192
f 1164//156 1165//155 647//193 646//194
f 99//195 1164//196 646//194 11//197
f 98//198 1157//148 1164//196 99//195
f 97//199 1150//138 1157//148 98//198
f 96//200 1143//128 1150//138 97//199
f 95//201 1136//119 1143//128 96//200
f 94//202 1129//106 1136//119 95//203
f 93//164 1122//103 1129//106 94//202
f 1171//204 1172//205 1179//206 1178//207
f 1172//205 1173//208 1180//209 1179//206
f 1173//208 1174//210 1181//211 1180//209
f 1174//210 1175//212 1182//213 1181//214
f 1175//212 1176//215 1183//216 1182//213
f 1176//215 1177//217 1184//218 1183//216
f 1178//207 1179//206 1186//219 1185//220
f 1179//206 1180//209 1187//221 1186//219
f 1180//209 1181//211 1188//222 1187//221
f 1181//214 1182//213 1189//223 1188//222
f 1182//213 1183//216 1190//224 1189//223
f 1183//216 1184//218 1191//225 1190//224
f 1185//220 1186//219 1193//226 1192//227
f 1186//219 1187//221 1194//228 1193//226
f 1187//221 1188//222 1195//229 1194//228
f 1188//222 1189//223 1196//230 1195//229
f 1189//223 1190//224 1197//231 1196//230
f 1190//224 1191//232 1198//233 1197//231
f 1192//227 1193//234 1200//235 1199//236
f 1193//234 1194//228 1201//237 1200//235
f 1194//228 1195//229 1202//238 1201//237
f 1195//229 1196//230 1203//239 1202//238
f 1196//230 1197//231 1204//240 1203//241
f 1197//231 1198//233 1205//242 1204//240
f 1199//236 1200//235 1207//243 1206//244
f 1200//235 1201//237 1208//245 1207//243
f 1201//237 1202//238 1209//246 1208//245
f 1202//238 1203//247 1210//248 1209//246
f 1203//249 1204//240 1211//250 1210//248
f 1204//240 1205//242 1212//251 1211//250
f 1206//244 1207//243 1214//252 1213//253
f 1207//243 1208//245 1215//254 1214//252
f 1208//245 1209//246 1216//255 1215//256
f 1209//246 1210//248 1217//257 1216//255
f 1210//248 1211//250 1218//258 1217//257
f 1211//250 1212//251 1219//259 1218//258
f 36//260 771//261 1171//204 253//262
f 771//261 770//263 1172//205 1171//204
f 770//264 769//265 1173//208 1172//205
f 769//265 768//266 1174//210 1173//208
f 768//266 767//267 1175//212 1174//210
f 767//267 766//268 1176//215 1175//212
f 766//269 765//270 1177//217 1176//215
f 765//270 16//271 127//272 1177//273
f 1177//217 127//272 126//274 1184//218
f 1184//218 126//274 125//275 1191//225
f 1191//276 125//275 124//277 1198//278
f 1198//233 124//277 123//279 1205//242
f 1205//242 123//280 122//281 1212//251
f 1212//251 122//281 121//282 1219//259
f 1219//259 121//282 3//283 142//284
f 1218//258 1219//259 142//284 143//285
f 1217//257 1218//258 143//285 144//286
f 1216//255 1217//257 144//286 145//287
f 1215//256 1216//255 145//287 146//288
f 1214//252 1215//256 146//288 147//289
f 1213//253 1214//252 147//289 148//290
f 247//291 1213//292 148//290 19//293
f 248//294 1206//244 1213//253 247//291
f 249//295 1199//236 1206//244 248//296
f 250//297 1192//227 1199//236 249//295
f 251//298 1185//220 1192//227 250//297
f 252//299 1178//207 1185//220 251//298
f 253//262 1171//204 1178//207 252//300
f 1220//301 1221//302 1228//303 1227//304
f 1221//302 1222//305 1229//306 1228//303
f 1222//305 1223//307 1230//308 1229//306
f 1223//307 1224//309 1231//310 1230//311
f 1224//309 1225//312 1232//313 1231//310
f 1225//312 1226//314 1233//315 1232//313
f 1227//304 1228//303 1235//316 1234//317
f 1228//303 1229//306 1236//318 1235//316
f 1229//306 1230//308 1237//319 1236//318
f 1230//311 1231//310 1238//320 1237//319
f 1231//310 1232//313 1239//321 1238//320
f 1232//313 1233//315 1240//322 1239//321
f 1234//317 1235//316 1242//323 1241//324
f 1235//325 1236//318 1243//326 1242//323
f 1236//318 1237//319 1244//327 1243//326
f 1237//319 1238//320 1245//328 1244//327
f 1238//320 1239//321 1246//329 1245//328
f 1239//321 1240//322 1247//330 1246//329
f 1241//324 1242//323 1249//331 1248//332
f 1242//323 1243//326 1250//333 1249//331
f 1243//326 1244//327 1251//334 1250//335
f 1244//327 1245//328 1252//336 1251//334
f 1245//328 1246//337 1253//338 1252//336
f 1246//337 1247//330 1254//339 1253//338
f 1248//332 1249//331 1256//340 1255//341
f 1249//331 1250//335 1257//342 1256//340
f 1250//343 1251//334 1258//344 1257//342
f 1251//334 1252//336 1259//345 1258//344
f 1252//336 1253//338 1260//346 1259//347
f 1253//348 1254//339 1261//349 1260//350
f 1255//341 1256//340 1263//351 1262//352
f 1256//340 1257//342 1264//353 1263//351
f 1257//342 1258//344 1265//354 1264//353
f 1258//344 1259//347 1266//355 1265//354
f 1259//347 1260//346 1267//356 1266//357
f 1260//346 1261//349 1268//358 1267//356
f 12//359 758//360 1220//301 680//361
f 758//360 759//362 1221//302 1220//301
f 759//363 760//364 1222//305 1221//302
f 760//364 761//365 1223//307 1222//305
f 761//365 762//366 1224//309 1223//307
f 762//367 763//368 1225//312 1224//309
f 763//369 764//370 1226//314 1225//312
f 764//370 35//371 463//372 1226//314
f 1226//314 463//372 462//373 1233//315
f 1233//315 462//374 461//375 1240//322
f 1240//322 461//376 460//377 1247//330
f 1247//330 460//377 459//378 1254//339
f 1254//339 459//378 458//379 1261//349
f 1261//349 458//379 457//380 1268//358
f 1268//381 457//380 20//382 708//383
f 1267//356 1268//358 708//383 707//384
f 1266//355 1267//356 707//384 706//385
f 1265//386 1266//355 706//385 705//387
f 1264//388 1265//354 705//387 704//389
f 1263//351 1264//388 704//389 703//390
f 1262//352 1263//351 703//390 702//391
f 674//392 1262//352 702//391 4//393
f 675//394 1255//341 1262//352 674//392
f 676//395 1248//332 1255//341 675//394
f 677//396 1241//324 1248//397 676//395
f 678//398 1234//317 1241//324 677//396
f 679//399 1227//304 1234//317 678//398
f 680//361 1220//301 1227//304 679//399
f 1269//400 1270//401 1277//402 1276//403
f 1270//401 1271//404 1278//405 1277//402
f 1271//406 1272//407 1279//408 1278//409
f 1272//407 1273//410 1280//411 1279//408
f 1273//412 1274//413 1281//414 1280//411
f 1274//413 1275//415 1282//416 1281//414
f 1276//403 1277//402 1284//417 1283//418
f 1277//402 1278//405 1285//419 1284//417
f 1278//409 1279//408 1286//420 1285//419
f 1279//408 1280//411 1287//421 1286//420
f 1280//411 1281//414 1288//422 1287//423
f 1281//414 1282//416 1289//424 1288//422
f 1283//418 1284//417 1291//425 1290//426
f 1284//417 1285//419 1292//427 1291//425
f 1285//419 1286//420 1293//428 1292//427
f 1286//420 1287//429 1294//430 1293//431
f 1287//432 1288//422 1295//433 1294//430
f 1288//422 1289//434 1296//435 1295//433
f 1290//426 1291//436 1298//437 1297//438
f 1291//436 1292//427 1299//439 1298//437
f 1292//427 1293//431 1300//440 1299//439
f 1293//431 1294//430 1301//441 1300//440
f 1294//430 1295//433 1302//442 1301//441
f 1295//433 1296//435 1303//443 1302//442
f 1297//438 1298//437 1305//444 1304//445
f 1298//437 1299//439 1306//446 1305//444
f 1299//439 1300//440 1307//447 1306//446
f 1300//440 1301//441 1308//448 1307//449
f 1301//441 1302//442 1309//450 1308//448
f 1302//442 1303//443 1310//451 1309//450
f 1304//445 1305//444 1312//452 1311//453
f 1305//444 1306//446 1313//454 1312//452
f 1306//446 1307//447 1314//455 1313//454
f 1307//449 1308//448 1315//456 1314//455
f 1308//448 1309//450 1316//457 1315//456
f 1309//450 1310//451 1317//458 1316//457
f 28//459 736//460 1269//461 772//462
f 736//460 735//463 1270//401 1269//461
f 735//463 734//464 1271//404 1270//401
f 734//464 733//465 1272//466 1271//467
f 733//465 732//468 1273//412 1272//407
f 732//469 731//470 1274//413 1273//412
f 731//470 730//471 1275//415 1274//413
f 730//471 8//472 744//473 1275//415
f 1275//415 744//473 745//474 1282//416
f 1282//416 745//474 746//475 1289//434
f 1289//424 746//475 747//476 1296//435
f 1296//435 747//476 748//477 1303//443
f 1303//443 748//477 749//478 1310//451
f 1310//451 749//478 750//479 1317//458
f 1317//480 750//479 32//481 548//482
f 1316//457 1317//458 548//482 549//483
f 1315//456 1316//457 549//484 550//485
f 1314//455 1315//456 550//485 551//486
f 1313//454 1314//455 551//486 552//487
f 1312//452 1313//454 552//487 553//488
f 1311//453 1312//452 553//489 554//490
f 778//491 1311//453 554//490 38//492
f 777//493 1304//445 1311//453 778//491
f 776//494 1297//438 1304//445 777//495
f 775//496 1290//426 1297//438 776//494
f 774//497 1283//418 1290//426 775//496
f 773//498 1276//403 1283//418 774//497
f 772//462 1269//461 1276//403 773//499
f 1318//500 1319//501 1326//502 1325//503
f 1319//501 1320//504 1327//505 1326//502
f 1320//506 1321//507 1328//508 1327//505
f 1321//507 1322//509 1329//510 1328//508
f 1322//511 1323//512 1330//513 1329//510
f 1323//512 1324//514 1331//515 1330//513
f 1325//503 1326//502 1333//516 1332//517
f 1326//502 1327//505 1334//518 1333//516
f 1327//505 1328//508 1335//519 1334//520
f 1328//508 1329//521 1336//522 1335//519
f 1329//510 1330//513 1337//523 1336//522
f 1330//513 1331//515 1338//524 1337//523
f 1332//517 1333//516 1340//525 1339//526
f 1333//516 1334//527 1341//528 1340//525
f 1334//529 1335//519 1342//530 1341//528
f 1335//519 1336//522 1343//531 1342//532
f 1336//522 1337//523 1344//533 1343//531
f 1337//523 1338//524 1345//534 1344//533
f 1339//526 1340//525 1347//535 1346//536
f 1340//525 1341//528 1348//537 1347//535
f 1341//528 1342//530 1349//538 1348//537
f 1342//530 1343//531 1350//539 1349//538
f 1343//531 1344//533 1351//540 1350//539
f 1344//541 1345//534 1352//542 1351//540
f 1346//536 1347//535 1354//543 1353//544
f 1347//535 1348//537 1355//545 1354//543
f 1348//537 1349//538 1356//546 1355//545
f 1349//538 1350//539 1357//547 1356//548
f 1350//539 1351//540 1358//549 1357//547
f 1351//540 1352//542 1359//550 1358//549
f 1353//544 1354//543 1361//551 1360//552
f 1354//543 1355//545 1362//553 1361//551
f 1355//545 1356//546 1363//554 1362//553
f 1356//548 1357//547 1364//555 1363//554
f 1357//547 1358//549 1365//556 1364//555
f 1358//549 1359//550 1366//557 1365//556
f 5//558 191//559 1318//560 177//561
f 191//559 192//562 1319//501 1318//560
f 192//562 193//563 1320//504 1319//501
f 193//563 194//564 1321//507 1320//504
f 194//564 195//565 1322//566 1321//567
f 195//565 196//568 1323//512 1322//511
f 196//568 197//569 1324//514 1323//512
f 197//569 27//570 254//571 1324//514
f 1324//514 254//571 255//572 1331//515
f 1331//515 255//573 256//574 1338//524
f 1338//524 256//574 257//575 1345//534
f 1345//534 257//575 258//576 1352//542
f 1352//542 258//576 259//577 1359//550
f 1359//550 259//578 260//579 1366//557
f 1366//557 260//579 37//580 981//581
f 1365//556 1366//557 981//581 980//582
f 1364//555 1365//556 980//583 979//584
f 1363//554 1364//555 979//584 978//585
f 1362//553 1363//554 978//585 977//586
f 1361//551 1362//553 977//586 976//587
f 1360//552 1361//551 976//588 975//589
f 183//590 1360//591 975//589 25//592
f 182//593 1353//544 1360//552 183//590
f 181//594 1346//595 1353//544 182//593
f 180//596 1339//526 1346//536 181//594
f 179//597 1332//517 1339//598 180//596
f 178//599 1325//503 1332//517 179//600
f 177//561 1318//560 1325//503 178//599
f 1367//601 1368//602 1375//603 1374//604
f 1368//602 1369//605 1376//606 1375//603
f 1369//605 1370//607 1377//608 1376//606
f 1370//607 1371//609 1378//610 1377//611
f 1371//609 1372//612 1379//613 1378//610
f 1372//612 1373//614 1380//615 1379//613
f 1374//604 1375//603 1382//616 1381//617
f 1375//603 1376//606 1383//618 1382//616
f 1376//606 1377//608 1384//619 1383//618
f 1377//611 1378//610 1385//620 1384//619
f 1378//610 1379//613 1386//621 1385//620
f 1379//613 1380//615 1387//622 1386//621
f 1381//617 1382//616 1389//623 1388//624
f 1382//625 1383//618 1390//626 1389//623
f 1383//618 1384//619 1391//627 1390//626
f 1384//619 1385//620 1392//628 1391//629
f 1385//620 1386//630 1393//631 1392//628
f 1386//621 1387//632 1394//633 1393//631
f 1388//624 1389//634 1396//635 1395//636
f 1389//634 1390//626 1397//637 1396//635
f 1390//626 1391//638 1398//639 1397//637
f 1391//627 1392//628 1399//640 1398//639
f 1392//628 1393//631 1400//641 1399//642
f 1393//631 1394//633 1401//643 1400//641
f 1395//636 1396//635 1403//644 1402//645
f 1396//635 1397//637 1404//646 1403//644
f 1397//637 1398//639 1405//647 1404//648
f 1398//639 1399//649 1406//650 1405//647
f 1399//651 1400//641 1407//652 1406//650
f 1400//641 1401//653 1408//654 1407//652
f 1402//645 1403//644 1410//655 1409//656
f 1403//644 1404//646 1411//657 1410//655
f 1404//646 1405//647 1412//658 1411//659
f 1405//647 1406//650 1413//660 1412//658
f 1406//650 1407//652 1414//661 1413//662
f 1407//652 1408//654 1415//663 1414//661
f 40//664 281//665 1367//601 792//666
f 281//665 280//667 1368//602 1367//601
f 280//668 279//669 1369//605 1368//602
f 279//670 278//671 1370//607 1369//605
f 278//671 277//672 1371//609 1370//607
f 277//672 276//673 1372//612 1371//609
f 276//674 275//675 1373//614 1372//612
f 275//675 31//676 218//677 1373//678
f 1373//614 218//677 217//679 1380//615
f 1380//615 217//679 216//680 1387//632
f 1387//622 216//680 215//681 1394//633
f 1394//633 215//681 214//682 1401//653
f 1401//643 214//682 213//683 1408//654
f 1408//654 213//683 212//684 1415//663
f 1415//663 212//684 7//685 205//686
f 1414//661 1415//663 205//686 206//687
f 1413//660 1414//661 206//687 207//688
f 1412//658 1413//662 207//688 208//689
f 1411//690 1412//658 208//689 209//691
f 1410//655 1411//659 209//691 210//692
f 1409//693 1410//655 210//692 211//694
f 786//695 1409//693 211//694 30//696
f 787//697 1402//645 1409//656 786//695
f 788//698 1395//636 1402//645 787//699
f 789//700 1388//624 1395//636 788//698
f 790//701 1381//617 1388//624 789//700
f 791//702 1374//604 1381//617 790//701
f 792//666 1367//601 1374//604 791//703
f 1416//704 1417//705 1424//706 1423//707
f 1417//705 1418//708 1425//709 1424//706
f 1418//708 1419//710 1426//711 1425//709
f 1419//710 1420//712 1427//713 1426//714
f 1420//712 1421//715 1428//716 1427//713
f 1421//715 1422//717 1429//718 1428//716
f 1423//707 1424//706 1431//719 1430//720
f 1424//706 1425//709 1432//721 1431//719
f 1425//709 1426//711 1433//722 1432//721
f 1426//714 1427//713 1434//723 1433//722
f 1427//713 1428//716 1435//724 1434//723
f 1428//716 1429//718 1436//725 1435//724
f 1430//726 1431//727 1438//728 1437//729
f 1431//727 1432//721 1439//730 1438//728
f 1432//721 1433//722 1440//731 1439//730
f 1433//722 1434//723 1441//732 1440//731
f 1434//723 1435//724 1442//733 1441//732
f 1435//724 1436//725 1443//734 1442//733
f 1437//729 1438//728 1445//735 1444//736
f 1438//728 1439//730 1446//737 1445//735
f 1439//730 1440//731 1447//738 1446//739
f 1440//731 1441//732 1448//740 1447//738
f 1441//732 1442//741 1449//742 1448//740
f 1442//741 1443//734 1450//743 1449//742
f 1444//744 1445//735 1452//745 1451//746
f 1445//735 1446//739 1453//747 1452//745
f 1446//748 1447//738 1454//749 1453//747
f 1447//738 1448//740 1455//750 1454//749
f 1448//740 1449//742 1456//751 1455//752
f 1449//742 1450//743 1457//753 1456//751
f 1451//746 1452//745 1459//754 1458//755
f 1452//745 1453//747 1460//756 1459//754
f 1453//747 1454//749 1461//757 1460//756
f 1454//749 1455//752 1462//758 1461//757
f 1455//752 1456//751 1463//759 1462//758
f 1456//751 1457//753 1464//760 1463//759
f 26//761 779//762 1416//704 729//763
f 779//762 780//764 1417//705 1416//704
f 780//765 781//766 1418//708 1417//705
f 781//766 782//767 1419//710 1418//708
f 782//767 783//768 1420//712 1419//710
f 783//769 784//770 1421//715 1420//712
f 784//771 785//772 1422//717 1421//715
f 785//772 39//773 274//774 1422//717
f 1422//717 274//774 273//775 1429//718
f 1429//718 273//776 272//777 1436//725
f 1436//725 272//778 271//779 1443//734
f 1443//734 271//779 270//780 1450//743
f 1450//743 270//780 269//781 1457//753
f 1457//753 269//782 268//783 1464//760
f 1464//784 268//783 29//785 743//786
f 1463//759 1464//784 743//786 742//787
f 1462//758 1463//759 742//787 741//788
f 1461//757 1462//789 741//788 740//790
f 1460//791 1461//757 740//790 739//792
f 1459//754 1460//791 739//793 738//794
f 1458//755 1459//754 738//794 737//795
f 723//796 1458//755 737//795 6//797
f 724//798 1451//746 1458//755 723//796
f 725//799 1444//736 1451//746 724//798
f 726//800 1437//729 1444//744 725//799
f 727//801 1430//720 1437//729 726//800
f 728//802 1423//707 1430//726 727//801
f 729//763 1416//704 1423//707 728//802
f 1465//803 1466//804 1473//805 1472//806
f 1466//804 1467//807 1474//808 1473//805
f 1467//807 1468//809 1475//810 1474//811
f 1468//809 1469//812 1476//813 1475//810
f 1469//814 1470//815 1477//816 1476//813
f 1470//815 1471//817 1478//818 1477//816
f 1472//806 1473//805 1480//819 1479//820
f 1473//805 1474//808 1481//821 1480//819
f 1474//811 1475//810 1482//822 1481//821
f 1475//810 1476//813 1483//823 1482//822
f 1476//813 1477//816 1484//824 1483//825
f 1477//816 1478//818 1485//826 1484//824
f 1479//820 1480//819 1487//827 1486//828
f 1480//819 1481//821 1488//829 1487//827
f 1481//821 1482//822 1489//830 1488//829
f 1482//822 1483//825 1490//831 1489//830
f 1483//832 1484//824 1491//833 1490//831
f 1484//824 1485//834 1492//835 1491//833
f 1486//828 1487//836 1494//837 1493//838
f 1487//836 1488//829 1495//839 1494//837
f 1488//829 1489//830 1496//840 1495//839
f 1489//830 1490//831 1497//841 1496//840
f 1490//831 1491//833 1498//842 1497//841
f 1491//833 1492//835 1499//843 1498//842
f 1493//838 1494//837 1501//844 1500//845
f 1494//837 1495//839 1502//846 1501//844
f 1495//839 1496//840 1503//847 1502//846
f 1496//840 1497//841 1504//848 1503//849
f 1497//841 1498//850 1505//851 1504//848
f 1498//850 1499//852 1506//853 1505//851
f 1500//845 1501//844 1508//854 1507//855
f 1501//844 1502//846 1509//856 1508//854
f 1502//846 1503//847 1510//857 1509//856
f 1503//849 1504//848 1511//858 1510//857
f 1504//848 1505//851 1512//859 1511//858
f 1505//851 1506//853 1513//860 1512//859
f 14//861 120//862 1465//863 793//864
f 120//862 119//865 1466//804 1465//863
f 119//865 118//866 1467//807 1466//804
f 118//866 117//867 1468//868 1467//869
f 117//867 116//870 1469//814 1468//809
f 116//870 115//871 1470//815 1469//814
f 115//871 114//872 1471//817 1470//815
f 114//872 5//873 177//561 1471//817
f 1471//817 177//561 178//599 1478//818
f 1478//818 178//599 179//600 1485//826
f 1485//826 179//600 180//596 1492//835
f 1492//874 180//596 181//594 1499//875
f 1499//843 181//594 182//593 1506//853
f 1506//853 182//593 183//590 1513//860
f 1513//876 183//590 25//592 289//877
f 1512//859 1513//860 289//877 290//878
f 1511//858 1512//859 290//879 291//880
f 1510//857 1511//858 291//880 292//881
f 1509//856 1510//857 292//881 293//882
f 1508//854 1509//856 293//882 294//883
f 1507//855 1508//854 294//884 295//885
f 799//886 1507//855 295//885 42//887
f 798//888 1500//845 1507//855 799//886
f 797//889 1493//838 1500//845 798//890
f 796//891 1486//828 1493//838 797//889
f 795//892 1479//820 1486//828 796//891
f 794//893 1472//806 1479//820 795//892
f 793//864 1465//803 1472//806 794//894
f 1514//895 1515//896 1522//897 1521//898
f 1515//896 1516//899 1523//900 1522//897
f 1516//901 1517//902 1524//903 1523//900
f 1517//902 1518//904 1525//905 1524//903
f 1518//906 1519//907 1526//908 1525//905
f 1519//907 1520//909 1527//910 1526//908
f 1521//898 1522//897 1529//911 1528//912
f 1522//897 1523//900 1530//913 1529//911
f 1523//900 1524//903 1531//914 1530//915
f 1524//903 1525//916 1532//917 1531//914
f 1525//905 1526//908 1533//918 1532//917
f 1526//908 1527//910 1534//919 1533//918
f 1528//920 1529//911 1536//921 1535//922
f 1529//911 1530//923 1537//924 1536//921
f 1530//925 1531//914 1538//926 1537//924
f 1531//914 1532//917 1539//927 1538//928
f 1532//917 1533//918 1540//929 1539//927
f 1533//918 1534//919 1541//930 1540//929
f 1535//922 1536//921 1543//931 1542//932
f 1536//921 1537//924 1544//933 1543//934
f 1537//924 1538//935 1545//936 1544//933
f 1538//926 1539//927 1546//937 1545//936
f 1539//927 1540//938 1547//939 1546//937
f 1540//929 1541//930 1548//940 1547//939
f 1542//941 1543//931 1550//942 1549//943
f 1543//931 1544//933 1551//944 1550//942
f 1544//933 1545//936 1552//945 1551//944
f 1545//936 1546//937 1553//946 1552//947
f 1546//937 1547//939 1554//948 1553//946
f 1547//939 1548//940 1555//949 1554//948
f 1549//943 1550//942 1557//950 1556//951
f 1550//942 1551//944 1558//952 1557//950
f 1551//944 1552//945 1559//953 1558//952
f 1552//945 1553//946 1560//954 1559//953
f 1553//946 1554//948 1561//955 1560//954
f 1554//948 1555//949 1562//956 1561//955
f 1//957 107//958 1514//895 79//163
f 107//958 108//959 1515//896 1514//895
f 108//959 109//960 1516//899 1515//896
f 109//960 110//961 1517//902 1516//899
f 110//961 111//962 1518//963 1517//964
f 111//962 112//965 1519//907 1518//904
f 112//965 113//966 1520//967 1519//907
f 113//966 13//968 282//969 1520//967
f 1520//909 282//969 283//970 1527//910
f 1527//910 283//971 284//972 1534//919
f 1534//919 284//972 285//973 1541//930
f 1541//930 285//973 286//974 1548//940
f 1548//940 286//975 287//976 1555//949
f 1555//949 287//977 288//978 1562//956
f 1562//956 288//978 41//979 673//980
f 1561//955 1562//956 673//980 672//981
f 1560//954 1561//955 672//982 671//983
f 1559//953 1560//954 671//983 670//984
f 1558//952 1559//953 670//984 669//985
f 1557//950 1558//952 669//985 668//986
f 1556//951 1557//950 668//987 667//988
f 85//172 1556//989 667//988 9//174
f 84//171 1549//943 1556//951 85//172
f 83//169 1542//932 1549//943 84//171
f 82//168 1535//990 1542//991 83//169
f 81//167 1528//912 1535//922 82//168
f 80//165 1521//898 1528//912 81//166
f 79//163 1514//895 1521//898 80//165
f 1563//992 1564//993 1571//994 1570//995
f 1564//993 1565//996 1572//997 1571//994
f 1565//996 1566//998 1573//999 1572//997
f 1566//998 1567//1000 1574//1001 1573//1002
f 1567//1000 1568//1003 1575//1004 1574//1001
f 1568//1003 1569//1005 1576//1006 1575//1004
f 1570//995 1571//994 1578//1007 1577//1008
f 1571//994 1572//997 1579//1009 1578//1007
f 1572//997 1573//999 1580//1010 1579//1009
f 1573//1002 1574//1001 1581//1011 1580//1010
f 1574//1001 1575//1004 1582//1012 1581//1011
f 1575//1004 1576//1006 1583//1013 1582//1012
f 1577//1008 1578//1007 1585//1014 1584//1015
f 1578//1007 1579//1009 1586//1016 1585//1014
f 1579//1009 1580//1010 1587//1017 1586//1016
f 1580//1010 1581//1011 1588//1018 1587//1017
f 1581//1011 1582//1019 1589//1020 1588//1018
f 1582//1012 1583//1013 1590//1021 1589//1020
f 1584//1015 1585//1022 1592//1023 1591//1024
f 1585//1022 1586//1016 1593//1025 1592//1023
f 1586//1016 1587//1026 1594//1027 1593//1025
f 1587//1017 1588//1018 1595//1028 1594//1027
f 1588//1018 1589//1020 1596//1029 1595//1030
f 1589//1020 1590//1021 1597//1031 1596//1029
f 1591//1024 1592//1023 1599//1032 1598//1033
f 1592//1023 1593//1025 1600//1034 1599//1032
f 1593//1025 1594//1027 1601//1035 1600//1036
f 1594//1027 1595//1037 1602//1038 1601//1035
f 1595//1028 1596//1029 1603//1039 1602//1038
f 1596//1029 1597//1040 1604//1041 1603//1039
f 1598//1033 1599//1032 1606//1042 1605//1043
f 1599//1032 1600//1034 1607//1044 1606//1042
f 1600//1034 1601//1035 1608//1045 1607//1046
f 1601//1035 1602//1038 1609//1047 1608//1045
f 1602//1038 1603//1039 1610//1048 1609//1049
f 1603//1039 1604//1041 1611//1050 1610//1048
f 44//1051 526//1052 1563//992 813//1053
f 526//1052 525//1054 1564//993 1563//992
f 525//1055 524//1056 1565//996 1564//993
f 524//1057 523//1058 1566//998 1565//996
f 523//1058 522//1059 1567//1000 1566//998
f 522//1059 521//1060 1568//1003 1567//1000
f 521//1061 520//1062 1569//1005 1568//1003
f 520//1062 26//761 729//763 1569//1063
f 1569//1063 729//763 728//802 1576//1006
f 1576//1006 728//802 727//801 1583//1064
f 1583//1065 727//801 726//800 1590//1021
f 1590//1021 726//800 725//799 1597//1040
f 1597//1040 725//799 724//798 1604//1041
f 1604//1041 724//798 723//796 1611//1050
f 1611//1050 723//796 6//1066 695//1067
f 1610//1048 1611//1050 695//1067 696//1068
f 1609//1049 1610//1048 696//1068 697//1069
f 1608//1045 1609//1049 697//1070 698//1071
f 1607//1072 1608//1073 698//1074 699//1075
f 1606//1042 1607//1046 699//1075 700//1076
f 1605//1043 1606//1042 700//1076 701//1077
f 807//1078 1605//1043 701//1077 18//1079
f 808//1080 1598//1033 1605//1043 807//1078
f 809//1081 1591//1024 1598//1033 808//1082
f 810//1083 1584//1015 1591//1024 809//1081
f 811//1084 1577//1008 1584//1015 810//1083
f 812//1085 1570//995 1577//1008 811//1086
f 813//1053 1563//992 1570//995 812//1087
f 1612//1088 1613//1089 1620//1090 1619//1091
f 1613//1089 1614//1092 1621//1093 1620//1090
f 1614//1092 1615//1094 1622//1095 1621//1093
f 1615//1094 1616//1096 1623//1097 1622//1098
f 1616//1096 1617//1099 1624//1100 1623//1097
f 1617//1099 1618//1101 1625//1102 1624//1100
f 1619//1091 1620//1090 1627//1103 1626//1104
f 1620//1090 1621//1093 1628//1105 1627//1103
f 1621//1093 1622//1095 1629//1106 1628//1105
f 1622//1098 1623//1097 1630//1107 1629//1106
f 1623//1097 1624//1100 1631//1108 1630//1107
f 1624//1100 1625//1102 1632//1109 1631//1108
f 1626//1110 1627//1103 1634//1111 1633//1112
f 1627//1113 1628//1105 1635//1114 1634//1111
f 1628//1105 1629//1106 1636//1115 1635//1114
f 1629//1106 1630//1107 1637//1116 1636//1115
f 1630//1107 1631//1108 1638//1117 1637//1116
f 1631//1108 1632//1109 1639//1118 1638//1117
f 1633//1112 1634//1111 1641//1119 1640//1120
f 1634//1111 1635//1114 1642//1121 1641//1119
f 1635//1114 1636//1115 1643//1122 1642//1123
f 1636//1115 1637//1116 1644//1124 1643//1122
f 1637//1116 1638//1125 1645//1126 1644//1124
f 1638//1125 1639//1118 1646//1127 1645//1126
f 1640//1128 1641//1119 1648//1129 1647//1130
f 1641//1119 1642//1131 1649//1132 1648//1129
f 1642//1133 1643//1122 1650//1134 1649//1132
f 1643//1122 1644//1124 1651//1135 1650//1134
f 1644//1124 1645//1126 1652//1136 1651//1137
f 1645//1126 1646//1127 1653//1138 1652//1136
f 1647//1130 1648//1129 1655//1139 1654//1140
f 1648//1129 1649//1132 1656//1141 1655//1139
f 1649//1132 1650//1134 1657//1142 1656//1141
f 1650//1134 1651//1137 1658//1143 1657//1142
f 1651//1135 1652//1136 1659//1144 1658//1143
f 1652//1136 1653//1138 1660//1145 1659//1144
f 10//61 800//1146 1612//1147 666//62
f 800//1146 801//1148 1613//1089 1612//1088
f 801//1149 802//1150 1614//1092 1613//1089
f 802//1150 803//1151 1615//1094 1614//1092
f 803//1151 804//1152 1616//1096 1615//1094
f 804//1153 805//1154 1617//1099 1616//1096
f 805//1155 806//1156 1618//1101 1617//1099
f 806//1156 43//1157 302//1158 1618//1101
f 1618//1101 302//1158 301//1159 1625//1102
f 1625//1102 301//1160 300//1161 1632//1109
f 1632//1109 300//1161 299//1162 1639//1118
f 1639//1118 299//1162 298//1163 1646//1127
f 1646//1127 298//1163 297//1164 1653//1138
f 1653//1138 297//1165 296//1166 1660//1145
f 1660//1167 296//1166 17//1168 694//1169
f 1659//1144 1660//1145 694//1169 693//1170
f 1658//1143 1659//1144 693//1170 692//1171
f 1657//1172 1658//1173 692//1171 691//1174
f 1656//1141 1657//1142 691//1174 690//1175
f 1655//1139 1656//1141 690//1176 689//1177
f 1654//1140 1655//1139 689//1177 688//1178
f 660//72 1654//1140 688//1178 2//1179
f 661//71 1647//1130 1654//1140 660//72
f 662//69 1640//1120 1647//1130 661//71
f 663//67 1633//1112 1640//1128 662//70
f 664//66 1626//1180 1633//1112 663//67
f 665//65 1619//1091 1626//1110 664//66
f 666//62 1612//1088 1619//1091 665//65
f 1661//1181 1662//1182 1669//1183 1668//1184
f 1662//1182 1663//1185 1670//1186 1669//1183
f 1663//1185 1664//1187 1671//1188 1670//1189
f 1664//1187 1665//1190 1672//1191 1671//1188
f 1665//1192 1666//1193 1673//1194 1672//1191
f 1666//1193 1667//1195 1674//1196 1673//1194
f 1668//1184 1669//1183 1676//1197 1675//1198
f 1669//1183 1670//1186 1677//1199 1676//1197
f 1670//1189 1671//1188 1678//1200 1677//1199
f 1671//1188 1672//1191 1679//1201 1678//1200
f 1672//1191 1673//1194 1680//1202 1679//1203
f 1673//1194 1674//1196 1681//1204 1680//1202
f 1675//1198 1676//1197 1683//1205 1682//1206
f 1676//1197 1677//1199 1684//1207 1683//1205
f 1677//1199 1678//1200 1685//1208 1684//1207
f 1678//1200 1679//1203 1686//1209 1685//1208
f 1679//1210 1680//1202 1687//1211 1686//1209
f 1680//1202 1681//1212 1688//1213 1687//1211
f 1682//1206 1683//1205 1690//1214 1689//1215
f 1683//1216 1684//1207 1691//1217 1690//1214
f 1684//1207 1685//1208 1692//1218 1691//1217
f 1685//1208 1686//1209 1693//1219 1692//1218
f 1686//1209 1687//1211 1694//1220 1693//1219
f 1687//1211 1688//1213 1695//1221 1694//1222
f 1689//1215 1690//1214 1697//1223 1696//1224
f 1690//1214 1691//1217 1698//1225 1697//1223
f 1691//1217 1692//1218 1699//1226 1698//1225
f 1692//1218 1693//1219 1700//1227 1699//1228
f 1693//1219 1694//1222 1701//1229 1700//1227
f 1694//1222 1695//1230 1702//1231 1701//1229
f 1696//1224 1697//1223 1704//1232 1703//1233
f 1697//1223 1698//1225 1705//1234 1704//1232
f 1698//1225 1699//1226 1706//1235 1705//1234
f 1699//1228 1700//1227 1707//1236 1706//1235
f 1700//1237 1701//1229 1708//1238 1707//1236
f 1701//1229 1702//1231 1709//1239 1708//1238
f 18//1079 701//1077 1661//1181 814//1240
f 701//1077 700//1076 1662//1182 1661//1181
f 700//1076 699//1075 1663//1241 1662//1182
f 699//1075 698//1074 1664//1187 1663//1185
f 698//1071 697//1070 1665//1192 1664//1187
f 697//1070 696//1068 1666//1193 1665//1190
f 696//1068 695//1067 1667//1195 1666//1193
f 695//1067 6//1242 737//1243 1667//1195
f 1667//1195 737//795 738//794 1674//1196
f 1674//1196 738//794 739//793 1681//1204
f 1681//1204 739//792 740//790 1688//1213
f 1688//1213 740//790 741//788 1695//1221
f 1695//1221 741//788 742//787 1702//1231
f 1702//1231 742//787 743//786 1709//1244
f 1709//1244 743//786 29//785 317//1245
f 1708//1238 1709//1244 317//1245 318//1246
f 1707//1236 1708//1238 318//1247 319//1248
f 1706//1235 1707//1249 319//1248 320//1250
f 1705//1234 1706//1235 320//1250 321//1251
f 1704//1232 1705//1234 321//1251 322//1252
f 1703//1233 1704//1232 322//1253 323//1254
f 820//1255 1703//1233 323//1254 46//1256
f 819//1257 1696//1224 1703//1233 820//1255
f 818//1258 1689//1215 1696//1224 819//1259
f 817//1260 1682//1206 1689//1215 818//1258
f 816//1261 1675//1198 1682//1206 817//1260
f 815//1262 1668//1184 1675//1198 816//1261
f 814//1240 1661//1181 1668//1184 815//1263
f 1710//1264 1711//1265 1718//1266 1717//1267
f 1711//1265 1712//1268 1719//1269 1718//1266
f 1712//1268 1713//1270 1720//1271 1719//1269
f 1713//1270 1714//1272 1721//1273 1720//1271
f 1714//1272 1715//1274 1722//1275 1721//1273
f 1715//1274 1716//1276 1723//1277 1722//1275
f 1717//1267 1718//1266 1725//1278 1724//1279
f 1718//1266 1719//1269 1726//1280 1725//1278
f 1719//1269 1720//1271 1727//1281 1726//1282
f 1720//1271 1721//1283 1728//1284 1727//1281
f 1721//1273 1722//1275 1729//1285 1728//1284
f 1722//1275 1723//1277 1730//1286 1729//1285
f 1724//1279 1725//1278 1732//1287 1731//1288
f 1725//1278 1726//1289 1733//1290 1732//1287
f 1726//1280 1727//1281 1734//1291 1733//1290
f 1727//1281 1728//1284 1735//1292 1734//1291
f 1728//1284 1729//1285 1736//1293 1735//1292
f 1729//1285 1730//1286 1737//1294 1736//1293
f 1731//1288 1732//1287 1739//1295 1738//1296
f 1732//1287 1733//1290 1740//1297 1739//1298
f 1733//1290 1734//1291 1741//1299 1740//1297
f 1734//1291 1735//1292 1742//1300 1741//1299
f 1735//1292 1736//1301 1743//1302 1742//1300
f 1736//1301 1737//1294 1744//1303 1743//1302
f 1738//1304 1739//1295 1746//1305 1745//1306
f 1739//1295 1740//1297 1747//1307 1746//1305
f 1740//1297 1741//1299 1748//1308 1747//1307
f 1741//1299 1742//1300 1749//1309 1748//1310
f 1742//1300 1743//1302 1750//1311 1749//1309
f 1743//1302 1744//1303 1751//1312 1750//1311
f 1745//1306 1746//1305 1753//1313 1752//1314
f 1746//1305 1747//1307 1754//1315 1753//1313
f 1747//1307 1748//1308 1755//1316 1754//1315
f 1748//1310 1749//1309 1756//1317 1755//1316
f 1749//1309 1750//1311 1757//1318 1756//1317
f 1750//1311 1751//1312 1758//1319 1757//1318
f 2//1320 688//1178 1710//1264 681//74
f 688//1178 689//1177 1711//1265 1710//1264
f 689//1177 690//1176 1712//1268 1711//1265
f 690//1175 691//1174 1713//1270 1712//1268
f 691//1174 692//1171 1714//1272 1713//1270
f 692//1171 693//1170 1715//1274 1714//1321
f 693//1170 694//1169 1716//1322 1715//1274
f 694//1169 17//1168 310//1323 1716//1322
f 1716//1276 310//1323 311//1324 1723//1277
f 1723//1277 311//1325 312//1326 1730//1286
f 1730//1286 312//1326 313//1327 1737//1294
f 1737//1294 313//1327 314//1328 1744//1303
f 1744//1303 314//1329 315//1330 1751//1312
f 1751//1312 315//1331 316//1332 1758//1319
f 1758//1319 316//1332 45//1333 939//1334
f 1757//1318 1758//1319 939//1334 938//1335
f 1756//1317 1757//1318 938//1336 937//1337
f 1755//1316 1756//1317 937//1337 936//1338
f 1754//1315 1755//1316 936//1338 935//1339
f 1753//1313 1754//1315 935//1339 934//1340
f 1752//1314 1753//1313 934//1341 933//1342
f 687//82 1752//1343 933//1342 15//84
f 686//81 1745//1306 1752//1314 687//82
f 685//79 1738//1296 1745//1306 686//81
f 684//77 1731//1344 1738//1345 685//79
f 683//76 1724//1346 1731//1288 684//77
f 682//75 1717//1267 1724//1346 683//76
f 681//74 1710//1264 1717//1267 682//75
f 1759//1347 1760//1348 1767//1349 1766//1350
f 1760//1348 1761//1351 1768//1352 1767//1349
f 1761//1351 1762//1353 1769//1354 1768//1352
f 1762//1353 1763//1355 1770//1356 1769//1354
f 1763//1355 1764//1357 1771//1358 1770//1356
f 1764//1357 1765//1359 1772//1360 1771//1358
f 1766//1350 1767//1349 1774//1361 1773//1362
f 1767//1349 1768//1352 1775//1363 1774//1361
f 1768//1352 1769//1364 1776//1365 1775//1363
f 1769//1354 1770//1356 1777//1366 1776//1365
f 1770//1356 1771//1358 1778//1367 1777//1366
f 1771//1358 1772//1360 1779//1368 1778//1367
f 1773//1362 1774//1361 1781//1369 1780//1370
f 1774//1361 1775//1363 1782//1371 1781//1369
f 1775//1363 1776//1365 1783//1372 1782//1371
f 1776//1365 1777//1366 1784//1373 1783//1374
f 1777//1366 1778//1367 1785//1375 1784//1373
f 1778//1367 1779//1368 1786//1376 1785//1375
f 1780//1370 1781//1377 1788//1378 1787//1379
f 1781//1377 1782//1371 1789//1380 1788//1378
f 1782//1371 1783//1372 1790//1381 1789//1380
f 1783//1372 1784//1373 1791//1382 1790//1381
f 1784//1373 1785//1375 1792//1383 1791//1384
f 1785//1375 1786//1376 1793//1385 1792//1383
f 1787//1379 1788//1378 1795//1386 1794//1387
f 1788//1378 1789//1380 1796//1388 1795//1386
f 1789//1380 1790//1381 1797//1389 1796//1390
f 1790//1381 1791//1391 1798//1392 1797//1389
f 1791//1393 1792//1383 1799//1394 1798//1392
f 1792//1383 1793//1395 1800//1396 1799//1394
f 1794//1387 1795//1386 1802//1397 1801//1398
f 1795//1386 1796//1388 1803//1399 1802//1397
f 1796//1388 1797//1389 1804//1400 1803//1399
f 1797//1389 1798//1392 1805//1401 1804//1400
f 1798//1392 1799//1394 1806//1402 1805//1403
f 1799//1394 1800//1396 1807//1404 1806//1402
f 48//1405 617//1406 1759//1347 834//1407
f 617//1406 616//1408 1760//1348 1759//1347
f 616//1409 615//1410 1761//1351 1760//1348
f 615//1410 614//1411 1762//1353 1761//1351
f 614//1411 613//1412 1763//1355 1762//1353
f 613//1412 612//1413 1764//1357 1763//1355
f 612//1413 611//1414 1765//1359 1764//1357
f 611//1414 30//696 211//694 1765//1415
f 1765//1415 211//694 210//692 1772//1360
f 1772//1360 210//692 209//691 1779//1368
f 1779//1416 209//691 208//689 1786//1417
f 1786//1376 208//689 207//688 1793//1395
f 1793//1385 207//1418 206//687 1800//1396
f 1800//1396 206//687 205//686 1807//1404
f 1807//1404 205//686 7//1419 163//1420
f 1806//1402 1807//1404 163//1420 164//1421
f 1805//1403 1806//1402 164//1421 165//1422
f 1804//1400 1805//1403 165//1422 166//1423
f 1803//1399 1804//1400 166//1423 167//1424
f 1802//1397 1803//1399 167//1424 168//1425
f 1801//1426 1802//1397 168//1425 169//1427
f 828//1428 1801//1426 169//1427 22//1429
f 829//1430 1794//1387 1801//1426 828//1428
f 830//1431 1787//1379 1794//1387 829//1432
f 831//1433 1780//1370 1787//1379 830//1431
f 832//1434 1773//1362 1780//1370 831//1433
f 833//1435 1766//1350 1773//1362 832//1434
f 834//1407 1759//1347 1766//1350 833//1436
f 1808//1437 1809//1438 1816//1439 1815//1440
f 1809//1438 1810//1441 1817//1442 1816//1439
f 1810//1441 1811//1443 1818//1444 1817//1442
f 1811//1443 1812//1445 1819//1446 1818//1447
f 1812//1445 1813//1448 1820//1449 1819//1446
f 1813//1448 1814//1450 1821//1451 1820//1449
f 1815//1440 1816//1439 1823//1452 1822//1453
f 1816//1439 1817//1442 1824//1454 1823//1452
f 1817//1442 1818//1444 1825//1455 1824//1454
f 1818//1447 1819//1446 1826//1456 1825//1455
f 1819//1446 1820//1449 1827//1457 1826//1456
f 1820//1449 1821//1451 1828//1458 1827//1457
f 1822//1453 1823//1452 1830//1459 1829//1460
f 1823//1461 1824//1454 1831//1462 1830//1459
f 1824//1454 1825//1455 1832//1463 1831//1462
f 1825//1455 1826//1456 1833//1464 1832//1463
f 1826//1456 1827//1457 1834//1465 1833//1464
f 1827//1457 1828//1458 1835//1466 1834//1465
f 1829//1460 1830//1459 1837//1467 1836//1468
f 1830//1459 1831//1462 1838//1469 1837//1467
f 1831//1462 1832//1463 1839//1470 1838//1471
f 1832//1463 1833//1464 1840//1472 1839//1470
f 1833//1464 1834//1473 1841//1474 1840//1472
f 1834//1473 1835//1466 1842//1475 1841//1474
f 1836//1468 1837//1467 1844//1476 1843//1477
f 1837//1467 1838//1478 1845//1479 1844//1476
f 1838//1480 1839//1470 1846//1481 1845//1479
f 1839//1470 1840//1472 1847//1482 1846//1481
f 1840//1472 1841//1474 1848//1483 1847//1484
f 1841//1474 1842//1475 1849//1485 1848//1483
f 1843//1477 1844//1476 1851//1486 1850//1487
f 1844//1476 1845//1479 1852//1488 1851//1486
f 1845//1479 1846//1481 1853//1489 1852//1490
f 1846//1481 1847//1484 1854//1491 1853//1489
f 1847//1484 1848//1483 1855//1492 1854//1493
f 1848//1483 1849//1485 1856//1494 1855//1492
f 16//271 821//1495 1808//1437 127//272
f 821//1495 822//1496 1809//1438 1808//1437
f 822//1497 823//1498 1810//1441 1809//1438
f 823//1498 824//1499 1811//1443 1810//1441
f 824//1499 825//1500 1812//1445 1811//1443
f 825//1500 826//1501 1813//1448 1812//1445
f 826//1502 827//1503 1814//1450 1813//1448
f 827//1503 47//1504 330//1505 1814//1450
f 1814//1450 330//1505 329//1506 1821//1451
f 1821//1451 329//1507 328//1508 1828//1458
f 1828//1458 328//1509 327//1510 1835//1466
f 1835//1466 327//1510 326//1511 1842//1475
f 1842//1475 326//1511 325//1512 1849//1485
f 1849//1485 325//1513 324//1514 1856//1494
f 1856//1515 324//1514 21//1516 162//1517
f 1855//1492 1856//1494 162//1517 161//1518
f 1854//1491 1855//1492 161//1518 160//1519
f 1853//1489 1854//1520 160//1519 159//1521
f 1852//1488 1853//1489 159//1521 158//1522
f 1851//1486 1852//1488 158//1523 157//1524
f 1850//1487 1851//1486 157//1524 156//1525
f 121//282 1850//1487 156//1525 3//1526
f 122//281 1843//1477 1850//1487 121//282
f 123//280 1836//1468 1843//1477 122//281
f 124//277 1829//1460 1836//1468 123//279
f 125//275 1822//1453 1829//1460 124//277
f 126//274 1815//1440 1822//1527 125//275
f 127//272 1808//1437 1815//1440 126//274
f 1857//1528 1858//1529 1865//1530 1864//1531
f 1858//1529 1859//1532 1866//1533 1865//1530
f 1859//1532 1860//1534 1867//1535 1866//1536
f 1860//1534 1861//1537 1868//1538 1867//1535
f 1861//1539 1862//1540 1869//1541 1868//1538
f 1862//1540 1863//1542 1870//1543 1869//1541
f 1864//1531 1865//1530 1872//1544 1871//1545
f 1865//1530 1866//1533 1873//1546 1872//1544
f 1866//1536 1867//1535 1874//1547 1873//1546
f 1867//1535 1868//1538 1875//1548 1874//1547
f 1868//1538 1869//1541 1876//1549 1875//1550
f 1869//1541 1870//1543 1877//1551 1876//1549
f 1871//1545 1872//1544 1879//1552 1878//1553
f 1872//1544 1873//1546 1880//1554 1879//1552
f 1873//1546 1874//1547 1881//1555 1880//1554
f 1874//1547 1875//1550 1882//1556 1881//1557
f 1875//1558 1876//1549 1883//1559 1882//1556
f 1876//1549 1877//1560 1884//1561 1883//1559
f 1878//1553 1879//1562 1886//1563 1885//1564
f 1879//1562 1880//1554 1887//1565 1886//1563
f 1880//1554 1881//1557 1888//1566 1887//1565
f 1881//1567 1882//1556 1889//1568 1888//1566
f 1882//1556 1883//1559 1890//1569 1889//1568
f 1883//1559 1884//1561 1891//1570 1890//1571
f 1885//1564 1886//1563 1893//1572 1892//1573
f 1886//1563 1887//1565 1894//1574 1893//1572
f 1887//1565 1888//1566 1895//1575 1894//1574
f 1888//1566 1889//1568 1896//1576 1895//1577
f 1889//1568 1890//1571 1897//1578 1896//1576
f 1890//1571 1891//1579 1898//1580 1897//1578
f 1892//1573 1893//1572 1900//1581 1899//1582
f 1893//1572 1894//1574 1901//1583 1900//1581
f 1894//1574 1895//1575 1902//1584 1901//1583
f 1895//1577 1896//1576 1903//1585 1902//1584
f 1896//1576 1897//1578 1904//1586 1903//1585
f 1897//1578 1898//1580 1905//1587 1904//1586
f 22//1429 169//1427 1857//1588 835//1589
f 169//1427 168//1425 1858//1529 1857//1528
f 168//1425 167//1424 1859//1590 1858//1529
f 167//1424 166//1423 1860//1534 1859//1591
f 166//1423 165//1422 1861//1539 1860//1534
f 165//1592 164//1421 1862//1540 1861//1539
f 164//1421 163//1420 1863//1542 1862//1540
f 163//1420 7//1593 212//684 1863//1542
f 1863//1542 212//684 213//683 1870//1543
f 1870//1543 213//683 214//682 1877//1551
f 1877//1551 214//682 215//681 1884//1561
f 1884//1594 215//681 216//680 1891//1595
f 1891//1570 216//680 217//679 1898//1580
f 1898//1580 217//679 218//677 1905//1587
f 1905//1596 218//677 31//676 345//1597
f 1904//1586 1905//1587 345//1597 346//1598
f 1903//1585 1904//1586 346//1599 347//1600
f 1902//1584 1903//1585 347//1600 348//1601
f 1901//1583 1902//1584 348//1601 349//1602
f 1900//1581 1901//1583 349//1602 350//1603
f 1899//1582 1900//1581 350//1604 351//1605
f 841//1606 1899//1582 351//1605 50//1607
f 840//1608 1892//1573 1899//1582 841//1606
f 839//1609 1885//1564 1892//1573 840//1610
f 838//1611 1878//1553 1885//1564 839//1609
f 837//1612 1871//1545 1878//1553 838//1611
f 836//1613 1864//1531 1871//1545 837//1612
f 835//1589 1857//1528 1864//1531 836//1614
f 1906//1615 1907//1616 1914//1617 1913//1618
f 1907//1616 1908//1619 1915//1620 1914//1617
f 1908//1619 1909//1621 1916//1622 1915//1620
f 1909//1621 1910//1623 1917//1624 1916//1622
f 1910//1625 1911//1626 1918//1627 1917//1624
f 1911//1626 1912//1628 1919//1629 1918//1627
f 1913//1618 1914//1617 1921//1630 1920//1631
f 1914//1617 1915//1620 1922//1632 1921//1630
f 1915//1620 1916//1622 1923//1633 1922//1634
f 1916//1622 1917//1635 1924//1636 1923//1633
f 1917//1624 1918//1627 1925//1637 1924//1636
f 1918//1627 1919//1629 1926//1638 1925//1637
f 1920//1639 1921//1630 1928//1640 1927//1641
f 1921//1630 1922//1642 1929//1643 1928//1640
f 1922//1632 1923//1633 1930//1644 1929//1643
f 1923//1633 1924//1636 1931//1645 1930//1646
f 1924//1636 1925//1637 1932//1647 1931//1645
f 1925//1637 1926//1638 1933//1648 1932//1647
f 1927//1641 1928//1640 1935//1649 1934//1650
f 1928//1640 1929//1643 1936//1651 1935//1652
f 1929//1643 1930//1653 1937//1654 1936//1651
f 1930//1644 1931//1645 1938//1655 1937//1654
f 1931//1645 1932//1656 1939//1657 1938//1655
f 1932//1647 1933//1648 1940//1658 1939//1657
f 1934//1659 1935//1649 1942//1660 1941//1661
f 1935//1649 1936//1651 1943//1662 1942//1660
f 1936//1651 1937//1654 1944//1663 1943//1662
f 1937//1654 1938//1655 1945//1664 1944//1665
f 1938//1655 1939//1657 1946//1666 1945//1664
f 1939//1657 1940//1658 1947//1667 1946//1666
f 1941//1661 1942//1660 1949//1668 1948//1669
f 1942//1660 1943//1662 1950//1670 1949//1668
f 1943//1662 1944//1663 1951//1671 1950//1670
f 1944//1663 1945//1664 1952//1672 1951//1671
f 1945//1664 1946//1666 1953//1673 1952//1672
f 1946//1666 1947//1667 1954//1674 1953//1673
f 3//1675 156//1525 1906//1615 142//284
f 156//1525 157//1524 1907//1616 1906//1615
f 157//1524 158//1522 1908//1619 1907//1616
f 158//1523 159//1521 1909//1621 1908//1619
f 159//1521 160//1519 1910//1676 1909//1677
f 160//1519 161//1518 1911//1626 1910//1676
f 161//1518 162//1517 1912//1628 1911//1626
f 162//1517 21//1516 338//1678 1912//1679
f 1912//1628 338//1678 339//1680 1919//1629
f 1919//1629 339//1681 340//1682 1926//1638
f 1926//1638 340//1682 341//1683 1933//1648
f 1933//1648 341//1683 342//1684 1940//1658
f 1940//1658 342//1685 343//1686 1947//1667
f 1947//1667 343//1687 344//1688 1954//1674
f 1954//1674 344//1688 49//1689 988//1690
f 1953//1673 1954//1674 988//1690 987//1691
f 1952//1672 1953//1673 987//1692 986//1693
f 1951//1671 1952//1672 986//1693 985//1694
f 1950//1670 1951//1671 985//1694 984//1695
f 1949//1668 1950//1670 984//1695 983//1696
f 1948//1669 1949//1668 983//1697 982//1698
f 148//290 1948//1699 982//1698 19//293
f 147//289 1941//1661 1948//1669 148//290
f 146//288 1934//1650 1941//1661 147//289
f 145//287 1927//1700 1934//1701 146//288
f 144//286 1920//1631 1927//1641 145//287
f 143//285 1913//1618 1920//1631 144//286
f 142//284 1906//1615 1913//1618 143//285
f 1955//1702 1956//1703 1963//1704 1962//1705
f 1956//1703 1957//1706 1964//1707 1963//1704
f 1957//1706 1958//1708 1965//1709 1964//1707
f 1958//1708 1959//1710 1966//1711 1965//1712
f 1959//1710 1960//1713 1967//1714 1966//1711
f 1960//1713 1961//1715 1968//1716 1967//1714
f 1962//1705 1963//1704 1970//1717 1969//1718
f 1963//1704 1964//1707 1971//1719 1970//1717
f 1964//1707 1965//1709 1972//1720 1971//1719
f 1965//1712 1966//1711 1973//1721 1972//1720
f 1966//1711 1967//1722 1974//1723 1973//1721
f 1967//1714 1968//1716 1975//1724 1974//1723
f 1969//1718 1970//1717 1977//1725 1976//1726
f 1970//1717 1971//1719 1978//1727 1977//1725
f 1971//1719 1972//1720 1979//1728 1978//1727
f 1972//1720 1973//1721 1980//1729 1979//1730
f 1973//1721 1974//1731 1981//1732 1980//1729
f 1974//1723 1975//1724 1982//1733 1981//1732
f 1976//1726 1977//1734 1984//1735 1983//1736
f 1977//1734 1978//1727 1985//1737 1984//1735
f 1978//1727 1979//1728 1986//1738 1985//1737
f 1979//1739 1980//1729 1987//1740 1986//1738
f 1980//1729 1981//1732 1988//1741 1987//1742
f 1981//1732 1982//1733 1989//1743 1988//1741
f 1983//1736 1984//1735 1991//1744 1990//1745
f 1984//1735 1985//1737 1992//1746 1991//1747
f 1985//1737 1986//1738 1993//1748 1992//1749
f 1986//1738 1987//1750 1994//1751 1993//1748
f 1987//1752 1988//1741 1995//1753 1994//1751
f 1988//1741 1989//1754 1996//1755 1995//1753
f 1990//1745 1991//1744 1998//1756 1997//1757
f 1991//1744 1992//1746 1999//1758 1998//1756
f 1992//1746 1993//1748 2000//1759 1999//1758
f 1993//1748 1994//1751 2001//1760 2000//1759
f 1994//1751 1995//1753 2002//1761 2001//1760
f 1995//1753 1996//1755 2003//1762 2002//1761
f 52//1763 659//1764 1955//1702 855//1765
f 659//1764 658//1766 1956//1703 1955//1702
f 658//1767 657//1768 1957//1706 1956//1703
f 657//1768 656//1769 1958//1708 1957//1706
f 656//1769 655//1770 1959//1710 1958//1708
f 655//1770 654//1771 1960//1713 1959//1710
f 654//1772 653//1773 1961//1715 1960//1713
f 653//1773 32//481 750//479 1961//1774
f 1961//1774 750//479 749//478 1968//1716
f 1968//1716 749//478 748//477 1975//1724
f 1975//1775 748//477 747//476 1982//1733
f 1982//1733 747//476 746//1776 1989//1754
f 1989//1754 746//475 745//474 1996//1755
f 1996//1755 745//474 744//473 2003//1762
f 2003//1762 744//473 8//1777 716//1778
f 2002//1761 2003//1762 716//1778 717//1779
f 2001//1760 2002//1761 717//1779 718//1780
f 2000//1759 2001//1760 718//1781 719//1782
f 1999//1783 2000//1784 719//1782 720//1785
f 1998//1756 1999//1758 720//1785 721//1786
f 1997//1757 1998//1756 721//1786 722//1787
f 849//1788 1997//1789 722//1787 24//1790
f 850//1791 1990//1745 1997//1757 849//1788
f 851//1792 1983//1736 1990//1745 850//1793
f 852//1794 1976//1726 1983//1736 851//1792
f 853//1795 1969//1718 1976//1726 852//1794
f 854//1796 1962//1705 1969//1718 853//1795
f 855//1765 1955//1702 1962//1705 854//1797
f 2004//1798 2005//1799 2012//1800 2011//1801
f 2005//1799 2006//1802 2013//1803 2012//1800
f 2006//1802 2007//1804 2014//1805 2013//1803
f 2007//1804 2008//1806 2015//1807 2014//1808
f 2008//1806 2009//1809 2016//1810 2015//1807
f 2009//1809 2010//1811 2017//1812 2016//1810
f 2011//1801 2012//1800 2019//1813 2018//1814
f 2012//1800 2013//1803 2020//1815 2019//1813
f 2013//1803 2014//1805 2021//1816 2020//1815
f 2014//1808 2015//1807 2022//1817 2021//1816
f 2015//1807 2016//1810 2023//1818 2022//1817
f 2016//1810 2017//1812 2024//1819 2023//1818
f 2018//1814 2019//1813 2026//1820 2025//1821
f 2019//1822 2020//1815 2027//1823 2026//1820
f 2020//1815 2021//1816 2028//1824 2027//1823
f 2021//1816 2022//1817 2029//1825 2028//1826
f 2022//1817 2023//1818 2030//1827 2029//1825
f 2023//1818 2024//1819 2031//1828 2030//1829
f 2025//1821 2026//1820 2033//1830 2032//1831
f 2026//1820 2027//1823 2034//1832 2033//1830
f 2027//1823 2028//1833 2035//1834 2034//1835
f 2028//1833 2029//1825 2036//1836 2035//1834
f 2029//1825 2030//1829 2037//1837 2036//1836
f 2030//1829 2031//1828 2038//1838 2037//1837
f 2032//1839 2033//1830 2040//1840 2039//1841
f 2033//1830 2034//1842 2041//1843 2040//1840
f 2034//1844 2035//1834 2042//1845 2041//1843
f 2035//1834 2036//1836 2043//1846 2042//1845
f 2036//1836 2037//1837 2044//1847 2043//1848
f 2037//1837 2038//1838 2045//1849 2044//1847
f 2039//1841 2040//1840 2047//1850 2046//1851
f 2040//1840 2041//1843 2048//1852 2047//1850
f 2041//1843 2042//1845 2049//1853 2048//1854
f 2042//1845 2043//1848 2050//1855 2049//1853
f 2043//1848 2044//1847 2051//1856 2050//1857
f 2044//1847 2045//1849 2052//1858 2051//1856
f 20//382 842//1859 2004//1860 708//383
f 842//1859 843//1861 2005//1799 2004//1798
f 843//1862 844//1863 2006//1802 2005//1799
f 844//1863 845//1864 2007//1804 2006//1802
f 845//1864 846//1865 2008//1806 2007//1804
f 846//1865 847//1866 2009//1809 2008//1806
f 847//1867 848//1868 2010//1811 2009//1809
f 848//1868 51//1869 358//1870 2010//1811
f 2010//1811 358//1870 357//1871 2017//1812
f 2017//1812 357//1872 356//1873 2024//1819
f 2024//1819 356//1874 355//1875 2031//1828
f 2031//1828 355//1875 354//1876 2038//1838
f 2038//1838 354//1876 353//1877 2045//1849
f 2045//1849 353//1878 352//1879 2052//1858
f 2052//1880 352//1879 23//1881 715//1882
f 2051//1856 2052//1858 715//1882 714//1883
f 2050//1855 2051//1856 714//1883 713//1884
f 2049//1885 2050//1855 713//1884 712//1886
f 2048//1852 2049//1853 712//1886 711//1887
f 2047//1850 2048//1852 711//1887 710//1888
f 2046//1851 2047//1850 710//1888 709//1889
f 702//391 2046//1851 709//1889 4//1890
f 703//390 2039//1841 2046//1851 702//391
f 704//1891 2032//1839 2039//1841 703//390
f 705//1892 2025//1821 2032//1839 704//389
f 706//385 2018//1893 2025//1894 705//387
f 707//384 2011//1801 2018//1895 706//385
f 708//383 2004//1798 2011//1801 707//384
f 2053//1896 2054//1897 2061//1898 2060//1899
f 2054//1897 2055//1900 2062//1901 2061//1898
f 2055//1900 2056//1902 2063//1903 2062//1901
f 2056//1902 2057//1904 2064//1905 2063//1903
f 2057//1904 2058//1906 2065//1907 2064//1905
f 2058//1906 2059//1908 2066//1909 2065//1907
f 2060//1899 2061//1898 2068//1910 2067//1911
f 2061//1898 2062//1901 2069//1912 2068//1910
f 2062//1913 2063//1903 2070//1914 2069//1912
f 2063//1903 2064//1905 2071//1915 2070//1914
f 2064//1905 2065//1907 2072//1916 2071//1917
f 2065//1907 2066//1909 2073//1918 2072//1916
f 2067//1911 2068//1910 2075//1919 2074//1920
f 2068//1910 2069//1912 2076//1921 2075//1919
f 2069//1912 2070//1914 2077//1922 2076//1921
f 2070//1914 2071//1923 2078//1924 2077//1922
f 2071//1925 2072//1916 2079//1926 2078//1924
f 2072//1916 2073//1918 2080//1927 2079//1926
f 2074//1920 2075//1928 2082//1929 2081//1930
f 2075//1928 2076//1921 2083//1931 2082//1929
f 2076//1921 2077//1922 2084//1932 2083//1931
f 2077//1922 2078//1924 2085//1933 2084//1932
f 2078//1924 2079//1926 2086//1934 2085//1933
f 2079//1926 2080//1927 2087//1935 2086//1936
f 2081//1930 2082//1929 2089//1937 2088//1938
f 2082//1929 2083//1931 2090//1939 2089//1937
f 2083//1931 2084//1932 2091//1940 2090//1939
f 2084//1932 2085//1933 2092//1941 2091//1942
f 2085//1933 2086//1936 2093//1943 2092//1941
f 2086//1936 2087//1944 2094//1945 2093//1943
f 2088//1938 2089//1937 2096//1946 2095//1947
f 2089//1937 2090//1939 2097//1948 2096//1946
f 2090//1939 2091//1940 2098//1949 2097//1948
f 2091//1942 2092//1941 2099//1950 2098//1949
f 2092//1941 2093//1943 2100//1951 2099//1950
f 2093//1943 2094//1945 2101//1952 2100//1951
f 13//968 113//966 2053//1953 373//1954
f 113//966 112//965 2054//1897 2053//1953
f 112//965 111//962 2055//1900 2054//1897
f 111//962 110//961 2056//1955 2055//1956
f 110//961 109//960 2057//1904 2056//1902
f 109//960 108//959 2058//1906 2057//1904
f 108//959 107//958 2059//1908 2058//1906
f 107//958 1//1957 93//164 2059//1908
f 2059//1908 93//164 94//202 2066//1909
f 2066//1909 94//202 95//201 2073//1918
f 2073//1918 95//201 96//200 2080//1927
f 2080//1927 96//200 97//199 2087//1958
f 2087//1935 97//199 98//198 2094//1945
f 2094//1945 98//198 99//195 2101//1952
f 2101//1959 99//195 11//197 947//1960
f 2100//1951 2101//1952 947//1960 948//1961
f 2099//1950 2100//1951 948//1962 949//1963
f 2098//1949 2099//1950 949//1963 950//1964
f 2097//1948 2098//1949 950//1964 951//1965
f 2096//1946 2097//1948 951//1966 952//1967
f 2095//1947 2096//1946 952//1968 953//1969
f 379//1970 2095//1947 953//1969 54//1971
f 378//1972 2088//1938 2095//1947 379//1970
f 377//1973 2081//1930 2088//1938 378//1974
f 376//1975 2074//1920 2081//1930 377//1973
f 375//1976 2067//1911 2074//1920 376//1975
f 374//1977 2060//1899 2067//1911 375//1976
f 373//1954 2053//1896 2060//1899 374//1978
f 2102//1979 2103//1980 2110//1981 2109//1982
f 2103//1980 2104//1983 2111//1984 2110//1981
f 2104//1985 2105//1986 2112//1987 2111//1984
f 2105//1986 2106//1988 2113//1989 2112//1987
f 2106//1988 2107//1990 2114//1991 2113//1989
f 2107//1990 2108//1992 2115//1993 2114//1991
f 2109//1982 2110//1981 2117//1994 2116//1995
f 2110//1981 2111//1984 2118//1996 2117//1994
f 2111//1984 2112//1987 2119//1997 2118//1998
f 2112//1987 2113//1999 2120//2000 2119//1997
f 2113//1989 2114//1991 2121//2001 2120//2000
f 2114//1991 2115//1993 2122//2002 2121//2001
f 2116//2003 2117//1994 2124//2004 2123//2005
f 2117//1994 2118//2006 2125//2007 2124//2004
f 2118//2008 2119//1997 2126//2009 2125//2007
f 2119//1997 2120//2000 2127//2010 2126//2009
f 2120//2000 2121//2001 2128//2011 2127//2010
f 2121//2001 2122//2002 2129//2012 2128//2011
f 2123//2005 2124//2004 2131//2013 2130//2014
f 2124//2004 2125//2007 2132//2015 2131//2016
f 2125//2007 2126//2009 2133//2017 2132//2015
f 2126//2009 2127//2010 2134//2018 2133//2017
f 2127//2010 2128//2019 2135//2020 2134//2018
f 2128//2019 2129//2012 2136//2021 2135//2020
f 2130//2014 2131//2016 2138//2022 2137//2023
f 2131//2013 2132//2015 2139//2024 2138//2022
f 2132//2015 2133//2017 2140//2025 2139//2024
f 2133//2017 2134//2018 2141//2026 2140//2027
f 2134//2018 2135//2020 2142//2028 2141//2029
f 2135//2020 2136//2021 2143//2030 2142//2028
f 2137//2023 2138//2022 2145//2031 2144//2032
f 2138//2022 2139//2024 2146//2033 2145//2031
f 2139//2024 2140//2025 2147//2034 2146//2033
f 2140//2027 2141//2029 2148//2035 2147//2034
f 2141//2029 2142//2028 2149//2036 2148//2035
f 2142//2028 2143//2030 2150//2037 2149//2036
f 5//2038 114//872 2102//1979 191//559
f 114//872 115//871 2103//1980 2102//1979
f 115//871 116//870 2104//1983 2103//1980
f 116//2039 117//867 2105//1986 2104//1983
f 117//867 118//866 2106//1988 2105//2040
f 118//866 119//865 2107//1990 2106//1988
f 119//865 120//862 2108//1992 2107//1990
f 120//862 14//861 856//2041 2108//1992
f 2108//2042 856//2041 857//2043 2115//1993
f 2115//1993 857//2044 858//2045 2122//2002
f 2122//2002 858//2045 859//2046 2129//2012
f 2129//2012 859//2046 860//2047 2136//2021
f 2136//2021 860//2048 861//2049 2143//2030
f 2143//2030 861//2050 862//2051 2150//2037
f 2150//2037 862//2051 53//2052 372//2053
f 2149//2036 2150//2037 372//2053 371//2054
f 2148//2035 2149//2036 371//2055 370//2056
f 2147//2034 2148//2035 370//2057 369//2058
f 2146//2033 2147//2034 369//2058 368//2059
f 2145//2031 2146//2033 368//2059 367//2060
f 2144//2032 2145//2031 367//2061 366//2062
f 197//569 2144//2032 366//2062 27//570
f 196//568 2137//2023 2144//2032 197//569
f 195//565 2130//2063 2137//2023 196//568
f 194//564 2123//2064 2130//2065 195//565
f 193//2066 2116//1995 2123//2005 194//564
f 192//562 2109//1982 2116//1995 193//563
f 191//559 2102//1979 2109//1982 192//562
f 2151//2067 2152//2068 2159//2069 2158//2070
f 2152//2068 2153//2071 2160//2072 2159//2069
f 2153//2071 2154//2073 2161//2074 2160//2072
f 2154//2073 2155//2075 2162//2076 2161//2077
f 2155//2075 2156//2078 2163//2079 2162//2076
f 2156//2078 2157//2080 2164//2081 2163//2079
f 2158//2070 2159//2069 2166//2082 2165//2083
f 2159//2069 2160//2072 2167//2084 2166//2082
f 2160//2072 2161//2074 2168//2085 2167//2084
f 2161//2077 2162//2076 2169//2086 2168//2085
f 2162//2076 2163//2079 2170//2087 2169//2086
f 2163//2079 2164//2081 2171//2088 2170//2087
f 2165//2083 2166//2082 2173//2089 2172//2090
f 2166//2082 2167//2084 2174//2091 2173//2089
f 2167//2084 2168//2085 2175//2092 2174//2091
f 2168//2085 2169//2086 2176//2093 2175//2092
f 2169//2086 2170//2087 2177//2094 2176//2093
f 2170//2087 2171//2095 2178//2096 2177//2094
f 2172//2090 2173//2097 2180//2098 2179//2099
f 2173//2097 2174//2091 2181//2100 2180//2098
f 2174//2091 2175//2092 2182//2101 2181//2100
f 2175//2092 2176//2093 2183//2102 2182//2101
f 2176//2093 2177//2094 2184//2103 2183//2104
f 2177//2094 2178//2096 2185//2105 2184//2103
f 2179//2099 2180//2098 2187//2106 2186//2107
f 2180//2098 2181//2100 2188//2108 2187//2106
f 2181//2100 2182//2101 2189//2109 2188//2108
f 2182//2101 2183//2110 2190//2111 2189//2109
f 2183//2112 2184//2103 2191//2113 2190//2111
f 2184//2103 2185//2105 2192//2114 2191//2113
f 2186//2107 2187//2106 2194//2115 2193//2116
f 2187//2106 2188//2108 2195//2117 2194//2115
f 2188//2108 2189//2109 2196//2118 2195//2119
f 2189//2109 2190//2111 2197//2120 2196//2118
f 2190//2111 2191//2113 2198//2121 2197//2122
f 2191//2113 2192//2114 2199//2123 2198//2121
f 56//2124 876//2125 2151//2067 393//2126
f 876//2125 875//2127 2152//2068 2151//2067
f 875//2128 874//2129 2153//2071 2152//2068
f 874//2129 873//2130 2154//2073 2153//2071
f 873//2130 872//2131 2155//2075 2154//2073
f 872//2131 871//2132 2156//2078 2155//2075
f 871//2133 870//2134 2157//2080 2156//2078
f 870//2134 12//359 680//361 2157//2135
f 2157//2080 680//361 679//399 2164//2081
f 2164//2081 679//399 678//398 2171//2095
f 2171//2136 678//398 677//396 2178//2137
f 2178//2096 677//396 676//395 2185//2105
f 2185//2138 676//395 675//394 2192//2114
f 2192//2114 675//394 674//392 2199//2123
f 2199//2123 674//392 4//2139 709//1889
f 2198//2121 2199//2123 709//1889 710//1888
f 2197//2122 2198//2121 710//1888 711//2140
f 2196//2118 2197//2122 711//1887 712//1886
f 2195//2141 2196//2142 712//1886 713//1884
f 2194//2115 2195//2117 713//1884 714//1883
f 2193//2116 2194//2115 714//1883 715//1882
f 387//2143 2193//2144 715//1882 23//1881
f 388//2145 2186//2107 2193//2116 387//2143
f 389//2146 2179//2099 2186//2107 388//2147
f 390//2148 2172//2090 2179//2099 389//2146
f 391//2149 2165//2083 2172//2090 390//2148
f 392//2150 2158//2070 2165//2083 391//2149
f 393//2126 2151//2067 2158//2070 392//2151
f 2200//2152 2201//2153 2208//2154 2207//2155
f 2201//2153 2202//2156 2209//2157 2208//2154
f 2202//2156 2203//2158 2210//2159 2209//2157
f 2203//2158 2204//2160 2211//2161 2210//2162
f 2204//2160 2205//2163 2212//2164 2211//2161
f 2205//2163 2206//2165 2213//2166 2212//2164
f 2207//2155 2208//2154 2215//2167 2214//2168
f 2208//2154 2209//2157 2216//2169 2215//2167
f 2209//2157 2210//2159 2217//2170 2216//2169
f 2210//2159 2211//2161 2218//2171 2217//2170
f 2211//2161 2212//2164 2219//2172 2218//2171
f 2212//2164 2213//2166 2220//2173 2219//2172
f 2214//2168 2215//2167 2222//2174 2221//2175
f 2215//2176 2216//2169 2223//2177 2222//2174
f 2216//2169 2217//2170 2224//2178 2223//2177
f 2217//2170 2218//2171 2225//2179 2224//2180
f 2218//2171 2219//2172 2226//2181 2225//2179
f 2219//2172 2220//2173 2227//2182 2226//2183
f 2221//2175 2222//2174 2229//2184 2228//2185
f 2222//2174 2223//2177 2230//2186 2229//2184
f 2223//2177 2224//2180 2231//2187 2230//2188
f 2224//2180 2225//2179 2232//2189 2231//2187
f 2225//2179 2226//2181 2233//2190 2232//2189
f 2226//2181 2227//2182 2234//2191 2233//2190
f 2228//2192 2229//2184 2236//2193 2235//2194
f 2229//2184 2230//2188 2237//2195 2236//2193
f 2230//2196 2231//2187 2238//2197 2237//2195
f 2231//2187 2232//2189 2239//2198 2238//2197
f 2232//2189 2233//2190 2240//2199 2239//2200
f 2233//2190 2234//2191 2241//2201 2240//2199
f 2235//2194 2236//2193 2243//2202 2242//2203
f 2236//2193 2237//2195 2244//2204 2243//2202
f 2237//2195 2238//2197 2245//2205 2244//2204
f 2238//2197 2239//2200 2246//2206 2245//2205
f 2239//2200 2240//2199 2247//2207 2246//2208
f 2240//2199 2241//2201 2248//2209 2247//2207
f 28//459 863//2210 2200//2211 736//460
f 863//2210 864//2212 2201//2153 2200//2152
f 864//2213 865//2214 2202//2156 2201//2153
f 865//2214 866//2215 2203//2158 2202//2156
f 866//2215 867//2216 2204//2160 2203//2158
f 867//2216 868//2217 2205//2163 2204//2160
f 868//2218 869//2219 2206//2165 2205//2163
f 869//2219 55//2220 596//2221 2206//2165
f 2206//2165 596//2221 595//2222 2213//2166
f 2213//2166 595//2223 594//2224 2220//2173
f 2220//2173 594//2224 593//2225 2227//2182
f 2227//2182 593//2225 592//2226 2234//2191
f 2234//2191 592//2226 591//2227 2241//2201
f 2241//2201 591//2228 590//2229 2248//2209
f 2248//2230 590//2229 24//1790 722//1787
f 2247//2207 2248//2209 722//1787 721//1786
f 2246//2206 2247//2207 721//1786 720//1785
f 2245//2231 2246//2206 720//1785 719//1782
f 2244//2204 2245//2205 719//1782 718//1781
f 2243//2202 2244//2204 718//1780 717//1779
f 2242//2203 2243//2202 717//1779 716//1778
f 730//471 2242//2203 716//1778 8//2232
f 731//470 2235//2194 2242//2203 730//471
f 732//469 2228//2192 2235//2194 731//470
f 733//465 2221//2175 2228//2192 732//468
f 734//464 2214//2233 2221//2234 733//465
f 735//463 2207//2155 2214//2168 734//464
f 736//460 2200//2152 2207//2155 735//463
f 2249//2235 2250//2236 2257//2237 2256//2238
f 2250//2236 2251//2239 2258//2240 2257//2237
f 2251//2241 2252//2242 2259//2243 2258//2240
f 2252//2242 2253//2244 2260//2245 2259//2243
f 2253//2244 2254//2246 2261//2247 2260//2245
f 2254//2246 2255//2248 2262//2249 2261//2247
f 2256//2250 2257//2237 2264//2251 2263//2252
f 2257//2237 2258//2253 2265//2254 2264//2251
f 2258//2240 2259//2243 2266//2255 2265//2254
f 2259//2243 2260//2245 2267//2256 2266//2255
f 2260//2245 2261//2247 2268//2257 2267//2256
f 2261//2247 2262//2258 2269//2259 2268//2257
f 2263//2260 2264//2251 2271//2261 2270//2262
f 2264//2251 2265//2254 2272//2263 2271//2261
f 2265//2254 2266//2255 2273//2264 2272//2263
f 2266//2255 2267//2256 2274//2265 2273//2264
f 2267//2256 2268//2257 2275//2266 2274//2265
f 2268//2257 2269//2267 2276//2268 2275//2269
f 2270//2262 2271//2270 2278//2271 2277//2272
f 2271//2270 2272//2263 2279//2273 2278//2271
f 2272//2263 2273//2264 2280//2274 2279//2275
f 2273//2264 2274//2265 2281//2276 2280//2274
f 2274//2265 2275//2277 2282//2278 2281//2279
f 2275//2277 2276//2268 2283//2280 2282//2278
f 2277//2281 2278//2271 2285//2282 2284//2283
f 2278//2271 2279//2273 2286//2284 2285//2282
f 2279//2275 2280//2274 2287//2285 2286//2284
f 2280//2274 2281//2276 2288//2286 2287//2285
f 2281//2279 2282//2278 2289//2287 2288//2288
f 2282//2278 2283//2289 2290//2290 2289//2291
f 2284//2283 2285//2282 2292//2292 2291//2293
f 2285//2282 2286//2284 2293//2294 2292//2295
f 2286//2284 2287//2285 2294//2296 2293//2294
f 2287//2285 2288//2288 2295//2297 2294//2296
f 2288//2286 2289//2287 2296//2298 2295//2299
f 2289//2291 2290//2290 2297//2300 2296//2301
f 29//785 968//2302 2249//2303 317//1245
f 968//2302 969//2302 2250//2236 2249//2235
f 969//2302 970//2304 2251//2239 2250//2305
f 970//2302 971//2304 2252//2242 2251//2239
f 971//2304 972//2306 2253//2244 2252//2242
f 972//2306 973//2306 2254//2246 2253//2307
f 973//2306 974//2306 2255//2308 2254//2309
f 974//2306 30//696 611//1414 2255//2248
f 2255//2308 611//1414 612//1413 2262//2249
f 2262//2258 612//1413 613//1412 2269//2267
f 2269//2267 613//1412 614//1411 2276//2268
f 2276//2268 614//1411 615//1410 2283//2289
f 2283//2289 615//1410 616//1409 2290//2290
f 2290//2290 616//2310 617//1406 2297//2300
f 2297//2300 617//1406 48//2311 946//2312
f 2296//2313 2297//2300 946//2312 945//2314
f 2295//2315 2296//2316 945//2317 944//2318
f 2294//2296 2295//2297 944//2318 943//2319
f 2293//2294 2294//2296 943//2319 942//2320
f 2292//2321 2293//2322 942//2320 941//2323
f 2291//2293 2292//2292 941//2324 940//2325
f 323//1254 2291//2293 940//2325 46//2326
f 322//2327 2284//2283 2291//2293 323//1254
f 321//1251 2277//2281 2284//2283 322//2327
f 320//1250 2270//2262 2277//2281 321//1251
f 319//1248 2263//2260 2270//2262 320//1250
f 318//1247 2256//2238 2263//2252 319//1248
f 317//1245 2249//2328 2256//2238 318//1246
f 2298//2329 2299//2330 2306//2331 2305//2332
f 2299//2330 2300//2333 2307//2334 2306//2331
f 2300//2333 2301//2335 2308//2336 2307//2334
f 2301//2335 2302//2337 2309//2338 2308//2336
f 2302//2339 2303//2340 2310//2341 2309//2338
f 2303//2340 2304//2342 2311//2343 2310//2341
f 2305//2332 2306//2331 2313//2344 2312//2345
f 2306//2331 2307//2346 2314//2347 2313//2344
f 2307//2334 2308//2336 2315//2348 2314//2347
f 2308//2336 2309//2338 2316//2349 2315//2348
f 2309//2350 2310//2341 2317//2351 2316//2349
f 2310//2341 2311//2343 2318//2352 2317//2351
f 2312//2345 2313//2344 2320//2353 2319//2354
f 2313//2344 2314//2347 2321//2355 2320//2353
f 2314//2347 2315//2348 2322//2356 2321//2355
f 2315//2348 2316//2349 2323//2357 2322//2356
f 2316//2349 2317//2351 2324//2358 2323//2357
f 2317//2351 2318//2359 2325//2360 2324//2361
f 2319//2354 2320//2362 2327//2363 2326//2364
f 2320//2365 2321//2355 2328//2366 2327//2363
f 2321//2355 2322//2356 2329//2367 2328//2366
f 2322//2356 2323//2357 2330//2368 2329//2367
f 2323//2357 2324//2369 2331//2370 2330//2368
f 2324//2371 2325//2360 2332//2372 2331//2370
f 2326//2373 2327//2363 2334//2374 2333//2375
f 2327//2363 2328//2366 2335//2376 2334//2374
f 2328//2366 2329//2367 2336//2377 2335//2376
f 2329//2367 2330//2368 2337//2378 2336//2377
f 2330//2368 2331//2370 2338//2379 2337//2378
f 2331//2370 2332//2380 2339//2381 2338//2382
f 2333//2375 2334//2374 2341//2383 2340//2384
f 2334//2374 2335//2376 2342//2385 2341//2386
f 2335//2387 2336//2377 2343//2388 2342//2389
f 2336//2377 2337//2390 2344//2391 2343//2388
f 2337//2378 2338//2379 2345//2392 2344//2393
f 2338//2382 2339//2394 2346//2395 2345//2396
f 30//696 974//2306 2298//2329 786//695
f 974//2306 973//2306 2299//2330 2298//2397
f 973//2306 972//2304 2300//2333 2299//2330
f 972//2306 971//2304 2301//2335 2300//2398
f 971//2304 970//2302 2302//2337 2301//2335
f 970//2302 969//2302 2303//2340 2302//2399
f 969//2302 968//2302 2304//2400 2303//2401
f 968//2302 29//785 268//783 2304//2342
f 2304//2400 268//783 269//781 2311//2343
f 2311//2343 269//2402 270//780 2318//2359
f 2318//2359 270//780 271//779 2325//2360
f 2325//2360 271//779 272//778 2332//2380
f 2332//2380 272//778 273//776 2339//2394
f 2339//2394 273//2403 274//774 2346//2395
f 2346//2395 274//774 39//2404 1059//2405
f 2345//2406 2346//2395 1059//2405 1060//2407
f 2344//2408 2345//2409 1060//2410 1061//2411
f 2343//2388 2344//2391 1061//2411 1062//2412
f 2342//2389 2343//2388 1062//2412 1063//2413
f 2341//2414 2342//2415 1063//2413 1064//2416
f 2340//2384 2341//2417 1064//2418 1065//2419
f 792//666 2340//2384 1065//2419 40//2420
f 791//702 2333//2375 2340//2384 792//666
f 790//701 2326//2373 2333//2375 791//2421
f 789//700 2319//2354 2326//2373 790//701
f 788//698 2312//2345 2319//2354 789//700
f 787//2422 2305//2332 2312//2345 788//698
f 786//695 2298//2397 2305//2332 787//2422
f 2347//2423 2348//2424 2355//2425 2354//2426
f 2348//2424 2349//2427 2356//2428 2355//2425
f 2349//2427 2350//2429 2357//2430 2356//2428
f 2350//2429 2351//2431 2358//2432 2357//2430
f 2351//2431 2352//2433 2359//2434 2358//2435
f 2352//2433 2353//2436 2360//2437 2359//2434
f 2354//2438 2355//2425 2362//2439 2361//2440
f 2355//2425 2356//2428 2363//2441 2362//2439
f 2356//2442 2357//2430 2364//2443 2363//2441
f 2357//2430 2358//2435 2365//2444 2364//2443
f 2358//2432 2359//2434 2366//2445 2365//2444
f 2359//2434 2360//2446 2367//2447 2366//2445
f 2361//2440 2362//2439 2369//2448 2368//2449
f 2362//2439 2363//2441 2370//2450 2369//2448
f 2363//2451 2364//2443 2371//2452 2370//2450
f 2364//2443 2365//2453 2372//2454 2371//2452
f 2365//2444 2366//2445 2373//2455 2372//2454
f 2366//2445 2367//2447 2374//2456 2373//2455
f 2368//2449 2369//2448 2376//2457 2375//2458
f 2369//2448 2370//2459 2377//2460 2376//2457
f 2370//2450 2371//2452 2378//2461 2377//2460
f 2371//2452 2372//2454 2379//2462 2378//2461
f 2372//2463 2373//2455 2380//2464 2379//2462
f 2373//2455 2374//2456 2381//2465 2380//2464
f 2375//2466 2376//2467 2383//2468 2382//2469
f 2376//2467 2377//2470 2384//2471 2383//2468
f 2377//2460 2378//2461 2385//2472 2384//2473
f 2378//2461 2379//2462 2386//2474 2385//2472
f 2379//2475 2380//2476 2387//2477 2386//2478
f 2380//2476 2381//2465 2388//2479 2387//2477
f 2382//2469 2383//2468 2390//2480 2389//2481
f 2383//2468 2384//2473 2391//2482 2390//2480
f 2384//2471 2385//2472 2392//2483 2391//2484
f 2385//2472 2386//2478 2393//2485 2392//2483
f 2386//2474 2387//2477 2394//2486 2393//2487
f 2387//2477 2388//2479 2395//2488 2394//2486
f 46//2326 940//2325 2347//2423 905//2489
f 940//2325 941//2324 2348//2424 2347//2423
f 941//2324 942//2320 2349//2427 2348//2424
f 942//2320 943//2490 2350//2429 2349//2427
f 943//2490 944//2318 2351//2431 2350//2429
f 944//2318 945//2314 2352//2433 2351//2431
f 945//2314 946//2312 2353//2491 2352//2433
f 946//2312 48//2311 912//2492 2353//2436
f 2353//2436 912//2492 913//2493 2360//2437
f 2360//2437 913//2493 914//2494 2367//2495
f 2367//2495 914//2496 915//2497 2374//2456
f 2374//2498 915//2499 916//2500 2381//2501
f 2381//2465 916//2500 917//2502 2388//2479
f 2388//2479 917//2503 918//2504 2395//2488
f 2395//2488 918//2504 62//957 435//2505
f 2394//2486 2395//2488 435//2505 434//2506
f 2393//2507 2394//2486 434//2506 433//2508
f 2392//2483 2393//2487 433//2508 432//2509
f 2391//2482 2392//2483 432//2509 431//2510
f 2390//2480 2391//2511 431//2510 430//2512
f 2389//2481 2390//2480 430//2512 429//2513
f 911//2514 2389//2481 429//2513 61//2515
f 910//2516 2382//2469 2389//2481 911//2514
f 909//2517 2375//2458 2382//2469 910//2518
f 908//2519 2368//2520 2375//2521 909//2517
f 907//2522 2361//2523 2368//2449 908//2519
f 906//2524 2354//2426 2361//2523 907//2525
f 905//2489 2347//2423 2354//2426 906//2524
f 2396//2526 2397//2527 2404//2528 2403//2529
f 2397//2530 2398//2531 2405//2532 2404//2528
f 2398//2531 2399//2533 2406//2534 2405//2532
f 2399//2533 2400//2535 2407//2536 2406//2534
f 2400//2537 2401//2538 2408//2539 2407//2536
f 2401//2538 2402//2540 2409//2541 2408//2539
f 2403//2529 2404//2528 2411//2542 2410//2543
f 2404//2528 2405//2532 2412//2544 2411//2545
f 2405//2532 2406//2534 2413//2546 2412//2544
f 2406//2534 2407//2536 2414//2547 2413//2548
f 2407//2549 2408//2539 2415//2550 2414//2547
f 2408//2539 2409//2541 2416//2551 2415//2552
f 2410//2543 2411//2545 2418//2553 2417//2554
f 2411//2542 2412//2544 2419//2555 2418//2553
f 2412//2556 2413//2546 2420//2557 2419//2555
f 2413//2546 2414//2558 2421//2559 2420//2557
f 2414//2547 2415//2552 2422//2560 2421//2559
f 2415//2552 2416//2561 2423//2562 2422//2560
f 2417//2554 2418//2553 2425//2563 2424//2564
f 2418//2553 2419//2555 2426//2565 2425//2563
f 2419//2555 2420//2557 2427//2566 2426//2567
f 2420//2557 2421//2559 2428//2568 2427//2569
f 2421//2559 2422//2560 2429//2570 2428//2571
f 2422//2560 2423//2562 2430//2572 2429//2570
f 2424//2564 2425//2563 2432//2573 2431//2574
f 2425//2563 2426//2565 2433//2575 2432//2573
f 2426//2565 2427//2569 2434//2576 2433//2575
f 2427//2566 2428//2571 2435//2577 2434//2576
f 2428//2571 2429//2578 2436//2579 2435//2580
f 2429//2570 2430//2581 2437//2582 2436//2579
f 2431//2574 2432//2573 2439//2583 2438//2584
f 2432//2573 2433//2575 2440//2585 2439//2586
f 2433//2575 2434//2576 2441//2587 2440//2588
f 2434//2576 2435//2577 2442//2589 2441//2587
f 2435//2577 2436//2579 2443//2590 2442//2589
f 2436//2579 2437//2582 2444//2591 2443//2590
f 39//2404 422//2592 2396//2526 1059//2405
f 422//2592 423//2593 2397//2527 2396//2526
f 423//2593 424//2594 2398//2595 2397//2527
f 424//2596 425//2597 2399//2533 2398//2595
f 425//2598 426//2599 2400//2600 2399//2601
f 426//2599 427//2602 2401//2538 2400//2537
f 427//2603 428//2604 2402//2540 2401//2538
f 428//2604 61//2515 429//2513 2402//2540
f 2402//2540 429//2513 430//2512 2409//2541
f 2409//2541 430//2512 431//2510 2416//2605
f 2416//2551 431//2510 432//2509 2423//2562
f 2423//2562 432//2509 433//2508 2430//2581
f 2430//2606 433//2508 434//2506 2437//2582
f 2437//2582 434//2506 435//2505 2444//2591
f 2444//2591 435//2505 62//957 967//2607
f 2443//2590 2444//2591 967//2607 966//2608
f 2442//2589 2443//2590 966//2609 965//2610
f 2441//2611 2442//2612 965//2610 964//2613
f 2440//2585 2441//2587 964//2613 963//2614
f 2439//2583 2440//2585 963//2614 962//2615
f 2438//2584 2439//2583 962//2615 961//2616
f 1065//2419 2438//2584 961//2616 40//2420
f 1064//2418 2431//2574 2438//2617 1065//2419
f 1063//2413 2424//2564 2431//2574 1064//2418
f 1062//2412 2417//2554 2424//2564 1063//2413
f 1061//2411 2410//2543 2417//2554 1062//2412
f 1060//2407 2403//2529 2410//2543 1061//2411
f 1059//2405 2396//2526 2403//2529 1060//2407
f 2445//2618 2446//2619 2453//2620 2452//2621
f 2446//2619 2447//2622 2454//2623 2453//2620
f 2447//2624 2448//2625 2455//2626 2454//2623
f 2448//2625 2449//2627 2456//2628 2455//2626
f 2449//2627 2450//2629 2457//2630 2456//2628
f 2450//2629 2451//2631 2458//2632 2457//2630
f 2452//2621 2453//2620 2460//2633 2459//2634
f 2453//2620 2454//2635 2461//2636 2460//2633
f 2454//2623 2455//2626 2462//2637 2461//2636
f 2455//2626 2456//2628 2463//2638 2462//2637
f 2456//2639 2457//2630 2464//2640 2463//2638
f 2457//2630 2458//2632 2465//2641 2464//2640
f 2459//2642 2460//2633 2467//2643 2466//2644
f 2460//2633 2461//2636 2468//2645 2467//2646
f 2461//2636 2462//2637 2469//2647 2468//2645
f 2462//2637 2463//2638 2470//2648 2469//2647
f 2463//2638 2464//2640 2471//2649 2470//2648
f 2464//2640 2465//2650 2472//2651 2471//2649
f 2466//2644 2467//2652 2474//2653 2473//2654
f 2467//2652 2468//2645 2475//2655 2474//2653
f 2468//2645 2469//2656 2476//2657 2475//2655
f 2469//2656 2470//2648 2477//2658 2476//2657
f 2470//2648 2471//2659 2478//2660 2477//2661
f 2471//2659 2472//2651 2479//2662 2478//2660
f 2473//2663 2474//2653 2481//2664 2480//2665
f 2474//2653 2475//2655 2482//2666 2481//2667
f 2475//2655 2476//2657 2483//2668 2482//2666
f 2476//2657 2477//2658 2484//2669 2483//2668
f 2477//2658 2478//2660 2485//2670 2484//2669
f 2478//2660 2479//2671 2486//2672 2485//2670
f 2480//2673 2481//2667 2488//2674 2487//2675
f 2481//2667 2482//2666 2489//2676 2488//2677
f 2482//2678 2483//2668 2490//2679 2489//2680
f 2483//2668 2484//2681 2491//2682 2490//2679
f 2484//2669 2485//2670 2492//2683 2491//2684
f 2485//2670 2486//2672 2493//2685 2492//2686
f 11//197 100//2687 2445//2688 947//1960
f 100//2687 101//2687 2446//2619 2445//2618
f 101//2687 102//2509 2447//2622 2446//2689
f 102//2687 103//2509 2448//2625 2447//2690
f 103//2509 104//2509 2449//2627 2448//2625
f 104//2691 105//2691 2450//2692 2449//2693
f 105//2691 106//2691 2451//2631 2450//2694
f 106//2691 12//359 870//2134 2451//2695
f 2451//2696 870//2134 871//2697 2458//2632
f 2458//2632 871//2132 872//2131 2465//2650
f 2465//2650 872//2131 873//2130 2472//2651
f 2472//2651 873//2130 874//2129 2479//2671
f 2479//2662 874//2129 875//2698 2486//2672
f 2486//2672 875//2698 876//2125 2493//2685
f 2493//2685 876//2125 56//2699 1037//2700
f 2492//2686 2493//2685 1037//2700 1036//2701
f 2491//2702 2492//2703 1036//2704 1035//2705
f 2490//2679 2491//2682 1035//2705 1034//2706
f 2489//2680 2490//2679 1034//2707 1033//2708
f 2488//2709 2489//2710 1033//2708 1032//2711
f 2487//2675 2488//2674 1032//2712 1031//2713
f 953//1969 2487//2675 1031//2713 54//1971
f 952//2714 2480//2673 2487//2675 953//1969
f 951//1965 2473//2654 2480//2673 952//1967
f 950//1964 2466//2644 2473//2663 951//1965
f 949//1963 2459//2642 2466//2644 950//1964
f 948//1962 2452//2621 2459//2642 949//1963
f 947//1960 2445//2715 2452//2621 948//2716
f 2494//2717 2495//2718 2502//2719 2501//2720
f 2495//2721 2496//2722 2503//2723 2502//2719
f 2496//2724 2497//2725 2504//2726 2503//2723
f 2497//2725 2498//2727 2505//2728 2504//2729
f 2498//2730 2499//2731 2506//2732 2505//2728
f 2499//2731 2500//2733 2507//2734 2506//2732
f 2501//2720 2502//2719 2509//2735 2508//2736
f 2502//2719 2503//2723 2510//2737 2509//2738
f 2503//2723 2504//2739 2511//2740 2510//2737
f 2504//2729 2505//2728 2512//2741 2511//2740
f 2505//2728 2506//2742 2513//2743 2512//2741
f 2506//2742 2507//2744 2514//2745 2513//2746
f 2508//2736 2509//2735 2516//2747 2515//2748
f 2509//2735 2510//2737 2517//2749 2516//2747
f 2510//2737 2511//2740 2518//2750 2517//2749
f 2511//2740 2512//2751 2519//2752 2518//2750
f 2512//2751 2513//2746 2520//2753 2519//2752
f 2513//2743 2514//2754 2521//2755 2520//2753
f 2515//2748 2516//2747 2523//2756 2522//2757
f 2516//2747 2517//2749 2524//2758 2523//2756
f 2517//2749 2518//2750 2525//2759 2524//2758
f 2518//2760 2519//2752 2526//2761 2525//2759
f 2519//2752 2520//2753 2527//2762 2526//2761
f 2520//2753 2521//2755 2528//2763 2527//2762
f 2522//2764 2523//2756 2530//2765 2529//2766
f 2523//2767 2524//2758 2531//2768 2530//2765
f 2524//2758 2525//2759 2532//2769 2531//2768
f 2525//2759 2526//2770 2533//2771 2532//2772
f 2526//2761 2527//2762 2534//2773 2533//2774
f 2527//2762 2528//2775 2535//2776 2534//2773
f 2529//2766 2530//2765 2537//2777 2536//2778
f 2530//2765 2531//2768 2538//2779 2537//2780
f 2531//2768 2532//2769 2539//2781 2538//2782
f 2532//2783 2533//2771 2540//2784 2539//2781
f 2533//2771 2534//2773 2541//2785 2540//2786
f 2534//2773 2535//2776 2542//2787 2541//2785
f 11//197 646//194 2494//2717 100//2687
f 646//194 647//192 2495//2721 2494//2788
f 647//2789 648//191 2496//2724 2495//2721
f 648//191 649//190 2497//2725 2496//2724
f 649//190 650//189 2498//2730 2497//2725
f 650//189 651//187 2499//2731 2498//2730
f 651//2790 652//185 2500//2733 2499//2731
f 652//2791 33//2792 240//2793 2500//2733
f 2500//2733 240//2793 241//2794 2507//2734
f 2507//2795 241//2796 242//2797 2514//2745
f 2514//2754 242//2797 243//2798 2521//2755
f 2521//2755 243//2798 244//2799 2528//2763
f 2528//2775 244//2799 245//2800 2535//2801
f 2535//2802 245//2803 246//2804 2542//2787
f 2542//2787 246//2804 35//2805 764//370
f 2541//2785 2542//2787 764//370 763//368
f 2540//2786 2541//2785 763//2806 762//366
f 2539//2781 2540//2786 762//366 761//365
f 2538//2782 2539//2781 761//365 760//364
f 2537//2780 2538//2782 760//364 759//2807
f 2536//2778 2537//2780 759//2807 758//360
f 106//2691 2536//2808 758//360 12//359
f 105//2691 2529//2766 2536//2778 106//2691
f 104//2509 2522//2757 2529//2809 105//2691
f 103//2509 2515//2748 2522//2810 104//2691
f 102//2509 2508//2736 2515//2748 103//2509
f 101//2687 2501//2720 2508//2811 102//2687
f 100//2687 2494//2788 2501//2812 101//2687
f 2543//2813 2544//2814 2551//2815 2550//2816
f 2544//2814 2545//2817 2552//2818 2551//2815
f 2545//2817 2546//2819 2553//2820 2552//2821
f 2546//2819 2547//2822 2554//2823 2553//2820
f 2547//2822 2548//2824 2555//2825 2554//2826
f 2548//2824 2549//2827 2556//2828 2555//2825
f 2550//2829 2551//2815 2558//2830 2557//2831
f 2551//2815 2552//2821 2559//2832 2558//2830
f 2552//2818 2553//2820 2560//2833 2559//2832
f 2553//2820 2554//2826 2561//2834 2560//2833
f 2554//2823 2555//2825 2562//2835 2561//2834
f 2555//2825 2556//2836 2563//2837 2562//2835
f 2557//2831 2558//2830 2565//2838 2564//2839
f 2558//2830 2559//2832 2566//2840 2565//2838
f 2559//2841 2560//2833 2567//2842 2566//2840
f 2560//2833 2561//2843 2568//2844 2567//2842
f 2561//2834 2562//2835 2569//2845 2568//2844
f 2562//2835 2563//2837 2570//2846 2569//2845
f 2564//2839 2565//2838 2572//2847 2571//2848
f 2565//2838 2566//2849 2573//2850 2572//2847
f 2566//2840 2567//2842 2574//2851 2573//2850
f 2567//2842 2568//2844 2575//2852 2574//2851
f 2568//2853 2569//2845 2576//2854 2575//2852
f 2569//2845 2570//2846 2577//2855 2576//2854
f 2571//2856 2572//2857 2579//2858 2578//2859
f 2572//2857 2573//2860 2580//2861 2579//2858
f 2573//2850 2574//2851 2581//2862 2580//2863
f 2574//2851 2575//2852 2582//2864 2581//2862
f 2575//2852 2576//2865 2583//2866 2582//2867
f 2576//2854 2577//2855 2584//2868 2583//2866
f 2578//2859 2579//2869 2586//2870 2585//2871
f 2579//2858 2580//2863 2587//2872 2586//2870
f 2580//2861 2581//2862 2588//2873 2587//2874
f 2581//2862 2582//2867 2589//2875 2588//2873
f 2582//2864 2583//2866 2590//2876 2589//2877
f 2583//2866 2584//2868 2591//2878 2590//2876
f 54//1971 1031//2713 2543//2813 891//2879
f 1031//2713 1032//2712 2544//2814 2543//2813
f 1032//2712 1033//2708 2545//2817 2544//2814
f 1033//2708 1034//2706 2546//2819 2545//2817
f 1034//2706 1035//2705 2547//2822 2546//2819
f 1035//2705 1036//2701 2548//2824 2547//2822
f 1036//2701 1037//2700 2549//2827 2548//2824
f 1037//2700 56//2699 926//2880 2549//2827
f 2549//2827 926//2880 927//2881 2556//2828
f 2556//2828 927//2881 928//2882 2563//2883
f 2563//2883 928//2884 929//2885 2570//2846
f 2570//2886 929//2887 930//2888 2577//2889
f 2577//2855 930//2888 931//2890 2584//2868
f 2584//2868 931//2891 932//2892 2591//2893
f 2591//2893 932//2892 64//2894 449//2895
f 2590//2876 2591//2893 449//2895 448//2896
f 2589//2897 2590//2876 448//2896 447//2898
f 2588//2873 2589//2877 447//2898 446//2304
f 2587//2872 2588//2873 446//2304 445//2899
f 2586//2870 2587//2900 445//2899 444//2901
f 2585//2902 2586//2870 444//2901 443//2903
f 897//2904 2585//2871 443//2903 59//2905
f 896//2906 2578//2859 2585//2871 897//2904
f 895//2907 2571//2848 2578//2859 896//2908
f 894//2909 2564//2910 2571//2911 895//2907
f 893//2912 2557//2913 2564//2839 894//2909
f 892//2914 2550//2816 2557//2913 893//2915
f 891//2879 2543//2813 2550//2816 892//2914
f 2592//2916 2593//2917 2600//2918 2599//2919
f 2593//2920 2594//2921 2601//2922 2600//2918
f 2594//2923 2595//2924 2602//2925 2601//2922
f 2595//2924 2596//2926 2603//2927 2602//2925
f 2596//2926 2597//2928 2604//2929 2603//2927
f 2597//2928 2598//2930 2605//2931 2604//2929
f 2599//2919 2600//2918 2607//2932 2606//2933
f 2600//2918 2601//2922 2608//2934 2607//2932
f 2601//2922 2602//2925 2609//2935 2608//2934
f 2602//2925 2603//2927 2610//2936 2609//2937
f 2603//2938 2604//2929 2611//2939 2610//2936
f 2604//2929 2605//2931 2612//2940 2611//2941
f 2606//2933 2607//2932 2614//2942 2613//2943
f 2607//2932 2608//2934 2615//2944 2614//2942
f 2608//2934 2609//2937 2616//2945 2615//2944
f 2609//2935 2610//2946 2617//2947 2616//2945
f 2610//2936 2611//2941 2618//2948 2617//2947
f 2611//2941 2612//2949 2619//2950 2618//2948
f 2613//2943 2614//2942 2621//2951 2620//2952
f 2614//2942 2615//2944 2622//2953 2621//2951
f 2615//2944 2616//2945 2623//2954 2622//2953
f 2616//2945 2617//2947 2624//2955 2623//2956
f 2617//2947 2618//2948 2625//2957 2624//2955
f 2618//2948 2619//2958 2626//2959 2625//2957
f 2620//2952 2621//2951 2628//2960 2627//2961
f 2621//2951 2622//2953 2629//2962 2628//2960
f 2622//2953 2623//2956 2630//2963 2629//2962
f 2623//2954 2624//2955 2631//2964 2630//2963
f 2624//2955 2625//2965 2632//2966 2631//2967
f 2625//2957 2626//2968 2633//2969 2632//2966
f 2627//2961 2628//2960 2635//2970 2634//2971
f 2628//2960 2629//2962 2636//2972 2635//2973
f 2629//2962 2630//2963 2637//2974 2636//2975
f 2630//2963 2631//2964 2638//2976 2637//2974
f 2631//2964 2632//2966 2639//2977 2638//2976
f 2632//2966 2633//2969 2640//2978 2639//2977
f 33//2792 408//2979 2592//2916 240//2793
f 408//2979 409//2980 2593//2917 2592//2916
f 409//2980 410//2981 2594//2921 2593//2917
f 410//2982 411//2983 2595//2924 2594//2921
f 411//2983 412//2984 2596//2985 2595//2986
f 412//2984 413//2987 2597//2928 2596//2926
f 413//2988 414//2989 2598//2930 2597//2928
f 414//2989 59//2905 443//2903 2598//2930
f 2598//2930 443//2903 444//2901 2605//2931
f 2605//2931 444//2901 445//2899 2612//2990
f 2612//2940 445//2899 446//2304 2619//2950
f 2619//2950 446//2304 447//2898 2626//2968
f 2626//2991 447//2898 448//2896 2633//2969
f 2633//2969 448//2896 449//2895 2640//2978
f 2640//2978 449//2895 64//2894 477//2992
f 2639//2977 2640//2978 477//2992 476//2993
f 2638//2976 2639//2977 476//2994 475//2995
f 2637//2996 2638//2997 475//2995 474//2998
f 2636//2972 2637//2974 474//2998 473//2999
f 2635//2970 2636//2975 473//2999 472//3000
f 2634//2971 2635//2970 472//3000 471//3001
f 246//2804 2634//2971 471//3001 35//2805
f 245//2803 2627//2961 2634//3002 246//2804
f 244//2799 2620//2952 2627//2961 245//2800
f 243//2798 2613//2943 2620//2952 244//2799
f 242//2797 2606//2933 2613//2943 243//2798
f 241//2796 2599//2919 2606//2933 242//2797
f 240//2793 2592//2916 2599//2919 241//2794
f 2641//3003 2642//3004 2649//3005 2648//3006
f 2642//3007 2643//3008 2650//3009 2649//3005
f 2643//3008 2644//3010 2651//3011 2650//3012
f 2644//3010 2645//3013 2652//3014 2651//3015
f 2645//3016 2646//3017 2653//3018 2652//3014
f 2646//3019 2647//3020 2654//3021 2653//3018
f 2648//3006 2649//3005 2656//3022 2655//3023
f 2649//3005 2650//3009 2657//3024 2656//3025
f 2650//3009 2651//3011 2658//3026 2657//3024
f 2651//3027 2652//3014 2659//3028 2658//3026
f 2652//3014 2653//3029 2660//3030 2659//3028
f 2653//3029 2654//3031 2661//3032 2660//3030
f 2655//3023 2656//3022 2663//3033 2662//3034
f 2656//3022 2657//3024 2664//3035 2663//3033
f 2657//3024 2658//3026 2665//3036 2664//3037
f 2658//3026 2659//3038 2666//3039 2665//3036
f 2659//3028 2660//3030 2667//3040 2666//3039
f 2660//3030 2661//3041 2668//3042 2667//3040
f 2662//3034 2663//3033 2670//3043 2669//3044
f 2663//3033 2664//3037 2671//3045 2670//3043
f 2664//3037 2665//3036 2672//3046 2671//3045
f 2665//3036 2666//3039 2673//3047 2672//3046
f 2666//3039 2667//3040 2674//3048 2673//3049
f 2667//3040 2668//3042 2675//3050 2674//3048
f 2669//3044 2670//3043 2677//3051 2676//3052
f 2670//3053 2671//3045 2678//3054 2677//3051
f 2671//3045 2672//3046 2679//3055 2678//3054
f 2672//3046 2673//3049 2680//3056 2679//3057
f 2673//3049 2674//3048 2681//3058 2680//3056
f 2674//3059 2675//3060 2682//3061 2681//3058
f 2676//3052 2677//3051 2684//3062 2683//3063
f 2677//3051 2678//3054 2685//3064 2684//3065
f 2678//3054 2679//3055 2686//3066 2685//3064
f 2679//3067 2680//3056 2687//3068 2686//3066
f 2680//3056 2681//3058 2688//3069 2687//3070
f 2681//3058 2682//3071 2689//3072 2688//3069
f 15//84 933//1342 2641//3073 576//3074
f 933//1342 934//1340 2642//3004 2641//3003
f 934//3075 935//1339 2643//3008 2642//3007
f 935//1339 936//1338 2644//3010 2643//3008
f 936//1338 937//1337 2645//3016 2644//3010
f 937//1337 938//1336 2646//3019 2645//3013
f 938//3076 939//1334 2647//3020 2646//3019
f 939//3077 45//3078 464//3079 2647//3020
f 2647//3020 464//3079 465//3080 2654//3021
f 2654//3031 465//3081 466//3082 2661//3032
f 2661//3041 466//3082 467//3083 2668//3042
f 2668//3042 467//3083 468//3084 2675//3050
f 2675//3085 468//3084 469//3086 2682//3087
f 2682//3071 469//3088 470//3089 2689//3072
f 2689//3072 470//3089 47//3090 827//1503
f 2688//3069 2689//3072 827//1503 826//3091
f 2687//3070 2688//3069 826//1501 825//1500
f 2686//3066 2687//3070 825//1500 824//1499
f 2685//3064 2686//3066 824//1499 823//1498
f 2684//3065 2685//3064 823//1498 822//3092
f 2683//3093 2684//3062 822//3092 821//1495
f 582//3094 2683//3095 821//1495 16//271
f 581//3094 2676//3052 2683//3095 582//3094
f 580//3094 2669//3044 2676//3052 581//3094
f 579//3096 2662//3034 2669//3097 580//3094
f 578//3096 2655//3098 2662//3034 579//3096
f 577//3074 2648//3006 2655//3099 578//3074
f 576//3074 2641//3073 2648//3006 577//3074
f 2690//3100 2691//3101 2698//3102 2697//3103
f 2691//3101 2692//3104 2699//3105 2698//3102
f 2692//3106 2693//3107 2700//3108 2699//3105
f 2693//3107 2694//3109 2701//3110 2700//3108
f 2694//3111 2695//3112 2702//3113 2701//3110
f 2695//3112 2696//3114 2703//3115 2702//3113
f 2697//3116 2698//3102 2705//3117 2704//3118
f 2698//3102 2699//3119 2706//3120 2705//3117
f 2699//3105 2700//3108 2707//3121 2706//3120
f 2700//3108 2701//3110 2708//3122 2707//3121
f 2701//3123 2702//3113 2709//3124 2708//3122
f 2702//3113 2703//3125 2710//3126 2709//3124
f 2704//3127 2705//3117 2712//3128 2711//3129
f 2705//3117 2706//3120 2713//3130 2712//3128
f 2706//3120 2707//3121 2714//3131 2713//3130
f 2707//3121 2708//3122 2715//3132 2714//3131
f 2708//3122 2709//3124 2716//3133 2715//3132
f 2709//3124 2710//3134 2717//3135 2716//3133
f 2711//3129 2712//3136 2719//3137 2718//3138
f 2712//3136 2713//3130 2720//3139 2719//3137
f 2713//3130 2714//3131 2721//3140 2720//3141
f 2714//3131 2715//3132 2722//3142 2721//3140
f 2715//3132 2716//3143 2723//3144 2722//3145
f 2716//3143 2717//3135 2724//3146 2723//3144
f 2718//3147 2719//3137 2726//3148 2725//3149
f 2719//3137 2720//3141 2727//3150 2726//3148
f 2720//3141 2721//3140 2728//3151 2727//3150
f 2721//3140 2722//3142 2729//3152 2728//3151
f 2722//3142 2723//3144 2730//3153 2729//3152
f 2723//3144 2724//3154 2731//3155 2730//3153
f 2725//3149 2726//3148 2733//3156 2732//3157
f 2726//3148 2727//3150 2734//3158 2733//3159
f 2727//3150 2728//3151 2735//3160 2734//3161
f 2728//3151 2729//3152 2736//3162 2735//3160
f 2729//3152 2730//3153 2737//3163 2736//3162
f 2730//3153 2731//3155 2738//3164 2737//3165
f 15//84 576//3074 2690//3100 233//85
f 576//3074 577//3074 2691//3101 2690//3166
f 577//3074 578//3096 2692//3104 2691//3167
f 578//3074 579//3096 2693//3107 2692//3168
f 579//3096 580//3096 2694//3111 2693//3107
f 580//3094 581//3094 2695//3112 2694//3169
f 581//3094 582//3094 2696//3170 2695//3112
f 582//3094 16//271 765//270 2696//3114
f 2696//3171 765//270 766//3172 2703//3115
f 2703//3115 766//3172 767//267 2710//3126
f 2710//3134 767//267 768//266 2717//3135
f 2717//3135 768//266 769//265 2724//3154
f 2724//3154 769//265 770//3173 2731//3155
f 2731//3155 770//3173 771//261 2738//3164
f 2738//3164 771//261 36//3174 568//3175
f 2737//3165 2738//3164 568//3175 567//3176
f 2736//3177 2737//3163 567//3178 566//3179
f 2735//3160 2736//3162 566//3179 565//3180
f 2734//3161 2735//3160 565//3181 564//3182
f 2733//3183 2734//3184 564//3182 563//3185
f 2732//3157 2733//3156 563//3186 562//3187
f 239//93 2732//3157 562//3187 34//3188
f 238//3189 2725//3149 2732//3157 239//93
f 237//90 2718//3147 2725//3149 238//3189
f 236//89 2711//3129 2718//3147 237//90
f 235//88 2704//3127 2711//3129 236//89
f 234//3190 2697//3103 2704//3118 235//88
f 233//85 2690//3191 2697//3103 234//3190
f 2739//3192 2740//3193 2747//3194 2746//3195
f 2740//3193 2741//3196 2748//3197 2747//3194
f 2741//3196 2742//3198 2749//3199 2748//3200
f 2742//3198 2743//3201 2750//3202 2749//3199
f 2743//3201 2744//3203 2751//3204 2750//3205
f 2744//3203 2745//3206 2752//3207 2751//3204
f 2746//3208 2747//3194 2754//3209 2753//3210
f 2747//3194 2748//3200 2755//3211 2754//3209
f 2748//3197 2749//3199 2756//3212 2755//3211
f 2749//3199 2750//3205 2757//3213 2756//3212
f 2750//3202 2751//3204 2758//3214 2757//3213
f 2751//3204 2752//3215 2759//3216 2758//3214
f 2753//3210 2754//3209 2761//3217 2760//3218
f 2754//3209 2755//3211 2762//3219 2761//3217
f 2755//3220 2756//3212 2763//3221 2762//3222
f 2756//3212 2757//3223 2764//3224 2763//3221
f 2757//3213 2758//3214 2765//3225 2764//3226
f 2758//3214 2759//3227 2766//3228 2765//3225
f 2760//3218 2761//3217 2768//3229 2767//3230
f 2761//3217 2762//3222 2769//3231 2768//3229
f 2762//3219 2763//3221 2770//3232 2769//3231
f 2763//3221 2764//3226 2771//3233 2770//3232
f 2764//3224 2765//3225 2772//3234 2771//3233
f 2765//3225 2766//3228 2773//3235 2772//3234
f 2767//3230 2768//3236 2775//3237 2774//3238
f 2768//3236 2769//3239 2776//3240 2775//3237
f 2769//3231 2770//3232 2777//3241 2776//3242
f 2770//3232 2771//3233 2778//3243 2777//3241
f 2771//3233 2772//3244 2779//3245 2778//3246
f 2772//3234 2773//3235 2780//3247 2779//3245
f 2774//3238 2775//3248 2782//3249 2781//3250
f 2775//3237 2776//3242 2783//3251 2782//3249
f 2776//3240 2777//3241 2784//3252 2783//3253
f 2777//3241 2778//3243 2785//3254 2784//3252
f 2778//3243 2779//3245 2786//3255 2785//3256
f 2779//3245 2780//3247 2787//3257 2786//3255
f 34//3188 562//3187 2739//3192 898//3258
f 562//3187 563//3186 2740//3193 2739//3259
f 563//3186 564//3182 2741//3196 2740//3193
f 564//3182 565//3181 2742//3198 2741//3196
f 565//3181 566//3179 2743//3201 2742//3198
f 566//3179 567//3176 2744//3203 2743//3201
f 567//3176 568//3175 2745//3260 2744//3203
f 568//3175 36//3174 919//3261 2745//3206
f 2745//3206 919//3262 920//3263 2752//3207
f 2752//3207 920//3263 921//3264 2759//3216
f 2759//3227 921//3264 922//3265 2766//3228
f 2766//3266 922//3265 923//3267 2773//3268
f 2773//3235 923//3267 924//3269 2780//3247
f 2780//3247 924//3270 925//3271 2787//3257
f 2787//3257 925//3271 63//873 134//3272
f 2786//3255 2787//3257 134//3272 133//3273
f 2785//3274 2786//3255 133//3273 132//3275
f 2784//3252 2785//3256 132//3275 131//3276
f 2783//3251 2784//3252 131//3276 130//3277
f 2782//3249 2783//3278 130//3277 129//3279
f 2781//3250 2782//3249 129//3279 128//3280
f 904//3281 2781//3250 128//3280 60//3282
f 903//3283 2774//3238 2781//3250 904//3281
f 902//3284 2767//3230 2774//3238 903//3285
f 901//3286 2760//3287 2767//3288 902//3284
f 900//3289 2753//3290 2760//3218 901//3286
f 899//3291 2746//3292 2753//3290 900//3293
f 898//3294 2739//3192 2746//3195 899//3291
f 2788//3295 2789//3296 2796//3297 2795//3298
f 2789//3299 2790//3300 2797//3301 2796//3297
f 2790//3302 2791//3303 2798//3304 2797//3301
f 2791//3303 2792//3305 2799//3306 2798//3304
f 2792//3305 2793//3307 2800//3308 2799//3306
f 2793//3307 2794//3309 2801//3310 2800//3308
f 2795//3298 2796//3297 2803//3311 2802//3312
f 2796//3297 2797//3301 2804//3313 2803//3311
f 2797//3301 2798//3304 2805//3314 2804//3313
f 2798//3304 2799//3306 2806//3315 2805//3316
f 2799//3317 2800//3308 2807//3318 2806//3315
f 2800//3308 2801//3310 2808//3319 2807//3320
f 2802//3312 2803//3311 2810//3321 2809//3322
f 2803//3311 2804//3313 2811//3323 2810//3321
f 2804//3313 2805//3316 2812//3324 2811//3323
f 2805//3314 2806//3315 2813//3325 2812//3324
f 2806//3315 2807//3320 2814//3326 2813//3325
f 2807//3320 2808//3327 2815//3328 2814//3326
f 2809//3322 2810//3321 2817//3329 2816//3330
f 2810//3321 2811//3323 2818//3331 2817//3329
f 2811//3323 2812//3324 2819//3332 2818//3331
f 2812//3324 2813//3325 2820//3333 2819//3334
f 2813//3325 2814//3326 2821//3335 2820//3333
f 2814//3326 2815//3336 2822//3337 2821//3335
f 2816//3330 2817//3329 2824//3338 2823//3339
f 2817//3329 2818//3331 2825//3340 2824//3338
f 2818//3331 2819//3334 2826//3341 2825//3340
f 2819//3332 2820//3333 2827//3342 2826//3341
f 2820//3333 2821//3343 2828//3344 2827//3345
f 2821//3335 2822//3346 2829//3347 2828//3344
f 2823//3339 2824//3338 2831//3348 2830//3349
f 2824//3338 2825//3340 2832//3350 2831//3351
f 2825//3340 2826//3341 2833//3352 2832//3353
f 2826//3341 2827//3342 2834//3354 2833//3352
f 2827//3342 2828//3344 2835//3355 2834//3354
f 2828//3344 2829//3347 2836//3356 2835//3355
f 45//3078 415//3357 2788//3295 464//3079
f 415//3357 416//3358 2789//3296 2788//3295
f 416//3358 417//3359 2790//3302 2789//3296
f 417//3359 418//3360 2791//3303 2790//3302
f 418//3360 419//3361 2792//3362 2791//3363
f 419//3361 420//3364 2793//3307 2792//3305
f 420//3365 421//3366 2794//3309 2793//3307
f 421//3366 60//3282 128//3280 2794//3309
f 2794//3309 128//3280 129//3279 2801//3310
f 2801//3310 129//3279 130//3277 2808//3319
f 2808//3367 130//3277 131//3276 2815//3328
f 2815//3328 131//3276 132//3275 2822//3346
f 2822//3368 132//3275 133//3273 2829//3347
f 2829//3347 133//3273 134//3272 2836//3369
f 2836//3369 134//3272 63//873 442//3370
f 2835//3355 2836//3369 442//3370 441//3371
f 2834//3354 2835//3355 441//3372 440//3373
f 2833//3374 2834//3375 440//3373 439//3376
f 2832//3350 2833//3352 439//3376 438//3377
f 2831//3348 2832//3353 438//3377 437//3378
f 2830//3349 2831//3348 437//3378 436//3379
f 470//3089 2830//3349 436//3379 47//3090
f 469//3088 2823//3339 2830//3380 470//3089
f 468//3084 2816//3330 2823//3339 469//3086
f 467//3083 2809//3322 2816//3330 468//3084
f 466//3082 2802//3312 2809//3322 467//3083
f 465//3081 2795//3298 2802//3312 466//3082
f 464//3079 2788//3295 2795//3298 465//3080
f 2837//3381 2838//3382 2845//3383 2844//3384
f 2838//3385 2839//3386 2846//3387 2845//3383
f 2839//3388 2840//3389 2847//3390 2846//3387
f 2840//3389 2841//3391 2848//3392 2847//3393
f 2841//3394 2842//3395 2849//3396 2848//3392
f 2842//3395 2843//3397 2850//3398 2849//3399
f 2844//3384 2845//3383 2852//3400 2851//3401
f 2845//3383 2846//3387 2853//3402 2852//3403
f 2846//3387 2847//3390 2854//3404 2853//3402
f 2847//3390 2848//3392 2855//3405 2854//3404
f 2848//3392 2849//3396 2856//3406 2855//3405
f 2849//3396 2850//3407 2857//3408 2856//3406
f 2851//3409 2852//3400 2859//3410 2858//3411
f 2852//3400 2853//3402 2860//3412 2859//3410
f 2853//3402 2854//3404 2861//3413 2860//3412
f 2854//3404 2855//3414 2862//3415 2861//3413
f 2855//3414 2856//3416 2863//3417 2862//3415
f 2856//3406 2857//3418 2864//3419 2863//3417
f 2858//3411 2859//3410 2866//3420 2865//3421
f 2859//3410 2860//3422 2867//3423 2866//3420
f 2860//3412 2861//3413 2868//3424 2867//3423
f 2861//3425 2862//3415 2869//3426 2868//3424
f 2862//3415 2863//3417 2870//3427 2869//3428
f 2863//3417 2864//3419 2871//3429 2870//3427
f 2865//3430 2866//3420 2873//3431 2872//3432
f 2866//3433 2867//3423 2874//3434 2873//3431
f 2867//3423 2868//3424 2875//3435 2874//3434
f 2868//3424 2869//3428 2876//3436 2875//3437
f 2869//3428 2870//3427 2877//3438 2876//3436
f 2870//3427 2871//3429 2878//3439 2877//3438
f 2872//3432 2873//3431 2880//3440 2879//3441
f 2873//3431 2874//3434 2881//3442 2880//3443
f 2874//3434 2875//3435 2882//3444 2881//3445
f 2875//3435 2876//3436 2883//3446 2882//3444
f 2876//3436 2877//3438 2884//3447 2883//3448
f 2877//3438 2878//3449 2885//3450 2884//3447
f 27//3451 366//2062 2837//3452 198//3453
f 366//2062 367//3454 2838//3385 2837//3381
f 367//3454 368//2059 2839//3388 2838//3385
f 368//2059 369//2058 2840//3389 2839//3388
f 369//2058 370//2057 2841//3394 2840//3389
f 370//2057 371//3455 2842//3395 2841//3394
f 371//3456 372//2053 2843//3397 2842//3395
f 372//3457 53//3458 380//3459 2843//3397
f 2843//3397 380//3459 381//3460 2850//3398
f 2850//3461 381//3462 382//3463 2857//3464
f 2857//3418 382//3463 383//3465 2864//3419
f 2864//3419 383//3465 384//3466 2871//3429
f 2871//3467 384//3466 385//3468 2878//3469
f 2878//3449 385//3470 386//3471 2885//3450
f 2885//3450 386//3471 55//3472 869//3473
f 2884//3447 2885//3450 869//2219 868//3474
f 2883//3448 2884//3447 868//3474 867//2216
f 2882//3444 2883//3448 867//2216 866//2215
f 2881//3445 2882//3444 866//2215 865//2214
f 2880//3440 2881//3445 865//2214 864//3475
f 2879//3441 2880//3440 864//3475 863//2210
f 204//3476 2879//3477 863//2210 28//459
f 203//3476 2872//3432 2879//3441 204//3476
f 202//3476 2865//3421 2872//3432 203//3476
f 201//3276 2858//3411 2865//3421 202//3476
f 200//3276 2851//3409 2858//3411 201//3276
f 199//3453 2844//3384 2851//3478 200//3453
f 198//3453 2837//3381 2844//3479 199//3453
f 2886//3480 2887//3481 2894//3482 2893//3483
f 2887//3484 2888//3485 2895//3486 2894//3482
f 2888//3487 2889//3488 2896//3489 2895//3486
f 2889//3488 2890//3490 2897//3491 2896//3492
f 2890//3493 2891//3494 2898//3495 2897//3491
f 2891//3494 2892//3496 2899//3497 2898//3498
f 2893//3483 2894//3482 2901//3499 2900//3500
f 2894//3482 2895//3486 2902//3501 2901//3502
f 2895//3486 2896//3489 2903//3503 2902//3501
f 2896//3492 2897//3491 2904//3504 2903//3503
f 2897//3491 2898//3495 2905//3505 2904//3506
f 2898//3495 2899//3507 2906//3508 2905//3505
f 2900//3500 2901//3499 2908//3509 2907//3510
f 2901//3499 2902//3501 2909//3511 2908//3509
f 2902//3501 2903//3503 2910//3512 2909//3511
f 2903//3503 2904//3506 2911//3513 2910//3512
f 2904//3506 2905//3505 2912//3514 2911//3515
f 2905//3505 2906//3516 2913//3517 2912//3514
f 2907//3510 2908//3509 2915//3518 2914//3519
f 2908//3509 2909//3511 2916//3520 2915//3518
f 2909//3511 2910//3512 2917//3521 2916//3520
f 2910//3512 2911//3513 2918//3522 2917//3521
f 2911//3513 2912//3514 2919//3523 2918//3522
f 2912//3514 2913//3517 2920//3524 2919//3523
f 2914//3525 2915//3518 2922//3526 2921//3527
f 2915//3528 2916//3520 2923//3529 2922//3526
f 2916//3520 2917//3521 2924//3530 2923//3529
f 2917//3521 2918//3531 2925//3532 2924//3533
f 2918//3522 2919//3523 2926//3534 2925//3532
f 2919//3523 2920//3535 2927//3536 2926//3534
f 2921//3527 2922//3526 2929//3537 2928//3538
f 2922//3526 2923//3529 2930//3539 2929//3540
f 2923//3529 2924//3530 2931//3541 2930//3542
f 2924//3533 2925//3532 2932//3543 2931//3541
f 2925//3532 2926//3544 2933//3545 2932//3546
f 2926//3544 2927//3547 2934//3548 2933//3545
f 28//459 772//462 2886//3480 204//3476
f 772//462 773//499 2887//3481 2886//3549
f 773//499 774//497 2888//3485 2887//3481
f 774//497 775//496 2889//3488 2888//3487
f 775//496 776//494 2890//3493 2889//3488
f 776//494 777//3550 2891//3494 2890//3493
f 777//3550 778//491 2892//3496 2891//3494
f 778//491 38//3551 267//3552 2892//3496
f 2892//3496 267//3552 266//3553 2899//3497
f 2899//3507 266//3554 265//3555 2906//3508
f 2906//3516 265//3555 264//3556 2913//3517
f 2913//3517 264//3556 263//3557 2920//3524
f 2920//3535 263//3557 262//3558 2927//3559
f 2927//3560 262//3561 261//3562 2934//3548
f 2934//3548 261//3562 37//3563 260//579
f 2933//3545 2934//3548 260//579 259//3564
f 2932//3546 2933//3545 259//3564 258//576
f 2931//3541 2932//3546 258//576 257//575
f 2930//3542 2931//3541 257//575 256//574
f 2929//3537 2930//3539 256//574 255//572
f 2928//3565 2929//3540 255//572 254//571
f 198//3453 2928//3538 254//571 27//570
f 199//3453 2921//3527 2928//3566 198//3453
f 200//3276 2914//3525 2921//3567 199//3453
f 201//3276 2907//3510 2914//3519 200//3453
f 202//3476 2900//3568 2907//3510 201//3276
f 203//3476 2893//3483 2900//3569 202//3476
f 204//3476 2886//3570 2893//3571 203//3476
f 2935//3572 2936//3573 2943//3574 2942//3575
f 2936//3576 2937//3577 2944//3578 2943//3574
f 2937//3577 2938//3579 2945//3580 2944//3578
f 2938//3579 2939//3581 2946//3582 2945//3580
f 2939//3583 2940//3584 2947//3585 2946//3582
f 2940//3584 2941//3586 2948//3587 2947//3585
f 2942//3575 2943//3574 2950//3588 2949//3589
f 2943//3574 2944//3578 2951//3590 2950//3588
f 2944//3578 2945//3580 2952//3591 2951//3590
f 2945//3580 2946//3582 2953//3592 2952//3593
f 2946//3594 2947//3585 2954//3595 2953//3592
f 2947//3585 2948//3587 2955//3596 2954//3597
f 2949//3589 2950//3588 2957//3598 2956//3599
f 2950//3600 2951//3590 2958//3601 2957//3598
f 2951//3590 2952//3593 2959//3602 2958//3601
f 2952//3591 2953//3603 2960//3604 2959//3602
f 2953//3592 2954//3597 2961//3605 2960//3604
f 2954//3597 2955//3606 2962//3607 2961//3605
f 2956//3599 2957//3598 2964//3608 2963//3609
f 2957//3598 2958//3601 2965//3610 2964//3608
f 2958//3601 2959//3602 2966//3611 2965//3612
f 2959//3602 2960//3604 2967//3613 2966//3614
f 2960//3604 2961//3605 2968//3615 2967//3613
f 2961//3605 2962//3607 2969//3616 2968//3615
f 2963//3609 2964//3617 2971//3618 2970//3619
f 2964//3608 2965//3610 2972//3620 2971//3618
f 2965//3610 2966//3614 2973//3621 2972//3620
f 2966//3611 2967//3613 2974//3622 2973//3621
f 2967//3613 2968//3623 2975//3624 2974//3625
f 2968//3615 2969//3626 2976//3627 2975//3624
f 2970//3619 2971//3618 2978//3628 2977//3629
f 2971//3618 2972//3620 2979//3630 2978//3631
f 2972//3620 2973//3621 2980//3632 2979//3630
f 2973//3621 2974//3622 2981//3633 2980//3632
f 2974//3625 2975//3624 2982//3634 2981//3633
f 2975//3635 2976//3627 2983//3636 2982//3634
f 38//3551 884//3637 2935//3572 267//3552
f 884//3638 885//3639 2936//3573 2935//3572
f 885//3639 886//3640 2937//3641 2936//3573
f 886//3640 887//3642 2938//3579 2937//3641
f 887//3642 888//3643 2939//3644 2938//3645
f 888//3643 889//3646 2940//3584 2939//3583
f 889//3647 890//3648 2941//3649 2940//3584
f 890//3648 58//1179 407//3650 2941//3649
f 2941//3649 407//3650 406//3651 2948//3587
f 2948//3587 406//3651 405//3652 2955//3653
f 2955//3654 405//3652 404//3096 2962//3607
f 2962//3607 404//3096 403//3655 2969//3626
f 2969//3656 403//3655 402//3657 2976//3627
f 2976//3627 402//3657 401//3658 2983//3636
f 2983//3636 401//3658 57//3659 400//3660
f 2982//3634 2983//3636 400//3660 399//3661
f 2981//3633 2982//3634 399//3662 398//3663
f 2980//3664 2981//3665 398//3663 397//3666
f 2979//3667 2980//3632 397//3666 396//3668
f 2978//3628 2979//3630 396//3669 395//3670
f 2977//3629 2978//3628 395//3670 394//3671
f 261//3562 2977//3629 394//3672 37//3563
f 262//3561 2970//3619 2977//3673 261//3562
f 263//3557 2963//3609 2970//3619 262//3561
f 264//3674 2956//3599 2963//3609 263//3557
f 265//3555 2949//3589 2956//3599 264//3674
f 266//3554 2942//3575 2949//3589 265//3555
f 267//3552 2935//3675 2942//3575 266//3553
f 2984//3676 2985//3677 2992//3678 2991//3679
f 2985//3677 2986//3680 2993//3681 2992//3678
f 2986//3680 2987//3682 2994//3683 2993//3681
f 2987//3684 2988//3685 2995//3686 2994//3683
f 2988//3685 2989//3687 2996//3688 2995//3686
f 2989//3687 2990//3689 2997//3690 2996//3688
f 2991//3691 2992//3678 2999//3692 2998//3693
f 2992//3678 2993//3681 3000//3694 2999//3692
f 2993//3681 2994//3683 3001//3695 3000//3694
f 2994//3683 2995//3686 3002//3696 3001//3695
f 2995//3686 2996//3688 3003//3697 3002//3696
f 2996//3688 2997//3698 3004//3699 3003//3697
f 2998//3693 2999//3692 3006//3700 3005//3701
f 2999//3692 3000//3694 3007//3702 3006//3700
f 3000//3694 3001//3695 3008//3703 3007//3704
f 3001//3695 3002//3696 3009//3705 3008//3703
f 3002//3696 3003//3697 3010//3706 3009//3707
f 3003//3697 3004//3708 3011//3709 3010//3706
f 3005//3701 3006//3700 3013//3710 3012//3711
f 3006//3700 3007//3704 3014//3712 3013//3710
f 3007//3702 3008//3703 3015//3713 3014//3712
f 3008//3703 3009//3707 3016//3714 3015//3713
f 3009//3705 3010//3706 3017//3715 3016//3714
f 3010//3706 3011//3709 3018//3716 3017//3715
f 3012//3711 3013//3710 3020//3717 3019//3718
f 3013//3719 3014//3712 3021//3720 3020//3717
f 3014//3712 3015//3713 3022//3721 3021//3722
f 3015//3713 3016//3714 3023//3723 3022//3721
f 3016//3714 3017//3724 3024//3725 3023//3726
f 3017//3724 3018//3727 3025//3728 3024//3725
f 3019//3718 3020//3717 3027//3729 3026//3730
f 3020//3717 3021//3722 3028//3731 3027//3729
f 3021//3722 3022//3721 3029//3732 3028//3733
f 3022//3721 3023//3723 3030//3734 3029//3732
f 3023//3723 3024//3725 3031//3735 3030//3736
f 3024//3737 3025//3728 3032//3738 3031//3735
f 55//3472 386//3471 2984//3676 604//3739
f 386//3471 385//3470 2985//3677 2984//3740
f 385//3470 384//3466 2986//3680 2985//3677
f 384//3466 383//3465 2987//3682 2986//3680
f 383//3465 382//3463 2988//3685 2987//3682
f 382//3463 381//3460 2989//3687 2988//3685
f 381//3460 380//3459 2990//3741 2989//3687
f 380//3459 53//3458 569//3742 2990//3689
f 2990//3689 569//3742 570//3743 2997//3690
f 2997//3690 570//3743 571//3744 3004//3708
f 3004//3699 571//3744 572//3745 3011//3709
f 3011//3746 572//3745 573//3747 3018//3748
f 3018//3716 573//3747 574//3749 3025//3728
f 3025//3728 574//3750 575//3751 3032//3738
f 3032//3752 575//3751 57//3659 401//3658
f 3031//3735 3032//3738 401//3658 402//3657
f 3030//3736 3031//3735 402//3657 403//3655
f 3029//3732 3030//3753 403//3655 404//3096
f 3028//3754 3029//3732 404//3096 405//3652
f 3027//3729 3028//3755 405//3652 406//3651
f 3026//3756 3027//3729 406//3651 407//3650
f 610//3757 3026//3756 407//3650 58//1179
f 609//3758 3019//3718 3026//3756 610//3757
f 608//3759 3012//3711 3019//3718 609//3760
f 607//3761 3005//3762 3012//3763 608//3759
f 606//3764 2998//3765 3005//3701 607//3761
f 605//3766 2991//3679 2998//3765 606//3764
f 604//3739 2984//3676 2991//3679 605//3766
f 3033//3767 3034//3768 3041//3769 3040//3770
f 3034//3768 3035//3771 3042//3772 3041//3769
f 3035//3771 3036//3773 3043//3774 3042//3772
f 3036//3773 3037//3775 3044//3776 3043//3774
f 3037//3775 3038//3777 3045//3778 3044//3776
f 3038//3777 3039//3779 3046//3780 3045//3778
f 3040//3781 3041//3769 3048//3782 3047//3783
f 3041//3769 3042//3784 3049//3785 3048//3782
f 3042//3772 3043//3774 3050//3786 3049//3785
f 3043//3774 3044//3776 3051//3787 3050//3786
f 3044//3776 3045//3778 3052//3788 3051//3787
f 3045//3778 3046//3789 3053//3790 3052//3788
f 3047//3791 3048//3782 3055//3792 3054//3793
f 3048//3782 3049//3785 3056//3794 3055//3792
f 3049//3785 3050//3786 3057//3795 3056//3794
f 3050//3786 3051//3787 3058//3796 3057//3795
f 3051//3787 3052//3788 3059//3797 3058//3796
f 3052//3788 3053//3798 3060//3799 3059//3800
f 3054//3793 3055//3801 3062//3802 3061//3803
f 3055//3804 3056//3794 3063//3805 3062//3802
f 3056//3794 3057//3795 3064//3806 3063//3805
f 3057//3795 3058//3796 3065//3807 3064//3806
f 3058//3796 3059//3808 3066//3809 3065//3810
f 3059//3808 3060//3799 3067//3811 3066//3809
f 3061//3812 3062//3802 3069//3813 3068//3814
f 3062//3802 3063//3805 3070//3815 3069//3816
f 3063//3805 3064//3806 3071//3817 3070//3815
f 3064//3806 3065//3807 3072//3818 3071//3817
f 3065//3807 3066//3809 3073//3819 3072//3818
f 3066//3809 3067//3820 3074//3821 3073//3819
f 3068//3822 3069//3813 3076//3823 3075//3824
f 3069//3816 3070//3815 3077//3825 3076//3826
f 3070//3827 3071//3817 3078//3828 3077//3829
f 3071//3817 3072//3830 3079//3831 3078//3828
f 3072//3818 3073//3819 3080//3832 3079//3833
f 3073//3834 3074//3821 3081//3835 3080//3836
f 23//1881 170//3837 3033//3767 387//2143
f 170//3837 171//3837 3034//3768 3033//3838
f 171//3837 172//3837 3035//3771 3034//3839
f 172//3837 173//3840 3036//3773 3035//3841
f 173//3840 174//3840 3037//3775 3036//3773
f 174//3842 175//3842 3038//3777 3037//3775
f 175//3842 176//3842 3039//3843 3038//3844
f 176//3842 24//1790 590//2229 3039//3779
f 3039//3843 590//2229 591//2227 3046//3780
f 3046//3789 591//3845 592//2226 3053//3798
f 3053//3798 592//2226 593//2225 3060//3799
f 3060//3799 593//2225 594//2224 3067//3820
f 3067//3820 594//2224 595//3846 3074//3821
f 3074//3821 595//3846 596//2221 3081//3835
f 3081//3835 596//2221 55//3472 583//3847
f 3080//3848 3081//3835 583//3847 584//3849
f 3079//3850 3080//3851 584//3852 585//3853
f 3078//3828 3079//3831 585//3853 586//3854
f 3077//3829 3078//3828 586//3854 587//3855
f 3076//3823 3077//3856 587//3855 588//3857
f 3075//3824 3076//3858 588//3859 589//3860
f 393//2126 3075//3824 589//3860 56//2699
f 392//3861 3068//3822 3075//3824 393//2126
f 391//2149 3061//3812 3068//3822 392//3861
f 390//2148 3054//3793 3061//3812 391//2149
f 389//2146 3047//3791 3054//3793 390//2148
f 388//3862 3040//3770 3047//3783 389//2146
f 387//2143 3033//3838 3040//3770 388//2147
f 3082//3863 3083//3864 3090//3865 3089//3866
f 3083//3864 3084//3867 3091//3868 3090//3865
f 3084//3869 3085//3870 3092//3871 3091//3868
f 3085//3870 3086//3872 3093//3873 3092//3871
f 3086//3874 3087//3875 3094//3876 3093//3873
f 3087//3875 3088//3877 3095//3878 3094//3876
f 3089//3866 3090//3865 3097//3879 3096//3880
f 3090//3865 3091//3881 3098//3882 3097//3879
f 3091//3868 3092//3871 3099//3883 3098//3882
f 3092//3871 3093//3873 3100//3884 3099//3883
f 3093//3885 3094//3876 3101//3886 3100//3884
f 3094//3876 3095//3878 3102//3887 3101//3886
f 3096//3888 3097//3879 3104//3889 3103//3890
f 3097//3879 3098//3882 3105//3891 3104//3889
f 3098//3882 3099//3883 3106//3892 3105//3891
f 3099//3883 3100//3884 3107//3893 3106//3892
f 3100//3884 3101//3894 3108//3895 3107//3893
f 3101//3886 3102//3896 3109//3897 3108//3895
f 3103//3890 3104//3898 3111//3899 3110//3900
f 3104//3901 3105//3891 3112//3902 3111//3899
f 3105//3891 3106//3892 3113//3903 3112//3904
f 3106//3892 3107//3893 3114//3905 3113//3903
f 3107//3893 3108//3906 3115//3907 3114//3908
f 3108//3906 3109//3897 3116//3909 3115//3907
f 3110//3910 3111//3899 3118//3911 3117//3912
f 3111//3899 3112//3902 3119//3913 3118//3911
f 3112//3904 3113//3903 3120//3914 3119//3913
f 3113//3903 3114//3905 3121//3915 3120//3914
f 3114//3908 3115//3907 3122//3916 3121//3915
f 3115//3907 3116//3917 3123//3918 3122//3916
f 3117//3912 3118//3919 3125//3920 3124//3921
f 3118//3911 3119//3922 3126//3923 3125//3924
f 3119//3913 3120//3914 3127//3925 3126//3923
f 3120//3914 3121//3915 3128//3926 3127//3925
f 3121//3915 3122//3916 3129//3927 3128//3926
f 3122//3916 3123//3918 3130//3928 3129//3929
f 24//1790 176//3842 3082//3930 849//1788
f 176//3842 175//3842 3083//3864 3082//3863
f 175//3842 174//3840 3084//3867 3083//3864
f 174//3842 173//3840 3085//3870 3084//3931
f 173//3840 172//3837 3086//3872 3085//3870
f 172//3837 171//3837 3087//3875 3086//3932
f 171//3837 170//3837 3088//3877 3087//3933
f 170//3837 23//1881 352//1879 3088//3934
f 3088//3877 352//1879 353//3935 3095//3878
f 3095//3878 353//3935 354//1876 3102//3887
f 3102//3896 354//1876 355//1875 3109//3897
f 3109//3897 355//1875 356//1874 3116//3917
f 3116//3917 356//1874 357//3936 3123//3918
f 3123//3918 357//1872 358//1870 3130//3928
f 3130//3928 358//1870 51//3937 359//3938
f 3129//3929 3130//3928 359//3938 360//3939
f 3128//3940 3129//3927 360//3941 361//3942
f 3127//3925 3128//3926 361//3942 362//3943
f 3126//3923 3127//3925 362//3943 363//3944
f 3125//3924 3126//3945 363//3944 364//3946
f 3124//3921 3125//3920 364//3947 365//3948
f 855//1765 3124//3921 365//3948 52//3949
f 854//3950 3117//3912 3124//3921 855//1765
f 853//1795 3110//3910 3117//3912 854//3950
f 852//1794 3103//3890 3110//3910 853//1795
f 851//1792 3096//3888 3103//3890 852//1794
f 850//3951 3089//3866 3096//3888 851//1792
f 849//1788 3082//3863 3089//3866 850//1793
f 3131//3952 3132//3953 3139//3954 3138//3955
f 3132//3953 3133//3956 3140//3957 3139//3954
f 3133//3956 3134//3958 3141//3959 3140//3957
f 3134//3958 3135//3960 3142//3961 3141//3962
f 3135//3963 3136//3964 3143//3965 3142//3961
f 3136//3964 3137//3966 3144//3967 3143//3968
f 3138//3955 3139//3954 3146//3969 3145//3970
f 3139//3954 3140//3957 3147//3971 3146//3972
f 3140//3957 3141//3959 3148//3973 3147//3971
f 3141//3974 3142//3961 3149//3975 3148//3973
f 3142//3961 3143//3965 3150//3976 3149//3977
f 3143//3965 3144//3978 3151//3979 3150//3976
f 3145//3980 3146//3969 3153//3981 3152//3982
f 3146//3969 3147//3971 3154//3983 3153//3981
f 3147//3971 3148//3973 3155//3984 3154//3983
f 3148//3973 3149//3977 3156//3985 3155//3984
f 3149//3977 3150//3976 3157//3986 3156//3985
f 3150//3976 3151//3987 3158//3988 3157//3986
f 3152//3982 3153//3981 3160//3989 3159//3990
f 3153//3981 3154//3983 3161//3991 3160//3989
f 3154//3983 3155//3984 3162//3992 3161//3991
f 3155//3984 3156//3985 3163//3993 3162//3992
f 3156//3985 3157//3986 3164//3994 3163//3993
f 3157//3986 3158//3988 3165//3995 3164//3994
f 3159//3990 3160//3989 3167//3996 3166//3997
f 3160//3998 3161//3991 3168//3999 3167//3996
f 3161//3991 3162//3992 3169//4000 3168//3999
f 3162//3992 3163//4001 3170//4002 3169//4003
f 3163//4001 3164//3994 3171//4004 3170//4002
f 3164//3994 3165//3995 3172//4005 3171//4004
f 3166//3997 3167//3996 3174//4006 3173//4007
f 3167//3996 3168//3999 3175//4008 3174//4009
f 3168//3999 3169//4000 3176//4010 3175//4011
f 3169//4003 3170//4002 3177//4012 3176//4010
f 3170//4002 3171//4004 3178//4013 3177//4014
f 3171//4004 3172//4015 3179//4016 3178//4013
f 22//1429 835//1589 3131//3952 883//4017
f 835//1589 836//1613 3132//4018 3131//4019
f 836//4020 837//1612 3133//3956 3132//3953
f 837//1612 838//1611 3134//3958 3133//3956
f 838//1611 839//1609 3135//3963 3134//3958
f 839//1609 840//4021 3136//3964 3135//3963
f 840//4021 841//1606 3137//3966 3136//3964
f 841//1606 50//4022 505//4023 3137//3966
f 3137//3966 505//4023 504//4024 3144//3967
f 3144//4025 504//4026 503//4027 3151//4028
f 3151//3987 503//4027 502//4029 3158//3988
f 3158//3988 502//4029 501//4030 3165//3995
f 3165//4031 501//4030 500//4032 3172//4033
f 3172//4015 500//4034 499//4035 3179//4016
f 3179//4016 499//4035 49//4036 344//4037
f 3178//4013 3179//4016 344//1688 343//4038
f 3177//4014 3178//4013 343//1686 342//1684
f 3176//4010 3177//4014 342//1684 341//1683
f 3175//4011 3176//4010 341//1683 340//1682
f 3174//4009 3175//4011 340//1682 339//4039
f 3173//4040 3174//4006 339//1681 338//1678
f 877//4041 3173//4007 338//1678 21//1516
f 878//4041 3166//3997 3173//4040 877//4041
f 879//4041 3159//3990 3166//4042 878//4041
f 880//4043 3152//3982 3159//4044 879//4041
f 881//4017 3145//3970 3152//3982 880//4043
f 882//4017 3138//3955 3145//4045 881//4017
f 883//4017 3131//4019 3138//4046 882//4017
f 3180//4047 3181//4048 3188//4049 3187//4050
f 3181//4048 3182//4051 3189//4052 3188//4049
f 3182//4051 3183//4053 3190//4054 3189//4052
f 3183//4053 3184//4055 3191//4056 3190//4054
f 3184//4055 3185//4057 3192//4058 3191//4056
f 3185//4057 3186//4059 3193//4060 3192//4058
f 3187//4050 3188//4049 3195//4061 3194//4062
f 3188//4049 3189//4063 3196//4064 3195//4061
f 3189//4052 3190//4054 3197//4065 3196//4064
f 3190//4054 3191//4056 3198//4066 3197//4065
f 3191//4067 3192//4058 3199//4068 3198//4066
f 3192//4058 3193//4069 3200//4070 3199//4068
f 3194//4071 3195//4061 3202//4072 3201//4073
f 3195//4061 3196//4064 3203//4074 3202//4072
f 3196//4064 3197//4065 3204//4075 3203//4074
f 3197//4065 3198//4066 3205//4076 3204//4075
f 3198//4066 3199//4077 3206//4078 3205//4076
f 3199//4068 3200//4079 3207//4080 3206//4078
f 3201//4073 3202//4081 3209//4082 3208//4083
f 3202//4081 3203//4074 3210//4084 3209//4082
f 3203//4074 3204//4075 3211//4085 3210//4086
f 3204//4075 3205//4076 3212//4087 3211//4085
f 3205//4076 3206//4088 3213//4089 3212//4090
f 3206//4088 3207//4080 3214//4091 3213//4089
f 3208//4092 3209//4082 3216//4093 3215//4094
f 3209//4082 3210//4086 3217//4095 3216//4093
f 3210//4086 3211//4085 3218//4096 3217//4095
f 3211//4085 3212//4090 3219//4097 3218//4096
f 3212//4090 3213//4089 3220//4098 3219//4097
f 3213//4089 3214//4099 3221//4100 3220//4098
f 3215//4101 3216//4093 3223//4102 3222//4103
f 3216//4093 3217//4095 3224//4104 3223//4105
f 3217//4095 3218//4096 3225//4106 3224//4104
f 3218//4096 3219//4097 3226//4107 3225//4106
f 3219//4108 3220//4098 3227//4109 3226//4110
f 3220//4098 3221//4100 3228//4111 3227//4112
f 22//1429 883//4017 3180//4113 828//1428
f 883//4017 882//4017 3181//4048 3180//4047
f 882//4017 881//4017 3182//4051 3181//4048
f 881//4017 880//4043 3183//4053 3182//4051
f 880//4043 879//4041 3184//4055 3183//4053
f 879//4041 878//4041 3185//4057 3184//4114
f 878//4041 877//4041 3186//4059 3185//4115
f 877//4041 21//1516 324//1514 3186//4116
f 3186//4117 324//1514 325//4118 3193//4060
f 3193//4060 325//4118 326//1511 3200//4079
f 3200//4079 326//1511 327//1510 3207//4080
f 3207//4080 327//1510 328//1509 3214//4099
f 3214//4099 328//1509 329//4119 3221//4100
f 3221//4100 329//4119 330//1505 3228//4111
f 3228//4111 330//1505 47//3090 331//4120
f 3227//4112 3228//4111 331//4120 332//4121
f 3226//4110 3227//4109 332//4122 333//4123
f 3225//4106 3226//4107 333//4123 334//4124
f 3224//4104 3225//4106 334//4124 335//4125
f 3223//4105 3224//4104 335//4125 336//4126
f 3222//4103 3223//4102 336//4127 337//4128
f 834//1407 3222//4103 337//4128 48//2311
f 833//4129 3215//4101 3222//4103 834//1407
f 832//1434 3208//4092 3215//4101 833//4129
f 831//1433 3201//4073 3208//4092 832//1434
f 830//1431 3194//4071 3201//4073 831//1433
f 829//4130 3187//4050 3194//4062 830//1431
f 828//1428 3180//4131 3187//4050 829//4130
f 3229//4132 3230//4133 3237//4134 3236//4135
f 3230//4136 3231//4137 3238//4138 3237//4134
f 3231//4137 3232//4139 3239//4140 3238//4138
f 3232//4139 3233//4141 3240//4142 3239//4143
f 3233//4144 3234//4145 3241//4146 3240//4142
f 3234//4145 3235//4147 3242//4148 3241//4146
f 3236//4135 3237//4134 3244//4149 3243//4150
f 3237//4134 3238//4138 3245//4151 3244//4152
f 3238//4138 3239//4140 3246//4153 3245//4151
f 3239//4143 3240//4142 3247//4154 3246//4153
f 3240//4142 3241//4155 3248//4156 3247//4157
f 3241//4155 3242//4158 3249//4159 3248//4156
f 3243//4160 3244//4149 3251//4161 3250//4162
f 3244//4149 3245//4151 3252//4163 3251//4161
f 3245//4151 3246//4153 3253//4164 3252//4163
f 3246//4153 3247//4157 3254//4165 3253//4164
f 3247//4157 3248//4156 3255//4166 3254//4165
f 3248//4156 3249//4167 3256//4168 3255//4166
f 3250//4162 3251//4161 3258//4169 3257//4170
f 3251//4161 3252//4163 3259//4171 3258//4169
f 3252//4163 3253//4164 3260//4172 3259//4171
f 3253//4164 3254//4165 3261//4173 3260//4172
f 3254//4165 3255//4166 3262//4174 3261//4173
f 3255//4166 3256//4168 3263//4175 3262//4174
f 3257//4170 3258//4169 3265//4176 3264//4177
f 3258//4178 3259//4171 3266//4179 3265//4176
f 3259//4171 3260//4172 3267//4180 3266//4179
f 3260//4172 3261//4181 3268//4182 3267//4183
f 3261//4181 3262//4174 3269//4184 3268//4182
f 3262//4185 3263//4175 3270//4186 3269//4184
f 3264//4177 3265//4176 3272//4187 3271//4188
f 3265//4176 3266//4179 3273//4189 3272//4190
f 3266//4179 3267//4191 3274//4192 3273//4189
f 3267//4193 3268//4182 3275//4194 3274//4192
f 3268//4182 3269//4184 3276//4195 3275//4196
f 3269//4184 3270//4197 3277//4198 3276//4195
f 18//1079 814//1240 3229//4199 141//4200
f 814//1240 815//1262 3230//4133 3229//4132
f 815//4201 816//1261 3231//4137 3230//4136
f 816//1261 817//1260 3232//4139 3231//4137
f 817//1260 818//1258 3233//4144 3232//4139
f 818//1258 819//4202 3234//4145 3233//4144
f 819//4202 820//1255 3235//4147 3234//4145
f 820//1255 46//2326 456//4203 3235//4147
f 3235//4147 456//4203 455//4204 3242//4205
f 3242//4205 455//4206 454//4207 3249//4159
f 3249//4167 454//4207 453//4208 3256//4168
f 3256//4168 453//4209 452//4210 3263//4175
f 3263//4211 452//4210 451//4212 3270//4186
f 3270//4197 451//4213 450//4214 3277//4198
f 3277//4198 450//4214 45//3078 316//1332
f 3276//4195 3277//4198 316//1332 315//1330
f 3275//4196 3276//4195 315//4215 314//1328
f 3274//4192 3275//4196 314//1328 313//1327
f 3273//4189 3274//4192 313//1327 312//1326
f 3272//4190 3273//4189 312//1326 311//4216
f 3271//4217 3272//4187 311//4216 310//1323
f 135//4218 3271//4188 310//1323 17//1168
f 136//4218 3264//4177 3271//4219 135//4218
f 137//4220 3257//4170 3264//4221 136//4218
f 138//4220 3250//4162 3257//4222 137//4220
f 139//4200 3243//4150 3250//4162 138//4220
f 140//4200 3236//4135 3243//4223 139//4200
f 141//4200 3229//4132 3236//4135 140//4200
f 3278//4224 3279//4225 3286//4226 3285//4227
f 3279//4225 3280//4228 3287//4229 3286//4226
f 3280//4228 3281//4230 3288//4231 3287//4229
f 3281//4230 3282//4232 3289//4233 3288//4231
f 3282//4232 3283//4234 3290//4235 3289//4233
f 3283//4234 3284//4236 3291//4237 3290//4235
f 3285//4238 3286//4226 3293//4239 3292//4240
f 3286//4226 3287//4241 3294//4242 3293//4239
f 3287//4229 3288//4243 3295//4244 3294//4242
f 3288//4231 3289//4233 3296//4245 3295//4244
f 3289//4233 3290//4235 3297//4246 3296//4245
f 3290//4235 3291//4247 3298//4248 3297//4246
f 3292//4240 3293//4239 3300//4249 3299//4250
f 3293//4239 3294//4242 3301//4251 3300//4249
f 3294//4242 3295//4244 3302//4252 3301//4251
f 3295//4244 3296//4245 3303//4253 3302//4252
f 3296//4245 3297//4246 3304//4254 3303//4253
f 3297//4246 3298//4255 3305//4256 3304//4254
f 3299//4250 3300//4257 3307//4258 3306//4259
f 3300//4260 3301//4251 3308//4261 3307//4258
f 3301//4251 3302//4252 3309//4262 3308//4263
f 3302//4252 3303//4253 3310//4264 3309//4262
f 3303//4253 3304//4265 3311//4266 3310//4267
f 3304//4268 3305//4256 3312//4269 3311//4266
f 3306//4270 3307//4258 3314//4271 3313//4272
f 3307//4258 3308//4261 3315//4273 3314//4271
f 3308//4263 3309//4262 3316//4274 3315//4273
f 3309//4262 3310//4264 3317//4275 3316//4274
f 3310//4267 3311//4266 3318//4276 3317//4275
f 3311//4266 3312//4277 3319//4278 3318//4276
f 3313//4272 3314//4279 3321//4280 3320//4281
f 3314//4271 3315//4273 3322//4282 3321//4283
f 3315//4273 3316//4274 3323//4284 3322//4282
f 3316//4274 3317//4275 3324//4285 3323//4284
f 3317//4275 3318//4276 3325//4286 3324//4285
f 3318//4287 3319//4278 3326//4288 3325//4289
f 18//1079 141//4200 3278//4290 807//1078
f 141//4200 140//4200 3279//4291 3278//4290
f 140//4200 139//4220 3280//4228 3279//4291
f 139//4200 138//4220 3281//4230 3280//4292
f 138//4220 137//4220 3282//4232 3281//4230
f 137//4218 136//4218 3283//4234 3282//4293
f 136//4218 135//4218 3284//4294 3283//4295
f 135//4218 17//1168 296//1166 3284//4236
f 3284//4294 296//1166 297//1164 3291//4237
f 3291//4247 297//4296 298//1163 3298//4255
f 3298//4255 298//1163 299//1162 3305//4256
f 3305//4256 299//1162 300//1161 3312//4277
f 3312//4277 300//1161 301//4297 3319//4278
f 3319//4278 301//4297 302//1158 3326//4288
f 3326//4288 302//1158 43//4298 303//4299
f 3325//4289 3326//4288 303//4299 304//4300
f 3324//4301 3325//4286 304//4302 305//4303
f 3323//4284 3324//4285 305//4303 306//4304
f 3322//4282 3323//4284 306//4304 307//4305
f 3321//4306 3322//4307 307//4305 308//4308
f 3320//4281 3321//4280 308//4309 309//4310
f 813//4311 3320//4281 309//4310 44//4312
f 812//4313 3313//4272 3320//4281 813//1053
f 811//1084 3306//4270 3313//4272 812//1085
f 810//1083 3299//4250 3306//4270 811//1084
f 809//1081 3292//4240 3299//4250 810//1083
f 808//1082 3285//4238 3292//4240 809//1081
f 807//1078 3278//4224 3285//4227 808//1080
f 3327//4314 3328//4315 3335//4316 3334//4317
f 3328//4318 3329//4319 3336//4320 3335//4316
f 3329//4319 3330//4321 3337//4322 3336//4320
f 3330//4321 3331//4323 3338//4324 3337//4325
f 3331//4323 3332//4326 3339//4327 3338//4324
f 3332//4326 3333//4328 3340//4329 3339//4327
f 3334//4317 3335//4316 3342//4330 3341//4331
f 3335//4316 3336//4320 3343//4332 3342//4333
f 3336//4320 3337//4334 3344//4335 3343//4332
f 3337//4336 3338//4324 3345//4337 3344//4335
f 3338//4324 3339//4327 3346//4338 3345//4339
f 3339//4327 3340//4340 3347//4341 3346//4338
f 3341//4342 3342//4330 3349//4343 3348//4344
f 3342//4330 3343//4332 3350//4345 3349//4343
f 3343//4332 3344//4335 3351//4346 3350//4345
f 3344//4335 3345//4339 3352//4347 3351//4346
f 3345//4339 3346//4338 3353//4348 3352//4347
f 3346//4338 3347//4341 3354//4349 3353//4348
f 3348//4344 3349//4343 3356//4350 3355//4351
f 3349//4343 3350//4345 3357//4352 3356//4350
f 3350//4345 3351//4346 3358//4353 3357//4352
f 3351//4346 3352//4347 3359//4354 3358//4353
f 3352//4347 3353//4348 3360//4355 3359//4354
f 3353//4348 3354//4349 3361//4356 3360//4355
f 3355//4351 3356//4350 3363//4357 3362//4358
f 3356//4359 3357//4352 3364//4360 3363//4357
f 3357//4352 3358//4353 3365//4361 3364//4360
f 3358//4353 3359//4362 3366//4363 3365//4364
f 3359//4362 3360//4355 3367//4365 3366//4363
f 3360//4355 3361//4366 3368//4367 3367//4365
f 3362//4358 3363//4357 3370//4368 3369//4369
f 3363//4357 3364//4360 3371//4370 3370//4371
f 3364//4360 3365//4361 3372//4372 3371//4373
f 3365//4361 3366//4363 3373//4374 3372//4372
f 3366//4363 3367//4365 3374//4375 3373//4376
f 3367//4365 3368//4377 3375//4378 3374//4379
f 14//861 793//864 3327//4314 533//4380
f 793//864 794//893 3328//4315 3327//4381
f 794//4382 795//892 3329//4319 3328//4318
f 795//892 796//891 3330//4321 3329//4319
f 796//891 797//889 3331//4323 3330//4321
f 797//889 798//4383 3332//4326 3331//4323
f 798//4383 799//886 3333//4328 3332//4326
f 799//886 42//4384 484//4385 3333//4328
f 3333//4328 484//4385 483//4386 3340//4329
f 3340//4387 483//4388 482//4389 3347//4390
f 3347//4341 482//4389 481//4391 3354//4349
f 3354//4349 481//4391 480//4392 3361//4356
f 3361//4393 480//4392 479//4394 3368//4395
f 3368//4377 479//4396 478//4397 3375//4378
f 3375//4378 478//4397 41//4398 288//978
f 3374//4379 3375//4378 288//978 287//4399
f 3373//4376 3374//4379 287//976 286//974
f 3372//4372 3373//4376 286//974 285//973
f 3371//4373 3372//4372 285//973 284//972
f 3370//4368 3371//4373 284//972 283//4400
f 3369//4401 3370//4368 283//4400 282//969
f 527//4402 3369//4369 282//969 13//968
f 528//4402 3362//4358 3369//4401 527//4402
f 529//4402 3355//4351 3362//4403 528//4402
f 530//4404 3348//4344 3355//4405 529//4402
f 531//4380 3341//4331 3348//4344 530//4404
f 532//4380 3334//4317 3341//4406 531//4380
f 533//4380 3327//4381 3334//4407 532//4380
f 3376//4408 3377//4409 3384//4410 3383//4411
f 3377//4409 3378//4412 3385//4413 3384//4410
f 3378//4412 3379//4414 3386//4415 3385//4413
f 3379//4414 3380//4416 3387//4417 3386//4418
f 3380//4419 3381//4420 3388//4421 3387//4417
f 3381//4420 3382//4422 3389//4423 3388//4421
f 3383//4411 3384//4410 3391//4424 3390//4425
f 3384//4410 3385//4413 3392//4426 3391//4427
f 3385//4413 3386//4415 3393//4428 3392//4426
f 3386//4429 3387//4417 3394//4430 3393//4428
f 3387//4417 3388//4421 3395//4431 3394//4430
f 3388//4421 3389//4432 3396//4433 3395//4431
f 3390//4434 3391//4424 3398//4435 3397//4436
f 3391//4424 3392//4426 3399//4437 3398//4435
f 3392//4426 3393//4428 3400//4438 3399//4437
f 3393//4428 3394//4439 3401//4440 3400//4441
f 3394//4430 3395//4431 3402//4442 3401//4440
f 3395//4431 3396//4433 3403//4443 3402//4442
f 3397//4436 3398//4435 3405//4444 3404//4445
f 3398//4435 3399//4437 3406//4446 3405//4444
f 3399//4437 3400//4438 3407//4447 3406//4446
f 3400//4441 3401//4440 3408//4448 3407//4447
f 3401//4440 3402//4442 3409//4449 3408//4450
f 3402//4442 3403//4443 3410//4451 3409//4452
f 3404//4445 3405//4444 3412//4453 3411//4454
f 3405//4455 3406//4446 3413//4456 3412//4453
f 3406//4446 3407//4447 3414//4457 3413//4456
f 3407//4447 3408//4450 3415//4458 3414//4457
f 3408//4450 3409//4449 3416//4459 3415//4458
f 3409//4449 3410//4460 3417//4461 3416//4459
f 3411//4454 3412//4453 3419//4462 3418//4463
f 3412//4453 3413//4456 3420//4464 3419//4465
f 3413//4456 3414//4457 3421//4466 3420//4464
f 3414//4467 3415//4458 3422//4468 3421//4466
f 3415//4458 3416//4459 3423//4469 3422//4470
f 3416//4471 3417//4472 3424//4473 3423//4469
f 13//968 373//1954 3376//4408 527//4402
f 373//1954 374//1977 3377//4409 3376//4474
f 374//4475 375//1976 3378//4412 3377//4409
f 375//1976 376//1975 3379//4414 3378//4412
f 376//1975 377//1973 3380//4419 3379//4414
f 377//1973 378//4476 3381//4420 3380//4416
f 378//4476 379//1970 3382//4422 3381//4420
f 379//1970 54//1971 540//4477 3382//4422
f 3382//4422 540//4477 539//4478 3389//4423
f 3389//4432 539//4479 538//4480 3396//4433
f 3396//4433 538//4480 537//4481 3403//4443
f 3403//4443 537//4482 536//4483 3410//4451
f 3410//4460 536//4483 535//4484 3417//4461
f 3417//4472 535//4485 534//4486 3424//4473
f 3424//4473 534//4486 53//3458 862//4487
f 3423//4469 3424//4473 862//2051 861//4488
f 3422//4468 3423//4469 861//2049 860//2047
f 3421//4466 3422//4470 860//2047 859//2046
f 3420//4464 3421//4466 859//2046 858//2045
f 3419//4465 3420//4464 858//2045 857//4489
f 3418//4490 3419//4462 857//2044 856//2041
f 533//4380 3418//4463 856//2041 14//861
f 532//4380 3411//4454 3418//4490 533//4380
f 531//4404 3404//4445 3411//4454 532//4380
f 530//4404 3397//4436 3404//4491 531//4380
f 529//4402 3390//4434 3397//4436 530//4404
f 528//4402 3383//4411 3390//4492 529//4402
f 527//4402 3376//4474 3383//4493 528//4402
f 3425//4494 3426//4495 3433//4496 3432//4497
f 3426//4495 3427//4498 3434//4499 3433//4496
f 3427//4498 3428//4500 3435//4501 3434//4502
f 3428//4500 3429//4503 3436//4504 3435//4501
f 3429//4503 3430//4505 3437//4506 3436//4504
f 3430//4505 3431//4507 3438//4508 3437//4506
f 3432//4509 3433//4496 3440//4510 3439//4511
f 3433//4496 3434//4502 3441//4512 3440//4510
f 3434//4502 3435//4501 3442//4513 3441//4512
f 3435//4501 3436//4514 3443//4515 3442//4513
f 3436//4504 3437//4506 3444//4516 3443//4515
f 3437//4506 3438//4517 3445//4518 3444//4516
f 3439//4511 3440//4510 3447//4519 3446//4520
f 3440//4510 3441//4512 3448//4521 3447//4519
f 3441//4512 3442//4513 3449//4522 3448//4523
f 3442//4513 3443//4515 3450//4524 3449//4522
f 3443//4515 3444//4516 3451//4525 3450//4526
f 3444//4516 3445//4518 3452//4527 3451//4525
f 3446//4520 3447//4519 3454//4528 3453//4529
f 3447//4519 3448//4523 3455//4530 3454//4528
f 3448//4521 3449//4522 3456//4531 3455//4532
f 3449//4522 3450//4526 3457//4533 3456//4531
f 3450//4524 3451//4525 3458//4534 3457//4533
f 3451//4525 3452//4527 3459//4535 3458//4534
f 3453//4529 3454//4536 3461//4537 3460//4538
f 3454//4536 3455//4530 3462//4539 3461//4537
f 3455//4530 3456//4531 3463//4540 3462//4541
f 3456//4531 3457//4533 3464//4542 3463//4540
f 3457//4533 3458//4543 3465//4544 3464//4545
f 3458//4543 3459//4535 3466//4546 3465//4544
f 3460//4538 3461//4537 3468//4547 3467//4548
f 3461//4537 3462//4541 3469//4549 3468//4547
f 3462//4541 3463//4540 3470//4550 3469//4551
f 3463//4540 3464//4542 3471//4552 3470//4550
f 3464//4542 3465//4544 3472//4553 3471//4554
f 3465//4555 3466//4546 3473//4556 3472//4553
f 48//2311 337//4128 3425//4494 912//2492
f 337//4128 336//4127 3426//4495 3425//4557
f 336//4126 335//4125 3427//4498 3426//4495
f 335//4125 334//4124 3428//4500 3427//4498
f 334//4124 333//4123 3429//4503 3428//4500
f 333//4123 332//4121 3430//4505 3429//4503
f 332//4121 331//4120 3431//4507 3430//4505
f 331//4120 47//3090 436//3379 3431//4507
f 3431//4507 436//3379 437//3378 3438//4508
f 3438//4508 437//3378 438//3377 3445//4518
f 3445//4558 438//3377 439//3376 3452//4527
f 3452//4559 439//3376 440//3373 3459//4560
f 3459//4535 440//3373 441//4561 3466//4546
f 3466//4546 441//3371 442//3370 3473//4556
f 3473//4556 442//3370 63//4562 547//4563
f 3472//4553 3473//4564 547//4563 546//4565
f 3471//4566 3472//4553 546//4565 545//4567
f 3470//4550 3471//4554 545//4567 544//4404
f 3469//4551 3470//4550 544//4404 543//4568
f 3468//4547 3469//4569 543//4568 542//4570
f 3467//4548 3468//4547 542//4570 541//4571
f 918//2504 3467//4548 541//4571 62//162
f 917//2503 3460//4538 3467//4548 918//2504
f 916//2500 3453//4529 3460//4538 917//4572
f 915//2499 3446//4573 3453//4574 916//2500
f 914//2494 3439//4575 3446//4520 915//2499
f 913//2493 3432//4497 3439//4511 914//2494
f 912//2492 3425//4494 3432//4497 913//2493
f 3474//4576 3475//4577 3482//4578 3481//4579
f 3475//4580 3476//4581 3483//4582 3482//4578
f 3476//4581 3477//4583 3484//4584 3483//4582
f 3477//4583 3478//4585 3485//4586 3484//4584
f 3478//4585 3479//4587 3486//4588 3485//4589
f 3479//4587 3480//4590 3487//4591 3486//4592
f 3481//4579 3482//4578 3489//4593 3488//4594
f 3482//4578 3483//4582 3490//4595 3489//4593
f 3483//4582 3484//4584 3491//4596 3490//4595
f 3484//4584 3485//4586 3492//4597 3491//4598
f 3485//4589 3486//4588 3493//4599 3492//4600
f 3486//4592 3487//4591 3494//4601 3493//4599
f 3488//4594 3489//4593 3496//4602 3495//4603
f 3489//4593 3490//4595 3497//4604 3496//4602
f 3490//4595 3491//4598 3498//4605 3497//4604
f 3491//4596 3492//4597 3499//4606 3498//4605
f 3492//4597 3493//4599 3500//4607 3499//4606
f 3493//4599 3494//4608 3501//4609 3500//4607
f 3495//4603 3496//4602 3503//4610 3502//4611
f 3496//4602 3497//4604 3504//4612 3503//4610
f 3497//4604 3498//4605 3505//4613 3504//4614
f 3498//4605 3499//4606 3506//4615 3505//4613
f 3499//4606 3500//4607 3507//4616 3506//4615
f 3500//4607 3501//4609 3508//4617 3507//4616
f 3502//4611 3503//4610 3510//4618 3509//4619
f 3503//4610 3504//4612 3511//4620 3510//4618
f 3504//4612 3505//4613 3512//4621 3511//4620
f 3505//4622 3506//4615 3513//4623 3512//4621
f 3506//4615 3507//4616 3514//4624 3513//4625
f 3507//4616 3508//4626 3515//4627 3514//4624
f 3509//4619 3510//4618 3517//4628 3516//4629
f 3510//4618 3511//4620 3518//4630 3517//4631
f 3511//4620 3512//4621 3519//4632 3518//4630
f 3512//4621 3513//4623 3520//4633 3519//4632
f 3513//4623 3514//4624 3521//4634 3520//4633
f 3514//4624 3515//4627 3522//4635 3521//4634
f 50//4022 1024//4636 3474//4576 505//4023
f 1024//4637 1025//4638 3475//4577 3474//4576
f 1025//4638 1026//4639 3476//4640 3475//4577
f 1026//4639 1027//4641 3477//4583 3476//4640
f 1027//4641 1028//4642 3478//4643 3477//4644
f 1028//4642 1029//4645 3479//4587 3478//4585
f 1029//4646 1030//4647 3480//4590 3479//4587
f 1030//4647 62//162 541//4571 3480//4590
f 3480//4648 541//4571 542//4570 3487//4591
f 3487//4591 542//4570 543//4568 3494//4649
f 3494//4608 543//4568 544//4404 3501//4609
f 3501//4609 544//4404 545//4567 3508//4617
f 3508//4650 545//4567 546//4565 3515//4627
f 3515//4627 546//4565 547//4563 3522//4651
f 3522//4635 547//4563 63//4562 561//4652
f 3521//4634 3522//4635 561//4652 560//4653
f 3520//4633 3521//4634 560//4654 559//4655
f 3519//4656 3520//4657 559//4655 558//4658
f 3518//4659 3519//4632 558//4658 557//4660
f 3517//4628 3518//4659 557//4660 556//4661
f 3516//4629 3517//4628 556//4661 555//4662
f 499//4035 3516//4629 555//4662 49//4036
f 500//4034 3509//4619 3516//4663 499//4035
f 501//4030 3502//4611 3509//4619 500//4034
f 502//4664 3495//4603 3502//4611 501//4030
f 503//4027 3488//4594 3495//4603 502//4664
f 504//4024 3481//4579 3488//4594 503//4027
f 505//4023 3474//4665 3481//4579 504//4024
f 3523//4666 3524//4667 3531//4668 3530//4669
f 3524//4670 3525//4671 3532//4672 3531//4668
f 3525//4671 3526//4673 3533//4674 3532//4672
f 3526//4673 3527//4675 3534//4676 3533//4674
f 3527//4675 3528//4677 3535//4678 3534//4676
f 3528//4677 3529//4679 3536//4680 3535//4678
f 3530//4669 3531//4668 3538//4681 3537//4682
f 3531//4668 3532//4672 3539//4683 3538//4681
f 3532//4672 3533//4674 3540//4684 3539//4683
f 3533//4674 3534//4676 3541//4685 3540//4686
f 3534//4687 3535//4678 3542//4688 3541//4685
f 3535//4678 3536//4680 3543//4689 3542//4690
f 3537//4682 3538//4681 3545//4691 3544//4692
f 3538//4681 3539//4683 3546//4693 3545//4691
f 3539//4683 3540//4686 3547//4694 3546//4693
f 3540//4684 3541//4695 3548//4696 3547//4694
f 3541//4685 3542//4690 3549//4697 3548//4696
f 3542//4690 3543//4698 3550//4699 3549//4697
f 3544//4692 3545//4691 3552//4700 3551//4701
f 3545//4691 3546//4693 3553//4702 3552//4700
f 3546//4693 3547//4694 3554//4703 3553//4702
f 3547//4694 3548//4696 3555//4704 3554//4705
f 3548//4696 3549//4697 3556//4706 3555//4704
f 3549//4697 3550//4699 3557//4707 3556//4706
f 3551//4701 3552//4708 3559//4709 3558//4710
f 3552//4700 3553//4702 3560//4711 3559//4709
f 3553//4702 3554//4705 3561//4712 3560//4711
f 3554//4703 3555//4713 3562//4714 3561//4712
f 3555//4704 3556//4715 3563//4716 3562//4717
f 3556//4706 3557//4718 3564//4719 3563//4716
f 3558//4710 3559//4709 3566//4720 3565//4721
f 3559//4709 3560//4711 3567//4722 3566//4720
f 3560//4711 3561//4712 3568//4723 3567//4722
f 3561//4712 3562//4714 3569//4724 3568//4723
f 3562//4714 3563//4716 3570//4725 3569//4724
f 3563//4716 3564//4719 3571//4726 3570//4725
f 55//3472 604//3739 3523//4666 583//3847
f 604//4727 605//3766 3524//4667 3523//4666
f 605//3766 606//4728 3525//4729 3524//4667
f 606//3764 607//3761 3526//4673 3525//4729
f 607//3761 608//3759 3527//4730 3526//4731
f 608//3759 609//4732 3528//4677 3527//4675
f 609//3758 610//3757 3529//4679 3528//4677
f 610//3757 58//73 65//4733 3529//4679
f 3529//4679 65//4733 66//4734 3536//4680
f 3536//4680 66//4734 67//4735 3543//4736
f 3543//4689 67//4735 68//4220 3550//4699
f 3550//4699 68//4220 69//4737 3557//4707
f 3557//4738 69//4737 70//4739 3564//4719
f 3564//4719 70//4739 71//4740 3571//4741
f 3571//4726 71//4740 64//4742 932//2892
f 3570//4725 3571//4741 932//2892 931//2891
f 3569//4724 3570//4725 931//4743 930//2888
f 3568//4723 3569//4744 930//2888 929//2887
f 3567//4745 3568//4723 929//2887 928//2882
f 3566//4746 3567//4722 928//2882 927//2881
f 3565//4721 3566//4746 927//2881 926//2880
f 589//3860 3565//4721 926//2880 56//2699
f 588//3859 3558//4710 3565//4747 589//3860
f 587//3855 3551//4701 3558//4710 588//3859
f 586//3854 3544//4692 3551//4701 587//3855
f 585//3853 3537//4682 3544//4692 586//3854
f 584//3849 3530//4669 3537//4682 585//3853
f 583//3847 3523//4666 3530//4669 584//3849
f 3572//4748 3573//4749 3580//4750 3579//4751
f 3573//4749 3574//4752 3581//4753 3580//4750
f 3574//4752 3575//4754 3582//4755 3581//4753
f 3575//4754 3576//4756 3583//4757 3582//4755
f 3576//4756 3577//4758 3584//4759 3583//4757
f 3577//4758 3578//4760 3585//4761 3584//4759
f 3579//4762 3580//4750 3587//4763 3586//4764
f 3580//4750 3581//4753 3588//4765 3587//4763
f 3581//4753 3582//4755 3589//4766 3588//4765
f 3582//4755 3583//4767 3590//4768 3589//4766
f 3583//4757 3584//4759 3591//4769 3590//4768
f 3584//4759 3585//4770 3592//4771 3591//4769
f 3586//4764 3587//4763 3594//4772 3593//4773
f 3587//4763 3588//4765 3595//4774 3594//4772
f 3588//4765 3589//4766 3596//4775 3595//4776
f 3589//4766 3590//4768 3597//4777 3596//4775
f 3590//4768 3591//4769 3598//4778 3597//4779
f 3591//4769 3592//4771 3599//4780 3598//4778
f 3593//4773 3594//4772 3601//4781 3600//4782
f 3594//4772 3595//4776 3602//4783 3601//4781
f 3595//4774 3596//4775 3603//4784 3602//4785
f 3596//4775 3597//4779 3604//4786 3603//4784
f 3597//4777 3598//4778 3605//4787 3604//4786
f 3598//4778 3599//4780 3606//4788 3605//4787
f 3600//4782 3601//4789 3608//4790 3607//4791
f 3601//4789 3602//4783 3609//4792 3608//4790
f 3602//4783 3603//4784 3610//4793 3609//4794
f 3603//4784 3604//4786 3611//4795 3610//4793
f 3604//4786 3605//4796 3612//4797 3611//4798
f 3605//4796 3606//4788 3613//4799 3612//4797
f 3607//4791 3608//4790 3615//4800 3614//4801
f 3608//4790 3609//4794 3616//4802 3615//4800
f 3609//4794 3610//4793 3617//4803 3616//4804
f 3610//4793 3611//4795 3618//4805 3617//4803
f 3611//4795 3612//4797 3619//4806 3618//4807
f 3612//4808 3613//4799 3620//4809 3619//4806
f 52//3949 365//3948 3572//4748 1017//4810
f 365//3948 364//3947 3573//4749 3572//4811
f 364//3947 363//3944 3574//4752 3573//4749
f 363//3944 362//3943 3575//4754 3574//4752
f 362//3943 361//3942 3576//4756 3575//4754
f 361//3942 360//3941 3577//4758 3576//4756
f 360//3939 359//3938 3578//4812 3577//4758
f 359//3938 51//3937 597//4813 3578//4760
f 3578//4760 597//4814 598//4815 3585//4761
f 3585//4761 598//4815 599//4816 3592//4771
f 3592//4817 599//4818 600//4819 3599//4780
f 3599//4820 600//4819 601//4821 3606//4822
f 3606//4788 601//4821 602//4823 3613//4799
f 3613//4799 602//4824 603//4825 3620//4809
f 3620//4826 603//4825 64//4742 71//4740
f 3619//4806 3620//4809 71//4740 70//4739
f 3618//4827 3619//4806 70//4739 69//4737
f 3617//4803 3618//4807 69//4737 68//4220
f 3616//4802 3617//4803 68//4220 67//4735
f 3615//4800 3616//4828 67//4735 66//4734
f 3614//4829 3615//4800 66//4734 65//4733
f 1023//4830 3614//4801 65//4733 58//73
f 1022//4831 3607//4791 3614//4801 1023//4830
f 1021//4832 3600//4782 3607//4791 1022//4833
f 1020//4834 3593//4835 3600//4836 1021//4832
f 1019//4837 3586//4838 3593//4773 1020//4834
f 1018//4839 3579//4840 3586//4764 1019//4837
f 1017//4810 3572//4748 3579//4751 1018//4839
f 3621//4841 3622//4842 3629//4843 3628//4844
f 3622//4845 3623//4846 3630//4847 3629//4843
f 3623//4846 3624//4848 3631//4849 3630//4847
f 3624//4848 3625//4850 3632//4851 3631//4849
f 3625//4850 3626//4852 3633//4853 3632//4854
f 3626//4852 3627//4855 3634//4856 3633//4853
f 3628//4844 3629//4843 3636//4857 3635//4858
f 3629//4843 3630//4847 3637//4859 3636//4860
f 3630//4847 3631//4849 3638//4861 3637//4859
f 3631//4849 3632//4851 3639//4862 3638//4863
f 3632//4854 3633//4853 3640//4864 3639//4862
f 3633//4853 3634//4856 3641//4865 3640//4866
f 3635//4858 3636//4860 3643//4867 3642//4868
f 3636//4860 3637//4859 3644//4869 3643//4867
f 3637//4859 3638//4861 3645//4870 3644//4869
f 3638//4861 3639//4862 3646//4871 3645//4870
f 3639//4862 3640//4866 3647//4872 3646//4871
f 3640//4866 3641//4873 3648//4874 3647//4872
f 3642//4868 3643//4867 3650//4875 3649//4876
f 3643//4867 3644//4869 3651//4877 3650//4875
f 3644//4869 3645//4870 3652//4878 3651//4877
f 3645//4870 3646//4871 3653//4879 3652//4878
f 3646//4871 3647//4872 3654//4880 3653//4881
f 3647//4872 3648//4874 3655//4882 3654//4880
f 3649//4876 3650//4875 3657//4883 3656//4884
f 3650//4875 3651//4877 3658//4885 3657//4883
f 3651//4877 3652//4878 3659//4886 3658//4885
f 3652//4887 3653//4881 3660//4888 3659//4886
f 3653//4881 3654//4889 3661//4890 3660//4891
f 3654//4880 3655//4892 3662//4893 3661//4890
f 3656//4884 3657//4883 3664//4894 3663//4895
f 3657//4883 3658//4885 3665//4896 3664//4897
f 3658//4885 3659//4886 3666//4898 3665//4896
f 3659//4886 3660//4888 3667//4899 3666//4898
f 3660//4888 3661//4890 3668//4900 3667//4899
f 3661//4890 3662//4893 3669//4901 3668//4900
f 43//4298 506//4902 3621//4841 303//4299
f 506//4902 507//4903 3622//4842 3621//4841
f 507//4903 508//4904 3623//4846 3622//4842
f 508//4904 509//4905 3624//4848 3623//4906
f 509//4905 510//4907 3625//4908 3624//4909
f 510//4907 511//4910 3626//4852 3625//4850
f 511//4911 512//4912 3627//4913 3626//4852
f 512//4912 60//472 72//4914 3627//4913
f 3627//4913 72//4914 73//4915 3634//4856
f 3634//4856 73//4915 74//4916 3641//4917
f 3641//4865 74//4916 75//3840 3648//4874
f 3648//4874 75//3840 76//4918 3655//4919
f 3655//4920 76//4918 77//4921 3662//4893
f 3662//4893 77//4921 78//4922 3669//4923
f 3669//4923 78//4922 61//4924 995//4925
f 3668//4900 3669//4923 995//4925 994//4926
f 3667//4899 3668//4900 994//4927 993//4928
f 3666//4929 3667//4930 993//4928 992//4931
f 3665//4932 3666//4898 992//4931 991//4933
f 3664//4894 3665//4932 991//4933 990//4934
f 3663//4895 3664//4894 990//4934 989//4935
f 309//4310 3663//4895 989//4936 44//4312
f 308//4309 3656//4884 3663//4895 309//4310
f 307//4305 3649//4876 3656//4884 308//4309
f 306//4937 3642//4868 3649//4876 307//4305
f 305//4303 3635//4858 3642//4868 306//4937
f 304//4302 3628//4844 3635//4858 305//4303
f 303//4299 3621//4938 3628//4844 304//4300
f 3670//4939 3671//4940 3678//4941 3677//4942
f 3671//4940 3672//4943 3679//4944 3678//4941
f 3672//4943 3673//4945 3680//4946 3679//4944
f 3673//4945 3674//4947 3681//4948 3680//4946
f 3674//4947 3675//4949 3682//4950 3681//4948
f 3675//4949 3676//4951 3683//4952 3682//4950
f 3677//4953 3678//4941 3685//4954 3684//4955
f 3678//4941 3679//4944 3686//4956 3685//4954
f 3679//4944 3680//4946 3687//4957 3686//4956
f 3680//4946 3681//4958 3688//4959 3687//4957
f 3681//4948 3682//4950 3689//4960 3688//4959
f 3682//4950 3683//4961 3690//4962 3689//4960
f 3684//4955 3685//4954 3692//4963 3691//4964
f 3685//4954 3686//4956 3693//4965 3692//4963
f 3686//4956 3687//4957 3694//4966 3693//4967
f 3687//4957 3688//4959 3695//4968 3694//4966
f 3688//4959 3689//4960 3696//4969 3695//4970
f 3689//4960 3690//4962 3697//4971 3696//4969
f 3691//4964 3692//4963 3699//4972 3698//4973
f 3692//4963 3693//4967 3700//4974 3699//4972
f 3693//4965 3694//4966 3701//4975 3700//4976
f 3694//4966 3695//4970 3702//4977 3701//4975
f 3695//4968 3696//4969 3703//4978 3702//4977
f 3696//4969 3697//4971 3704//4979 3703//4978
f 3698//4973 3699//4972 3706//4980 3705//4981
f 3699//4982 3700//4974 3707//4983 3706//4980
f 3700//4974 3701//4975 3708//4984 3707//4985
f 3701//4975 3702//4986 3709//4987 3708//4984
f 3702//4986 3703//4988 3710//4989 3709//4990
f 3703//4988 3704//4979 3711//4991 3710//4989
f 3705//4981 3706//4980 3713//4992 3712//4993
f 3706//4980 3707//4985 3714//4994 3713//4992
f 3707//4985 3708//4984 3715//4995 3714//4996
f 3708//4984 3709//4987 3716//4997 3715//4995
f 3709//4987 3710//4989 3717//4998 3716//4999
f 3710//5000 3711//4991 3718//5001 3717//4998
f 45//3078 450//4214 3670//4939 415//3357
f 450//4214 451//4213 3671//4940 3670//5002
f 451//4212 452//4210 3672//4943 3671//4940
f 452//4210 453//4208 3673//4945 3672//4943
f 453//4208 454//4207 3674//4947 3673//4945
f 454//4207 455//4204 3675//4949 3674//4947
f 455//4204 456//4203 3676//5003 3675//4949
f 456//4203 46//2326 905//2489 3676//4951
f 3676//4951 905//5004 906//2524 3683//4952
f 3683//4952 906//2524 907//2525 3690//4962
f 3690//5005 907//2522 908//2519 3697//4971
f 3697//5006 908//2519 909//2517 3704//5007
f 3704//4979 909//2517 910//5008 3711//4991
f 3711//4991 910//2516 911//2514 3718//5009
f 3718//5009 911//2514 61//4924 78//4922
f 3717//4998 3718//5001 78//4922 77//4921
f 3716//5010 3717//4998 77//4921 76//4918
f 3715//4995 3716//4999 76//4918 75//3840
f 3714//4994 3715//4995 75//3840 74//4916
f 3713//4992 3714//5011 74//4916 73//4915
f 3712//4993 3713//4992 73//4915 72//4914
f 421//3366 3712//4993 72//4914 60//472
f 420//3365 3705//4981 3712//4993 421//3366
f 419//3361 3698//4973 3705//4981 420//5012
f 418//3360 3691//5013 3698//5014 419//3361
f 417//3359 3684//4955 3691//4964 418//3360
f 416//3358 3677//4942 3684//5015 417//5016
f 415//5017 3670//4939 3677//4942 416//3358
f 3719//5018 3720//5019 3727//5020 3726//5021
f 3720//5022 3721//5023 3728//5024 3727//5020
f 3721//5023 3722//5025 3729//5026 3728//5024
f 3722//5025 3723//5027 3730//5028 3729//5026
f 3723//5027 3724//5029 3731//5030 3730//5031
f 3724//5029 3725//5032 3732//5033 3731//5034
f 3726//5021 3727//5020 3734//5035 3733//5036
f 3727//5020 3728//5024 3735//5037 3734//5038
f 3728//5024 3729//5026 3736//5039 3735//5037
f 3729//5026 3730//5028 3737//5040 3736//5041
f 3730//5031 3731//5030 3738//5042 3737//5040
f 3731//5030 3732//5033 3739//5043 3738//5044
f 3733//5036 3734//5038 3741//5045 3740//5046
f 3734//5035 3735//5037 3742//5047 3741//5045
f 3735//5037 3736//5041 3743//5048 3742//5047
f 3736//5039 3737//5040 3744//5049 3743//5048
f 3737//5040 3738//5044 3745//5050 3744//5049
f 3738//5044 3739//5051 3746//5052 3745//5050
f 3740//5046 3741//5045 3748//5053 3747//5054
f 3741//5045 3742//5047 3749//5055 3748//5056
f 3742//5047 3743//5048 3750//5057 3749//5055
f 3743//5048 3744//5049 3751//5058 3750//5059
f 3744//5049 3745//5050 3752//5060 3751//5058
f 3745//5050 3746//5052 3753//5061 3752//5060
f 3747//5054 3748//5053 3755//5062 3754//5063
f 3748//5053 3749//5055 3756//5064 3755//5062
f 3749//5055 3750//5059 3757//5065 3756//5064
f 3750//5057 3751//5058 3758//5066 3757//5065
f 3751//5058 3752//5067 3759//5068 3758//5069
f 3752//5060 3753//5070 3760//5071 3759//5068
f 3754//5063 3755//5062 3762//5072 3761//5073
f 3755//5062 3756//5064 3763//5074 3762//5075
f 3756//5064 3757//5065 3764//5076 3763//5074
f 3757//5065 3758//5066 3765//5077 3764//5076
f 3758//5066 3759//5068 3766//5078 3765//5077
f 3759//5068 3760//5071 3767//5079 3766//5078
f 42//4384 954//5080 3719//5018 484//4385
f 954//5080 955//5081 3720//5019 3719//5018
f 955//5081 956//5082 3721//5023 3720//5019
f 956//5082 957//5083 3722//5025 3721//5084
f 957//5083 958//5085 3723//5086 3722//5087
f 958//5085 959//5088 3724//5029 3723//5027
f 959//5089 960//5090 3725//5032 3724//5029
f 960//5090 57//5091 618//5092 3725//5032
f 3725//5093 618//5092 619//5094 3732//5033
f 3732//5033 619//5094 620//5095 3739//5096
f 3739//5043 620//5095 621//4043 3746//5052
f 3746//5052 621//4043 622//5097 3753//5070
f 3753//5098 622//5097 623//5099 3760//5071
f 3760//5071 623//5099 624//5100 3767//5101
f 3767//5079 624//5100 59//5102 491//5103
f 3766//5078 3767//5079 491//5103 490//5104
f 3765//5077 3766//5078 490//5105 489//5106
f 3764//5107 3765//5108 489//5106 488//5109
f 3763//5110 3764//5076 488//5109 487//5111
f 3762//5072 3763//5110 487//5111 486//5112
f 3761//5073 3762//5072 486//5112 485//5113
f 478//4397 3761//5073 485//5114 41//4398
f 479//4396 3754//5063 3761//5115 478//4397
f 480//4392 3747//5054 3754//5063 479//4396
f 481//5116 3740//5046 3747//5054 480//4392
f 482//4389 3733//5036 3740//5046 481//5116
f 483//4386 3726//5021 3733//5036 482//4389
f 484//4385 3719//5117 3726//5021 483//4386
f 3768//5118 3769//5119 3776//5120 3775//5121
f 3769//5119 3770//5122 3777//5123 3776//5120
f 3770//5122 3771//5124 3778//5125 3777//5126
f 3771//5124 3772//5127 3779//5128 3778//5125
f 3772//5127 3773//5129 3780//5130 3779//5128
f 3773//5129 3774//5131 3781//5132 3780//5130
f 3775//5133 3776//5120 3783//5134 3782//5135
f 3776//5120 3777//5126 3784//5136 3783//5134
f 3777//5123 3778//5125 3785//5137 3784//5136
f 3778//5125 3779//5138 3786//5139 3785//5137
f 3779//5128 3780//5130 3787//5140 3786//5139
f 3780//5130 3781//5141 3788//5142 3787//5140
f 3782//5135 3783//5134 3790//5143 3789//5144
f 3783//5134 3784//5136 3791//5145 3790//5143
f 3784//5136 3785//5137 3792//5146 3791//5147
f 3785//5137 3786//5139 3793//5148 3792//5146
f 3786//5139 3787//5140 3794//5149 3793//5150
f 3787//5140 3788//5142 3795//5151 3794//5149
f 3789//5144 3790//5143 3797//5152 3796//5153
f 3790//5143 3791//5147 3798//5154 3797//5152
f 3791//5145 3792//5146 3799//5155 3798//5156
f 3792//5146 3793//5150 3800//5157 3799//5155
f 3793//5148 3794//5149 3801//5158 3800//5157
f 3794//5149 3795//5151 3802//5159 3801//5158
f 3796//5153 3797//5160 3804//5161 3803//5162
f 3797//5160 3798//5154 3805//5163 3804//5161
f 3798//5154 3799//5155 3806//5164 3805//5165
f 3799//5155 3800//5157 3807//5166 3806//5164
f 3800//5157 3801//5167 3808//5168 3807//5169
f 3801//5167 3802//5159 3809//5170 3808//5168
f 3803//5162 3804//5161 3811//5171 3810//5172
f 3804//5161 3805//5165 3812//5173 3811//5171
f 3805//5165 3806//5164 3813//5174 3812//5175
f 3806//5164 3807//5166 3814//5176 3813//5174
f 3807//5166 3808//5168 3815//5177 3814//5178
f 3808//5179 3809//5170 3816//5180 3815//5177
f 53//3458 534//4486 3768//5118 569//3742
f 534//4486 535//4485 3769//5119 3768//5181
f 535//4484 536//4483 3770//5122 3769//5119
f 536//4483 537//4482 3771//5124 3770//5122
f 537//4482 538//4480 3772//5127 3771//5124
f 538//4480 539//4479 3773//5129 3772//5127
f 539//4478 540//4477 3774//5182 3773//5129
f 540//4477 54//1971 891//5183 3774//5131
f 3774//5131 891//2879 892//2914 3781//5132
f 3781//5132 892//2914 893//2915 3788//5142
f 3788//5184 893//2915 894//2909 3795//5151
f 3795//5185 894//2909 895//2907 3802//5186
f 3802//5159 895//2907 896//5187 3809//5170
f 3809//5170 896//2906 897//2904 3816//5180
f 3816//5180 897//2904 59//5102 624//5100
f 3815//5177 3816//5188 624//5100 623//5099
f 3814//5189 3815//5177 623//5099 622//5097
f 3813//5174 3814//5178 622//5097 621//4043
f 3812//5173 3813//5174 621//4043 620//5095
f 3811//5171 3812//5190 620//5095 619//5094
f 3810//5172 3811//5171 619//5094 618//5092
f 575//3751 3810//5172 618//5092 57//5091
f 574//3750 3803//5162 3810//5172 575//3751
f 573//3747 3796//5153 3803//5162 574//5191
f 572//3745 3789//5192 3796//5193 573//3747
f 571//3744 3782//5194 3789//5144 572//3745
f 570//3743 3775//5121 3782//5135 571//3744
f 569//3742 3768//5118 3775//5121 570//3743
f 3817//5195 3818//5196 3825//5197 3824//5198
f 3818//5196 3819//5199 3826//5200 3825//5197
f 3819//5199 3820//5201 3827//5202 3826//5200
f 3820//5201 3821//5203 3828//5204 3827//5202
f 3821//5203 3822//5205 3829//5206 3828//5204
f 3822//5205 3823//5207 3830//5208 3829//5206
f 3824//5209 3825//5197 3832//5210 3831//5211
f 3825//5197 3826//5212 3833//5213 3832//5210
f 3826//5200 3827//5202 3834//5214 3833//5213
f 3827//5202 3828//5204 3835//5215 3834//5214
f 3828//5204 3829//5206 3836//5216 3835//5215
f 3829//5206 3830//5217 3837//5218 3836//5216
f 3831//5219 3832//5210 3839//5220 3838//5221
f 3832//5210 3833//5213 3840//5222 3839//5223
f 3833//5213 3834//5214 3841//5224 3840//5222
f 3834//5214 3835//5215 3842//5225 3841//5224
f 3835//5215 3836//5216 3843//5226 3842//5225
f 3836//5216 3837//5227 3844//5228 3843//5226
f 3838//5221 3839//5229 3846//5230 3845//5231
f 3839//5232 3840//5222 3847//5233 3846//5230
f 3840//5222 3841//5224 3848//5234 3847//5233
f 3841//5224 3842//5225 3849//5235 3848//5234
f 3842//5225 3843//5236 3850//5237 3849//5235
f 3843//5238 3844//5228 3851//5239 3850//5237
f 3845//5240 3846//5230 3853//5241 3852//5242
f 3846//5230 3847//5233 3854//5243 3853//5241
f 3847//5233 3848//5234 3855//5244 3854//5243
f 3848//5234 3849//5235 3856//5245 3855//5244
f 3849//5235 3850//5237 3857//5246 3856//5245
f 3850//5237 3851//5247 3858//5248 3857//5249
f 3852//5242 3853//5241 3860//5250 3859//5251
f 3853//5241 3854//5243 3861//5252 3860//5253
f 3854//5254 3855//5244 3862//5255 3861//5256
f 3855//5244 3856//5257 3863//5258 3862//5255
f 3856//5245 3857//5246 3864//5259 3863//5260
f 3857//5249 3858//5261 3865//5262 3864//5263
f 31//676 219//5264 3817//5195 345//1597
f 219//5264 220//5264 3818//5196 3817//5265
f 220//5264 221//5266 3819//5199 3818//5267
f 221//5264 222//5266 3820//5201 3819//5268
f 222//5266 223//5266 3821//5203 3820//5201
f 223//5269 224//5269 3822//5205 3821//5270
f 224//5269 225//5269 3823//5271 3822//5272
f 225//5269 32//481 653//1773 3823//5207
f 3823//5271 653//1773 654//1771 3830//5208
f 3830//5217 654//5273 655//1770 3837//5227
f 3837//5227 655//1770 656//1769 3844//5228
f 3844//5228 656//1769 657//1768 3851//5247
f 3851//5239 657//1768 658//5274 3858//5261
f 3858//5261 658//5274 659//1764 3865//5262
f 3865//5262 659//1764 52//3949 1002//5275
f 3864//5276 3865//5262 1002//5275 1001//5277
f 3863//5260 3864//5259 1001//5278 1000//5279
f 3862//5255 3863//5258 1000//5279 999//5280
f 3861//5256 3862//5255 999//5280 998//5281
f 3860//5253 3861//5252 998//5281 997//5282
f 3859//5251 3860//5250 997//5283 996//5284
f 351//1605 3859//5251 996//5284 50//4022
f 350//5285 3852//5242 3859//5251 351//1605
f 349//1602 3845//5240 3852//5242 350//5285
f 348//1601 3838//5221 3845//5240 349//1602
f 347//1600 3831//5219 3838//5221 348//1601
f 346//5286 3824//5209 3831//5219 347//1600
f 345//1597 3817//5265 3824//5198 346//1599
f 3866//5287 3867//5288 3874//5289 3873//5290
f 3867//5291 3868//5292 3875//5293 3874//5289
f 3868//5294 3869//5295 3876//5296 3875//5293
f 3869//5295 3870//5297 3877//5298 3876//5299
f 3870//5300 3871//5301 3878//5302 3877//5298
f 3871//5301 3872//5303 3879//5304 3878//5302
f 3873//5290 3874//5289 3881//5305 3880//5306
f 3874//5289 3875//5293 3882//5307 3881//5305
f 3875//5308 3876//5296 3883//5309 3882//5307
f 3876//5310 3877//5298 3884//5311 3883//5309
f 3877//5312 3878//5302 3885//5313 3884//5314
f 3878//5302 3879//5315 3886//5316 3885//5313
f 3880//5306 3881//5305 3888//5317 3887//5318
f 3881//5305 3882//5307 3889//5319 3888//5317
f 3882//5307 3883//5309 3890//5320 3889//5319
f 3883//5309 3884//5314 3891//5321 3890//5320
f 3884//5314 3885//5313 3892//5322 3891//5321
f 3885//5313 3886//5323 3893//5324 3892//5322
f 3887//5318 3888//5317 3895//5325 3894//5326
f 3888//5317 3889//5319 3896//5327 3895//5325
f 3889//5319 3890//5320 3897//5328 3896//5327
f 3890//5320 3891//5321 3898//5329 3897//5328
f 3891//5321 3892//5322 3899//5330 3898//5331
f 3892//5322 3893//5324 3900//5332 3899//5330
f 3894//5326 3895//5325 3902//5333 3901//5334
f 3895//5335 3896//5327 3903//5336 3902//5333
f 3896//5327 3897//5328 3904//5337 3903//5336
f 3897//5328 3898//5331 3905//5338 3904//5339
f 3898//5331 3899//5330 3906//5340 3905//5338
f 3899//5330 3900//5341 3907//5342 3906//5340
f 3901//5334 3902//5333 3909//5343 3908//5344
f 3902//5333 3903//5336 3910//5345 3909//5346
f 3903//5336 3904//5337 3911//5347 3910//5348
f 3904//5349 3905//5338 3912//5350 3911//5347
f 3905//5338 3906//5351 3913//5352 3912//5353
f 3906//5351 3907//5354 3914//5355 3913//5352
f 19//293 982//1698 3866//5287 149//5356
f 982//1698 983//1696 3867//5288 3866//5357
f 983//5358 984//1695 3868//5294 3867//5291
f 984//1695 985//1694 3869//5295 3868//5294
f 985//1694 986//1693 3870//5300 3869//5295
f 986//1693 987//5359 3871//5301 3870//5300
f 987//1692 988//1690 3872//5303 3871//5301
f 988//1690 49//4036 513//5360 3872//5303
f 3872//5303 513//5360 514//5361 3879//5304
f 3879//5362 514//5363 515//5364 3886//5316
f 3886//5323 515//5364 516//5365 3893//5324
f 3893//5324 516//5365 517//5366 3900//5332
f 3900//5341 517//5366 518//5367 3907//5368
f 3907//5354 518//5369 519//5370 3914//5355
f 3914//5355 519//5370 51//3937 848//1868
f 3913//5352 3914//5355 848//1868 847//5371
f 3912//5350 3913//5352 847//1866 846//1865
f 3911//5347 3912//5353 846//1865 845//1864
f 3910//5348 3911//5347 845//1864 844//1863
f 3909//5343 3910//5345 844//1863 843//5372
f 3908//5373 3909//5343 843//1862 842//1859
f 155//5374 3908//5344 842//1859 20//382
f 154//5374 3901//5334 3908//5375 155//5374
f 153//5376 3894//5326 3901//5377 154//5374
f 152//5376 3887//5318 3894//5378 153//5374
f 151//5356 3880//5379 3887//5318 152//5376
f 150//5356 3873//5290 3880//5380 151//5356
f 149//5356 3866//5357 3873//5381 150//5356
f 3915//5382 3916//5383 3923//5384 3922//5385
f 3916//5383 3917//5386 3924//5387 3923//5384
f 3917//5386 3918//5388 3925//5389 3924//5387
f 3918//5388 3919//5390 3926//5391 3925//5389
f 3919//5392 3920//5393 3927//5394 3926//5391
f 3920//5393 3921//5395 3928//5396 3927//5394
f 3922//5397 3923//5384 3930//5398 3929//5399
f 3923//5384 3924//5400 3931//5401 3930//5398
f 3924//5387 3925//5389 3932//5402 3931//5401
f 3925//5389 3926//5391 3933//5403 3932//5402
f 3926//5404 3927//5394 3934//5405 3933//5403
f 3927//5394 3928//5406 3935//5407 3934//5405
f 3929//5408 3930//5398 3937//5409 3936//5410
f 3930//5398 3931//5401 3938//5411 3937//5409
f 3931//5401 3932//5402 3939//5412 3938//5411
f 3932//5402 3933//5403 3940//5413 3939//5412
f 3933//5403 3934//5405 3941//5414 3940//5413
f 3934//5405 3935//5415 3942//5416 3941//5414
f 3936//5410 3937//5409 3944//5417 3943//5418
f 3937//5419 3938//5411 3945//5420 3944//5417
f 3938//5411 3939//5412 3946//5421 3945//5420
f 3939//5412 3940//5413 3947//5422 3946//5421
f 3940//5413 3941//5423 3948//5424 3947//5425
f 3941//5426 3942//5416 3949//5427 3948//5424
f 3943//5428 3944//5417 3951//5429 3950//5430
f 3944//5417 3945//5431 3952//5432 3951//5429
f 3945//5420 3946//5421 3953//5433 3952//5432
f 3946//5421 3947//5422 3954//5434 3953//5433
f 3947//5422 3948//5424 3955//5435 3954//5434
f 3948//5424 3949//5436 3956//5437 3955//5438
f 3950//5439 3951//5429 3958//5440 3957//5441
f 3951//5429 3952//5432 3959//5442 3958//5443
f 3952//5432 3953//5433 3960//5444 3959//5445
f 3953//5433 3954//5446 3961//5447 3960//5444
f 3954//5434 3955//5435 3962//5448 3961//5449
f 3955//5438 3956//5450 3963//5451 3962//5452
f 19//293 149//5356 3915//5382 247//291
f 149//5356 150//5356 3916//5383 3915//5453
f 150//5356 151//5356 3917//5386 3916//5383
f 151//5356 152//5376 3918//5388 3917//5386
f 152//5376 153//5374 3919//5392 3918//5388
f 153//5374 154//5374 3920//5393 3919//5454
f 154//5374 155//5374 3921//5455 3920//5456
f 155//5374 20//382 457//380 3921//5395
f 3921//5455 457//380 458//379 3928//5396
f 3928//5406 458//5457 459//378 3935//5415
f 3935//5415 459//378 460//377 3942//5416
f 3942//5416 460//377 461//376 3949//5436
f 3949//5436 461//376 462//374 3956//5450
f 3956//5450 462//5458 463//372 3963//5451
f 3963//5451 463//372 35//2805 1038//5459
f 3962//5452 3963//5451 1038//5459 1039//5460
f 3961//5461 3962//5462 1039//5463 1040//5464
f 3960//5444 3961//5447 1040//5464 1041//5465
f 3959//5445 3960//5444 1041//5466 1042//5467
f 3958//5468 3959//5469 1042//5467 1043//5470
f 3957//5441 3958//5440 1043//5471 1044//5472
f 253//262 3957//5441 1044//5472 36//3174
f 252//5473 3950//5439 3957//5441 253//262
f 251//298 3943//5428 3950//5439 252//5474
f 250//297 3936//5410 3943//5428 251//298
f 249//295 3929//5408 3936//5410 250//297
f 248//5475 3922//5385 3929//5399 249//295
f 247//291 3915//5476 3922//5385 248//296
f 3964//5477 3965//5478 3972//5479 3971//5480
f 3965//5481 3966//5482 3973//5483 3972//5479
f 3966//5484 3967//5485 3974//5486 3973//5483
f 3967//5485 3968//5487 3975//5488 3974//5489
f 3968//5490 3969//5491 3976//5492 3975//5488
f 3969//5491 3970//5493 3977//5494 3976//5492
f 3971//5480 3972//5479 3979//5495 3978//5496
f 3972//5479 3973//5483 3980//5497 3979//5498
f 3973//5483 3974//5486 3981//5499 3980//5497
f 3974//5489 3975//5488 3982//5500 3981//5499
f 3975//5488 3976//5492 3983//5501 3982//5500
f 3976//5492 3977//5502 3984//5503 3983//5501
f 3978//5496 3979//5495 3986//5504 3985//5505
f 3979//5495 3980//5497 3987//5506 3986//5504
f 3980//5497 3981//5499 3988//5507 3987//5506
f 3981//5499 3982//5500 3989//5508 3988//5507
f 3982//5500 3983//5501 3990//5509 3989//5508
f 3983//5501 3984//5503 3991//5510 3990//5509
f 3985//5505 3986//5504 3993//5511 3992//5512
f 3986//5504 3987//5506 3994//5513 3993//5511
f 3987//5506 3988//5507 3995//5514 3994//5513
f 3988//5507 3989//5508 3996//5515 3995//5514
f 3989//5508 3990//5509 3997//5516 3996//5515
f 3990//5509 3991//5510 3998//5517 3997//5516
f 3992//5512 3993//5511 4000//5518 3999//5519
f 3993//5520 3994//5513 4001//5521 4000//5518
f 3994//5513 3995//5514 4002//5522 4001//5521
f 3995//5514 3996//5515 4003//5523 4002//5524
f 3996//5515 3997//5516 4004//5525 4003//5523
f 3997//5516 3998//5526 4005//5527 4004//5525
f 3999//5519 4000//5518 4007//5528 4006//5529
f 4000//5518 4001//5521 4008//5530 4007//5531
f 4001//5521 4002//5532 4009//5533 4008//5534
f 4002//5535 4003//5523 4010//5536 4009//5533
f 4003//5523 4004//5525 4011//5537 4010//5538
f 4004//5525 4005//5539 4012//5540 4011//5537
f 10//61 751//64 3964//5477 92//5541
f 751//64 752//101 3965//5478 3964//5542
f 752//5543 753//100 3966//5482 3965//5478
f 753//100 754//99 3967//5485 3966//5484
f 754//99 755//97 3968//5490 3967//5485
f 755//97 756//98 3969//5491 3968//5490
f 756//5544 757//94 3970//5493 3969//5491
f 757//94 34//3188 1009//5545 3970//5493
f 3970//5493 1009//5545 1008//5546 3977//5494
f 3977//5502 1008//5547 1007//5548 3984//5549
f 3984//5503 1007//5548 1006//5550 3991//5510
f 3991//5510 1006//5550 1005//5551 3998//5517
f 3998//5552 1005//5551 1004//5553 4005//5554
f 4005//5539 1004//5555 1003//5556 4012//5540
f 4012//5540 1003//5556 33//2792 232//183
f 4011//5537 4012//5540 232//183 231//181
f 4010//5538 4011//5537 231//181 230//179
f 4009//5533 4010//5538 230//179 229//178
f 4008//5534 4009//5533 229//178 228//177
f 4007//5531 4008//5534 228//177 227//5557
f 4006//5558 4007//5528 227//176 226//175
f 86//5559 4006//5529 226//175 9//174
f 87//5559 3999//5519 4006//5558 86//5559
f 88//5560 3992//5512 3999//5519 87//5559
f 89//5560 3985//5505 3992//5512 88//5559
f 90//5560 3978//5496 3985//5505 89//5560
f 91//5541 3971//5480 3978//5561 90//5541
f 92//5541 3964//5542 3971//5562 91//5541
f 4013//5563 4014//5564 4021//5565 4020//5566
f 4014//5567 4015//5568 4022//5569 4021//5565
f 4015//5568 4016//5570 4023//5571 4022//5569
f 4016//5570 4017//5572 4024//5573 4023//5574
f 4017//5575 4018//5576 4025//5577 4024//5573
f 4018//5576 4019//5578 4026//5579 4025//5577
f 4020//5566 4021//5565 4028//5580 4027//5581
f 4021//5565 4022//5569 4029//5582 4028//5583
f 4022//5569 4023//5571 4030//5584 4029//5582
f 4023//5585 4024//5573 4031//5586 4030//5584
f 4024//5573 4025//5577 4032//5587 4031//5586
f 4025//5577 4026//5588 4033//5589 4032//5587
f 4027//5581 4028//5580 4035//5590 4034//5591
f 4028//5580 4029//5582 4036//5592 4035//5590
f 4029//5582 4030//5584 4037//5593 4036//5592
f 4030//5584 4031//5586 4038//5594 4037//5593
f 4031//5586 4032//5587 4039//5595 4038//5594
f 4032//5596 4033//5597 4040//5598 4039//5595
f 4034//5591 4035//5590 4042//5599 4041//5600
f 4035//5590 4036//5592 4043//5601 4042//5599
f 4036//5592 4037//5593 4044//5602 4043//5601
f 4037//5603 4038//5594 4045//5604 4044//5602
f 4038//5594 4039//5605 4046//5606 4045//5607
f 4039//5595 4040//5598 4047//5608 4046//5606
f 4041//5600 4042//5599 4049//5609 4048//5610
f 4042//5611 4043//5601 4050//5612 4049//5609
f 4043//5601 4044//5602 4051//5613 4050//5612
f 4044//5602 4045//5607 4052//5614 4051//5615
f 4045//5607 4046//5606 4053//5616 4052//5614
f 4046//5617 4047//5618 4054//5619 4053//5616
f 4048//5610 4049//5609 4056//5620 4055//5621
f 4049//5609 4050//5612 4057//5622 4056//5623
f 4050//5612 4051//5613 4058//5624 4057//5625
f 4051//5626 4052//5614 4059//5627 4058//5624
f 4052//5614 4053//5628 4060//5629 4059//5630
f 4053//5616 4054//5631 4061//5632 4060//5633
f 9//174 667//988 4013//5563 86//5559
f 667//988 668//986 4014//5564 4013//5634
f 668//5635 669//985 4015//5568 4014//5567
f 669//985 670//984 4016//5570 4015//5568
f 670//984 671//983 4017//5575 4016//5570
f 671//983 672//5636 4018//5576 4017//5575
f 672//5636 673//980 4019//5578 4018//5576
f 673//980 41//4398 492//5637 4019//5578
f 4019//5578 492//5637 493//5638 4026//5579
f 4026//5588 493//5639 494//5640 4033//5589
f 4033//5597 494//5640 495//5641 4040//5598
f 4040//5598 495//5641 496//5642 4047//5608
f 4047//5643 496//5642 497//5644 4054//5645
f 4054//5631 497//5646 498//5647 4061//5632
f 4061//5632 498//5647 43//4298 806//1156
f 4060//5633 4061//5632 806//1156 805//5648
f 4059//5630 4060//5633 805//5649 804//1152
f 4058//5624 4059//5630 804//1152 803//1151
f 4057//5625 4058//5624 803//1151 802//1150
f 4056//5623 4057//5625 802//1150 801//5650
f 4055//5651 4056//5620 801//1149 800//1146
f 92//5541 4055//5621 800//1146 10//61
f 91//5541 4048//5610 4055//5651 92//5541
f 90//5560 4041//5600 4048//5652 91//5541
f 89//5560 4034//5591 4041//5600 90//5541
f 88//5559 4027//5581 4034//5591 89//5560
f 87//5559 4020//5566 4027//5653 88//5559
f 86//5559 4013//5634 4020//5654 87//5559
f 4062//5655 4063//5656 4070//5657 4069//5658
f 4063//5656 4064//5659 4071//5660 4070//5657
f 4064//5661 4065//5662 4072//5663 4071//5660
f 4065//5662 4066//5664 4073//5665 4072//5663
f 4066//5664 4067//5666 4074//5667 4073//5665
f 4067//5666 4068//5668 4075//5669 4074//5667
f 4069//5670 4070//5657 4077//5671 4076//5672
f 4070//5657 4071//5673 4078//5674 4077//5671
f 4071//5660 4072//5663 4079//5675 4078//5674
f 4072//5663 4073//5665 4080//5676 4079//5675
f 4073//5677 4074//5667 4081//5678 4080//5676
f 4074//5667 4075//5679 4082//5680 4081//5678
f 4076//5672 4077//5671 4084//5681 4083//5682
f 4077//5671 4078//5674 4085//5683 4084//5681
f 4078//5674 4079//5675 4086//5684 4085//5683
f 4079//5675 4080//5676 4087//5685 4086//5684
f 4080//5676 4081//5678 4088//5686 4087//5685
f 4081//5687 4082//5680 4089//5688 4088//5686
f 4083//5682 4084//5689 4091//5690 4090//5691
f 4084//5692 4085//5683 4092//5693 4091//5690
f 4085//5683 4086//5684 4093//5694 4092//5693
f 4086//5684 4087//5685 4094//5695 4093//5694
f 4087//5685 4088//5696 4095//5697 4094//5698
f 4088//5699 4089//5688 4096//5700 4095//5697
f 4090//5701 4091//5690 4098//5702 4097//5703
f 4091//5690 4092//5693 4099//5704 4098//5702
f 4092//5693 4093//5694 4100//5705 4099//5704
f 4093//5694 4094//5695 4101//5706 4100//5705
f 4094//5695 4095//5697 4102//5707 4101//5706
f 4095//5697 4096//5708 4103//5709 4102//5707
f 4097//5703 4098//5702 4105//5710 4104//5711
f 4098//5702 4099//5704 4106//5712 4105//5713
f 4099//5714 4100//5705 4107//5715 4106//5716
f 4100//5705 4101//5706 4108//5717 4107//5715
f 4101//5718 4102//5707 4109//5719 4108//5720
f 4102//5721 4103//5709 4110//5722 4109//5723
f 25//592 184//5724 4062//5655 289//877
f 184//5724 185//5724 4063//5656 4062//5725
f 185//5724 186//5726 4064//5661 4063//5727
f 186//5724 187//5726 4065//5662 4064//5728
f 187//5726 188//5726 4066//5664 4065//5662
f 188//5729 189//5729 4067//5666 4066//5730
f 189//5729 190//5729 4068//5731 4067//5732
f 190//5729 26//761 520//1062 4068//5668
f 4068//5733 520//1062 521//5734 4075//5669
f 4075//5669 521//5734 522//1059 4082//5680
f 4082//5680 522//1059 523//1058 4089//5688
f 4089//5688 523//1058 524//1057 4096//5708
f 4096//5708 524//1057 525//5735 4103//5709
f 4103//5709 525//5735 526//1052 4110//5722
f 4110//5722 526//1052 44//4312 1016//5736
f 4109//5723 4110//5722 1016//5736 1015//5737
f 4108//5720 4109//5738 1015//5739 1014//5740
f 4107//5715 4108//5717 1014//5740 1013//5741
f 4106//5716 4107//5715 1013//5741 1012//5742
f 4105//5743 4106//5712 1012//5742 1011//5744
f 4104//5711 4105//5710 1011//5745 1010//5746
f 295//885 4104//5711 1010//5746 42//4384
f 294//5747 4097//5703 4104//5711 295//885
f 293//882 4090//5701 4097//5703 294//5747
f 292//881 4083//5682 4090//5701 293//882
f 291//880 4076//5672 4083//5682 292//881
f 290//5748 4069//5670 4076//5672 291//880
f 289//877 4062//5725 4069//5658 290//879
f 4111//5749 4112//5750 4119//5751 4118//5752
f 4112//5753 4113//5754 4120//5755 4119//5751
f 4113//5756 4114//5757 4121//5758 4120//5755
f 4114//5757 4115//5759 4122//5760 4121//5761
f 4115//5762 4116//5763 4123//5764 4122//5760
f 4116//5763 4117//5765 4124//5766 4123//5764
f 4118//5752 4119//5751 4126//5767 4125//5768
f 4119//5751 4120//5755 4127//5769 4126//5770
f 4120//5755 4121//5758 4128//5771 4127//5769
f 4121//5761 4122//5760 4129//5772 4128//5771
f 4122//5760 4123//5764 4130//5773 4129//5772
f 4123//5764 4124//5774 4131//5775 4130//5773
f 4125//5768 4126//5767 4133//5776 4132//5777
f 4126//5767 4127//5769 4134//5778 4133//5776
f 4127//5769 4128//5771 4135//5779 4134//5778
f 4128//5771 4129//5772 4136//5780 4135//5779
f 4129//5772 4130//5773 4137//5781 4136//5780
f 4130//5773 4131//5775 4138//5782 4137//5781
f 4132//5777 4133//5776 4140//5783 4139//5784
f 4133//5776 4134//5778 4141//5785 4140//5783
f 4134//5778 4135//5779 4142//5786 4141//5785
f 4135//5779 4136//5780 4143//5787 4142//5786
f 4136//5780 4137//5781 4144//5788 4143//5787
f 4137//5781 4138//5782 4145//5789 4144//5788
f 4139//5784 4140//5783 4147//5790 4146//5791
f 4140//5792 4141//5785 4148//5793 4147//5790
f 4141//5785 4142//5786 4149//5794 4148//5793
f 4142//5786 4143//5795 4150//5796 4149//5797
f 4143//5795 4144//5788 4151//5798 4150//5796
f 4144//5788 4145//5789 4152//5799 4151//5798
f 4146//5791 4147//5790 4154//5800 4153//5801
f 4147//5790 4148//5793 4155//5802 4154//5803
f 4148//5793 4149//5804 4156//5805 4155//5806
f 4149//5807 4150//5796 4157//5808 4156//5805
f 4150//5796 4151//5798 4158//5809 4157//5810
f 4151//5798 4152//5811 4159//5812 4158//5809
f 25//592 975//589 4111//5749 184//5724
f 975//589 976//587 4112//5750 4111//5813
f 976//5814 977//586 4113//5754 4112//5750
f 977//586 978//585 4114//5757 4113//5756
f 978//585 979//584 4115//5762 4114//5757
f 979//584 980//5815 4116//5763 4115//5762
f 980//5815 981//581 4117//5765 4116//5763
f 981//581 37//3563 1045//5816 4117//5765
f 4117//5765 1045//5816 1046//5817 4124//5766
f 4124//5818 1046//5819 1047//5820 4131//5821
f 4131//5775 1047//5820 1048//5822 4138//5782
f 4138//5782 1048//5823 1049//5824 4145//5789
f 4145//5825 1049//5824 1050//5826 4152//5827
f 4152//5811 1050//5828 1051//5829 4159//5812
f 4159//5812 1051//5829 39//2404 785//5830
f 4158//5809 4159//5812 785//772 784//770
f 4157//5810 4158//5809 784//5831 783//768
f 4156//5805 4157//5810 783//768 782//767
f 4155//5806 4156//5805 782//767 781//766
f 4154//5803 4155//5806 781//766 780//5832
f 4153//5833 4154//5800 780//5832 779//762
f 190//5729 4153//5801 779//762 26//761
f 189//5729 4146//5791 4153//5833 190//5729
f 188//5729 4139//5784 4146//5834 189//5729
f 187//5726 4132//5777 4139//5835 188//5729
f 186//5726 4125//5768 4132//5777 187//5726
f 185//5724 4118//5752 4125//5836 186//5724
f 184//5724 4111//5813 4118//5837 185//5724
f 4160//5838 4161//5839 4168//5840 4167//5841
f 4161//5839 4162//5842 4169//5843 4168//5840
f 4162//5842 4163//5844 4170//5845 4169//5843
f 4163//5844 4164//5846 4171//5847 4170//5845
f 4164//5846 4165//5848 4172//5849 4171//5847
f 4165//5848 4166//5850 4173//5851 4172//5849
f 4167//5852 4168//5840 4175//5853 4174//5854
f 4168//5840 4169//5855 4176//5856 4175//5853
f 4169//5843 4170//5845 4177//5857 4176//5856
f 4170//5845 4171//5847 4178//5858 4177//5857
f 4171//5859 4172//5849 4179//5860 4178//5858
f 4172//5849 4173//5861 4180//5862 4179//5860
f 4174//5863 4175//5853 4182//5864 4181//5865
f 4175//5853 4176//5856 4183//5866 4182//5864
f 4176//5856 4177//5857 4184//5867 4183//5866
f 4177//5857 4178//5858 4185//5868 4184//5867
f 4178//5858 4179//5860 4186//5869 4185//5868
f 4179//5860 4180//5870 4187//5871 4186//5872
f 4181//5865 4182//5873 4189//5874 4188//5875
f 4182//5873 4183//5866 4190//5876 4189//5874
f 4183//5866 4184//5867 4191//5877 4190//5876
f 4184//5867 4185//5868 4192//5878 4191//5877
f 4185//5868 4186//5879 4193//5880 4192//5878
f 4186//5881 4187//5871 4194//5882 4193//5880
f 4188//5883 4189//5874 4196//5884 4195//5885
f 4189//5874 4190//5876 4197//5886 4196//5884
f 4190//5876 4191//5877 4198//5887 4197//5886
f 4191//5877 4192//5878 4199//5888 4198//5887
f 4192//5878 4193//5880 4200//5889 4199//5888
f 4193//5880 4194//5890 4201//5891 4200//5892
f 4195//5885 4196//5893 4203//5894 4202//5895
f 4196//5884 4197//5886 4204//5896 4203//5897
f 4197//5886 4198//5887 4205//5898 4204//5899
f 4198//5887 4199//5900 4206//5901 4205//5898
f 4199//5888 4200//5889 4207//5902 4206//5903
f 4200//5892 4201//5891 4208//5904 4207//5905
f 32//481 225//5269 4160//5838 548//482
f 225//5269 224//5269 4161//5839 4160//5906
f 224//5269 223//5266 4162//5842 4161//5839
f 223//5269 222//5266 4163//5844 4162//5842
f 222//5266 221//5266 4164//5846 4163//5844
f 221//5264 220//5264 4165//5848 4164//5907
f 220//5264 219//5264 4166//5908 4165//5909
f 219//5264 31//676 275//675 4166//5850
f 4166//5908 275//675 276//673 4173//5851
f 4173//5861 276//5910 277//672 4180//5870
f 4180//5870 277//672 278//671 4187//5871
f 4187//5871 278//671 279//670 4194//5890
f 4194//5882 279//670 280//668 4201//5891
f 4201//5891 280//5911 281//665 4208//5904
f 4208//5904 281//665 40//2420 638//5912
f 4207//5913 4208//5904 638//5912 637//5914
f 4206//5915 4207//5916 637//5917 636//5918
f 4205//5898 4206//5901 636//5918 635//5919
f 4204//5899 4205//5898 635//5919 634//5920
f 4203//5921 4204//5922 634//5920 633//5923
f 4202//5895 4203//5894 633//5924 632//5925
f 554//490 4202//5895 632//5925 38//3551
f 553//5926 4195//5885 4202//5895 554//490
f 552//487 4188//5883 4195//5885 553//5926
f 551//486 4181//5865 4188//5883 552//487
f 550//485 4174//5863 4181//5865 551//486
f 549//5927 4167//5841 4174//5854 550//485
f 548//482 4160//5906 4167//5841 549//484
f 4209//5928 4210//5929 4217//5930 4216//5931
f 4210//5932 4211//5933 4218//5934 4217//5930
f 4211//5933 4212//5935 4219//5936 4218//5934
f 4212//5935 4213//5937 4220//5938 4219//5936
f 4213//5937 4214//5939 4221//5940 4220//5941
f 4214//5939 4215//5942 4222//5943 4221//5940
f 4216//5931 4217//5930 4224//5944 4223//5945
f 4217//5930 4218//5934 4225//5946 4224//5947
f 4218//5934 4219//5936 4226//5948 4225//5946
f 4219//5936 4220//5938 4227//5949 4226//5950
f 4220//5941 4221//5940 4228//5951 4227//5952
f 4221//5940 4222//5943 4229//5953 4228//5954
f 4223//5945 4224//5947 4231//5955 4230//5956
f 4224//5947 4225//5946 4232//5957 4231//5955
f 4225//5946 4226//5950 4233//5958 4232//5957
f 4226//5959 4227//5949 4234//5960 4233//5958
f 4227//5949 4228//5954 4235//5961 4234//5960
f 4228//5954 4229//5962 4236//5963 4235//5961
f 4230//5956 4231//5955 4238//5964 4237//5965
f 4231//5955 4232//5957 4239//5966 4238//5964
f 4232//5957 4233//5958 4240//5967 4239//5966
f 4233//5958 4234//5960 4241//5968 4240//5969
f 4234//5960 4235//5961 4242//5970 4241//5968
f 4235//5961 4236//5963 4243//5971 4242//5970
f 4237//5965 4238//5972 4245//5973 4244//5974
f 4238//5964 4239//5966 4246//5975 4245//5973
f 4239//5966 4240//5976 4247//5977 4246//5975
f 4240//5967 4241//5968 4248//5978 4247//5977
f 4241//5968 4242//5979 4249//5980 4248//5981
f 4242//5970 4243//5982 4250//5983 4249//5980
f 4244//5974 4245//5973 4252//5984 4251//5985
f 4245//5973 4246//5975 4253//5986 4252//5987
f 4246//5975 4247//5977 4254//5988 4253//5986
f 4247//5977 4248//5978 4255//5989 4254//5988
f 4248//5981 4249//5980 4256//5990 4255//5989
f 4249//5980 4250//5983 4257//5991 4256//5990
f 41//4398 485//5114 4209//5928 492//5637
f 485//5113 486//5112 4210//5929 4209//5928
f 486//5112 487//5111 4211//5933 4210//5992
f 487//5111 488//5109 4212//5935 4211//5993
f 488//5109 489//5106 4213//5994 4212//5995
f 489//5106 490//5996 4214//5939 4213//5937
f 490//5104 491//5103 4215//5942 4214//5939
f 491//5103 59//5997 625//5998 4215//5999
f 4215//5942 625//5998 626//6000 4222//5943
f 4222//5943 626//6000 627//6001 4229//6002
f 4229//5962 627//6001 628//5266 4236//5963
f 4236//5963 628//5266 629//6003 4243//5971
f 4243//5982 629//6003 630//6004 4250//5983
f 4250//5983 630//6004 631//6005 4257//5991
f 4257//5991 631//6005 60//2232 512//4912
f 4256//5990 4257//5991 512//4912 511//4911
f 4255//5989 4256//5990 511//6006 510//4907
f 4254//6007 4255//6008 510//4907 509//4905
f 4253//6009 4254//5988 509//4905 508//4904
f 4252//5984 4253//5986 508//4904 507//4903
f 4251//5985 4252//5984 507//4903 506//6010
f 498//5647 4251//5985 506//4902 43//4298
f 497//5646 4244//5974 4251//6011 498//5647
f 496//5642 4237//5965 4244//5974 497//5646
f 495//5641 4230//5956 4237//5965 496//5642
f 494//5640 4223//5945 4230//5956 495//5641
f 493//5638 4216//5931 4223//5945 494//5640
f 492//5637 4209//5928 4216//5931 493//5638
f 4258//6012 4259//6013 4266//6014 4265//6015
f 4259//6013 4260//6016 4267//6017 4266//6014
f 4260//6016 4261//6018 4268//6019 4267//6020
f 4261//6018 4262//6021 4269//6022 4268//6019
f 4262//6021 4263//6023 4270//6024 4269//6022
f 4263//6023 4264//6025 4271//6026 4270//6024
f 4265//6027 4266//6014 4273//6028 4272//6029
f 4266//6014 4267//6020 4274//6030 4273//6028
f 4267//6017 4268//6019 4275//6031 4274//6030
f 4268//6019 4269//6032 4276//6033 4275//6031
f 4269//6022 4270//6024 4277//6034 4276//6033
f 4270//6024 4271//6035 4278//6036 4277//6034
f 4272//6029 4273//6028 4280//6037 4279//6038
f 4273//6028 4274//6030 4281//6039 4280//6037
f 4274//6030 4275//6031 4282//6040 4281//6041
f 4275//6031 4276//6033 4283//6042 4282//6040
f 4276//6033 4277//6034 4284//6043 4283//6044
f 4277//6034 4278//6036 4285//6045 4284//6043
f 4279//6038 4280//6037 4287//6046 4286//6047
f 4280//6037 4281//6041 4288//6048 4287//6046
f 4281//6041 4282//6040 4289//6049 4288//6048
f 4282//6040 4283//6044 4290//6050 4289//6049
f 4283//6042 4284//6043 4291//6051 4290//6050
f 4284//6043 4285//6045 4292//6052 4291//6051
f 4286//6047 4287//6053 4294//6054 4293//6055
f 4287//6053 4288//6048 4295//6056 4294//6054
f 4288//6048 4289//6049 4296//6057 4295//6058
f 4289//6049 4290//6050 4297//6059 4296//6057
f 4290//6050 4291//6060 4298//6061 4297//6062
f 4291//6060 4292//6052 4299//6063 4298//6061
f 4293//6055 4294//6054 4301//6064 4300//6065
f 4294//6054 4295//6058 4302//6066 4301//6064
f 4295//6058 4296//6057 4303//6067 4302//6068
f 4296//6057 4297//6059 4304//6069 4303//6067
f 4297//6059 4298//6061 4305//6070 4304//6071
f 4298//6072 4299//6063 4306//6073 4305//6070
f 33//2792 1003//5556 4258//6012 408//2979
f 1003//5556 1004//5555 4259//6013 4258//6074
f 1004//5555 1005//5551 4260//6016 4259//6013
f 1005//5551 1006//6075 4261//6018 4260//6016
f 1006//6075 1007//5548 4262//6021 4261//6018
f 1007//5548 1008//5546 4263//6023 4262//6021
f 1008//5546 1009//5545 4264//6025 4263//6023
f 1009//5545 34//3188 898//3258 4264//6025
f 4264//6025 898//3294 899//3291 4271//6026
f 4271//6026 899//3291 900//3293 4278//6036
f 4278//6076 900//3289 901//3286 4285//6045
f 4285//6077 901//3286 902//3284 4292//6078
f 4292//6052 902//3284 903//6079 4299//6063
f 4299//6063 903//3283 904//3281 4306//6073
f 4306//6073 904//3281 60//2232 631//6005
f 4305//6070 4306//6080 631//6005 630//6004
f 4304//6081 4305//6070 630//6004 629//6003
f 4303//6067 4304//6071 629//6003 628//5266
f 4302//6066 4303//6067 628//5266 627//6001
f 4301//6064 4302//6082 627//6001 626//6000
f 4300//6065 4301//6064 626//6000 625//5998
f 414//2989 4300//6065 625//5998 59//5997
f 413//2988 4293//6055 4300//6065 414//2989
f 412//2984 4286//6047 4293//6055 413//6083
f 411//2983 4279//6084 4286//6085 412//2984
f 410//2982 4272//6086 4279//6038 411//2983
f 409//2980 4265//6015 4272//6086 410//2982
f 408//2979 4258//6012 4265//6015 409//2980
f 4307//6087 4308//6088 4315//6089 4314//6090
f 4308//6091 4309//6092 4316//6093 4315//6089
f 4309//6092 4310//6094 4317//6095 4316//6093
f 4310//6094 4311//6096 4318//6097 4317//6095
f 4311//6096 4312//6098 4319//6099 4318//6100
f 4312//6098 4313//6101 4320//6102 4319//6099
f 4314//6090 4315//6089 4322//6103 4321//6104
f 4315//6089 4316//6093 4323//6105 4322//6103
f 4316//6093 4317//6095 4324//6106 4323//6105
f 4317//6095 4318//6097 4325//6107 4324//6108
f 4318//6100 4319//6099 4326//6109 4325//6107
f 4319//6099 4320//6102 4327//6110 4326//6111
f 4321//6104 4322//6103 4329//6112 4328//6113
f 4322//6103 4323//6105 4330//6114 4329//6112
f 4323//6105 4324//6108 4331//6115 4330//6114
f 4324//6116 4325//6107 4332//6117 4331//6115
f 4325//6107 4326//6111 4333//6118 4332//6117
f 4326//6111 4327//6119 4334//6120 4333//6118
f 4328//6113 4329//6112 4336//6121 4335//6122
f 4329//6112 4330//6114 4337//6123 4336//6121
f 4330//6114 4331//6115 4338//6124 4337//6123
f 4331//6115 4332//6117 4339//6125 4338//6126
f 4332//6117 4333//6118 4340//6127 4339//6128
f 4333//6118 4334//6120 4341//6129 4340//6127
f 4335//6122 4336//6130 4343//6131 4342//6132
f 4336//6121 4337//6123 4344//6133 4343//6131
f 4337//6123 4338//6134 4345//6135 4344//6133
f 4338//6124 4339//6128 4346//6136 4345//6135
f 4339//6125 4340//6137 4347//6138 4346//6139
f 4340//6127 4341//6140 4348//6141 4347//6138
f 4342//6132 4343//6131 4350//6142 4349//6143
f 4343//6131 4344//6133 4351//6144 4350//6145
f 4344//6133 4345//6135 4352//6146 4351//6144
f 4345//6135 4346//6136 4353//6147 4352//6146
f 4346//6139 4347//6138 4354//6148 4353//6147
f 4347//6149 4348//6141 4355//6150 4354//6148
f 49//4036 555//4662 4307//6087 513//5360
f 555//4662 556//4661 4308//6151 4307//6087
f 556//4661 557//6152 4309//6092 4308//6151
f 557//6152 558//4658 4310//6094 4309//6153
f 558//4658 559//4655 4311//6154 4310//6155
f 559//4655 560//6156 4312//6098 4311//6096
f 560//4653 561//4652 4313//6157 4312//6098
f 561//4652 63//2038 1052//6158 4313//6157
f 4313//6157 1052//6158 1053//6159 4320//6102
f 4320//6102 1053//6159 1054//6160 4327//6161
f 4327//6110 1054//6160 1055//5726 4334//6120
f 4334//6120 1055//5726 1056//6162 4341//6140
f 4341//6163 1056//6162 1057//6164 4348//6141
f 4348//6141 1057//6164 1058//6165 4355//6166
f 4355//6166 1058//6165 64//6167 603//4825
f 4354//6148 4355//6166 603//4825 602//4824
f 4353//6147 4354//6148 602//6168 601//4821
f 4352//6169 4353//6170 601//4821 600//4819
f 4351//6171 4352//6146 600//4819 599//4818
f 4350//6142 4351//6171 599//4816 598//4815
f 4349//6143 4350//6142 598//4815 597//4813
f 519//5370 4349//6143 597//4813 51//3937
f 518//5369 4342//6132 4349//6143 519//5370
f 517//5366 4335//6122 4342//6132 518//5369
f 516//5365 4328//6113 4335//6122 517//5366
f 515//5364 4321//6104 4328//6113 516//5365
f 514//5363 4314//6090 4321//6104 515//5364
f 513//5360 4307//6172 4314//6090 514//5361
f 4356//6173 4357//6174 4364//6175 4363//6176
f 4357//6174 4358//6177 4365//6178 4364//6175
f 4358//6177 4359//6179 4366//6180 4365//6178
f 4359//6179 4360//6181 4367//6182 4366//6180
f 4360//6181 4361//6183 4368//6184 4367//6182
f 4361//6183 4362//6185 4369//6186 4368//6184
f 4363//6187 4364//6175 4371//6188 4370//6189
f 4364//6175 4365//6178 4372//6190 4371//6188
f 4365//6178 4366//6180 4373//6191 4372//6190
f 4366//6180 4367//6182 4374//6192 4373//6191
f 4367//6182 4368//6184 4375//6193 4374//6192
f 4368//6184 4369//6194 4376//6195 4375//6193
f 4370//6189 4371//6188 4378//6196 4377//6197
f 4371//6188 4372//6190 4379//6198 4378//6196
f 4372//6190 4373//6191 4380//6199 4379//6200
f 4373//6191 4374//6192 4381//6201 4380//6199
f 4374//6192 4375//6193 4382//6202 4381//6203
f 4375//6193 4376//6195 4383//6204 4382//6202
f 4377//6197 4378//6196 4385//6205 4384//6206
f 4378//6196 4379//6200 4386//6207 4385//6205
f 4379//6198 4380//6199 4387//6208 4386//6207
f 4380//6199 4381//6203 4388//6209 4387//6208
f 4381//6201 4382//6202 4389//6210 4388//6211
f 4382//6202 4383//6204 4390//6212 4389//6210
f 4384//6206 4385//6213 4392//6214 4391//6215
f 4385//6213 4386//6216 4393//6217 4392//6214
f 4386//6207 4387//6208 4394//6218 4393//6217
f 4387//6208 4388//6211 4395//6219 4394//6218
f 4388//6211 4389//6220 4396//6221 4395//6222
f 4389//6220 4390//6223 4397//6224 4396//6221
f 4391//6215 4392//6225 4399//6226 4398//6227
f 4392//6214 4393//6217 4400//6228 4399//6226
f 4393//6217 4394//6218 4401//6229 4400//6230
f 4394//6218 4395//6219 4402//6231 4401//6229
f 4395//6219 4396//6221 4403//6232 4402//6233
f 4396//6234 4397//6224 4404//6235 4403//6232
f 36//3174 1044//5472 4356//6173 919//3261
f 1044//5472 1043//5471 4357//6174 4356//6173
f 1043//5471 1042//5467 4358//6177 4357//6174
f 1042//5467 1041//5465 4359//6179 4358//6177
f 1041//5465 1040//5464 4360//6181 4359//6179
f 1040//5464 1039//5460 4361//6183 4360//6181
f 1039//5460 1038//5459 4362//6236 4361//6183
f 1038//5459 35//2805 471//3001 4362//6185
f 4362//6185 471//3001 472//3000 4369//6186
f 4369//6186 472//3000 473//6237 4376//6238
f 4376//6238 473//2999 474//2998 4383//6204
f 4383//6239 474//2998 475//2995 4390//6240
f 4390//6212 475//2995 476//6241 4397//6224
f 4397//6224 476//2993 477//2992 4404//6235
f 4404//6235 477//2992 64//6167 1058//6165
f 4403//6232 4404//6235 1058//6165 1057//6164
f 4402//6242 4403//6232 1057//6164 1056//6162
f 4401//6229 4402//6233 1056//6162 1055//5726
f 4400//6228 4401//6229 1055//5726 1054//6160
f 4399//6226 4400//6243 1054//6160 1053//6159
f 4398//6227 4399//6226 1053//6159 1052//6158
f 925//3271 4398//6227 1052//6158 63//2038
f 924//3270 4391//6215 4398//6227 925//3271
f 923//3267 4384//6206 4391//6215 924//6244
f 922//3265 4377//6245 4384//6246 923//3267
f 921//6247 4370//6248 4377//6197 922//3265
f 920//3263 4363//6249 4370//6248 921//6250
f 919//3262 4356//6173 4363//6176 920//3263
f 4405//6251 4406//6252 4413//6253 4412//6254
f 4406//6255 4407//6256 4414//6257 4413//6253
f 4407//6256 4408//6258 4415//6259 4414//6257
f 4408//6258 4409//6260 4416//6261 4415//6259
f 4409//6262 4410//6263 4417//6264 4416//6261
f 4410//6263 4411//6265 4418//6266 4417//6264
f 4412//6254 4413//6253 4420//6267 4419//6268
f 4413//6253 4414//6257 4421//6269 4420//6267
f 4414//6257 4415//6259 4422//6270 4421//6269
f 4415//6259 4416//6261 4423//6271 4422//6272
f 4416//6273 4417//6264 4424//6274 4423//6275
f 4417//6264 4418//6266 4425//6276 4424//6274
f 4419//6268 4420//6267 4427//6277 4426//6278
f 4420//6267 4421//6269 4428//6279 4427//6277
f 4421//6269 4422//6272 4429//6280 4428//6279
f 4422//6270 4423//6271 4430//6281 4429//6280
f 4423//6271 4424//6274 4431//6282 4430//6281
f 4424//6274 4425//6283 4432//6284 4431//6282
f 4426//6278 4427//6277 4434//6285 4433//6286
f 4427//6277 4428//6279 4435//6287 4434//6285
f 4428//6279 4429//6280 4436//6288 4435//6287
f 4429//6280 4430//6281 4437//6289 4436//6290
f 4430//6281 4431//6282 4438//6291 4437//6289
f 4431//6282 4432//6284 4439//6292 4438//6291
f 4433//6286 4434//6285 4441//6293 4440//6294
f 4434//6285 4435//6287 4442//6295 4441//6293
f 4435//6287 4436//6290 4443//6296 4442//6295
f 4436//6288 4437//6289 4444//6297 4443//6296
f 4437//6289 4438//6298 4445//6299 4444//6300
f 4438//6291 4439//6301 4446//6302 4445//6299
f 4440//6294 4441//6293 4448//6303 4447//6304
f 4441//6293 4442//6295 4449//6305 4448//6306
f 4442//6295 4443//6296 4450//6307 4449//6308
f 4443//6296 4444//6297 4451//6309 4450//6307
f 4444//6297 4445//6299 4452//6310 4451//6309
f 4445//6299 4446//6302 4453//6311 4452//6310
f 37//3563 394//3672 4405//6251 1045//5816
f 394//3671 395//3670 4406//6252 4405//6251
f 395//3670 396//3669 4407//6312 4406//6252
f 396//6313 397//3666 4408//6258 4407//6312
f 397//3666 398//3663 4409//6262 4408//6314
f 398//3663 399//6315 4410//6263 4409//6262
f 399//3661 400//3660 4411//6265 4410//6263
f 400//3660 57//1526 639//6316 4411//6265
f 4411//6265 639//6316 640//6317 4418//6266
f 4418//6266 640//6317 641//6318 4425//6319
f 4425//6283 641//6318 642//5376 4432//6284
f 4432//6284 642//5376 643//6320 4439//6292
f 4439//6321 643//6320 644//6322 4446//6302
f 4446//6302 644//6322 645//6323 4453//6311
f 4453//6311 645//6323 61//6324 428//2604
f 4452//6310 4453//6311 428//2604 427//2603
f 4451//6309 4452//6310 427//6325 426//2599
f 4450//6326 4451//6327 426//2599 425//2598
f 4449//6308 4450//6307 425//2598 424//2594
f 4448//6328 4449//6305 424//2594 423//2593
f 4447//6304 4448//6303 423//2593 422//2592
f 1051//5829 4447//6304 422//2592 39//2404
f 1050//5828 4440//6294 4447//6329 1051//5829
f 1049//5824 4433//6286 4440//6294 1050//5828
f 1048//5823 4426//6278 4433//6286 1049//5824
f 1047//5820 4419//6268 4426//6278 1048//5823
f 1046//5817 4412//6254 4419//6268 1047//5820
f 1045//5816 4405//6330 4412//6254 1046//5817
f 4454//6331 4455//6332 4462//6333 4461//6334
f 4455//6332 4456//6335 4463//6336 4462//6333
f 4456//6335 4457//6337 4464//6338 4463//6336
f 4457//6337 4458//6339 4465//6340 4464//6338
f 4458//6341 4459//6342 4466//6343 4465//6340
f 4459//6342 4460//6344 4467//6345 4466//6343
f 4461//6346 4462//6333 4469//6347 4468//6348
f 4462//6333 4463//6336 4470//6349 4469//6347
f 4463//6336 4464//6338 4471//6350 4470//6349
f 4464//6338 4465//6351 4472//6352 4471//6350
f 4465//6340 4466//6343 4473//6353 4472//6352
f 4466//6343 4467//6354 4474//6355 4473//6353
f 4468//6348 4469//6347 4476//6356 4475//6357
f 4469//6347 4470//6349 4477//6358 4476//6356
f 4470//6349 4471//6350 4478//6359 4477//6360
f 4471//6350 4472//6352 4479//6361 4478//6359
f 4472//6352 4473//6353 4480//6362 4479//6363
f 4473//6353 4474//6355 4481//6364 4480//6362
f 4475//6357 4476//6356 4483//6365 4482//6366
f 4476//6356 4477//6360 4484//6367 4483//6365
f 4477//6368 4478//6359 4485//6369 4484//6370
f 4478//6359 4479//6371 4486//6372 4485//6369
f 4479//6361 4480//6362 4487//6373 4486//6374
f 4480//6362 4481//6364 4488//6375 4487//6373
f 4482//6366 4483//6376 4490//6377 4489//6378
f 4483//6376 4484//6367 4491//6379 4490//6377
f 4484//6367 4485//6369 4492//6380 4491//6381
f 4485//6369 4486//6374 4493//6382 4492//6380
f 4486//6374 4487//6383 4494//6384 4493//6385
f 4487//6383 4488//6375 4495//6386 4494//6384
f 4489//6378 4490//6377 4497//6387 4496//6388
f 4490//6377 4491//6381 4498//6389 4497//6387
f 4491//6381 4492//6380 4499//6390 4498//6391
f 4492//6380 4493//6382 4500//6392 4499//6390
f 4493//6382 4494//6384 4501//6393 4500//6394
f 4494//6384 4495//6386 4502//6395 4501//6393
f 42//4384 1010//5746 4454//6331 954//5080
f 1010//5746 1011//5745 4455//6332 4454//6396
f 1011//5744 1012//5742 4456//6335 4455//6332
f 1012//5742 1013//5741 4457//6337 4456//6335
f 1013//5741 1014//5740 4458//6341 4457//6337
f 1014//5740 1015//5739 4459//6342 4458//6341
f 1015//5737 1016//5736 4460//6344 4459//6342
f 1016//5736 44//4312 989//4936 4460//6344
f 4460//6344 989//4935 990//4934 4467//6345
f 4467//6345 990//4934 991//4933 4474//6355
f 4474//6397 991//4933 992//4931 4481//6364
f 4481//6398 992//4931 993//4928 4488//6375
f 4488//6375 993//4928 994//6399 4495//6386
f 4495//6386 994//4926 995//4925 4502//6395
f 4502//6395 995//4925 61//6324 645//6323
f 4501//6393 4502//6395 645//6323 644//6322
f 4500//6400 4501//6393 644//6322 643//6320
f 4499//6390 4500//6392 643//6320 642//5376
f 4498//6391 4499//6390 642//5376 641//6318
f 4497//6387 4498//6401 641//6318 640//6317
f 4496//6388 4497//6387 640//6317 639//6316
f 960//5090 4496//6388 639//6316 57//1526
f 959//5089 4489//6378 4496//6388 960//5090
f 958//5085 4482//6366 4489//6378 959//6402
f 957//5083 4475//6403 4482//6404 958//5085
f 956//6405 4468//6406 4475//6357 957//5083
f 955//5081 4461//6407 4468//6348 956//5082
f 954//6408 4454//6331 4461//6334 955//5081
f 4503//6409 4504//6410 4511//6411 4510//6412
f 4504//6410 4505//6413 4512//6414 4511//6411
f 4505//6413 4506//6415 4513//6416 4512//6414
f 4506//6415 4507//6417 4514//6418 4513//6416
f 4507//6417 4508//6419 4515//6420 4514//6421
f 4508//6419 4509//6422 4516//6423 4515//6420
f 4510//6424 4511//6411 4518//6425 4517//6426
f 4511//6411 4512//6414 4519//6427 4518//6425
f 4512//6428 4513//6416 4520//6429 4519//6427
f 4513//6416 4514//6421 4521//6430 4520//6429
f 4514//6418 4515//6420 4522//6431 4521//6430
f 4515//6420 4516//6432 4523//6433 4522//6431
f 4517//6426 4518//6425 4525//6434 4524//6435
f 4518//6425 4519//6427 4526//6436 4525//6434
f 4519//6427 4520//6429 4527//6437 4526//6438
f 4520//6429 4521//6430 4528//6439 4527//6437
f 4521//6430 4522//6431 4529//6440 4528//6441
f 4522//6431 4523//6433 4530//6442 4529//6440
f 4524//6435 4525//6434 4532//6443 4531//6444
f 4525//6434 4526//6438 4533//6445 4532//6443
f 4526//6436 4527//6437 4534//6446 4533//6445
f 4527//6437 4528//6439 4535//6447 4534//6446
f 4528//6439 4529//6440 4536//6448 4535//6447
f 4529//6440 4530//6442 4537//6449 4536//6448
f 4531//6444 4532//6450 4539//6451 4538//6452
f 4532//6450 4533//6445 4540//6453 4539//6451
f 4533//6445 4534//6446 4541//6454 4540//6455
f 4534//6446 4535//6447 4542//6456 4541//6454
f 4535//6447 4536//6457 4543//6458 4542//6459
f 4536//6457 4537//6449 4544//6460 4543//6458
f 4538//6452 4539//6461 4546//6462 4545//6463
f 4539//6451 4540//6455 4547//6464 4546//6462
f 4540//6455 4541//6454 4548//6465 4547//6466
f 4541//6454 4542//6456 4549//6467 4548//6465
f 4542//6456 4543//6458 4550//6468 4549//6469
f 4543//6470 4544//6460 4551//6471 4550//6468
f 38//3551 632//5925 4503//6409 884//3637
f 632//5925 633//5924 4504//6410 4503//6409
f 633//5924 634//5920 4505//6413 4504//6410
f 634//5920 635//6472 4506//6415 4505//6413
f 635//6472 636//5918 4507//6417 4506//6415
f 636//5918 637//5914 4508//6419 4507//6417
f 637//5914 638//5912 4509//6473 4508//6419
f 638//5912 40//2420 961//2616 4509//6422
f 4509//6422 961//2616 962//2615 4516//6423
f 4516//6423 962//2615 963//2614 4523//6433
f 4523//6474 963//2614 964//2613 4530//6442
f 4530//6475 964//2613 965//2610 4537//6476
f 4537//6449 965//2610 966//6477 4544//6460
f 4544//6460 966//2608 967//2607 4551//6471
f 4551//6471 967//2607 62//1957 1072//6478
f 4550//6468 4551//6479 1072//6478 1071//6480
f 4549//6481 4550//6468 1071//6480 1070//6482
f 4548//6465 4549//6467 1070//6482 1069//5560
f 4547//6466 4548//6465 1069//5560 1068//6483
f 4546//6462 4547//6484 1068//6483 1067//6485
f 4545//6463 4546//6462 1067//6485 1066//6486
f 890//3648 4545//6463 1066//6486 58//6487
f 889//3647 4538//6452 4545//6463 890//3648
f 888//3643 4531//6444 4538//6452 889//6488
f 887//3642 4524//6489 4531//6490 888//3643
f 886//3640 4517//6491 4524//6435 887//3642
f 885//3639 4510//6492 4517//6426 886//6493
f 884//3638 4503//6409 4510//6412 885//3639
f 4552//6494 4553//6495 4560//6496 4559//6497
f 4553//6498 4554//6499 4561//6500 4560//6496
f 4554//6499 4555//6501 4562//6502 4561//6500
f 4555//6501 4556//6503 4563//6504 4562//6502
f 4556//6503 4557//6505 4564//6506 4563//6507
f 4557//6505 4558//6508 4565//6509 4564//6506
f 4559//6497 4560//6496 4567//6510 4566//6511
f 4560//6496 4561//6500 4568//6512 4567//6510
f 4561//6500 4562//6502 4569//6513 4568//6512
f 4562//6502 4563//6504 4570//6514 4569//6515
f 4563//6507 4564//6506 4571//6516 4570//6514
f 4564//6506 4565//6509 4572//6517 4571//6518
f 4566//6511 4567//6510 4574//6519 4573//6520
f 4567//6510 4568//6512 4575//6521 4574//6519
f 4568//6512 4569//6515 4576//6522 4575//6521
f 4569//6523 4570//6514 4577//6524 4576//6522
f 4570//6514 4571//6518 4578//6525 4577//6524
f 4571//6518 4572//6526 4579//6527 4578//6525
f 4573//6520 4574//6519 4581//6528 4580//6529
f 4574//6519 4575//6521 4582//6530 4581//6528
f 4575//6521 4576//6522 4583//6531 4582//6530
f 4576//6522 4577//6524 4584//6532 4583//6533
f 4577//6524 4578//6525 4585//6534 4584//6532
f 4578//6525 4579//6527 4586//6535 4585//6534
f 4580//6529 4581//6536 4588//6537 4587//6538
f 4581//6528 4582//6530 4589//6539 4588//6537
f 4582//6530 4583//6540 4590//6541 4589//6539
f 4583//6531 4584//6532 4591//6542 4590//6541
f 4584//6543 4585//6544 4592//6545 4591//6546
f 4585//6534 4586//6547 4593//6548 4592//6545
f 4587//6538 4588//6537 4595//6549 4594//6550
f 4588//6537 4589//6539 4596//6551 4595//6552
f 4589//6539 4590//6541 4597//6553 4596//6551
f 4590//6541 4591//6542 4598//6554 4597//6553
f 4591//6546 4592//6545 4599//6555 4598//6554
f 4592//6556 4593//6548 4600//6557 4599//6555
f 52//3949 1017//4810 4552//6494 1002//5275
f 1017//4810 1018//4839 4553//6558 4552//6494
f 1018//4839 1019//4837 4554//6499 4553//6558
f 1019//6559 1020//4834 4555//6501 4554//6560
f 1020//4834 1021//4832 4556//6561 4555//6562
f 1021//4832 1022//6563 4557//6505 4556//6503
f 1022//4831 1023//4830 4558//6508 4557//6505
f 1023//4830 58//6487 1066//6486 4558//6508
f 4558//6508 1066//6486 1067//6485 4565//6509
f 4565//6509 1067//6485 1068//6483 4572//6564
f 4572//6526 1068//6483 1069//5560 4579//6527
f 4579//6527 1069//5560 1070//6482 4586//6535
f 4586//6565 1070//6482 1071//6480 4593//6548
f 4593//6548 1071//6480 1072//6478 4600//6557
f 4600//6566 1072//6478 62//1957 1030//4647
f 4599//6555 4600//6566 1030//4647 1029//4646
f 4598//6554 4599//6555 1029//6567 1028//4642
f 4597//6568 4598//6569 1028//4642 1027//4641
f 4596//6570 4597//6553 1027//4641 1026//4639
f 4595//6571 4596//6551 1026//4639 1025//4638
f 4594//6550 4595//6549 1025//4638 1024//4637
f 996//5284 4594//6550 1024//4636 50//4022
f 997//5283 4587//6538 4594//6572 996//5284
f 998//5281 4580//6529 4587//6538 997//5283
f 999//5280 4573//6520 4580//6529 998//5281
f 1000//5279 4566//6511 4573//6520 999//5280
f 1001//5277 4559//6497 4566//6511 1000//5279
f 1002//5275 4552//6573 4559//6497 1001//5277
