# Blender 3.3.1
# www.blender.org
mtllib cubo1_lev3.mtl
o cubo2
v 1.883943 1.883943 -1.883943
v 1.883943 -1.883943 -1.883944
v -1.883943 -1.883942 -1.883944
v -1.883942 1.883944 -1.883943
v 1.883944 1.883941 1.883944
v 1.883942 -1.883944 1.883943
v -1.883944 -1.883943 1.883943
v -1.883943 1.883943 1.883944
v 1.953719 0.976860 -1.953719
v 1.953719 -0.976859 -1.953719
v 0.976860 1.953719 -1.953718
v -0.976859 1.953719 -1.953718
v 1.953719 1.953718 -0.976859
v 1.953719 1.953718 0.976860
v 0.976859 -1.953718 -1.953719
v -0.976859 -1.953718 -1.953719
v 1.953718 -1.953719 -0.976860
v 1.953717 -1.953719 0.976859
v -1.953719 -0.976858 -1.953719
v -1.953718 0.976860 -1.953719
v -1.953719 -1.953718 -0.976860
v -1.953719 -1.953718 0.976859
v -1.953718 1.953719 -0.976859
v -1.953718 1.953719 0.976860
v 1.953719 0.976858 1.953719
v 1.953718 -0.976861 1.953719
v 0.976860 1.953717 1.953719
v -0.976859 1.953718 1.953719
v 0.976858 -1.953719 1.953718
v -0.976860 -1.953718 1.953718
v -1.953719 -0.976859 1.953719
v -1.953719 0.976859 1.953719
v 1.055008 1.055009 -1.992793
v 1.055008 -1.055008 -1.992793
v -1.055007 1.055009 -1.992793
v -1.055008 -1.055008 -1.992793
v 1.055008 1.055007 1.992793
v -1.055008 1.055008 1.992793
v 1.055007 -1.055009 1.992793
v -1.055009 -1.055009 1.992793
v 1.992793 1.055008 -1.055008
v 1.992793 1.055007 1.055008
v 1.992792 -1.055008 -1.055009
v 1.992792 -1.055009 1.055008
v 1.055008 -1.992793 -1.055009
v 1.055007 -1.992793 1.055008
v -1.055008 -1.992792 -1.055009
v -1.055009 -1.992792 1.055008
v -1.992793 -1.055007 -1.055008
v -1.992793 -1.055007 1.055008
v -1.992792 1.055009 -1.055008
v -1.992792 1.055008 1.055008
v 1.055008 1.992792 1.055009
v 1.055008 1.992793 -1.055008
v -1.055008 1.992792 1.055009
v -1.055007 1.992793 -1.055008
v 1.103724 1.103723 1.103725
v -1.103724 1.103724 1.103725
v 1.103724 1.103724 -1.103724
v 1.103724 -1.103724 -1.103725
v 1.103723 -1.103725 1.103724
v -1.103724 -1.103724 1.103724
v -1.103724 -1.103724 -1.103725
v -1.103723 1.103725 -1.103724
v -1.220614 1.220614 0.807224
v -1.285567 1.285567 0.541152
v -1.322311 1.322311 0.271883
v -1.334136 1.334137 0.000000
v -1.322311 1.322311 -0.271883
v -1.285566 1.285567 -0.541152
v -1.220613 1.220614 -0.807223
v 1.220614 -1.220614 -0.807224
v 1.285566 -1.285567 -0.541152
v 1.322311 -1.322312 -0.271883
v 1.334136 -1.334137 -0.000000
v 1.322311 -1.322311 0.271883
v 1.285566 -1.285567 0.541152
v 1.220613 -1.220614 0.807223
v 1.898832 1.849010 -1.898832
v 1.915971 1.791138 -1.915971
v 1.930698 1.712945 -1.930698
v 1.941767 1.613239 -1.941766
v 1.948676 1.490637 -1.948676
v 1.952225 1.344232 -1.952224
v 1.953532 1.173235 -1.953532
v 1.953719 0.755540 -1.953719
v 1.953719 0.514596 -1.953719
v 1.953719 0.260569 -1.953719
v 1.953719 0.000000 -1.953719
v 1.953719 -0.260568 -1.953719
v 1.953719 -0.514595 -1.953719
v 1.953719 -0.755539 -1.953719
v 1.849010 1.898832 -1.898832
v 1.791138 1.915971 -1.915970
v 1.712945 1.930698 -1.930698
v 1.613240 1.941766 -1.941766
v 1.490637 1.948676 -1.948676
v 1.344232 1.952225 -1.952224
v 1.173235 1.953532 -1.953532
v 0.755540 1.953719 -1.953718
v 0.514596 1.953719 -1.953719
v 0.260569 1.953719 -1.953718
v 0.000001 1.953719 -1.953718
v -0.260568 1.953719 -1.953718
v -0.514595 1.953719 -1.953719
v -0.755539 1.953719 -1.953718
v 1.898832 1.898832 -1.849010
v 1.915971 1.915970 -1.791138
v 1.930699 1.930698 -1.712945
v 1.941767 1.941766 -1.613239
v 1.948676 1.948676 -1.490637
v 1.952225 1.952224 -1.344231
v 1.953532 1.953532 -1.173234
v 1.898833 1.898830 1.849010
v 1.915971 1.915969 1.791138
v 1.930699 1.930697 1.712945
v 1.941767 1.941765 1.613240
v 1.948677 1.948675 1.490637
v 1.952225 1.952223 1.344232
v 1.953532 1.953531 1.173235
v -1.849010 -1.898831 -1.898832
v -1.791138 -1.915970 -1.915971
v -1.712945 -1.930697 -1.930699
v -1.613240 -1.941765 -1.941767
v -1.490637 -1.948675 -1.948677
v -1.344232 -1.952224 -1.952225
v -1.173235 -1.953531 -1.953532
v 0.807223 -1.220614 -1.220615
v 0.541152 -1.285567 -1.285567
v 0.271883 -1.322311 -1.322312
v 0.000000 -1.334136 -1.334137
v -0.271883 -1.322311 -1.322312
v -0.541152 -1.285567 -1.285567
v -0.807223 -1.220614 -1.220614
v 1.953718 -1.953719 -0.755540
v 1.953718 -1.953719 -0.514596
v 1.953718 -1.953719 -0.260569
v 1.953717 -1.953719 -0.000000
v 1.953717 -1.953719 0.260568
v 1.953717 -1.953719 0.514595
v 1.953717 -1.953719 0.755539
v -1.898832 -1.849009 -1.898833
v -1.915971 -1.791137 -1.915971
v -1.930699 -1.712943 -1.930699
v -1.941767 -1.613238 -1.941767
v -1.948676 -1.490636 -1.948676
v -1.952225 -1.344230 -1.952225
v -1.953532 -1.173234 -1.953532
v -1.953718 -0.755539 -1.953719
v -1.953719 -0.514595 -1.953719
v -1.953718 -0.260568 -1.953719
v -1.953718 0.000001 -1.953719
v -1.953718 0.260569 -1.953719
v -1.953718 0.514596 -1.953719
v -1.953718 0.755540 -1.953719
v -1.898832 -1.898831 -1.849011
v -1.915971 -1.915970 -1.791138
v -1.930699 -1.930697 -1.712945
v -1.941767 -1.941765 -1.613240
v -1.948676 -1.948675 -1.490637
v -1.952225 -1.952224 -1.344232
v -1.953532 -1.953531 -1.173235
v -1.898832 -1.898832 1.849010
v -1.915971 -1.915970 1.791137
v -1.930699 -1.930698 1.712945
v -1.941767 -1.941766 1.613239
v -1.948676 -1.948676 1.490637
v -1.952225 -1.952224 1.344231
v -1.953532 -1.953531 1.173234
v -1.953718 1.953719 -0.755539
v -1.953718 1.953719 -0.514595
v -1.953718 1.953719 -0.260568
v -1.953718 1.953719 0.000000
v -1.953718 1.953719 0.260569
v -1.953718 1.953719 0.514596
v -1.953718 1.953719 0.755540
v 1.898833 1.849008 1.898833
v 1.915971 1.791136 1.915971
v 1.930699 1.712943 1.930699
v 1.941767 1.613238 1.941767
v 1.948677 1.490636 1.948677
v 1.952225 1.344230 1.952225
v 1.953532 1.173233 1.953532
v 1.953718 0.755538 1.953719
v 1.953719 0.514594 1.953719
v 1.953718 0.260567 1.953719
v 1.953718 -0.000001 1.953719
v 1.953718 -0.260570 1.953719
v 1.953718 -0.514597 1.953719
v 1.953718 -0.755541 1.953719
v 1.849011 1.898830 1.898833
v 1.791138 1.915969 1.915971
v 1.712945 1.930697 1.930699
v 1.613240 1.941765 1.941767
v 1.490638 1.948675 1.948677
v 1.344232 1.952223 1.952225
v 1.173235 1.953531 1.953532
v 0.755540 1.953718 1.953719
v 0.514596 1.953717 1.953719
v 0.260569 1.953718 1.953719
v 0.000000 1.953718 1.953719
v -0.260568 1.953718 1.953719
v -0.514595 1.953718 1.953719
v -0.755539 1.953718 1.953719
v -1.849010 -1.898832 1.898832
v -1.791138 -1.915970 1.915970
v -1.712945 -1.930698 1.930698
v -1.613240 -1.941766 1.941766
v -1.490638 -1.948676 1.948676
v -1.344232 -1.952224 1.952225
v -1.173235 -1.953532 1.953532
v -1.898832 -1.849010 1.898832
v -1.915971 -1.791137 1.915971
v -1.930699 -1.712944 1.930698
v -1.941767 -1.613239 1.941766
v -1.948676 -1.490637 1.948676
v -1.952225 -1.344231 1.952225
v -1.953532 -1.173234 1.953532
v -1.953719 -0.755539 1.953719
v -1.953719 -0.514595 1.953719
v -1.953719 -0.260568 1.953719
v -1.953719 -0.000000 1.953719
v -1.953719 0.260569 1.953719
v -1.953719 0.514596 1.953719
v -1.953719 0.755540 1.953719
v 1.894840 0.976990 -1.999620
v 1.822846 0.977906 -2.033103
v 1.737703 0.980392 -2.054833
v 1.639380 0.985233 -2.065476
v 1.527398 0.993292 -2.065554
v 1.399510 1.005750 -2.055020
v 1.251242 1.024222 -2.033150
v 0.976990 -1.894839 -1.999620
v 0.977906 -1.822845 -2.033103
v 0.980392 -1.737702 -2.054834
v 0.985232 -1.639379 -2.065476
v 0.993292 -1.527398 -2.065554
v 1.005750 -1.399509 -2.055020
v 1.024222 -1.251242 -2.033150
v 0.790983 1.191739 -1.977465
v 0.533899 1.268455 -1.968687
v 0.269131 1.311360 -1.963701
v 0.000001 1.325040 -1.962092
v -0.269130 1.311360 -1.963701
v -0.533898 1.268455 -1.968687
v -0.790982 1.191739 -1.977465
v -1.894840 -0.976989 -1.999620
v -1.822846 -0.977905 -2.033103
v -1.737703 -0.980391 -2.054834
v -1.639379 -0.985232 -2.065476
v -1.527398 -0.993291 -2.065554
v -1.399509 -1.005749 -2.055021
v -1.251242 -1.024221 -2.033150
v 0.976990 1.894839 1.999620
v 0.977906 1.822844 2.033103
v 0.980392 1.737702 2.054834
v 0.985233 1.639378 2.065476
v 0.993292 1.527397 2.065554
v 1.005750 1.399508 2.055020
v 1.024221 1.251241 2.033150
v 0.790983 1.191738 1.977466
v 0.533899 1.268454 1.968687
v 0.269130 1.311359 1.963702
v 0.000000 1.325039 1.962092
v -0.269130 1.311359 1.963702
v -0.533899 1.268454 1.968688
v -0.790983 1.191738 1.977466
v 0.976989 -1.894841 1.999619
v 0.977905 -1.822847 2.033103
v 0.980391 -1.737704 2.054833
v 0.985232 -1.639380 2.065476
v 0.993291 -1.527399 2.065553
v 1.005749 -1.399511 2.055020
v 1.024221 -1.251243 2.033150
v -1.894840 -0.976990 1.999620
v -1.822846 -0.977906 2.033103
v -1.737703 -0.980392 2.054833
v -1.639380 -0.985232 2.065476
v -1.527399 -0.993292 2.065554
v -1.399510 -1.005749 2.055020
v -1.251243 -1.024222 2.033150
v 1.999620 1.894840 -0.976990
v 2.033103 1.822845 -0.977906
v 2.054834 1.737702 -0.980392
v 2.065476 1.639379 -0.985232
v 2.065554 1.527398 -0.993292
v 2.055020 1.399509 -1.005749
v 2.033150 1.251242 -1.024221
v 1.999620 0.976989 1.894840
v 2.033103 0.977905 1.822846
v 2.054833 0.980390 1.737703
v 2.065476 0.985231 1.639380
v 2.065554 0.993291 1.527399
v 2.055020 1.005748 1.399510
v 2.033150 1.024220 1.251243
v 1.999619 -1.894840 -0.976991
v 2.033102 -1.822846 -0.977906
v 2.054833 -1.737703 -0.980392
v 2.065475 -1.639380 -0.985233
v 2.065553 -1.527399 -0.993292
v 2.055019 -1.399510 -1.005750
v 2.033149 -1.251242 -1.024222
v 1.977464 -1.191739 -0.790983
v 1.968686 -1.268455 -0.533899
v 1.963701 -1.311360 -0.269131
v 1.962091 -1.325040 -0.000000
v 1.963700 -1.311360 0.269130
v 1.968686 -1.268456 0.533899
v 1.977464 -1.191740 0.790982
v 1.894839 -1.999620 -0.976991
v 1.822845 -2.033103 -0.977906
v 1.737702 -2.054833 -0.980392
v 1.639379 -2.065476 -0.985233
v 1.527398 -2.065553 -0.993292
v 1.399509 -2.055020 -1.005750
v 1.251242 -2.033150 -1.024222
v 0.976989 -1.999620 1.894840
v 0.977905 -2.033103 1.822845
v 0.980391 -2.054834 1.737703
v 0.985231 -2.065476 1.639379
v 0.993291 -2.065554 1.527398
v 1.005748 -2.055020 1.399509
v 1.024220 -2.033150 1.251242
v -1.894840 -1.999619 -0.976991
v -1.822846 -2.033102 -0.977906
v -1.737703 -2.054833 -0.980392
v -1.639379 -2.065475 -0.985233
v -1.527398 -2.065552 -0.993292
v -1.399510 -2.055019 -1.005750
v -1.251243 -2.033149 -1.024222
v -1.191739 -1.977464 -0.790983
v -1.268455 -1.968686 -0.533899
v -1.311360 -1.963701 -0.269131
v -1.325040 -1.962091 -0.000000
v -1.311360 -1.963701 0.269130
v -1.268455 -1.968687 0.533898
v -1.191739 -1.977465 0.790982
v -1.999620 -1.894839 -0.976991
v -2.033103 -1.822845 -0.977906
v -2.054834 -1.737702 -0.980392
v -2.065476 -1.639378 -0.985233
v -2.065554 -1.527397 -0.993292
v -2.055020 -1.399509 -1.005750
v -2.033150 -1.251241 -1.024222
v -1.999620 -0.976990 1.894840
v -2.033103 -0.977906 1.822846
v -2.054833 -0.980391 1.737703
v -2.065476 -0.985232 1.639379
v -2.065554 -0.993291 1.527398
v -2.055020 -1.005749 1.399510
v -2.033150 -1.024221 1.251242
v -1.999619 1.894840 -0.976990
v -2.033102 1.822846 -0.977906
v -2.054833 1.737703 -0.980391
v -2.065475 1.639380 -0.985232
v -2.065552 1.527399 -0.993292
v -2.055019 1.399510 -1.005749
v -2.033149 1.251243 -1.024221
v -1.977464 1.191739 -0.790982
v -1.968686 1.268455 -0.533899
v -1.963701 1.311360 -0.269130
v -1.962091 1.325040 0.000000
v -1.963701 1.311360 0.269131
v -1.968686 1.268455 0.533899
v -1.977465 1.191739 0.790983
v 0.976990 1.999618 1.894840
v 0.977906 2.033102 1.822846
v 0.980392 2.054832 1.737704
v 0.985233 2.065475 1.639380
v 0.993292 2.065552 1.527399
v 1.005750 2.055019 1.399510
v 1.024222 2.033149 1.251243
v 1.894840 1.999619 -0.976990
v 1.822846 2.033103 -0.977906
v 1.737703 2.054833 -0.980391
v 1.639380 2.065475 -0.985232
v 1.527398 2.065553 -0.993292
v 1.399510 2.055019 -1.005749
v 1.251242 2.033149 -1.024221
v 0.790983 1.977464 1.191739
v 0.533899 1.968686 1.268455
v 0.269131 1.963700 1.311360
v 0.000000 1.962091 1.325040
v -0.269130 1.963700 1.311360
v -0.533898 1.968686 1.268455
v -0.790982 1.977464 1.191739
v -1.894839 1.999620 -0.976990
v -1.822845 2.033103 -0.977906
v -1.737702 2.054834 -0.980391
v -1.639378 2.065476 -0.985232
v -1.527398 2.065554 -0.993292
v -1.399509 2.055021 -1.005749
v -1.251241 2.033150 -1.024221
v 0.968628 0.968627 1.918104
v 0.920145 0.920144 1.838768
v 0.893898 0.893897 1.751495
v 0.887676 0.887675 1.656837
v 0.900921 0.900920 1.554687
v 0.935393 0.935392 1.441652
v 0.994817 0.994816 1.310003
v 0.807223 1.220613 1.220614
v 0.541152 1.285566 1.285567
v 0.271883 1.322310 1.322312
v 0.000000 1.334136 1.334137
v -0.271883 1.322311 1.322312
v -0.541152 1.285566 1.285567
v -0.807223 1.220614 1.220615
v 0.968628 0.968628 -1.918104
v 0.920145 0.920145 -1.838768
v 0.893898 0.893898 -1.751495
v 0.887676 0.887676 -1.656836
v 0.900921 0.900921 -1.554687
v 0.935393 0.935393 -1.441652
v 0.994817 0.994817 -1.310003
v 0.968627 -1.918104 -0.968628
v 0.920144 -1.838768 -0.920145
v 0.893897 -1.751495 -0.893898
v 0.887675 -1.656836 -0.887676
v 0.900920 -1.554687 -0.900921
v 0.935393 -1.441652 -0.935393
v 0.994817 -1.310002 -0.994817
v 0.968627 -0.968629 1.918104
v 0.920144 -0.920146 1.838768
v 0.893897 -0.893899 1.751495
v 0.887675 -0.887676 1.656836
v 0.900920 -0.900922 1.554687
v 0.935392 -0.935394 1.441652
v 0.994816 -0.994818 1.310003
v 0.807223 -1.220615 1.220614
v 0.541151 -1.285567 1.285567
v 0.271883 -1.322312 1.322311
v -0.000001 -1.334137 1.334136
v -0.271884 -1.322312 1.322311
v -0.541152 -1.285567 1.285567
v -0.807224 -1.220614 1.220614
v -0.968628 -1.918103 -0.968628
v -0.920145 -1.838767 -0.920145
v -0.893898 -1.751495 -0.893898
v -0.887676 -1.656836 -0.887676
v -0.900921 -1.554687 -0.900921
v -0.935393 -1.441652 -0.935393
v -0.994817 -1.310002 -0.994817
v 0.807224 1.220614 -1.220614
v 0.541152 1.285567 -1.285567
v 0.271884 1.322312 -1.322311
v 0.000000 1.334137 -1.334136
v -0.271883 1.322312 -1.322311
v -0.541151 1.285567 -1.285567
v -0.807223 1.220614 -1.220614
v 1.191738 -1.977465 -0.790983
v 1.268454 -1.968687 -0.533899
v 1.311359 -1.963702 -0.269131
v 1.325039 -1.962092 -0.000000
v 1.311359 -1.963701 0.269130
v 1.268454 -1.968688 0.533899
v 1.191738 -1.977465 0.790982
v -1.894839 0.976991 -1.999620
v -1.822845 0.977907 -2.033103
v -1.737702 0.980392 -2.054833
v -1.639379 0.985233 -2.065476
v -1.527398 0.993292 -2.065553
v -1.399509 1.005750 -2.055020
v -1.251241 1.024222 -2.033150
v 0.790982 -1.977465 -1.191739
v 0.533898 -1.968687 -1.268455
v 0.269130 -1.963701 -1.311360
v 0.000000 -1.962091 -1.325040
v -0.269131 -1.963701 -1.311360
v -0.533899 -1.968686 -1.268455
v -0.790983 -1.977464 -1.191739
v -0.968627 0.968628 -1.918104
v -0.920144 0.920145 -1.838768
v -0.893897 0.893898 -1.751495
v -0.887675 0.887676 -1.656836
v -0.900920 0.900921 -1.554687
v -0.935392 0.935393 -1.441652
v -0.994816 0.994817 -1.310003
v 1.977465 1.191738 -0.790982
v 1.968687 1.268454 -0.533899
v 1.963701 1.311359 -0.269130
v 1.962092 1.325039 0.000000
v 1.963701 1.311359 0.269131
v 1.968687 1.268454 0.533899
v 1.977465 1.191738 0.790983
v 1.918104 0.968627 -0.968628
v 1.838768 0.920145 -0.920145
v 1.751495 0.893898 -0.893898
v 1.656836 0.887675 -0.887676
v 1.554687 0.900921 -0.900921
v 1.441652 0.935393 -0.935393
v 1.310003 0.994817 -0.994817
v 1.977465 0.790982 -1.191739
v 1.968687 0.533898 -1.268455
v 1.963701 0.269130 -1.311360
v 1.962092 0.000000 -1.325040
v 1.963701 -0.269131 -1.311360
v 1.968687 -0.533899 -1.268455
v 1.977465 -0.790983 -1.191739
v -1.977465 -1.191738 -0.790983
v -1.968687 -1.268454 -0.533899
v -1.963701 -1.311359 -0.269131
v -1.962092 -1.325039 -0.000000
v -1.963701 -1.311359 0.269130
v -1.968687 -1.268454 0.533899
v -1.977465 -1.191738 0.790982
v 1.918103 -0.968628 -0.968628
v 1.838767 -0.920145 -0.920145
v 1.751495 -0.893898 -0.893898
v 1.656836 -0.887676 -0.887676
v 1.554687 -0.900921 -0.900921
v 1.441652 -0.935393 -0.935393
v 1.310002 -0.994817 -0.994817
v -1.977465 -0.790982 -1.191739
v -1.968687 -0.533898 -1.268455
v -1.963701 -0.269130 -1.311360
v -1.962091 0.000001 -1.325040
v -1.963701 0.269131 -1.311360
v -1.968686 0.533899 -1.268455
v -1.977464 0.790983 -1.191739
v 1.999619 -0.976991 1.894840
v 2.033102 -0.977907 1.822846
v 2.054833 -0.980393 1.737703
v 2.065475 -0.985234 1.639379
v 2.065552 -0.993293 1.527398
v 2.055019 -1.005751 1.399510
v 2.033149 -1.024222 1.251242
v 1.953719 1.953718 -0.755539
v 1.953719 1.953718 -0.514595
v 1.953719 1.953718 -0.260568
v 1.953719 1.953718 0.000000
v 1.953719 1.953718 0.260569
v 1.953719 1.953718 0.514596
v 1.953719 1.953717 0.755540
v 1.191739 1.977464 0.790983
v 1.268455 1.968686 0.533899
v 1.311360 1.963701 0.269131
v 1.325040 1.962091 0.000000
v 1.311360 1.963701 -0.269130
v 1.268455 1.968687 -0.533899
v 1.191739 1.977465 -0.790982
v -1.220614 -1.220614 0.807223
v -1.285567 -1.285567 0.541152
v -1.322311 -1.322311 0.271883
v -1.334137 -1.334136 -0.000000
v -1.322312 -1.322311 -0.271883
v -1.285567 -1.285567 -0.541152
v -1.220614 -1.220614 -0.807224
v -1.894840 0.976990 1.999620
v -1.822846 0.977906 2.033103
v -1.737703 0.980391 2.054834
v -1.639379 0.985232 2.065476
v -1.527398 0.993292 2.065554
v -1.399510 1.005749 2.055020
v -1.251242 1.024221 2.033150
v -1.918104 -0.968627 -0.968628
v -1.838768 -0.920144 -0.920145
v -1.751495 -0.893897 -0.893898
v -1.656836 -0.887675 -0.887676
v -1.554687 -0.900921 -0.900921
v -1.441652 -0.935393 -0.935393
v -1.310002 -0.994817 -0.994817
v 0.790983 -1.191738 -1.977466
v 0.533899 -1.268454 -1.968688
v 0.269130 -1.311360 -1.963702
v 0.000000 -1.325040 -1.962092
v -0.269130 -1.311360 -1.963702
v -0.533899 -1.268454 -1.968687
v -0.790983 -1.191738 -1.977465
v 0.968628 1.918103 0.968628
v 0.920145 1.838767 0.920145
v 0.893898 1.751494 0.893898
v 0.887676 1.656835 0.887676
v 0.900921 1.554686 0.900921
v 0.935393 1.441651 0.935393
v 0.994817 1.310002 0.994817
v 0.755540 -1.953718 -1.953719
v 0.514596 -1.953718 -1.953719
v 0.260568 -1.953718 -1.953719
v 0.000000 -1.953718 -1.953719
v -0.260569 -1.953718 -1.953719
v -0.514596 -1.953718 -1.953719
v -0.755540 -1.953718 -1.953719
v -1.191738 1.977464 0.790983
v -1.268454 1.968687 0.533899
v -1.311359 1.963701 0.269131
v -1.325039 1.962092 0.000000
v -1.311359 1.963701 -0.269130
v -1.268454 1.968687 -0.533898
v -1.191738 1.977465 -0.790982
v -1.894839 1.999620 0.976991
v -1.822845 2.033103 0.977906
v -1.737702 2.054833 0.980392
v -1.639379 2.065475 0.985233
v -1.527398 2.065553 0.993292
v -1.399509 2.055019 1.005750
v -1.251241 2.033149 1.024222
v -1.918103 0.968628 -0.968628
v -1.838767 0.920145 -0.920145
v -1.751494 0.893898 -0.893898
v -1.656835 0.887676 -0.887676
v -1.554686 0.900921 -0.900921
v -1.441651 0.935393 -0.935393
v -1.310002 0.994817 -0.994817
v -0.968627 1.918103 0.968628
v -0.920144 1.838767 0.920145
v -0.893897 1.751495 0.893898
v -0.887675 1.656836 0.887676
v -0.900921 1.554687 0.900921
v -0.935393 1.441652 0.935393
v -0.994817 1.310002 0.994817
v -0.976991 -1.999620 1.894840
v -0.977907 -2.033103 1.822845
v -0.980392 -2.054833 1.737702
v -0.985233 -2.065475 1.639379
v -0.993292 -2.065553 1.527398
v -1.005750 -2.055020 1.399509
v -1.024222 -2.033150 1.251242
v 1.220614 1.220613 0.807224
v 1.285567 1.285566 0.541152
v 1.322311 1.322311 0.271883
v 1.334137 1.334136 0.000000
v 1.322311 1.322311 -0.271883
v 1.285567 1.285567 -0.541152
v 1.220614 1.220614 -0.807223
v 1.220614 0.807223 -1.220614
v 1.285567 0.541152 -1.285567
v 1.322311 0.271883 -1.322312
v 1.334137 0.000000 -1.334137
v 1.322311 -0.271883 -1.322312
v 1.285567 -0.541152 -1.285567
v 1.220614 -0.807223 -1.220614
v -1.191739 0.790982 1.977466
v -1.268455 0.533898 1.968687
v -1.311360 0.269130 1.963701
v -1.325040 -0.000000 1.962092
v -1.311360 -0.269131 1.963701
v -1.268455 -0.533899 1.968687
v -1.191739 -0.790983 1.977465
v 1.220614 0.807222 1.220614
v 1.285567 0.541151 1.285567
v 1.322311 0.271882 1.322311
v 1.334136 -0.000001 1.334137
v 1.322311 -0.271884 1.322311
v 1.285566 -0.541153 1.285567
v 1.220613 -0.807224 1.220614
v 0.976990 1.894840 -1.999619
v 0.977906 1.822846 -2.033103
v 0.980392 1.737704 -2.054833
v 0.985233 1.639380 -2.065476
v 0.993292 1.527399 -2.065553
v 1.005750 1.399510 -2.055020
v 1.024222 1.251243 -2.033150
v -1.999620 0.976990 1.894840
v -2.033103 0.977906 1.822846
v -2.054833 0.980392 1.737703
v -2.065476 0.985233 1.639380
v -2.065553 0.993292 1.527398
v -2.055019 1.005749 1.399510
v -2.033149 1.024221 1.251242
v 1.898832 -1.849010 -1.898832
v 1.915971 -1.791137 -1.915971
v 1.930698 -1.712945 -1.930699
v 1.941766 -1.613239 -1.941767
v 1.948676 -1.490637 -1.948677
v 1.952225 -1.344231 -1.952225
v 1.953532 -1.173234 -1.953532
v 1.999620 0.976990 -1.894840
v 2.033103 0.977906 -1.822846
v 2.054834 0.980392 -1.737703
v 2.065476 0.985232 -1.639379
v 2.065554 0.993292 -1.527398
v 2.055020 1.005749 -1.399509
v 2.033150 1.024221 -1.251242
v -1.849009 1.898833 -1.898832
v -1.791137 1.915971 -1.915970
v -1.712944 1.930699 -1.930698
v -1.613238 1.941767 -1.941766
v -1.490636 1.948677 -1.948676
v -1.344231 1.952225 -1.952224
v -1.173234 1.953532 -1.953532
v 1.849010 -1.898832 -1.898833
v 1.791138 -1.915970 -1.915971
v 1.712945 -1.930698 -1.930699
v 1.613239 -1.941766 -1.941767
v 1.490637 -1.948676 -1.948677
v 1.344231 -1.952224 -1.952225
v 1.173235 -1.953531 -1.953532
v 1.898832 -1.898832 -1.849011
v 1.915971 -1.915970 -1.791138
v 1.930698 -1.930698 -1.712945
v 1.941766 -1.941766 -1.613240
v 1.948676 -1.948676 -1.490637
v 1.952224 -1.952225 -1.344232
v 1.953531 -1.953532 -1.173235
v 1.898831 -1.898833 1.849010
v 1.915969 -1.915972 1.791137
v 1.930697 -1.930699 1.712945
v 1.941765 -1.941768 1.613239
v 1.948675 -1.948677 1.490637
v 1.952223 -1.952226 1.344231
v 1.953530 -1.953533 1.173234
v -1.898831 1.849011 -1.898832
v -1.915970 1.791138 -1.915971
v -1.930697 1.712945 -1.930698
v -1.941766 1.613240 -1.941766
v -1.948676 1.490638 -1.948676
v -1.952224 1.344232 -1.952225
v -1.953531 1.173235 -1.953532
v -1.898831 1.898833 -1.849010
v -1.915970 1.915971 -1.791138
v -1.930697 1.930699 -1.712945
v -1.941766 1.941767 -1.613239
v -1.948676 1.948677 -1.490637
v -1.952224 1.952225 -1.344231
v -1.953531 1.953532 -1.173234
v -1.898832 1.898832 1.849010
v -1.915970 1.915971 1.791138
v -1.930698 1.930698 1.712945
v -1.941766 1.941766 1.613240
v -1.948676 1.948676 1.490638
v -1.952224 1.952225 1.344232
v -1.953531 1.953532 1.173235
v 1.898831 -1.849011 1.898832
v 1.915969 -1.791139 1.915971
v 1.930697 -1.712946 1.930698
v 1.941765 -1.613241 1.941766
v 1.948675 -1.490639 1.948676
v 1.952224 -1.344233 1.952225
v 1.953531 -1.173236 1.953532
v -1.849010 1.898832 1.898832
v -1.791137 1.915970 1.915971
v -1.712944 1.930698 1.930699
v -1.613239 1.941766 1.941767
v -1.490637 1.948676 1.948677
v -1.344231 1.952224 1.952225
v -1.173234 1.953531 1.953532
v 1.849009 -1.898833 1.898832
v 1.791136 -1.915972 1.915971
v 1.712943 -1.930700 1.930698
v 1.613238 -1.941767 1.941766
v 1.490636 -1.948677 1.948676
v 1.344230 -1.952225 1.952224
v 1.173233 -1.953533 1.953532
v -1.898832 1.849010 1.898833
v -1.915970 1.791137 1.915971
v -1.930698 1.712944 1.930699
v -1.941766 1.613239 1.941767
v -1.948676 1.490637 1.948676
v -1.952224 1.344231 1.952225
v -1.953532 1.173234 1.953532
v 1.894840 -0.976990 -1.999620
v 1.822846 -0.977906 -2.033103
v 1.737703 -0.980391 -2.054834
v 1.639380 -0.985232 -2.065477
v 1.527398 -0.993292 -2.065554
v 1.399510 -1.005749 -2.055020
v 1.251242 -1.024221 -2.033150
v -0.976989 1.894840 -1.999619
v -0.977905 1.822846 -2.033103
v -0.980391 1.737703 -2.054833
v -0.985232 1.639380 -2.065476
v -0.993291 1.527399 -2.065553
v -1.005749 1.399510 -2.055020
v -1.024221 1.251243 -2.033150
v -0.976990 -1.894839 -1.999620
v -0.977906 -1.822845 -2.033103
v -0.980392 -1.737702 -2.054834
v -0.985232 -1.639379 -2.065476
v -0.993292 -1.527398 -2.065554
v -1.005749 -1.399509 -2.055020
v -1.024221 -1.251241 -2.033150
v -0.976990 1.894839 1.999620
v -0.977906 1.822845 2.033103
v -0.980392 1.737702 2.054834
v -0.985232 1.639379 2.065477
v -0.993292 1.527398 2.065554
v -1.005749 1.399509 2.055020
v -1.024221 1.251242 2.033150
v 1.894839 -0.976991 1.999620
v 1.822845 -0.977907 2.033103
v 1.737702 -0.980393 2.054833
v 1.639378 -0.985234 2.065476
v 1.527398 -0.993293 2.065553
v 1.399509 -1.005751 2.055020
v 1.251241 -1.024222 2.033150
v -0.976991 -1.894840 1.999619
v -0.977907 -1.822846 2.033103
v -0.980392 -1.737703 2.054833
v -0.985233 -1.639379 2.065476
v -0.993292 -1.527399 2.065553
v -1.005750 -1.399510 2.055020
v -1.024222 -1.251243 2.033150
v 1.999620 1.894839 0.976990
v 2.033103 1.822845 0.977906
v 2.054833 1.737702 0.980392
v 2.065476 1.639378 0.985233
v 2.065554 1.527397 0.993292
v 2.055020 1.399508 1.005750
v 2.033150 1.251241 1.024222
v 1.999620 -0.976990 -1.894840
v 2.033103 -0.977906 -1.822846
v 2.054833 -0.980392 -1.737703
v 2.065476 -0.985232 -1.639380
v 2.065553 -0.993292 -1.527398
v 2.055020 -1.005749 -1.399510
v 2.033149 -1.024221 -1.251242
v 1.999618 -1.894841 0.976990
v 2.033101 -1.822847 0.977906
v 2.054832 -1.737704 0.980391
v 2.065475 -1.639380 0.985232
v 2.065552 -1.527399 0.993292
v 2.055019 -1.399511 1.005749
v 2.033149 -1.251243 1.024221
v 1.894838 -1.999621 0.976990
v 1.822844 -2.033104 0.977906
v 1.737702 -2.054834 0.980391
v 1.639378 -2.065477 0.985232
v 1.527397 -2.065554 0.993292
v 1.399508 -2.055020 1.005749
v 1.251241 -2.033150 1.024221
v -0.976990 -1.999619 -1.894840
v -0.977906 -2.033102 -1.822846
v -0.980392 -2.054832 -1.737703
v -0.985233 -2.065475 -1.639380
v -0.993292 -2.065553 -1.527399
v -1.005750 -2.055019 -1.399510
v -1.024222 -2.033149 -1.251243
v -1.894840 -1.999619 0.976990
v -1.822846 -2.033102 0.977906
v -1.737703 -2.054833 0.980391
v -1.639380 -2.065475 0.985232
v -1.527399 -2.065553 0.993292
v -1.399510 -2.055019 1.005749
v -1.251243 -2.033149 1.024221
v -1.999620 -1.894839 0.976990
v -2.033103 -1.822845 0.977906
v -2.054833 -1.737702 0.980392
v -2.065476 -1.639379 0.985232
v -2.065554 -1.527398 0.993292
v -2.055020 -1.399509 1.005749
v -2.033150 -1.251242 1.024221
v -1.999619 0.976991 -1.894840
v -2.033102 0.977906 -1.822846
v -2.054833 0.980392 -1.737703
v -2.065475 0.985233 -1.639379
v -2.065553 0.993292 -1.527398
v -2.055019 1.005750 -1.399510
v -2.033149 1.024222 -1.251242
v -1.999619 1.894840 0.976991
v -2.033102 1.822846 0.977906
v -2.054833 1.737703 0.980392
v -2.065475 1.639379 0.985233
v -2.065553 1.527398 0.993292
v -2.055019 1.399510 1.005750
v -2.033149 1.251242 1.024222
v 1.894840 1.999619 0.976991
v 1.822846 2.033102 0.977906
v 1.737703 2.054832 0.980392
v 1.639380 2.065475 0.985233
v 1.527398 2.065553 0.993292
v 1.399510 2.055019 1.005750
v 1.251242 2.033149 1.024222
v -0.976990 1.999619 1.894840
v -0.977906 2.033102 1.822846
v -0.980391 2.054833 1.737703
v -0.985232 2.065475 1.639380
v -0.993291 2.065552 1.527399
v -1.005749 2.055019 1.399510
v -1.024221 2.033149 1.251243
v -0.976989 1.999620 -1.894840
v -0.977905 2.033103 -1.822845
v -0.980391 2.054834 -1.737702
v -0.985232 2.065476 -1.639379
v -0.993291 2.065554 -1.527398
v -1.005749 2.055020 -1.399509
v -1.024220 2.033150 -1.251242
v -1.953719 -1.953718 -0.755540
v -1.953719 -1.953718 -0.514596
v -1.953719 -1.953718 -0.260569
v -1.953719 -1.953718 -0.000000
v -1.953719 -1.953718 0.260568
v -1.953719 -1.953718 0.514595
v -1.953719 -1.953718 0.755539
v -0.968628 0.968627 1.918104
v -0.920145 0.920145 1.838768
v -0.893898 0.893898 1.751495
v -0.887676 0.887675 1.656837
v -0.900921 0.900920 1.554687
v -0.935393 0.935393 1.441652
v -0.994817 0.994817 1.310003
v 0.968628 1.918103 -0.968628
v 0.920145 1.838768 -0.920145
v 0.893898 1.751495 -0.893898
v 0.887676 1.656836 -0.887676
v 0.900921 1.554687 -0.900921
v 0.935393 1.441652 -0.935393
v 0.994817 1.310002 -0.994817
v 0.968628 -0.968627 -1.918104
v 0.920145 -0.920145 -1.838768
v 0.893898 -0.893898 -1.751495
v 0.887676 -0.887676 -1.656837
v 0.900921 -0.900921 -1.554687
v 0.935393 -0.935393 -1.441652
v 0.994817 -0.994817 -1.310003
v 0.968627 -1.918104 0.968628
v 0.920144 -1.838768 0.920145
v 0.893897 -1.751495 0.893898
v 0.887675 -1.656837 0.887676
v 0.900920 -1.554687 0.900921
v 0.935392 -1.441652 0.935393
v 0.994816 -1.310003 0.994817
v -0.968628 -1.918103 0.968628
v -0.920145 -1.838768 0.920145
v -0.893898 -1.751495 0.893898
v -0.887676 -1.656836 0.887675
v -0.900921 -1.554687 0.900921
v -0.935393 -1.441652 0.935393
v -0.994817 -1.310003 0.994817
v -0.968628 -0.968627 -1.918104
v -0.920145 -0.920145 -1.838768
v -0.893898 -0.893898 -1.751495
v -0.887676 -0.887675 -1.656837
v -0.900921 -0.900921 -1.554687
v -0.935393 -0.935393 -1.441652
v -0.994817 -0.994817 -1.310003
v -0.968627 1.918104 -0.968628
v -0.920144 1.838768 -0.920145
v -0.893897 1.751495 -0.893898
v -0.887675 1.656837 -0.887675
v -0.900920 1.554687 -0.900921
v -0.935392 1.441652 -0.935393
v -0.994816 1.310003 -0.994817
v 0.976990 -1.999619 -1.894840
v 0.977906 -2.033103 -1.822846
v 0.980391 -2.054833 -1.737704
v 0.985232 -2.065476 -1.639380
v 0.993291 -2.065553 -1.527399
v 1.005749 -2.055019 -1.399510
v 1.024221 -2.033150 -1.251243
v 0.790982 -1.977465 1.191739
v 0.533898 -1.968687 1.268455
v 0.269130 -1.963701 1.311360
v -0.000001 -1.962092 1.325040
v -0.269131 -1.963701 1.311360
v -0.533899 -1.968687 1.268454
v -0.790983 -1.977465 1.191739
v 0.976990 1.999620 -1.894840
v 0.977906 2.033103 -1.822845
v 0.980392 2.054833 -1.737703
v 0.985233 2.065476 -1.639379
v 0.993292 2.065554 -1.527398
v 1.005750 2.055020 -1.399509
v 1.024222 2.033149 -1.251242
v 1.918104 0.968627 0.968628
v 1.838768 0.920144 0.920145
v 1.751495 0.893897 0.893898
v 1.656836 0.887675 0.887676
v 1.554687 0.900920 0.900921
v 1.441652 0.935392 0.935393
v 1.310002 0.994816 0.994817
v -0.968628 -0.968628 1.918104
v -0.920145 -0.920145 1.838768
v -0.893898 -0.893898 1.751495
v -0.887676 -0.887676 1.656836
v -0.900921 -0.900921 1.554687
v -0.935393 -0.935393 1.441652
v -0.994817 -0.994817 1.310003
v 0.755539 -1.953719 1.953718
v 0.514595 -1.953719 1.953719
v 0.260568 -1.953719 1.953718
v -0.000001 -1.953719 1.953718
v -0.260569 -1.953719 1.953718
v -0.514596 -1.953719 1.953719
v -0.755540 -1.953719 1.953718
v 1.894840 0.976989 1.999620
v 1.822846 0.977905 2.033103
v 1.737703 0.980390 2.054834
v 1.639380 0.985231 2.065476
v 1.527398 0.993291 2.065554
v 1.399509 1.005748 2.055020
v 1.251242 1.024220 2.033150
v -1.999620 -0.976989 -1.894840
v -2.033103 -0.977905 -1.822846
v -2.054834 -0.980391 -1.737703
v -2.065476 -0.985231 -1.639380
v -2.065554 -0.993291 -1.527399
v -2.055020 -1.005748 -1.399510
v -2.033150 -1.024220 -1.251243
v 1.918103 -0.968629 0.968628
v 1.838767 -0.920146 0.920145
v 1.751494 -0.893899 0.893898
v 1.656835 -0.887676 0.887676
v 1.554686 -0.900922 0.900921
v 1.441651 -0.935394 0.935393
v 1.310002 -0.994818 0.994817
v -1.977465 -0.790982 1.191739
v -1.968687 -0.533898 1.268455
v -1.963701 -0.269130 1.311360
v -1.962092 -0.000000 1.325040
v -1.963701 0.269131 1.311360
v -1.968687 0.533899 1.268455
v -1.977464 0.790982 1.191739
v 1.191739 0.790983 -1.977465
v 1.268455 0.533899 -1.968687
v 1.311360 0.269131 -1.963701
v 1.325040 0.000000 -1.962092
v 1.311360 -0.269130 -1.963701
v 1.268455 -0.533898 -1.968687
v 1.191739 -0.790982 -1.977466
v 1.977465 0.790981 1.191739
v 1.968687 0.533898 1.268455
v 1.963701 0.269129 1.311360
v 1.962091 -0.000001 1.325040
v 1.963701 -0.269132 1.311360
v 1.968687 -0.533900 1.268455
v 1.977464 -0.790984 1.191739
v -1.918103 0.968628 0.968628
v -1.838767 0.920145 0.920145
v -1.751495 0.893898 0.893898
v -1.656836 0.887676 0.887676
v -1.554687 0.900921 0.900921
v -1.441652 0.935393 0.935393
v -1.310002 0.994817 0.994817
v -1.918104 -0.968627 0.968628
v -1.838768 -0.920145 0.920145
v -1.751495 -0.893898 0.893898
v -1.656836 -0.887675 0.887676
v -1.554687 -0.900921 0.900921
v -1.441652 -0.935393 0.935393
v -1.310003 -0.994817 0.994817
v 0.790983 1.977465 -1.191739
v 0.533899 1.968687 -1.268455
v 0.269131 1.963701 -1.311360
v 0.000001 1.962092 -1.325040
v -0.269130 1.963701 -1.311360
v -0.533898 1.968687 -1.268454
v -0.790982 1.977465 -1.191739
v -1.191738 0.790983 -1.977465
v -1.268454 0.533899 -1.968687
v -1.311360 0.269131 -1.963701
v -1.325040 0.000000 -1.962092
v -1.311360 -0.269130 -1.963701
v -1.268455 -0.533898 -1.968687
v -1.191739 -0.790982 -1.977466
v 1.191739 0.790981 1.977466
v 1.268454 0.533898 1.968687
v 1.311360 0.269129 1.963701
v 1.325040 -0.000001 1.962092
v 1.311360 -0.269132 1.963701
v 1.268454 -0.533900 1.968687
v 1.191738 -0.790984 1.977465
v -1.220614 -0.807223 -1.220614
v -1.285567 -0.541151 -1.285567
v -1.322311 -0.271883 -1.322312
v -1.334136 0.000000 -1.334137
v -1.322311 0.271884 -1.322312
v -1.285566 0.541152 -1.285567
v -1.220613 0.807224 -1.220614
v 0.790982 -1.191740 1.977465
v 0.533898 -1.268456 1.968687
v 0.269130 -1.311361 1.963701
v -0.000001 -1.325041 1.962092
v -0.269131 -1.311361 1.963701
v -0.533899 -1.268455 1.968687
v -0.790983 -1.191739 1.977465
v -1.220614 0.807223 1.220614
v -1.285567 0.541152 1.285567
v -1.322311 0.271883 1.322311
v -1.334137 -0.000000 1.334137
v -1.322311 -0.271883 1.322311
v -1.285567 -0.541152 1.285567
v -1.220614 -0.807224 1.220614
v 1.894602 -1.173366 -1.999439
v 1.893493 -1.344418 -1.997962
v 1.890617 -1.491012 -1.993885
v 1.885076 -1.614014 -1.985908
v 1.876360 -1.714450 -1.972925
v 1.865502 -1.793988 -1.954622
v 1.854575 -1.854575 -1.930621
v 1.822022 -1.174235 -2.033152
v 1.820739 -1.345301 -2.031780
v 1.818325 -1.492205 -2.027529
v 1.814106 -1.616045 -2.018941
v 1.807775 -1.718113 -2.004640
v 1.800478 -1.800477 -1.983577
v 1.793988 -1.865502 -1.954622
v 1.735219 -1.176551 -2.055547
v 1.732950 -1.347366 -2.054768
v 1.730395 -1.494319 -2.050872
v 1.727054 -1.618892 -2.042238
v 1.722687 -1.722687 -2.027291
v 1.718114 -1.807775 -2.004640
v 1.714450 -1.876360 -1.972925
v 1.633615 -1.181027 -2.067505
v 1.629110 -1.351097 -2.068014
v 1.625424 -1.497456 -2.065176
v 1.622116 -1.622116 -2.057168
v 1.618892 -1.727053 -2.042238
v 1.616045 -1.814106 -2.018942
v 1.614014 -1.885075 -1.985908
v 1.516093 -1.188488 -2.069898
v 1.507810 -1.357049 -2.072721
v 1.501795 -1.501795 -2.071830
v 1.497457 -1.625424 -2.065176
v 1.494319 -1.730395 -2.050872
v 1.492205 -1.818324 -2.027530
v 1.491012 -1.890616 -1.993885
v 1.379362 -1.200232 -2.063578
v 1.366060 -1.366059 -2.070553
v 1.357050 -1.507810 -2.072721
v 1.351098 -1.629110 -2.068014
v 1.347367 -1.732949 -2.054768
v 1.345302 -1.820739 -2.031780
v 1.344418 -1.893492 -1.997962
v 1.218528 -1.218527 -2.049857
v 1.200233 -1.379361 -2.063578
v 1.188488 -1.516092 -2.069898
v 1.181027 -1.633614 -2.067505
v 1.176552 -1.735218 -2.055547
v 1.174235 -1.822022 -2.033152
v 1.173366 -1.894601 -1.999440
v 1.854575 1.854575 -1.930620
v 1.865502 1.793989 -1.954621
v 1.876360 1.714450 -1.972924
v 1.885076 1.614014 -1.985907
v 1.890617 1.491012 -1.993885
v 1.893493 1.344419 -1.997961
v 1.894602 1.173367 -1.999439
v 1.793989 1.865502 -1.954621
v 1.800478 1.800478 -1.983577
v 1.807775 1.718114 -2.004640
v 1.814106 1.616045 -2.018941
v 1.818325 1.492205 -2.027529
v 1.820740 1.345302 -2.031780
v 1.822022 1.174235 -2.033151
v 1.714450 1.876360 -1.972924
v 1.718114 1.807775 -2.004639
v 1.722687 1.722687 -2.027290
v 1.727054 1.618892 -2.042238
v 1.730395 1.494319 -2.050872
v 1.732950 1.347367 -2.054767
v 1.735219 1.176552 -2.055547
v 1.614014 1.885076 -1.985907
v 1.616045 1.814106 -2.018941
v 1.618892 1.727054 -2.042238
v 1.622117 1.622117 -2.057168
v 1.625424 1.497457 -2.065176
v 1.629110 1.351098 -2.068013
v 1.633615 1.181027 -2.067505
v 1.491012 1.890617 -1.993885
v 1.492205 1.818325 -2.027529
v 1.494319 1.730396 -2.050872
v 1.497457 1.625425 -2.065176
v 1.501795 1.501795 -2.071830
v 1.507810 1.357050 -2.072721
v 1.516093 1.188488 -2.069897
v 1.344419 1.893493 -1.997961
v 1.345302 1.820740 -2.031780
v 1.347367 1.732950 -2.054767
v 1.351098 1.629110 -2.068013
v 1.357050 1.507811 -2.072721
v 1.366059 1.366060 -2.070553
v 1.379362 1.200233 -2.063577
v 1.173367 1.894602 -1.999439
v 1.174235 1.822022 -2.033151
v 1.176552 1.735219 -2.055547
v 1.181027 1.633615 -2.067505
v 1.188488 1.516093 -2.069897
v 1.200233 1.379362 -2.063577
v 1.218527 1.218528 -2.049857
v -1.218527 -1.218526 -2.049857
v -1.200232 -1.379361 -2.063578
v -1.188488 -1.516092 -2.069898
v -1.181027 -1.633614 -2.067505
v -1.176552 -1.735218 -2.055548
v -1.174235 -1.822021 -2.033152
v -1.173366 -1.894601 -1.999439
v -1.379362 -1.200232 -2.063578
v -1.366059 -1.366058 -2.070554
v -1.357050 -1.507809 -2.072721
v -1.351098 -1.629109 -2.068014
v -1.347367 -1.732949 -2.054768
v -1.345302 -1.820738 -2.031780
v -1.344418 -1.893492 -1.997962
v -1.516093 -1.188487 -2.069898
v -1.507810 -1.357049 -2.072721
v -1.501795 -1.501794 -2.071831
v -1.497457 -1.625423 -2.065177
v -1.494319 -1.730395 -2.050872
v -1.492205 -1.818323 -2.027530
v -1.491012 -1.890615 -1.993885
v -1.633615 -1.181026 -2.067505
v -1.629110 -1.351097 -2.068014
v -1.625424 -1.497456 -2.065177
v -1.622116 -1.622115 -2.057168
v -1.618892 -1.727053 -2.042238
v -1.616045 -1.814105 -2.018942
v -1.614014 -1.885075 -1.985908
v -1.735218 -1.176551 -2.055547
v -1.732950 -1.347366 -2.054768
v -1.730396 -1.494318 -2.050872
v -1.727054 -1.618891 -2.042238
v -1.722687 -1.722686 -2.027291
v -1.718114 -1.807774 -2.004640
v -1.714451 -1.876359 -1.972925
v -1.822022 -1.174234 -2.033152
v -1.820739 -1.345301 -2.031780
v -1.818325 -1.492204 -2.027530
v -1.814106 -1.616044 -2.018942
v -1.807775 -1.718113 -2.004640
v -1.800478 -1.800477 -1.983577
v -1.793989 -1.865501 -1.954622
v -1.894602 -1.173365 -1.999439
v -1.893493 -1.344417 -1.997962
v -1.890617 -1.491011 -1.993885
v -1.885076 -1.614013 -1.985908
v -1.876361 -1.714449 -1.972925
v -1.865502 -1.793988 -1.954622
v -1.854575 -1.854574 -1.930620
v -1.173366 1.894602 -1.999439
v -1.174234 1.822023 -2.033152
v -1.176551 1.735219 -2.055547
v -1.181026 1.633615 -2.067505
v -1.188487 1.516093 -2.069897
v -1.200231 1.379362 -2.063577
v -1.218526 1.218528 -2.049857
v -1.344417 1.893493 -1.997961
v -1.345301 1.820740 -2.031780
v -1.347366 1.732950 -2.054767
v -1.351097 1.629111 -2.068013
v -1.357049 1.507811 -2.072721
v -1.366058 1.366060 -2.070553
v -1.379361 1.200233 -2.063577
v -1.491011 1.890617 -1.993885
v -1.492204 1.818325 -2.027529
v -1.494318 1.730396 -2.050872
v -1.497456 1.625425 -2.065176
v -1.501794 1.501796 -2.071830
v -1.507809 1.357050 -2.072721
v -1.516092 1.188489 -2.069897
v -1.614013 1.885077 -1.985907
v -1.616044 1.814107 -2.018941
v -1.618891 1.727054 -2.042238
v -1.622116 1.622117 -2.057167
v -1.625423 1.497457 -2.065176
v -1.629109 1.351098 -2.068013
v -1.633614 1.181027 -2.067505
v -1.714449 1.876361 -1.972924
v -1.718113 1.807776 -2.004640
v -1.722686 1.722687 -2.027290
v -1.727053 1.618893 -2.042238
v -1.730395 1.494320 -2.050872
v -1.732949 1.347367 -2.054768
v -1.735218 1.176552 -2.055547
v -1.793988 1.865502 -1.954622
v -1.800477 1.800479 -1.983577
v -1.807774 1.718114 -2.004640
v -1.814105 1.616045 -2.018941
v -1.818324 1.492206 -2.027529
v -1.820738 1.345302 -2.031780
v -1.822021 1.174236 -2.033151
v -1.854574 1.854576 -1.930620
v -1.865501 1.793989 -1.954621
v -1.876359 1.714451 -1.972925
v -1.885075 1.614014 -1.985907
v -1.890616 1.491012 -1.993885
v -1.893492 1.344419 -1.997962
v -1.894601 1.173367 -1.999439
v -1.173366 1.894601 1.999440
v -1.344418 1.893492 1.997962
v -1.491012 1.890616 1.993885
v -1.614014 1.885076 1.985908
v -1.714450 1.876360 1.972925
v -1.793988 1.865501 1.954622
v -1.854575 1.854575 1.930621
v -1.174235 1.822021 2.033152
v -1.345302 1.820739 2.031780
v -1.492205 1.818324 2.027529
v -1.616045 1.814106 2.018941
v -1.718114 1.807775 2.004640
v -1.800478 1.800478 1.983577
v -1.865502 1.793988 1.954622
v -1.176551 1.735218 2.055547
v -1.347367 1.732949 2.054768
v -1.494319 1.730395 2.050872
v -1.618892 1.727053 2.042238
v -1.722687 1.722686 2.027291
v -1.807775 1.718113 2.004640
v -1.876360 1.714450 1.972925
v -1.181027 1.633614 2.067505
v -1.351098 1.629109 2.068014
v -1.497457 1.625424 2.065176
v -1.622116 1.622116 2.057168
v -1.727053 1.618892 2.042238
v -1.814106 1.616044 2.018942
v -1.885076 1.614014 1.985908
v -1.188488 1.516092 2.069898
v -1.357049 1.507810 2.072721
v -1.501795 1.501795 2.071830
v -1.625424 1.497456 2.065176
v -1.730395 1.494319 2.050872
v -1.818325 1.492205 2.027530
v -1.890616 1.491012 1.993885
v -1.200232 1.379361 2.063578
v -1.366059 1.366059 2.070553
v -1.507810 1.357049 2.072721
v -1.629110 1.351097 2.068014
v -1.732950 1.347366 2.054768
v -1.820739 1.345301 2.031780
v -1.893493 1.344418 1.997962
v -1.218527 1.218527 2.049857
v -1.379362 1.200232 2.063578
v -1.516093 1.188488 2.069898
v -1.633615 1.181027 2.067505
v -1.735218 1.176552 2.055547
v -1.822022 1.174235 2.033152
v -1.894601 1.173366 1.999439
v 1.854576 1.854573 1.930621
v 1.793989 1.865500 1.954622
v 1.714451 1.876359 1.972925
v 1.614014 1.885075 1.985908
v 1.491012 1.890615 1.993885
v 1.344419 1.893491 1.997962
v 1.173367 1.894600 1.999440
v 1.865502 1.793987 1.954622
v 1.800478 1.800476 1.983577
v 1.718114 1.807774 2.004640
v 1.616045 1.814104 2.018942
v 1.492206 1.818323 2.027529
v 1.345302 1.820738 2.031780
v 1.174235 1.822021 2.033152
v 1.876361 1.714449 1.972925
v 1.807776 1.718112 2.004640
v 1.722687 1.722685 2.027291
v 1.618893 1.727052 2.042238
v 1.494319 1.730394 2.050872
v 1.347367 1.732948 2.054768
v 1.176552 1.735217 2.055548
v 1.885076 1.614012 1.985907
v 1.814106 1.616043 2.018942
v 1.727054 1.618891 2.042238
v 1.622117 1.622115 2.057168
v 1.497457 1.625423 2.065177
v 1.351098 1.629109 2.068014
v 1.181027 1.633613 2.067505
v 1.890617 1.491010 1.993885
v 1.818325 1.492204 2.027530
v 1.730396 1.494318 2.050872
v 1.625425 1.497455 2.065176
v 1.501795 1.501794 2.071830
v 1.357050 1.507809 2.072721
v 1.188488 1.516091 2.069898
v 1.893493 1.344417 1.997962
v 1.820740 1.345300 2.031780
v 1.732950 1.347365 2.054768
v 1.629110 1.351096 2.068014
v 1.507810 1.357048 2.072721
v 1.366059 1.366058 2.070553
v 1.200232 1.379360 2.063578
v 1.894602 1.173365 1.999439
v 1.822022 1.174234 2.033152
v 1.735219 1.176551 2.055548
v 1.633615 1.181026 2.067505
v 1.516093 1.188487 2.069898
v 1.379362 1.200231 2.063578
v 1.218527 1.218526 2.049857
v -1.218528 -1.218527 2.049857
v -1.379362 -1.200233 2.063577
v -1.516093 -1.188488 2.069897
v -1.633615 -1.181027 2.067505
v -1.735219 -1.176551 2.055547
v -1.822022 -1.174235 2.033152
v -1.894602 -1.173366 1.999439
v -1.200233 -1.379362 2.063577
v -1.366060 -1.366059 2.070553
v -1.507810 -1.357050 2.072721
v -1.629110 -1.351097 2.068013
v -1.732950 -1.347367 2.054768
v -1.820739 -1.345301 2.031780
v -1.893493 -1.344418 1.997962
v -1.188489 -1.516093 2.069898
v -1.357050 -1.507810 2.072721
v -1.501796 -1.501795 2.071830
v -1.625424 -1.497457 2.065176
v -1.730396 -1.494319 2.050872
v -1.818325 -1.492205 2.027529
v -1.890617 -1.491012 1.993885
v -1.181027 -1.633615 2.067505
v -1.351098 -1.629110 2.068013
v -1.497457 -1.625424 2.065176
v -1.622117 -1.622116 2.057168
v -1.727054 -1.618892 2.042238
v -1.814106 -1.616045 2.018941
v -1.885077 -1.614014 1.985907
v -1.176552 -1.735218 2.055547
v -1.347367 -1.732950 2.054768
v -1.494320 -1.730395 2.050872
v -1.618893 -1.727053 2.042238
v -1.722687 -1.722686 2.027290
v -1.807775 -1.718113 2.004639
v -1.876361 -1.714450 1.972925
v -1.174236 -1.822022 2.033151
v -1.345302 -1.820739 2.031780
v -1.492206 -1.818324 2.027529
v -1.616045 -1.814106 2.018941
v -1.718114 -1.807775 2.004639
v -1.800478 -1.800478 1.983577
v -1.865502 -1.793988 1.954622
v -1.173367 -1.894601 1.999439
v -1.344419 -1.893492 1.997962
v -1.491013 -1.890616 1.993885
v -1.614015 -1.885076 1.985907
v -1.714451 -1.876360 1.972925
v -1.793989 -1.865501 1.954621
v -1.854575 -1.854575 1.930620
v 1.894601 -1.173368 1.999439
v 1.822021 -1.174237 2.033152
v 1.735217 -1.176553 2.055547
v 1.633614 -1.181028 2.067505
v 1.516092 -1.188490 2.069897
v 1.379361 -1.200233 2.063577
v 1.218527 -1.218528 2.049857
v 1.893492 -1.344419 1.997961
v 1.820738 -1.345303 2.031780
v 1.732949 -1.347368 2.054767
v 1.629109 -1.351099 2.068013
v 1.507809 -1.357051 2.072721
v 1.366058 -1.366060 2.070553
v 1.200232 -1.379363 2.063577
v 1.890615 -1.491013 1.993885
v 1.818323 -1.492206 2.027529
v 1.730394 -1.494320 2.050872
v 1.625423 -1.497458 2.065176
v 1.501794 -1.501796 2.071830
v 1.357049 -1.507811 2.072721
v 1.188487 -1.516094 2.069897
v 1.885075 -1.614015 1.985908
v 1.814105 -1.616046 2.018941
v 1.727052 -1.618894 2.042238
v 1.622115 -1.622118 2.057167
v 1.497455 -1.625425 2.065176
v 1.351097 -1.629111 2.068013
v 1.181026 -1.633616 2.067505
v 1.876359 -1.714452 1.972925
v 1.807774 -1.718115 2.004640
v 1.722685 -1.722688 2.027290
v 1.618891 -1.727054 2.042238
v 1.494318 -1.730397 2.050872
v 1.347366 -1.732951 2.054768
v 1.176551 -1.735219 2.055547
v 1.865500 -1.793990 1.954622
v 1.800477 -1.800479 1.983577
v 1.718112 -1.807776 2.004640
v 1.616044 -1.814107 2.018941
v 1.492204 -1.818326 2.027529
v 1.345301 -1.820740 2.031780
v 1.174234 -1.822023 2.033151
v 1.854574 -1.854576 1.930620
v 1.793987 -1.865503 1.954621
v 1.714449 -1.876361 1.972925
v 1.614013 -1.885077 1.985907
v 1.491011 -1.890618 1.993884
v 1.344417 -1.893494 1.997962
v 1.173365 -1.894602 1.999439
v 1.999439 1.894600 1.173367
v 1.997962 1.893491 1.344419
v 1.993885 1.890615 1.491012
v 1.985908 1.885075 1.614015
v 1.972925 1.876359 1.714451
v 1.954622 1.865500 1.793989
v 1.930621 1.854573 1.854576
v 2.033152 1.822021 1.174235
v 2.031780 1.820738 1.345302
v 2.027529 1.818323 1.492205
v 2.018941 1.814104 1.616045
v 2.004640 1.807774 1.718114
v 1.983578 1.800476 1.800478
v 1.954622 1.793987 1.865502
v 2.055547 1.735217 1.176552
v 2.054768 1.732949 1.347367
v 2.050872 1.730394 1.494319
v 2.042238 1.727052 1.618893
v 2.027291 1.722685 1.722687
v 2.004640 1.718112 1.807775
v 1.972925 1.714449 1.876361
v 2.067505 1.633613 1.181027
v 2.068014 1.629109 1.351098
v 2.065177 1.625423 1.497457
v 2.057168 1.622115 1.622117
v 2.042238 1.618891 1.727054
v 2.018941 1.616043 1.814106
v 1.985908 1.614012 1.885076
v 2.069898 1.516092 1.188488
v 2.072721 1.507809 1.357050
v 2.071831 1.501794 1.501796
v 2.065176 1.497455 1.625424
v 2.050872 1.494318 1.730396
v 2.027529 1.492204 1.818325
v 1.993885 1.491010 1.890617
v 2.063578 1.379361 1.200233
v 2.070553 1.366058 1.366060
v 2.072721 1.357048 1.507811
v 2.068014 1.351096 1.629110
v 2.054768 1.347365 1.732950
v 2.031780 1.345300 1.820740
v 1.997962 1.344417 1.893493
v 2.049857 1.218526 1.218528
v 2.063578 1.200231 1.379362
v 2.069898 1.188487 1.516093
v 2.067505 1.181026 1.633615
v 2.055547 1.176551 1.735219
v 2.033152 1.174234 1.822023
v 1.999439 1.173365 1.894602
v 1.930620 1.854575 -1.854575
v 1.954622 1.865502 -1.793988
v 1.972925 1.876360 -1.714450
v 1.985907 1.885076 -1.614013
v 1.993885 1.890616 -1.491012
v 1.997962 1.893492 -1.344418
v 1.999439 1.894601 -1.173366
v 1.954622 1.793988 -1.865502
v 1.983577 1.800478 -1.800478
v 2.004640 1.807775 -1.718114
v 2.018941 1.814106 -1.616045
v 2.027529 1.818324 -1.492205
v 2.031780 1.820739 -1.345302
v 2.033152 1.822022 -1.174235
v 1.972925 1.714450 -1.876360
v 2.004640 1.718113 -1.807775
v 2.027290 1.722686 -1.722687
v 2.042238 1.727053 -1.618892
v 2.050872 1.730395 -1.494319
v 2.054768 1.732949 -1.347367
v 2.055547 1.735218 -1.176552
v 1.985907 1.614014 -1.885076
v 2.018941 1.616045 -1.814106
v 2.042238 1.618892 -1.727053
v 2.057168 1.622116 -1.622116
v 2.065176 1.625424 -1.497457
v 2.068014 1.629110 -1.351098
v 2.067505 1.633614 -1.181027
v 1.993885 1.491012 -1.890616
v 2.027530 1.492205 -1.818324
v 2.050872 1.494319 -1.730395
v 2.065176 1.497456 -1.625424
v 2.071830 1.501795 -1.501795
v 2.072721 1.507810 -1.357049
v 2.069897 1.516092 -1.188488
v 1.997962 1.344418 -1.893493
v 2.031780 1.345302 -1.820739
v 2.054768 1.347366 -1.732950
v 2.068014 1.351097 -1.629110
v 2.072721 1.357049 -1.507810
v 2.070553 1.366059 -1.366059
v 2.063577 1.379361 -1.200232
v 1.999439 1.173367 -1.894601
v 2.033152 1.174235 -1.822022
v 2.055547 1.176552 -1.735218
v 2.067505 1.181027 -1.633615
v 2.069897 1.188488 -1.516093
v 2.063578 1.200232 -1.379362
v 2.049857 1.218527 -1.218527
v 2.049856 -1.218528 1.218527
v 2.063576 -1.200234 1.379362
v 2.069896 -1.188489 1.516092
v 2.067504 -1.181028 1.633614
v 2.055547 -1.176553 1.735218
v 2.033151 -1.174237 1.822022
v 1.999438 -1.173368 1.894601
v 2.063576 -1.379363 1.200232
v 2.070552 -1.366060 1.366059
v 2.072720 -1.357051 1.507810
v 2.068012 -1.351099 1.629110
v 2.054766 -1.347368 1.732950
v 2.031779 -1.345303 1.820739
v 1.997960 -1.344420 1.893493
v 2.069896 -1.516094 1.188488
v 2.072720 -1.507811 1.357049
v 2.071829 -1.501797 1.501795
v 2.065175 -1.497458 1.625424
v 2.050871 -1.494321 1.730395
v 2.027528 -1.492206 1.818325
v 1.993884 -1.491014 1.890616
v 2.067503 -1.633616 1.181027
v 2.068012 -1.629111 1.351097
v 2.065175 -1.625425 1.497457
v 2.057166 -1.622118 1.622116
v 2.042237 -1.618894 1.727054
v 2.018940 -1.616046 1.814106
v 1.985906 -1.614015 1.885076
v 2.055546 -1.735220 1.176552
v 2.054766 -1.732951 1.347367
v 2.050870 -1.730397 1.494319
v 2.042237 -1.727055 1.618892
v 2.027289 -1.722688 1.722687
v 2.004638 -1.718115 1.807775
v 1.972923 -1.714452 1.876360
v 2.033150 -1.822024 1.174235
v 2.031778 -1.820740 1.345302
v 2.027528 -1.818326 1.492205
v 2.018939 -1.814107 1.616045
v 2.004638 -1.807776 1.718114
v 1.983576 -1.800479 1.800478
v 1.954620 -1.793990 1.865502
v 1.999438 -1.894603 1.173366
v 1.997960 -1.893494 1.344418
v 1.993883 -1.890618 1.491012
v 1.985906 -1.885077 1.614014
v 1.972923 -1.876361 1.714450
v 1.954620 -1.865503 1.793988
v 1.930619 -1.854576 1.854575
v 1.999439 -1.173366 -1.894602
v 2.033152 -1.174235 -1.822023
v 2.055547 -1.176551 -1.735219
v 2.067504 -1.181027 -1.633615
v 2.069897 -1.188488 -1.516093
v 2.063577 -1.200232 -1.379362
v 2.049856 -1.218527 -1.218528
v 1.997962 -1.344418 -1.893493
v 2.031780 -1.345302 -1.820740
v 2.054767 -1.347367 -1.732950
v 2.068013 -1.351098 -1.629110
v 2.072721 -1.357049 -1.507810
v 2.070552 -1.366059 -1.366060
v 2.063577 -1.379362 -1.200233
v 1.993885 -1.491012 -1.890617
v 2.027529 -1.492205 -1.818325
v 2.050872 -1.494319 -1.730396
v 2.065176 -1.497457 -1.625425
v 2.071830 -1.501795 -1.501796
v 2.072720 -1.507810 -1.357050
v 2.069897 -1.516092 -1.188488
v 1.985907 -1.614014 -1.885077
v 2.018941 -1.616045 -1.814107
v 2.042238 -1.618892 -1.727054
v 2.057167 -1.622116 -1.622117
v 2.065176 -1.625424 -1.497457
v 2.068013 -1.629110 -1.351098
v 2.067504 -1.633615 -1.181027
v 1.972925 -1.714450 -1.876361
v 2.004640 -1.718114 -1.807776
v 2.027290 -1.722687 -1.722687
v 2.042238 -1.727053 -1.618893
v 2.050872 -1.730395 -1.494319
v 2.054767 -1.732950 -1.347367
v 2.055547 -1.735219 -1.176552
v 1.954622 -1.793988 -1.865502
v 1.983577 -1.800478 -1.800478
v 2.004639 -1.807775 -1.718114
v 2.018941 -1.814106 -1.616045
v 2.027529 -1.818325 -1.492206
v 2.031780 -1.820739 -1.345302
v 2.033151 -1.822022 -1.174235
v 1.930620 -1.854575 -1.854576
v 1.954621 -1.865502 -1.793989
v 1.972924 -1.876360 -1.714451
v 1.985907 -1.885076 -1.614014
v 1.993884 -1.890616 -1.491012
v 1.997961 -1.893493 -1.344419
v 1.999438 -1.894602 -1.173367
v 1.894600 -1.999440 1.173366
v 1.893491 -1.997962 1.344418
v 1.890615 -1.993886 1.491012
v 1.885075 -1.985909 1.614014
v 1.876359 -1.972926 1.714450
v 1.865500 -1.954623 1.793988
v 1.854573 -1.930621 1.854575
v 1.822021 -2.033153 1.174235
v 1.820738 -2.031781 1.345301
v 1.818323 -2.027530 1.492205
v 1.814104 -2.018942 1.616045
v 1.807774 -2.004641 1.718114
v 1.800476 -1.983578 1.800478
v 1.793987 -1.954623 1.865502
v 1.735217 -2.055548 1.176551
v 1.732949 -2.054769 1.347366
v 1.730394 -2.050873 1.494319
v 1.727052 -2.042239 1.618892
v 1.722685 -2.027291 1.722687
v 1.718112 -2.004641 1.807775
v 1.714449 -1.972926 1.876360
v 1.633613 -2.067506 1.181027
v 1.629109 -2.068014 1.351097
v 1.625423 -2.065177 1.497456
v 1.622115 -2.057168 1.622116
v 1.618891 -2.042239 1.727053
v 1.616043 -2.018942 1.814106
v 1.614012 -1.985908 1.885076
v 1.516092 -2.069898 1.188488
v 1.507809 -2.072721 1.357049
v 1.501794 -2.071831 1.501795
v 1.497455 -2.065177 1.625424
v 1.494318 -2.050873 1.730395
v 1.492204 -2.027530 1.818324
v 1.491011 -1.993886 1.890616
v 1.379361 -2.063578 1.200232
v 1.366058 -2.070553 1.366059
v 1.357048 -2.072721 1.507810
v 1.351096 -2.068014 1.629110
v 1.347365 -2.054769 1.732949
v 1.345301 -2.031780 1.820739
v 1.344417 -1.997962 1.893493
v 1.218526 -2.049857 1.218527
v 1.200231 -2.063578 1.379362
v 1.188487 -2.069898 1.516092
v 1.181026 -2.067506 1.633615
v 1.176551 -2.055548 1.735218
v 1.174234 -2.033152 1.822022
v 1.173365 -1.999440 1.894601
v 1.854575 -1.930620 -1.854576
v 1.865502 -1.954621 -1.793989
v 1.876360 -1.972924 -1.714451
v 1.885076 -1.985907 -1.614014
v 1.890616 -1.993885 -1.491012
v 1.893492 -1.997961 -1.344419
v 1.894601 -1.999439 -1.173367
v 1.793988 -1.954621 -1.865502
v 1.800478 -1.983577 -1.800479
v 1.807775 -2.004639 -1.718114
v 1.814106 -2.018941 -1.616045
v 1.818324 -2.027529 -1.492206
v 1.820739 -2.031780 -1.345302
v 1.822021 -2.033152 -1.174236
v 1.714450 -1.972924 -1.876361
v 1.718114 -2.004639 -1.807776
v 1.722687 -2.027290 -1.722687
v 1.727053 -2.042238 -1.618893
v 1.730395 -2.050872 -1.494319
v 1.732949 -2.054767 -1.347367
v 1.735218 -2.055547 -1.176552
v 1.614014 -1.985907 -1.885077
v 1.616045 -2.018941 -1.814107
v 1.618892 -2.042238 -1.727054
v 1.622116 -2.057167 -1.622117
v 1.625424 -2.065176 -1.497457
v 1.629109 -2.068013 -1.351098
v 1.633614 -2.067505 -1.181027
v 1.491012 -1.993884 -1.890617
v 1.492205 -2.027529 -1.818325
v 1.494319 -2.050871 -1.730396
v 1.497456 -2.065176 -1.625425
v 1.501795 -2.071829 -1.501796
v 1.507810 -2.072721 -1.357050
v 1.516092 -2.069897 -1.188489
v 1.344418 -1.997961 -1.893493
v 1.345302 -2.031779 -1.820740
v 1.347366 -2.054767 -1.732950
v 1.351097 -2.068013 -1.629110
v 1.357049 -2.072721 -1.507811
v 1.366059 -2.070553 -1.366060
v 1.379361 -2.063577 -1.200233
v 1.173366 -1.999438 -1.894602
v 1.174235 -2.033151 -1.822023
v 1.176552 -2.055547 -1.735219
v 1.181027 -2.067504 -1.633615
v 1.188488 -2.069897 -1.516093
v 1.200232 -2.063577 -1.379362
v 1.218527 -2.049857 -1.218528
v -1.218528 -2.049856 1.218527
v -1.200233 -2.063577 1.379362
v -1.188489 -2.069897 1.516092
v -1.181027 -2.067505 1.633614
v -1.176552 -2.055547 1.735218
v -1.174236 -2.033151 1.822022
v -1.173367 -1.999439 1.894601
v -1.379362 -2.063577 1.200232
v -1.366060 -2.070552 1.366059
v -1.357050 -2.072720 1.507810
v -1.351098 -2.068013 1.629110
v -1.347367 -2.054767 1.732950
v -1.345302 -2.031780 1.820739
v -1.344419 -1.997961 1.893493
v -1.516093 -2.069897 1.188488
v -1.507810 -2.072720 1.357049
v -1.501796 -2.071830 1.501795
v -1.497457 -2.065176 1.625424
v -1.494319 -2.050871 1.730395
v -1.492206 -2.027529 1.818324
v -1.491012 -1.993884 1.890616
v -1.633615 -2.067504 1.181026
v -1.629110 -2.068013 1.351097
v -1.625425 -2.065176 1.497456
v -1.622117 -2.057167 1.622116
v -1.618893 -2.042237 1.727054
v -1.616045 -2.018941 1.814106
v -1.614014 -1.985907 1.885076
v -1.735219 -2.055547 1.176551
v -1.732950 -2.054767 1.347366
v -1.730396 -2.050872 1.494319
v -1.727054 -2.042238 1.618892
v -1.722687 -2.027289 1.722687
v -1.718114 -2.004639 1.807775
v -1.714451 -1.972924 1.876360
v -1.822023 -2.033151 1.174235
v -1.820739 -2.031780 1.345302
v -1.818325 -2.027529 1.492205
v -1.814106 -2.018941 1.616045
v -1.807776 -2.004639 1.718114
v -1.800478 -1.983577 1.800478
v -1.793989 -1.954621 1.865502
v -1.894602 -1.999439 1.173366
v -1.893493 -1.997961 1.344418
v -1.890617 -1.993884 1.491012
v -1.885077 -1.985907 1.614014
v -1.876361 -1.972924 1.714450
v -1.865502 -1.954621 1.793988
v -1.854575 -1.930620 1.854575
v -1.173366 -1.999438 -1.894602
v -1.174235 -2.033151 -1.822023
v -1.176552 -2.055546 -1.735219
v -1.181027 -2.067504 -1.633615
v -1.188488 -2.069896 -1.516093
v -1.200232 -2.063576 -1.379362
v -1.218527 -2.049856 -1.218528
v -1.344418 -1.997960 -1.893493
v -1.345302 -2.031779 -1.820740
v -1.347367 -2.054767 -1.732950
v -1.351098 -2.068012 -1.629111
v -1.357050 -2.072720 -1.507811
v -1.366059 -2.070552 -1.366060
v -1.379362 -2.063577 -1.200233
v -1.491012 -1.993884 -1.890617
v -1.492205 -2.027528 -1.818325
v -1.494319 -2.050871 -1.730396
v -1.497457 -2.065175 -1.625425
v -1.501795 -2.071829 -1.501796
v -1.507810 -2.072720 -1.357050
v -1.516093 -2.069896 -1.188489
v -1.614014 -1.985906 -1.885077
v -1.616045 -2.018940 -1.814107
v -1.618892 -2.042237 -1.727054
v -1.622116 -2.057166 -1.622117
v -1.625424 -2.065175 -1.497457
v -1.629110 -2.068012 -1.351098
v -1.633615 -2.067504 -1.181027
v -1.714451 -1.972923 -1.876361
v -1.718114 -2.004639 -1.807776
v -1.722687 -2.027289 -1.722687
v -1.727054 -2.042237 -1.618893
v -1.730396 -2.050871 -1.494320
v -1.732950 -2.054767 -1.347367
v -1.735218 -2.055547 -1.176552
v -1.793989 -1.954621 -1.865502
v -1.800478 -1.983576 -1.800478
v -1.807775 -2.004638 -1.718114
v -1.814106 -2.018940 -1.616045
v -1.818325 -2.027528 -1.492206
v -1.820739 -2.031779 -1.345302
v -1.822022 -2.033151 -1.174236
v -1.854575 -1.930619 -1.854576
v -1.865502 -1.954620 -1.793989
v -1.876361 -1.972924 -1.714451
v -1.885076 -1.985906 -1.614014
v -1.890617 -1.993884 -1.491012
v -1.893493 -1.997961 -1.344419
v -1.894602 -1.999438 -1.173367
v -1.999439 -1.894601 1.173366
v -1.997962 -1.893492 1.344418
v -1.993885 -1.890616 1.491012
v -1.985908 -1.885076 1.614014
v -1.972925 -1.876360 1.714450
v -1.954622 -1.865501 1.793988
v -1.930620 -1.854575 1.854575
v -2.033152 -1.822022 1.174235
v -2.031780 -1.820739 1.345302
v -2.027529 -1.818324 1.492205
v -2.018941 -1.814105 1.616045
v -2.004640 -1.807775 1.718114
v -1.983577 -1.800478 1.800478
v -1.954622 -1.793988 1.865502
v -2.055547 -1.735218 1.176551
v -2.054768 -1.732949 1.347367
v -2.050872 -1.730395 1.494319
v -2.042238 -1.727053 1.618892
v -2.027290 -1.722686 1.722687
v -2.004640 -1.718113 1.807775
v -1.972925 -1.714450 1.876360
v -2.067505 -1.633614 1.181027
v -2.068014 -1.629109 1.351098
v -2.065176 -1.625424 1.497456
v -2.057168 -1.622116 1.622116
v -2.042238 -1.618892 1.727053
v -2.018941 -1.616044 1.814106
v -1.985907 -1.614014 1.885076
v -2.069898 -1.516092 1.188488
v -2.072721 -1.507810 1.357049
v -2.071830 -1.501795 1.501795
v -2.065176 -1.497456 1.625424
v -2.050872 -1.494318 1.730395
v -2.027529 -1.492205 1.818325
v -1.993885 -1.491012 1.890616
v -2.063578 -1.379361 1.200232
v -2.070553 -1.366059 1.366059
v -2.072721 -1.357049 1.507810
v -2.068014 -1.351097 1.629110
v -2.054768 -1.347366 1.732950
v -2.031780 -1.345301 1.820739
v -1.997962 -1.344418 1.893493
v -2.049857 -1.218527 1.218527
v -2.063578 -1.200232 1.379362
v -2.069898 -1.188488 1.516093
v -2.067505 -1.181026 1.633615
v -2.055547 -1.176551 1.735218
v -2.033152 -1.174235 1.822022
v -1.999439 -1.173366 1.894601
v -1.930620 -1.854574 -1.854576
v -1.954622 -1.865501 -1.793989
v -1.972925 -1.876359 -1.714451
v -1.985907 -1.885075 -1.614014
v -1.993885 -1.890615 -1.491012
v -1.997962 -1.893492 -1.344419
v -1.999439 -1.894601 -1.173367
v -1.954622 -1.793987 -1.865502
v -1.983577 -1.800477 -1.800478
v -2.004640 -1.807774 -1.718114
v -2.018941 -1.814105 -1.616045
v -2.027529 -1.818323 -1.492206
v -2.031780 -1.820738 -1.345302
v -2.033152 -1.822021 -1.174236
v -1.972925 -1.714449 -1.876361
v -2.004640 -1.718113 -1.807776
v -2.027290 -1.722686 -1.722687
v -2.042238 -1.727052 -1.618892
v -2.050872 -1.730394 -1.494319
v -2.054768 -1.732949 -1.347367
v -2.055547 -1.735217 -1.176552
v -1.985907 -1.614013 -1.885076
v -2.018941 -1.616044 -1.814106
v -2.042238 -1.618891 -1.727054
v -2.057168 -1.622115 -1.622117
v -2.065176 -1.625423 -1.497457
v -2.068014 -1.629109 -1.351098
v -2.067505 -1.633614 -1.181027
v -1.993885 -1.491011 -1.890617
v -2.027529 -1.492204 -1.818325
v -2.050872 -1.494318 -1.730396
v -2.065176 -1.497455 -1.625425
v -2.071830 -1.501794 -1.501796
v -2.072721 -1.507809 -1.357050
v -2.069897 -1.516091 -1.188488
v -1.997962 -1.344417 -1.893493
v -2.031780 -1.345301 -1.820740
v -2.054768 -1.347366 -1.732950
v -2.068014 -1.351096 -1.629110
v -2.072721 -1.357049 -1.507811
v -2.070553 -1.366058 -1.366059
v -2.063577 -1.379361 -1.200233
v -1.999439 -1.173365 -1.894602
v -2.033152 -1.174234 -1.822023
v -2.055547 -1.176551 -1.735219
v -2.067505 -1.181026 -1.633615
v -2.069897 -1.188487 -1.516093
v -2.063578 -1.200231 -1.379362
v -2.049857 -1.218526 -1.218528
v -2.049856 1.218527 1.218527
v -2.063577 1.200232 1.379362
v -2.069897 1.188488 1.516093
v -2.067505 1.181027 1.633615
v -2.055547 1.176552 1.735219
v -2.033151 1.174235 1.822023
v -1.999439 1.173366 1.894602
v -2.063577 1.379362 1.200233
v -2.070552 1.366059 1.366060
v -2.072720 1.357050 1.507810
v -2.068013 1.351097 1.629110
v -2.054767 1.347367 1.732950
v -2.031780 1.345302 1.820740
v -1.997961 1.344418 1.893493
v -2.069896 1.516092 1.188488
v -2.072720 1.507810 1.357050
v -2.071830 1.501795 1.501796
v -2.065176 1.497457 1.625425
v -2.050871 1.494319 1.730396
v -2.027529 1.492205 1.818325
v -1.993885 1.491012 1.890617
v -2.067504 1.633615 1.181027
v -2.068013 1.629110 1.351098
v -2.065176 1.625424 1.497457
v -2.057167 1.622116 1.622117
v -2.042238 1.618892 1.727054
v -2.018941 1.616045 1.814106
v -1.985907 1.614014 1.885077
v -2.055547 1.735218 1.176552
v -2.054767 1.732950 1.347367
v -2.050871 1.730395 1.494319
v -2.042238 1.727054 1.618893
v -2.027289 1.722687 1.722687
v -2.004639 1.718114 1.807775
v -1.972924 1.714450 1.876361
v -2.033151 1.822022 1.174236
v -2.031780 1.820739 1.345302
v -2.027529 1.818325 1.492206
v -2.018941 1.814106 1.616045
v -2.004639 1.807775 1.718114
v -1.983577 1.800478 1.800478
v -1.954621 1.793988 1.865502
v -1.999438 1.894601 1.173367
v -1.997961 1.893493 1.344419
v -1.993884 1.890616 1.491012
v -1.985907 1.885076 1.614015
v -1.972924 1.876360 1.714451
v -1.954621 1.865502 1.793989
v -1.930620 1.854575 1.854575
v -1.999438 1.173367 -1.894601
v -2.033151 1.174236 -1.822022
v -2.055547 1.176552 -1.735218
v -2.067504 1.181027 -1.633615
v -2.069897 1.188489 -1.516093
v -2.063577 1.200233 -1.379362
v -2.049856 1.218528 -1.218527
v -1.997961 1.344419 -1.893493
v -2.031779 1.345302 -1.820739
v -2.054767 1.347367 -1.732950
v -2.068012 1.351098 -1.629110
v -2.072720 1.357050 -1.507810
v -2.070552 1.366060 -1.366059
v -2.063577 1.379362 -1.200232
v -1.993884 1.491012 -1.890616
v -2.027529 1.492206 -1.818325
v -2.050871 1.494319 -1.730395
v -2.065176 1.497457 -1.625424
v -2.071829 1.501796 -1.501795
v -2.072720 1.507811 -1.357049
v -2.069896 1.516093 -1.188488
v -1.985907 1.614015 -1.885076
v -2.018940 1.616045 -1.814106
v -2.042237 1.618893 -1.727054
v -2.057167 1.622117 -1.622116
v -2.065175 1.625425 -1.497457
v -2.068013 1.629110 -1.351097
v -2.067504 1.633615 -1.181027
v -1.972924 1.714451 -1.876360
v -2.004639 1.718114 -1.807775
v -2.027289 1.722687 -1.722687
v -2.042237 1.727054 -1.618892
v -2.050871 1.730396 -1.494319
v -2.054767 1.732950 -1.347366
v -2.055547 1.735219 -1.176552
v -1.954621 1.793989 -1.865502
v -1.983576 1.800478 -1.800478
v -2.004639 1.807775 -1.718114
v -2.018940 1.814106 -1.616045
v -2.027528 1.818325 -1.492205
v -2.031779 1.820740 -1.345302
v -2.033151 1.822023 -1.174235
v -1.930619 1.854576 -1.854575
v -1.954621 1.865502 -1.793988
v -1.972924 1.876361 -1.714450
v -1.985906 1.885076 -1.614014
v -1.993884 1.890617 -1.491012
v -1.997961 1.893493 -1.344418
v -1.999438 1.894602 -1.173366
v 1.894602 1.999439 -1.173366
v 1.893493 1.997961 -1.344418
v 1.890617 1.993884 -1.491012
v 1.885076 1.985907 -1.614014
v 1.876360 1.972924 -1.714450
v 1.865502 1.954621 -1.793988
v 1.854575 1.930620 -1.854575
v 1.822022 2.033151 -1.174235
v 1.820739 2.031779 -1.345301
v 1.818325 2.027529 -1.492205
v 1.814106 2.018941 -1.616045
v 1.807775 2.004639 -1.718114
v 1.800478 1.983577 -1.800478
v 1.793989 1.954622 -1.865502
v 1.735219 2.055547 -1.176551
v 1.732950 2.054767 -1.347366
v 1.730395 2.050872 -1.494319
v 1.727054 2.042238 -1.618892
v 1.722687 2.027290 -1.722687
v 1.718114 2.004640 -1.807775
v 1.714450 1.972924 -1.876360
v 1.633615 2.067504 -1.181027
v 1.629110 2.068013 -1.351097
v 1.625424 2.065176 -1.497456
v 1.622116 2.057167 -1.622116
v 1.618892 2.042238 -1.727053
v 1.616045 2.018941 -1.814106
v 1.614014 1.985907 -1.885076
v 1.516093 2.069897 -1.188488
v 1.507810 2.072721 -1.357049
v 1.501795 2.071830 -1.501795
v 1.497457 2.065176 -1.625424
v 1.494319 2.050872 -1.730395
v 1.492205 2.027529 -1.818324
v 1.491012 1.993885 -1.890616
v 1.379362 2.063577 -1.200232
v 1.366060 2.070553 -1.366059
v 1.357050 2.072721 -1.507810
v 1.351098 2.068013 -1.629110
v 1.347367 2.054768 -1.732949
v 1.345302 2.031780 -1.820739
v 1.344418 1.997962 -1.893493
v 1.218528 2.049856 -1.218527
v 1.200233 2.063577 -1.379362
v 1.188488 2.069897 -1.516092
v 1.181027 2.067505 -1.633614
v 1.176552 2.055547 -1.735218
v 1.174235 2.033152 -1.822022
v 1.173367 1.999439 -1.894601
v 1.854576 1.930619 1.854576
v 1.865502 1.954620 1.793989
v 1.876361 1.972923 1.714451
v 1.885076 1.985906 1.614014
v 1.890617 1.993883 1.491012
v 1.893493 1.997960 1.344419
v 1.894602 1.999438 1.173367
v 1.793989 1.954620 1.865502
v 1.800478 1.983576 1.800479
v 1.807776 2.004638 1.718114
v 1.814106 2.018940 1.616045
v 1.818325 2.027528 1.492206
v 1.820740 2.031778 1.345302
v 1.822023 2.033150 1.174236
v 1.714451 1.972923 1.876361
v 1.718114 2.004638 1.807776
v 1.722687 2.027289 1.722687
v 1.727054 2.042236 1.618893
v 1.730396 2.050871 1.494319
v 1.732950 2.054766 1.347367
v 1.735219 2.055546 1.176552
v 1.614014 1.985906 1.885077
v 1.616045 2.018940 1.814107
v 1.618892 2.042236 1.727054
v 1.622117 2.057166 1.622117
v 1.625425 2.065175 1.497457
v 1.629110 2.068012 1.351098
v 1.633615 2.067504 1.181027
v 1.491012 1.993883 1.890617
v 1.492205 2.027528 1.818325
v 1.494319 2.050871 1.730396
v 1.497457 2.065175 1.625425
v 1.501796 2.071828 1.501796
v 1.507810 2.072720 1.357050
v 1.516093 2.069896 1.188489
v 1.344419 1.997960 1.893493
v 1.345302 2.031779 1.820740
v 1.347367 2.054766 1.732950
v 1.351098 2.068012 1.629110
v 1.357050 2.072720 1.507811
v 1.366059 2.070552 1.366060
v 1.379362 2.063576 1.200233
v 1.173367 1.999438 1.894602
v 1.174236 2.033151 1.822023
v 1.176552 2.055546 1.735219
v 1.181027 2.067504 1.633615
v 1.188488 2.069896 1.516093
v 1.200233 2.063576 1.379362
v 1.218527 2.049856 1.218528
v -1.218526 2.049857 -1.218527
v -1.200232 2.063578 -1.379362
v -1.188487 2.069898 -1.516092
v -1.181026 2.067505 -1.633614
v -1.176551 2.055548 -1.735218
v -1.174234 2.033152 -1.822022
v -1.173365 1.999439 -1.894601
v -1.379361 2.063578 -1.200232
v -1.366058 2.070553 -1.366059
v -1.357049 2.072721 -1.507810
v -1.351097 2.068014 -1.629110
v -1.347366 2.054768 -1.732950
v -1.345301 2.031780 -1.820739
v -1.344417 1.997962 -1.893493
v -1.516092 2.069898 -1.188488
v -1.507809 2.072721 -1.357049
v -1.501794 2.071831 -1.501795
v -1.497456 2.065177 -1.625424
v -1.494318 2.050872 -1.730395
v -1.492204 2.027530 -1.818324
v -1.491011 1.993885 -1.890616
v -1.633614 2.067505 -1.181026
v -1.629109 2.068014 -1.351097
v -1.625423 2.065177 -1.497456
v -1.622115 2.057168 -1.622116
v -1.618891 2.042238 -1.727054
v -1.616044 2.018942 -1.814106
v -1.614013 1.985908 -1.885076
v -1.735218 2.055547 -1.176551
v -1.732949 2.054768 -1.347366
v -1.730394 2.050872 -1.494319
v -1.727053 2.042238 -1.618892
v -1.722686 2.027291 -1.722687
v -1.718113 2.004640 -1.807775
v -1.714450 1.972925 -1.876360
v -1.822021 2.033152 -1.174235
v -1.820738 2.031780 -1.345302
v -1.818324 2.027530 -1.492205
v -1.814105 2.018942 -1.616045
v -1.807774 2.004640 -1.718114
v -1.800477 1.983577 -1.800478
v -1.793988 1.954622 -1.865502
v -1.894601 1.999439 -1.173366
v -1.893492 1.997962 -1.344418
v -1.890616 1.993885 -1.491012
v -1.885076 1.985908 -1.614014
v -1.876360 1.972925 -1.714450
v -1.865501 1.954622 -1.793988
v -1.854574 1.930620 -1.854575
v -1.173366 1.999438 1.894602
v -1.174235 2.033151 1.822023
v -1.176551 2.055547 1.735219
v -1.181026 2.067504 1.633615
v -1.188488 2.069897 1.516093
v -1.200232 2.063576 1.379362
v -1.218527 2.049856 1.218528
v -1.344418 1.997961 1.893493
v -1.345301 2.031779 1.820740
v -1.347366 2.054767 1.732950
v -1.351097 2.068013 1.629111
v -1.357049 2.072720 1.507811
v -1.366059 2.070552 1.366060
v -1.379361 2.063577 1.200233
v -1.491012 1.993884 1.890617
v -1.492205 2.027529 1.818325
v -1.494318 2.050871 1.730396
v -1.497456 2.065176 1.625425
v -1.501795 2.071829 1.501796
v -1.507810 2.072720 1.357050
v -1.516092 2.069897 1.188489
v -1.614014 1.985907 1.885077
v -1.616045 2.018941 1.814107
v -1.618892 2.042238 1.727054
v -1.622116 2.057167 1.622117
v -1.625423 2.065176 1.497457
v -1.629109 2.068013 1.351098
v -1.633614 2.067504 1.181027
v -1.714450 1.972924 1.876361
v -1.718113 2.004639 1.807776
v -1.722686 2.027290 1.722687
v -1.727053 2.042238 1.618893
v -1.730395 2.050872 1.494320
v -1.732949 2.054768 1.347367
v -1.735218 2.055547 1.176552
v -1.793988 1.954621 1.865502
v -1.800478 1.983577 1.800478
v -1.807775 2.004639 1.718114
v -1.814105 2.018941 1.616045
v -1.818324 2.027529 1.492206
v -1.820739 2.031780 1.345302
v -1.822022 2.033151 1.174236
v -1.854575 1.930620 1.854576
v -1.865502 1.954621 1.793989
v -1.876360 1.972924 1.714451
v -1.885075 1.985907 1.614014
v -1.890616 1.993885 1.491012
v -1.893492 1.997962 1.344419
v -1.894601 1.999439 1.173367
v 0.755658 -1.999589 1.894951
v 0.514685 -1.999564 1.895063
v 0.260616 -1.999548 1.895149
v -0.000001 -1.999542 1.895183
v -0.260617 -1.999547 1.895149
v -0.514686 -1.999564 1.895063
v -0.755660 -1.999588 1.894951
v 0.756495 -2.032852 1.823735
v 0.515314 -2.032655 1.824628
v 0.260952 -2.032525 1.825317
v -0.000001 -2.032478 1.825593
v -0.260954 -2.032524 1.825317
v -0.515316 -2.032654 1.824628
v -0.756497 -2.032852 1.823735
v 0.758767 -2.053987 1.740704
v 0.517023 -2.053319 1.743719
v 0.261865 -2.052881 1.746044
v -0.000001 -2.052724 1.746975
v -0.261866 -2.052881 1.746044
v -0.517025 -2.053319 1.743719
v -0.758769 -2.053986 1.740704
v 0.763192 -2.063468 1.646493
v 0.520351 -2.061886 1.653640
v 0.263642 -2.060848 1.659151
v -0.000001 -2.060475 1.661358
v -0.263644 -2.060848 1.659151
v -0.520353 -2.061885 1.653640
v -0.763194 -2.063468 1.646493
v 0.770352 -2.061579 1.541764
v 0.525526 -2.058500 1.556190
v 0.266335 -2.056507 1.567059
v -0.000001 -2.055798 1.571326
v -0.266337 -2.056507 1.567059
v -0.525528 -2.058499 1.556190
v -0.770354 -2.061578 1.541764
v 0.780290 -2.047815 1.427294
v 0.531531 -2.042573 1.455156
v 0.269046 -2.039341 1.474592
v -0.000001 -2.038234 1.481686
v -0.269048 -2.039341 1.474592
v -0.531533 -2.042572 1.455156
v -0.780291 -2.047814 1.427294
v 0.791257 -2.020978 1.305722
v 0.536185 -2.013167 1.355944
v 0.270534 -2.008662 1.387317
v -0.000001 -2.007195 1.397803
v -0.270535 -2.008662 1.387316
v -0.536186 -2.013167 1.355944
v -0.791258 -2.020978 1.305722
v -0.755660 -1.894951 1.999588
v -0.514686 -1.895063 1.999563
v -0.260617 -1.895149 1.999547
v -0.000001 -1.895184 1.999541
v 0.260616 -1.895149 1.999547
v 0.514685 -1.895063 1.999563
v 0.755658 -1.894952 1.999588
v -0.756497 -1.823735 2.032852
v -0.515316 -1.824628 2.032654
v -0.260954 -1.825317 2.032524
v -0.000001 -1.825593 2.032478
v 0.260952 -1.825317 2.032524
v 0.515314 -1.824629 2.032654
v 0.756495 -1.823736 2.032852
v -0.758769 -1.740704 2.053986
v -0.517025 -1.743719 2.053318
v -0.261866 -1.746044 2.052881
v -0.000001 -1.746976 2.052724
v 0.261865 -1.746045 2.052881
v 0.517023 -1.743720 2.053319
v 0.758767 -1.740705 2.053986
v -0.763194 -1.646493 2.063468
v -0.520353 -1.653640 2.061885
v -0.263644 -1.659151 2.060848
v -0.000001 -1.661359 2.060475
v 0.263642 -1.659152 2.060848
v 0.520351 -1.653641 2.061885
v 0.763192 -1.646494 2.063468
v -0.770353 -1.541765 2.061578
v -0.525528 -1.556191 2.058500
v -0.266337 -1.567059 2.056507
v -0.000001 -1.571327 2.055798
v 0.266335 -1.567060 2.056507
v 0.525526 -1.556191 2.058500
v 0.770352 -1.541766 2.061578
v -0.780291 -1.427295 2.047815
v -0.531533 -1.455157 2.042572
v -0.269048 -1.474593 2.039341
v -0.000001 -1.481687 2.038234
v 0.269046 -1.474593 2.039341
v 0.531531 -1.455158 2.042572
v 0.780290 -1.427296 2.047814
v -0.791259 -1.305723 2.020978
v -0.536186 -1.355945 2.013167
v -0.270535 -1.387318 2.008662
v -0.000001 -1.397804 2.007195
v 0.270534 -1.387318 2.008662
v 0.536185 -1.355945 2.013167
v 0.791257 -1.305724 2.020978
v 0.762484 -1.914211 1.111603
v 0.520913 -1.908286 1.201604
v 0.263878 -1.904283 1.251934
v -0.000001 -1.902905 1.267892
v -0.263879 -1.904282 1.251934
v -0.520914 -1.908286 1.201604
v -0.762485 -1.914210 1.111603
v 0.730309 -1.837416 1.061161
v 0.504205 -1.834775 1.155869
v 0.257090 -1.832691 1.210034
v -0.000001 -1.831895 1.227376
v -0.257092 -1.832691 1.210034
v -0.504206 -1.834775 1.155869
v -0.730310 -1.837416 1.061161
v 0.710311 -1.751523 1.033569
v 0.492308 -1.751625 1.129831
v 0.251758 -1.751796 1.185626
v -0.000001 -1.751893 1.203641
v -0.251759 -1.751796 1.185626
v -0.492309 -1.751624 1.129831
v -0.710312 -1.751522 1.033569
v 0.705500 -1.658225 1.026744
v 0.489259 -1.661281 1.122933
v 0.250307 -1.664337 1.178782
v -0.000001 -1.665726 1.196833
v -0.250308 -1.664337 1.178782
v -0.489260 -1.661281 1.122933
v -0.705501 -1.658225 1.026744
v 0.716614 -1.558305 1.039987
v 0.496901 -1.566015 1.134932
v 0.254160 -1.573308 1.189499
v -0.000001 -1.576509 1.206981
v -0.254161 -1.573308 1.189499
v -0.496902 -1.566015 1.134933
v -0.716615 -1.558305 1.039987
v 0.743320 -1.450637 1.074769
v 0.512808 -1.468404 1.165981
v 0.261275 -1.482836 1.217357
v -0.000001 -1.488486 1.233630
v -0.261276 -1.482836 1.217357
v -0.512809 -1.468404 1.165981
v -0.743321 -1.450637 1.074769
v 0.781803 -1.334805 1.133511
v 0.531698 -1.372204 1.216245
v 0.268523 -1.397471 1.261820
v -0.000001 -1.406186 1.276207
v -0.268524 -1.397471 1.261820
v -0.531699 -1.372203 1.216245
v -0.781805 -1.334805 1.133511
v 0.762484 -1.111604 1.914210
v 0.730309 -1.061162 1.837416
v 0.710311 -1.033570 1.751522
v 0.705500 -1.026745 1.658225
v 0.716614 -1.039988 1.558305
v 0.743320 -1.074770 1.450637
v 0.781803 -1.133512 1.334804
v 0.520913 -1.201605 1.908286
v 0.504205 -1.155870 1.834775
v 0.492308 -1.129832 1.751624
v 0.489259 -1.122933 1.661281
v 0.496902 -1.134933 1.566015
v 0.512808 -1.165981 1.468404
v 0.531698 -1.216246 1.372203
v 0.263878 -1.251935 1.904282
v 0.257091 -1.210035 1.832691
v 0.251758 -1.185627 1.751796
v 0.250307 -1.178783 1.664337
v 0.254160 -1.189500 1.573308
v 0.261275 -1.217357 1.482836
v 0.268523 -1.261820 1.397470
v -0.000001 -1.267893 1.902905
v -0.000001 -1.227377 1.831895
v -0.000001 -1.203642 1.751892
v -0.000001 -1.196834 1.665726
v 0.000000 -1.206982 1.576509
v 0.000000 -1.233631 1.488486
v -0.000001 -1.276207 1.406186
v -0.263879 -1.251935 1.904282
v -0.257092 -1.210035 1.832691
v -0.251759 -1.185626 1.751796
v -0.250308 -1.178782 1.664337
v -0.254161 -1.189500 1.573308
v -0.261276 -1.217357 1.482836
v -0.268524 -1.261820 1.397470
v -0.520914 -1.201605 1.908286
v -0.504206 -1.155870 1.834775
v -0.492309 -1.129831 1.751624
v -0.489260 -1.122933 1.661281
v -0.496902 -1.134933 1.566015
v -0.512809 -1.165981 1.468404
v -0.531699 -1.216246 1.372203
v -0.762485 -1.111604 1.914211
v -0.730310 -1.061162 1.837416
v -0.710312 -1.033569 1.751522
v -0.705501 -1.026745 1.658225
v -0.716615 -1.039988 1.558305
v -0.743321 -1.074770 1.450637
v -0.781804 -1.133512 1.334804
v 0.755660 1.999589 -1.894951
v 0.514686 1.999564 -1.895063
v 0.260617 1.999548 -1.895149
v 0.000001 1.999542 -1.895183
v -0.260616 1.999548 -1.895149
v -0.514685 1.999564 -1.895063
v -0.755659 1.999589 -1.894951
v 0.756497 2.032852 -1.823735
v 0.515315 2.032654 -1.824628
v 0.260953 2.032525 -1.825317
v 0.000001 2.032478 -1.825593
v -0.260952 2.032525 -1.825317
v -0.515314 2.032654 -1.824628
v -0.756496 2.032852 -1.823735
v 0.758769 2.053986 -1.740704
v 0.517024 2.053319 -1.743719
v 0.261866 2.052881 -1.746044
v 0.000001 2.052724 -1.746975
v -0.261865 2.052881 -1.746044
v -0.517023 2.053319 -1.743719
v -0.758768 2.053987 -1.740704
v 0.763194 2.063468 -1.646493
v 0.520352 2.061885 -1.653640
v 0.263643 2.060848 -1.659151
v 0.000001 2.060476 -1.661358
v -0.263642 2.060848 -1.659151
v -0.520351 2.061886 -1.653640
v -0.763193 2.063469 -1.646493
v 0.770353 2.061578 -1.541764
v 0.525528 2.058500 -1.556190
v 0.266337 2.056507 -1.567059
v 0.000001 2.055798 -1.571326
v -0.266336 2.056507 -1.567059
v -0.525527 2.058500 -1.556190
v -0.770352 2.061579 -1.541764
v 0.780291 2.047814 -1.427294
v 0.531532 2.042572 -1.455156
v 0.269048 2.039341 -1.474592
v 0.000001 2.038234 -1.481686
v -0.269047 2.039341 -1.474592
v -0.531532 2.042573 -1.455157
v -0.780290 2.047815 -1.427294
v 0.791258 2.020978 -1.305722
v 0.536186 2.013167 -1.355944
v 0.270535 2.008662 -1.387317
v 0.000000 2.007195 -1.397803
v -0.270534 2.008662 -1.387316
v -0.536185 2.013167 -1.355944
v -0.791257 2.020979 -1.305722
v 0.755660 1.894951 -1.999588
v 0.756497 1.823735 -2.032852
v 0.758769 1.740704 -2.053986
v 0.763193 1.646494 -2.063468
v 0.770353 1.541765 -2.061578
v 0.780291 1.427295 -2.047814
v 0.791258 1.305723 -2.020978
v 0.514686 1.895063 -1.999564
v 0.515316 1.824629 -2.032654
v 0.517024 1.743720 -2.053319
v 0.520352 1.653640 -2.061885
v 0.525528 1.556191 -2.058499
v 0.531533 1.455157 -2.042572
v 0.536186 1.355945 -2.013167
v 0.260617 1.895149 -1.999547
v 0.260953 1.825318 -2.032524
v 0.261866 1.746044 -2.052881
v 0.263643 1.659152 -2.060848
v 0.266337 1.567060 -2.056507
v 0.269048 1.474593 -2.039341
v 0.270535 1.387317 -2.008662
v 0.000001 1.895184 -1.999541
v 0.000001 1.825594 -2.032478
v 0.000001 1.746976 -2.052724
v 0.000001 1.661359 -2.060475
v 0.000001 1.571327 -2.055798
v 0.000001 1.481687 -2.038234
v 0.000001 1.397803 -2.007195
v -0.260616 1.895149 -1.999547
v -0.260952 1.825318 -2.032525
v -0.261865 1.746045 -2.052881
v -0.263642 1.659152 -2.060848
v -0.266336 1.567059 -2.056506
v -0.269047 1.474593 -2.039340
v -0.270534 1.387317 -2.008662
v -0.514685 1.895064 -1.999564
v -0.515314 1.824629 -2.032654
v -0.517023 1.743720 -2.053319
v -0.520351 1.653640 -2.061885
v -0.525527 1.556191 -2.058500
v -0.531532 1.455157 -2.042572
v -0.536185 1.355945 -2.013167
v -0.755659 1.894952 -1.999588
v -0.756496 1.823735 -2.032852
v -0.758768 1.740704 -2.053986
v -0.763193 1.646494 -2.063468
v -0.770352 1.541765 -2.061578
v -0.780290 1.427295 -2.047815
v -0.791257 1.305723 -2.020978
v 0.762485 1.914211 -1.111603
v 0.520914 1.908286 -1.201604
v 0.263879 1.904282 -1.251934
v 0.000001 1.902905 -1.267892
v -0.263878 1.904282 -1.251934
v -0.520913 1.908286 -1.201604
v -0.762484 1.914211 -1.111603
v 0.730310 1.837416 -1.061161
v 0.504206 1.834775 -1.155869
v 0.257092 1.832691 -1.210034
v 0.000001 1.831895 -1.227376
v -0.257090 1.832691 -1.210034
v -0.504205 1.834775 -1.155869
v -0.730309 1.837416 -1.061161
v 0.710312 1.751522 -1.033569
v 0.492309 1.751624 -1.129831
v 0.251759 1.751796 -1.185626
v 0.000001 1.751893 -1.203641
v -0.251758 1.751796 -1.185626
v -0.492308 1.751624 -1.129831
v -0.710311 1.751523 -1.033569
v 0.705501 1.658225 -1.026744
v 0.489260 1.661281 -1.122933
v 0.250308 1.664337 -1.178782
v 0.000001 1.665726 -1.196833
v -0.250307 1.664337 -1.178782
v -0.489259 1.661281 -1.122933
v -0.705500 1.658225 -1.026744
v 0.716615 1.558305 -1.039987
v 0.496902 1.566015 -1.134932
v 0.254161 1.573308 -1.189499
v 0.000001 1.576509 -1.206981
v -0.254160 1.573308 -1.189499
v -0.496901 1.566015 -1.134933
v -0.716614 1.558305 -1.039987
v 0.743321 1.450637 -1.074769
v 0.512809 1.468404 -1.165981
v 0.261276 1.482836 -1.217357
v 0.000001 1.488486 -1.233630
v -0.261275 1.482836 -1.217357
v -0.512808 1.468404 -1.165980
v -0.743320 1.450637 -1.074769
v 0.781804 1.334804 -1.133511
v 0.531699 1.372203 -1.216245
v 0.268524 1.397471 -1.261820
v 0.000001 1.406186 -1.276207
v -0.268523 1.397471 -1.261820
v -0.531698 1.372204 -1.216245
v -0.781803 1.334804 -1.133511
v 0.762485 1.111604 -1.914210
v 0.730310 1.061162 -1.837416
v 0.710312 1.033569 -1.751522
v 0.705501 1.026745 -1.658225
v 0.716615 1.039988 -1.558305
v 0.743321 1.074769 -1.450637
v 0.781804 1.133512 -1.334804
v 0.520914 1.201605 -1.908286
v 0.504206 1.155870 -1.834775
v 0.492309 1.129831 -1.751624
v 0.489260 1.122933 -1.661281
v 0.496902 1.134933 -1.566015
v 0.512809 1.165981 -1.468404
v 0.531699 1.216246 -1.372203
v 0.263879 1.251935 -1.904282
v 0.257091 1.210035 -1.832691
v 0.251759 1.185626 -1.751796
v 0.250308 1.178782 -1.664337
v 0.254161 1.189500 -1.573308
v 0.261276 1.217357 -1.482836
v 0.268524 1.261820 -1.397470
v 0.000001 1.267893 -1.902905
v 0.000001 1.227377 -1.831895
v 0.000000 1.203641 -1.751892
v 0.000000 1.196834 -1.665726
v 0.000000 1.206982 -1.576509
v 0.000001 1.233631 -1.488486
v 0.000001 1.276207 -1.406186
v -0.263878 1.251935 -1.904282
v -0.257091 1.210035 -1.832691
v -0.251758 1.185626 -1.751796
v -0.250307 1.178782 -1.664337
v -0.254160 1.189500 -1.573308
v -0.261275 1.217358 -1.482836
v -0.268523 1.261820 -1.397470
v -0.520913 1.201605 -1.908286
v -0.504205 1.155870 -1.834775
v -0.492308 1.129831 -1.751624
v -0.489259 1.122933 -1.661281
v -0.496901 1.134933 -1.566015
v -0.512808 1.165981 -1.468404
v -0.531698 1.216246 -1.372203
v -0.762484 1.111604 -1.914211
v -0.730309 1.061162 -1.837416
v -0.710311 1.033569 -1.751522
v -0.705500 1.026745 -1.658225
v -0.716614 1.039988 -1.558305
v -0.743320 1.074770 -1.450637
v -0.781803 1.133512 -1.334804
v 0.755659 -1.999588 -1.894952
v 0.756496 -2.032851 -1.823735
v 0.758768 -2.053985 -1.740705
v 0.763193 -2.063468 -1.646494
v 0.770353 -2.061578 -1.541765
v 0.780290 -2.047814 -1.427295
v 0.791258 -2.020978 -1.305723
v 0.514685 -1.999563 -1.895064
v 0.515315 -2.032654 -1.824629
v 0.517024 -2.053318 -1.743720
v 0.520352 -2.061885 -1.653640
v 0.525527 -2.058499 -1.556191
v 0.531532 -2.042572 -1.455157
v 0.536185 -2.013167 -1.355945
v 0.260616 -1.999547 -1.895149
v 0.260953 -2.032524 -1.825318
v 0.261865 -2.052880 -1.746045
v 0.263643 -2.060847 -1.659152
v 0.266336 -2.056506 -1.567060
v 0.269047 -2.039340 -1.474593
v 0.270534 -2.008662 -1.387317
v 0.000000 -1.999541 -1.895184
v 0.000000 -2.032477 -1.825594
v 0.000000 -2.052723 -1.746976
v 0.000000 -2.060474 -1.661359
v 0.000000 -2.055797 -1.571327
v 0.000000 -2.038234 -1.481687
v 0.000000 -2.007195 -1.397803
v -0.260617 -1.999546 -1.895149
v -0.260953 -2.032524 -1.825318
v -0.261866 -2.052880 -1.746045
v -0.263643 -2.060847 -1.659152
v -0.266336 -2.056506 -1.567059
v -0.269047 -2.039340 -1.474593
v -0.270535 -2.008662 -1.387317
v -0.514686 -1.999563 -1.895064
v -0.515315 -2.032654 -1.824629
v -0.517024 -2.053318 -1.743720
v -0.520352 -2.061884 -1.653640
v -0.525528 -2.058499 -1.556191
v -0.531532 -2.042572 -1.455157
v -0.536186 -2.013166 -1.355945
v -0.755659 -1.999588 -1.894952
v -0.756496 -2.032851 -1.823735
v -0.758769 -2.053985 -1.740704
v -0.763193 -2.063467 -1.646494
v -0.770353 -2.061577 -1.541765
v -0.780291 -2.047814 -1.427295
v -0.791258 -2.020977 -1.305723
v 0.755659 -1.894950 -1.999589
v 0.514685 -1.895062 -1.999564
v 0.260616 -1.895148 -1.999548
v 0.000000 -1.895183 -1.999542
v -0.260617 -1.895148 -1.999548
v -0.514686 -1.895062 -1.999564
v -0.755659 -1.894950 -1.999589
v 0.756496 -1.823734 -2.032852
v 0.515315 -1.824627 -2.032655
v 0.260953 -1.825316 -2.032525
v 0.000000 -1.825592 -2.032478
v -0.260953 -1.825316 -2.032525
v -0.515315 -1.824627 -2.032655
v -0.756496 -1.823734 -2.032852
v 0.758768 -1.740703 -2.053987
v 0.517024 -1.743718 -2.053319
v 0.261866 -1.746043 -2.052881
v 0.000000 -1.746975 -2.052724
v -0.261866 -1.746043 -2.052881
v -0.517024 -1.743718 -2.053319
v -0.758768 -1.740703 -2.053987
v 0.763193 -1.646492 -2.063468
v 0.520352 -1.653639 -2.061886
v 0.263643 -1.659150 -2.060848
v 0.000000 -1.661358 -2.060476
v -0.263643 -1.659150 -2.060848
v -0.520352 -1.653639 -2.061886
v -0.763193 -1.646492 -2.063469
v 0.770353 -1.541764 -2.061579
v 0.525527 -1.556190 -2.058500
v 0.266336 -1.567058 -2.056507
v 0.000000 -1.571326 -2.055799
v -0.266336 -1.567058 -2.056507
v -0.525527 -1.556190 -2.058500
v -0.770353 -1.541764 -2.061579
v 0.780291 -1.427294 -2.047815
v 0.531532 -1.455156 -2.042573
v 0.269047 -1.474592 -2.039341
v 0.000000 -1.481686 -2.038234
v -0.269047 -1.474592 -2.039341
v -0.531532 -1.455156 -2.042573
v -0.780291 -1.427294 -2.047815
v 0.791258 -1.305722 -2.020979
v 0.536186 -1.355944 -2.013167
v 0.270534 -1.387316 -2.008663
v 0.000000 -1.397803 -2.007195
v -0.270534 -1.387316 -2.008662
v -0.536186 -1.355944 -2.013167
v -0.791258 -1.305722 -2.020979
v 0.762485 -1.111603 -1.914211
v 0.520913 -1.201604 -1.908287
v 0.263878 -1.251934 -1.904283
v 0.000000 -1.267892 -1.902906
v -0.263878 -1.251934 -1.904283
v -0.520913 -1.201604 -1.908286
v -0.762484 -1.111603 -1.914211
v 0.730310 -1.061161 -1.837416
v 0.504205 -1.155869 -1.834776
v 0.257091 -1.210034 -1.832692
v 0.000000 -1.227376 -1.831896
v -0.257091 -1.210034 -1.832691
v -0.504205 -1.155869 -1.834776
v -0.730310 -1.061161 -1.837416
v 0.710312 -1.033569 -1.751523
v 0.492309 -1.129831 -1.751625
v 0.251758 -1.185626 -1.751796
v 0.000000 -1.203641 -1.751893
v -0.251758 -1.185626 -1.751796
v -0.492309 -1.129831 -1.751625
v -0.710311 -1.033569 -1.751523
v 0.705501 -1.026744 -1.658226
v 0.489260 -1.122933 -1.661281
v 0.250308 -1.178782 -1.664338
v 0.000000 -1.196833 -1.665727
v -0.250308 -1.178782 -1.664338
v -0.489260 -1.122933 -1.661281
v -0.705501 -1.026744 -1.658226
v 0.716615 -1.039987 -1.558305
v 0.496902 -1.134932 -1.566015
v 0.254160 -1.189499 -1.573308
v 0.000000 -1.206981 -1.576509
v -0.254160 -1.189499 -1.573308
v -0.496902 -1.134933 -1.566015
v -0.716615 -1.039987 -1.558305
v 0.743320 -1.074769 -1.450638
v 0.512808 -1.165981 -1.468404
v 0.261275 -1.217357 -1.482836
v 0.000000 -1.233630 -1.488486
v -0.261275 -1.217357 -1.482836
v -0.512808 -1.165980 -1.468404
v -0.743320 -1.074769 -1.450637
v 0.781804 -1.133511 -1.334805
v 0.531698 -1.216245 -1.372204
v 0.268524 -1.261820 -1.397471
v 0.000000 -1.276207 -1.406186
v -0.268524 -1.261819 -1.397471
v -0.531698 -1.216245 -1.372204
v -0.781804 -1.133511 -1.334804
v 0.762484 -1.914210 -1.111604
v 0.730309 -1.837416 -1.061162
v 0.710311 -1.751522 -1.033569
v 0.705501 -1.658225 -1.026745
v 0.716615 -1.558305 -1.039988
v 0.743320 -1.450637 -1.074770
v 0.781804 -1.334804 -1.133512
v 0.520913 -1.908286 -1.201605
v 0.504205 -1.834775 -1.155870
v 0.492308 -1.751624 -1.129831
v 0.489260 -1.661281 -1.122933
v 0.496902 -1.566015 -1.134933
v 0.512808 -1.468404 -1.165981
v 0.531698 -1.372203 -1.216246
v 0.263878 -1.904282 -1.251935
v 0.257091 -1.832691 -1.210035
v 0.251758 -1.751795 -1.185626
v 0.250307 -1.664337 -1.178782
v 0.254160 -1.573308 -1.189500
v 0.261275 -1.482835 -1.217357
v 0.268524 -1.397470 -1.261820
v 0.000000 -1.902905 -1.267893
v 0.000000 -1.831895 -1.227377
v 0.000000 -1.751892 -1.203641
v 0.000000 -1.665726 -1.196834
v 0.000000 -1.576509 -1.206982
v 0.000000 -1.488486 -1.233631
v 0.000000 -1.406186 -1.276207
v -0.263879 -1.904282 -1.251935
v -0.257091 -1.832690 -1.210035
v -0.251759 -1.751795 -1.185626
v -0.250308 -1.664337 -1.178782
v -0.254160 -1.573307 -1.189500
v -0.261276 -1.482836 -1.217358
v -0.268524 -1.397470 -1.261820
v -0.520914 -1.908285 -1.201605
v -0.504206 -1.834774 -1.155870
v -0.492309 -1.751624 -1.129831
v -0.489260 -1.661281 -1.122933
v -0.496902 -1.566015 -1.134933
v -0.512808 -1.468403 -1.165981
v -0.531698 -1.372203 -1.216246
v -0.762485 -1.914210 -1.111604
v -0.730310 -1.837415 -1.061162
v -0.710312 -1.751522 -1.033569
v -0.705501 -1.658225 -1.026745
v -0.716615 -1.558305 -1.039988
v -0.743320 -1.450637 -1.074770
v -0.781804 -1.334804 -1.133512
v 0.755659 1.999587 1.894952
v 0.756497 2.032851 1.823735
v 0.758769 2.053985 1.740705
v 0.763193 2.063467 1.646494
v 0.770353 2.061577 1.541765
v 0.780291 2.047813 1.427295
v 0.791258 2.020977 1.305723
v 0.514686 1.999563 1.895063
v 0.515315 2.032653 1.824629
v 0.517024 2.053318 1.743720
v 0.520352 2.061884 1.653640
v 0.525527 2.058498 1.556191
v 0.531532 2.042571 1.455157
v 0.536186 2.013166 1.355945
v 0.260617 1.999546 1.895149
v 0.260953 2.032524 1.825318
v 0.261866 2.052880 1.746045
v 0.263643 2.060847 1.659152
v 0.266336 2.056506 1.567060
v 0.269047 2.039340 1.474593
v 0.270535 2.008661 1.387317
v 0.000000 1.999540 1.895184
v 0.000000 2.032477 1.825594
v 0.000000 2.052723 1.746976
v 0.000000 2.060474 1.661359
v 0.000000 2.055797 1.571327
v 0.000000 2.038233 1.481687
v 0.000000 2.007194 1.397803
v -0.260616 1.999546 1.895149
v -0.260953 2.032524 1.825318
v -0.261865 2.052880 1.746045
v -0.263643 2.060847 1.659152
v -0.266336 2.056505 1.567059
v -0.269047 2.039340 1.474593
v -0.270534 2.008661 1.387317
v -0.514685 1.999563 1.895064
v -0.515315 2.032653 1.824629
v -0.517024 2.053318 1.743720
v -0.520352 2.061884 1.653640
v -0.525527 2.058499 1.556191
v -0.531532 2.042572 1.455157
v -0.536185 2.013166 1.355945
v -0.755659 1.999587 1.894952
v -0.756496 2.032851 1.823735
v -0.758768 2.053985 1.740704
v -0.763193 2.063467 1.646494
v -0.770353 2.061577 1.541765
v -0.780290 2.047814 1.427295
v -0.791257 2.020977 1.305723
v -0.755659 1.894950 1.999589
v -0.756496 1.823734 2.032852
v -0.758768 1.740703 2.053987
v -0.763193 1.646493 2.063468
v -0.770353 1.541764 2.061579
v -0.780291 1.427294 2.047815
v -0.791258 1.305722 2.020979
v -0.514685 1.895062 1.999564
v -0.515315 1.824627 2.032655
v -0.517024 1.743718 2.053319
v -0.520352 1.653639 2.061886
v -0.525527 1.556190 2.058500
v -0.531532 1.455156 2.042573
v -0.536186 1.355944 2.013168
v -0.260616 1.895148 1.999548
v -0.260953 1.825316 2.032525
v -0.261866 1.746043 2.052881
v -0.263643 1.659150 2.060848
v -0.266336 1.567058 2.056507
v -0.269047 1.474592 2.039341
v -0.270534 1.387316 2.008662
v 0.000000 1.895182 1.999542
v 0.000000 1.825592 2.032478
v 0.000000 1.746975 2.052724
v 0.000000 1.661358 2.060476
v 0.000000 1.571325 2.055799
v 0.000000 1.481685 2.038234
v 0.000000 1.397802 2.007195
v 0.260617 1.895148 1.999548
v 0.260953 1.825316 2.032525
v 0.261866 1.746043 2.052881
v 0.263643 1.659150 2.060848
v 0.266336 1.567058 2.056507
v 0.269047 1.474591 2.039341
v 0.270534 1.387316 2.008662
v 0.514686 1.895062 1.999564
v 0.515315 1.824627 2.032655
v 0.517024 1.743718 2.053319
v 0.520352 1.653639 2.061886
v 0.525527 1.556189 2.058500
v 0.531532 1.455156 2.042573
v 0.536186 1.355943 2.013168
v 0.755659 1.894950 1.999589
v 0.756497 1.823734 2.032852
v 0.758769 1.740703 2.053987
v 0.763193 1.646492 2.063468
v 0.770353 1.541764 2.061579
v 0.780291 1.427294 2.047815
v 0.791258 1.305722 2.020979
v -0.762485 1.111603 1.914211
v -0.730310 1.061161 1.837416
v -0.710311 1.033569 1.751523
v -0.705501 1.026744 1.658225
v -0.716615 1.039987 1.558306
v -0.743320 1.074769 1.450638
v -0.781804 1.133511 1.334805
v -0.520913 1.201604 1.908287
v -0.504205 1.155869 1.834776
v -0.492309 1.129830 1.751625
v -0.489260 1.122932 1.661281
v -0.496902 1.134932 1.566015
v -0.512808 1.165980 1.468404
v -0.531698 1.216245 1.372204
v -0.263878 1.251934 1.904283
v -0.257091 1.210034 1.832692
v -0.251758 1.185625 1.751796
v -0.250308 1.178782 1.664338
v -0.254160 1.189499 1.573308
v -0.261275 1.217356 1.482836
v -0.268524 1.261819 1.397471
v 0.000000 1.267891 1.902906
v 0.000000 1.227376 1.831896
v 0.000000 1.203641 1.751893
v 0.000000 1.196833 1.665726
v 0.000000 1.206981 1.576509
v 0.000000 1.233630 1.488486
v 0.000000 1.276206 1.406186
v 0.263878 1.251934 1.904283
v 0.257091 1.210034 1.832691
v 0.251758 1.185625 1.751796
v 0.250308 1.178781 1.664337
v 0.254160 1.189498 1.573308
v 0.261275 1.217356 1.482836
v 0.268524 1.261819 1.397471
v 0.520913 1.201604 1.908286
v 0.504205 1.155868 1.834776
v 0.492309 1.129830 1.751625
v 0.489260 1.122932 1.661281
v 0.496902 1.134932 1.566015
v 0.512808 1.165980 1.468404
v 0.531698 1.216244 1.372204
v 0.762484 1.111602 1.914211
v 0.730310 1.061160 1.837416
v 0.710311 1.033568 1.751523
v 0.705501 1.026744 1.658226
v 0.716615 1.039986 1.558305
v 0.743320 1.074768 1.450638
v 0.781804 1.133510 1.334804
v -0.762484 1.914210 1.111604
v -0.520913 1.908285 1.201605
v -0.263878 1.904281 1.251935
v 0.000000 1.902904 1.267893
v 0.263879 1.904281 1.251935
v 0.520914 1.908285 1.201605
v 0.762485 1.914209 1.111604
v -0.730309 1.837415 1.061162
v -0.504205 1.834774 1.155870
v -0.257091 1.832690 1.210035
v 0.000000 1.831895 1.227377
v 0.257091 1.832690 1.210035
v 0.504206 1.834774 1.155870
v 0.730310 1.837415 1.061162
v -0.710311 1.751522 1.033569
v -0.492308 1.751624 1.129831
v -0.251758 1.751795 1.185626
v 0.000000 1.751892 1.203641
v 0.251759 1.751795 1.185626
v 0.492309 1.751623 1.129831
v 0.710312 1.751522 1.033569
v -0.705501 1.658225 1.026745
v -0.489260 1.661281 1.122933
v -0.250307 1.664336 1.178782
v 0.000000 1.665725 1.196834
v 0.250308 1.664336 1.178782
v 0.489260 1.661280 1.122933
v 0.705501 1.658225 1.026745
v -0.716615 1.558305 1.039988
v -0.496902 1.566014 1.134933
v -0.254160 1.573307 1.189500
v 0.000000 1.576508 1.206982
v 0.254160 1.573307 1.189500
v 0.496902 1.566014 1.134933
v 0.716615 1.558304 1.039987
v -0.743320 1.450637 1.074770
v -0.512808 1.468403 1.165981
v -0.261275 1.482835 1.217357
v 0.000000 1.488486 1.233631
v 0.261276 1.482835 1.217357
v 0.512808 1.468403 1.165981
v 0.743321 1.450637 1.074770
v -0.781804 1.334804 1.133512
v -0.531698 1.372203 1.216246
v -0.268524 1.397470 1.261820
v 0.000000 1.406185 1.276207
v 0.268524 1.397470 1.261820
v 0.531698 1.372202 1.216246
v 0.781804 1.334803 1.133511
v -1.894950 1.999588 -0.755659
v -1.895062 1.999564 -0.514685
v -1.895148 1.999547 -0.260616
v -1.895183 1.999542 0.000000
v -1.895148 1.999547 0.260617
v -1.895062 1.999564 0.514686
v -1.894950 1.999588 0.755660
v -1.823734 2.032852 -0.756496
v -1.824627 2.032654 -0.515315
v -1.825316 2.032525 -0.260953
v -1.825592 2.032478 0.000000
v -1.825316 2.032524 0.260953
v -1.824627 2.032654 0.515315
v -1.823734 2.032852 0.756497
v -1.740703 2.053987 -0.758768
v -1.743718 2.053319 -0.517024
v -1.746043 2.052881 -0.261865
v -1.746975 2.052724 0.000000
v -1.746043 2.052881 0.261866
v -1.743718 2.053319 0.517024
v -1.740703 2.053986 0.758769
v -1.646492 2.063468 -0.763193
v -1.653639 2.061885 -0.520352
v -1.659150 2.060848 -0.263643
v -1.661358 2.060475 0.000000
v -1.659150 2.060848 0.263643
v -1.653639 2.061885 0.520352
v -1.646492 2.063468 0.763194
v -1.541764 2.061579 -0.770353
v -1.556190 2.058500 -0.525527
v -1.567058 2.056507 -0.266336
v -1.571325 2.055798 0.000000
v -1.567058 2.056507 0.266337
v -1.556190 2.058500 0.525528
v -1.541764 2.061577 0.770353
v -1.427294 2.047815 -0.780290
v -1.455156 2.042572 -0.531532
v -1.474591 2.039341 -0.269047
v -1.481686 2.038234 0.000000
v -1.474591 2.039341 0.269048
v -1.455156 2.042572 0.531533
v -1.427294 2.047814 0.780291
v -1.305722 2.020979 -0.791258
v -1.355943 2.013167 -0.536185
v -1.387316 2.008662 -0.270534
v -1.397802 2.007195 0.000000
v -1.387316 2.008662 0.270535
v -1.355943 2.013167 0.536186
v -1.305722 2.020978 0.791258
v -1.999588 1.894951 0.755660
v -1.999563 1.895063 0.514686
v -1.999547 1.895149 0.260617
v -1.999541 1.895183 0.000000
v -1.999546 1.895149 -0.260616
v -1.999563 1.895063 -0.514685
v -1.999588 1.894951 -0.755659
v -2.032851 1.823735 0.756497
v -2.032653 1.824628 0.515315
v -2.032524 1.825317 0.260953
v -2.032477 1.825593 0.000000
v -2.032524 1.825317 -0.260953
v -2.032653 1.824628 -0.515315
v -2.032851 1.823735 -0.756496
v -2.053986 1.740704 0.758769
v -2.053318 1.743719 0.517024
v -2.052880 1.746044 0.261866
v -2.052723 1.746976 0.000000
v -2.052881 1.746044 -0.261865
v -2.053318 1.743719 -0.517024
v -2.053986 1.740704 -0.758768
v -2.063467 1.646493 0.763194
v -2.061884 1.653640 0.520352
v -2.060847 1.659151 0.263643
v -2.060474 1.661359 0.000000
v -2.060847 1.659151 -0.263643
v -2.061884 1.653640 -0.520352
v -2.063468 1.646494 -0.763193
v -2.061577 1.541765 0.770353
v -2.058499 1.556190 0.525528
v -2.056506 1.567059 0.266336
v -2.055797 1.571327 0.000000
v -2.056506 1.567059 -0.266336
v -2.058499 1.556191 -0.525527
v -2.061577 1.541765 -0.770353
v -2.047814 1.427295 0.780291
v -2.042572 1.455157 0.531532
v -2.039340 1.474593 0.269047
v -2.038233 1.481686 0.000000
v -2.039340 1.474593 -0.269047
v -2.042572 1.455157 -0.531532
v -2.047814 1.427295 -0.780290
v -2.020978 1.305723 0.791258
v -2.013166 1.355944 0.536186
v -2.008661 1.387317 0.270535
v -2.007195 1.397803 0.000000
v -2.008661 1.387317 -0.270534
v -2.013166 1.355944 -0.536186
v -2.020977 1.305723 -0.791258
v -1.999588 -1.894950 0.755659
v -2.032852 -1.823734 0.756496
v -2.053986 -1.740703 0.758768
v -2.063468 -1.646493 0.763193
v -2.061578 -1.541764 0.770353
v -2.047815 -1.427294 0.780290
v -2.020979 -1.305722 0.791258
v -1.999564 -1.895062 0.514685
v -2.032655 -1.824628 0.515315
v -2.053319 -1.743718 0.517024
v -2.061885 -1.653639 0.520352
v -2.058500 -1.556190 0.525527
v -2.042573 -1.455156 0.531532
v -2.013167 -1.355943 0.536186
v -1.999548 -1.895148 0.260616
v -2.032525 -1.825316 0.260953
v -2.052881 -1.746043 0.261865
v -2.060848 -1.659150 0.263643
v -2.056507 -1.567058 0.266336
v -2.039341 -1.474592 0.269047
v -2.008662 -1.387316 0.270534
v -1.999542 -1.895183 -0.000000
v -2.032478 -1.825592 -0.000000
v -2.052724 -1.746974 -0.000000
v -2.060475 -1.661358 -0.000000
v -2.055798 -1.571326 -0.000000
v -2.038234 -1.481686 -0.000000
v -2.007195 -1.397802 -0.000000
v -1.999547 -1.895148 -0.260617
v -2.032525 -1.825316 -0.260953
v -2.052881 -1.746043 -0.261866
v -2.060848 -1.659150 -0.263643
v -2.056507 -1.567058 -0.266336
v -2.039341 -1.474591 -0.269047
v -2.008662 -1.387316 -0.270535
v -1.999564 -1.895062 -0.514686
v -2.032654 -1.824627 -0.515315
v -2.053319 -1.743718 -0.517024
v -2.061885 -1.653639 -0.520352
v -2.058500 -1.556190 -0.525528
v -2.042573 -1.455156 -0.531532
v -2.013167 -1.355943 -0.536186
v -1.999588 -1.894950 -0.755660
v -2.032852 -1.823734 -0.756497
v -2.053986 -1.740703 -0.758769
v -2.063468 -1.646492 -0.763194
v -2.061579 -1.541764 -0.770353
v -2.047815 -1.427294 -0.780291
v -2.020978 -1.305722 -0.791258
v -1.894951 -1.999588 0.755659
v -1.895063 -1.999563 0.514685
v -1.895149 -1.999547 0.260616
v -1.895183 -1.999541 -0.000000
v -1.895149 -1.999546 -0.260617
v -1.895063 -1.999563 -0.514686
v -1.894951 -1.999588 -0.755660
v -1.823735 -2.032851 0.756496
v -1.824628 -2.032653 0.515315
v -1.825317 -2.032524 0.260953
v -1.825593 -2.032477 -0.000000
v -1.825317 -2.032524 -0.260953
v -1.824628 -2.032653 -0.515315
v -1.823735 -2.032851 -0.756497
v -1.740704 -2.053986 0.758768
v -1.743719 -2.053318 0.517024
v -1.746044 -2.052880 0.261865
v -1.746976 -2.052723 -0.000000
v -1.746044 -2.052881 -0.261866
v -1.743719 -2.053318 -0.517024
v -1.740704 -2.053985 -0.758769
v -1.646493 -2.063468 0.763193
v -1.653640 -2.061884 0.520352
v -1.659151 -2.060847 0.263643
v -1.661359 -2.060474 -0.000000
v -1.659151 -2.060847 -0.263643
v -1.653640 -2.061884 -0.520352
v -1.646493 -2.063467 -0.763194
v -1.541765 -2.061578 0.770353
v -1.556190 -2.058499 0.525527
v -1.567059 -2.056506 0.266336
v -1.571327 -2.055797 -0.000000
v -1.567059 -2.056506 -0.266337
v -1.556191 -2.058499 -0.525528
v -1.541765 -2.061577 -0.770353
v -1.427295 -2.047814 0.780290
v -1.455157 -2.042572 0.531532
v -1.474593 -2.039340 0.269047
v -1.481686 -2.038233 -0.000000
v -1.474593 -2.039340 -0.269048
v -1.455157 -2.042572 -0.531533
v -1.427295 -2.047814 -0.780291
v -1.305723 -2.020978 0.791258
v -1.355945 -2.013166 0.536185
v -1.387317 -2.008661 0.270534
v -1.397803 -2.007195 -0.000000
v -1.387317 -2.008662 -0.270535
v -1.355944 -2.013166 -0.536186
v -1.305723 -2.020977 -0.791258
v 1.894950 -1.999589 0.755659
v 1.823733 -2.032853 0.756496
v 1.740703 -2.053987 0.758768
v 1.646492 -2.063469 0.763193
v 1.541764 -2.061579 0.770353
v 1.427294 -2.047815 0.780290
v 1.305722 -2.020979 0.791258
v 1.895062 -1.999564 0.514685
v 1.824627 -2.032655 0.515315
v 1.743718 -2.053319 0.517024
v 1.653638 -2.061886 0.520352
v 1.556189 -2.058500 0.525527
v 1.455156 -2.042573 0.531532
v 1.355943 -2.013168 0.536185
v 1.895147 -1.999548 0.260616
v 1.825316 -2.032525 0.260953
v 1.746043 -2.052881 0.261865
v 1.659150 -2.060848 0.263643
v 1.567058 -2.056507 0.266336
v 1.474591 -2.039341 0.269047
v 1.387316 -2.008662 0.270534
v 1.895182 -1.999542 -0.000000
v 1.825592 -2.032479 -0.000000
v 1.746974 -2.052724 -0.000000
v 1.661357 -2.060476 -0.000000
v 1.571325 -2.055799 -0.000000
v 1.481685 -2.038234 -0.000000
v 1.397802 -2.007195 -0.000000
v 1.895148 -1.999548 -0.260617
v 1.825316 -2.032525 -0.260953
v 1.746043 -2.052881 -0.261866
v 1.659150 -2.060848 -0.263643
v 1.567058 -2.056507 -0.266337
v 1.474591 -2.039341 -0.269048
v 1.387316 -2.008662 -0.270535
v 1.895062 -1.999564 -0.514686
v 1.824627 -2.032655 -0.515315
v 1.743718 -2.053319 -0.517024
v 1.653639 -2.061886 -0.520353
v 1.556190 -2.058500 -0.525528
v 1.455156 -2.042573 -0.531533
v 1.355943 -2.013167 -0.536186
v 1.894950 -1.999589 -0.755660
v 1.823734 -2.032852 -0.756497
v 1.740703 -2.053986 -0.758769
v 1.646492 -2.063468 -0.763194
v 1.541764 -2.061578 -0.770353
v 1.427294 -2.047815 -0.780291
v 1.305722 -2.020978 -0.791259
v 1.999587 -1.894952 0.755659
v 1.999563 -1.895064 0.514685
v 1.999546 -1.895149 0.260616
v 1.999540 -1.895184 -0.000000
v 1.999546 -1.895149 -0.260617
v 1.999563 -1.895063 -0.514686
v 1.999587 -1.894951 -0.755660
v 2.032851 -1.823736 0.756496
v 2.032653 -1.824629 0.515315
v 2.032523 -1.825318 0.260953
v 2.032477 -1.825594 -0.000000
v 2.032523 -1.825317 -0.260953
v 2.032653 -1.824628 -0.515315
v 2.032851 -1.823735 -0.756497
v 2.053985 -1.740705 0.758768
v 2.053317 -1.743720 0.517024
v 2.052880 -1.746045 0.261865
v 2.052723 -1.746976 -0.000000
v 2.052880 -1.746045 -0.261866
v 2.053318 -1.743719 -0.517024
v 2.053985 -1.740704 -0.758769
v 2.063467 -1.646494 0.763193
v 2.061884 -1.653641 0.520352
v 2.060847 -1.659152 0.263643
v 2.060474 -1.661359 -0.000000
v 2.060847 -1.659152 -0.263643
v 2.061884 -1.653640 -0.520352
v 2.063467 -1.646494 -0.763194
v 2.061577 -1.541766 0.770353
v 2.058499 -1.556191 0.525527
v 2.056506 -1.567060 0.266336
v 2.055797 -1.571327 -0.000000
v 2.056506 -1.567060 -0.266336
v 2.058499 -1.556191 -0.525528
v 2.061577 -1.541765 -0.770353
v 2.047813 -1.427296 0.780290
v 2.042572 -1.455158 0.531532
v 2.039340 -1.474593 0.269047
v 2.038233 -1.481687 -0.000000
v 2.039340 -1.474593 -0.269047
v 2.042572 -1.455157 -0.531532
v 2.047814 -1.427295 -0.780291
v 2.020977 -1.305724 0.791258
v 2.013166 -1.355945 0.536186
v 2.008661 -1.387318 0.270534
v 2.007194 -1.397803 -0.000000
v 2.008661 -1.387317 -0.270535
v 2.013166 -1.355944 -0.536186
v 2.020978 -1.305723 -0.791258
v 1.999588 1.894950 0.755660
v 2.032852 1.823734 0.756497
v 2.053986 1.740703 0.758769
v 2.063468 1.646492 0.763194
v 2.061578 1.541764 0.770353
v 2.047815 1.427294 0.780291
v 2.020979 1.305722 0.791258
v 1.999564 1.895062 0.514686
v 2.032655 1.824627 0.515315
v 2.053319 1.743718 0.517024
v 2.061886 1.653639 0.520352
v 2.058500 1.556189 0.525528
v 2.042573 1.455156 0.531532
v 2.013167 1.355943 0.536186
v 1.999548 1.895148 0.260617
v 2.032525 1.825316 0.260953
v 2.052881 1.746043 0.261866
v 2.060848 1.659150 0.263643
v 2.056507 1.567058 0.266336
v 2.039341 1.474591 0.269047
v 2.008662 1.387316 0.270535
v 1.999542 1.895183 0.000000
v 2.032478 1.825592 0.000000
v 2.052724 1.746975 0.000000
v 2.060475 1.661358 0.000000
v 2.055798 1.571326 0.000000
v 2.038234 1.481686 0.000000
v 2.007195 1.397802 0.000000
v 1.999547 1.895148 -0.260616
v 2.032525 1.825316 -0.260953
v 2.052881 1.746043 -0.261865
v 2.060848 1.659150 -0.263643
v 2.056507 1.567058 -0.266336
v 2.039341 1.474591 -0.269047
v 2.008662 1.387316 -0.270534
v 1.999564 1.895062 -0.514685
v 2.032654 1.824628 -0.515315
v 2.053319 1.743719 -0.517024
v 2.061885 1.653639 -0.520352
v 2.058500 1.556190 -0.525527
v 2.042573 1.455156 -0.531532
v 2.013167 1.355943 -0.536186
v 1.999588 1.894951 -0.755659
v 2.032852 1.823734 -0.756496
v 2.053986 1.740703 -0.758768
v 2.063468 1.646493 -0.763193
v 2.061579 1.541764 -0.770353
v 2.047815 1.427294 -0.780290
v 2.020978 1.305722 -0.791258
v 1.894951 1.999588 -0.755659
v 1.823735 2.032852 -0.756496
v 1.740704 2.053986 -0.758768
v 1.646493 2.063467 -0.763193
v 1.541765 2.061578 -0.770353
v 1.427295 2.047814 -0.780290
v 1.305723 2.020978 -0.791258
v 1.895063 1.999563 -0.514685
v 1.824628 2.032654 -0.515315
v 1.743719 2.053318 -0.517024
v 1.653640 2.061885 -0.520352
v 1.556191 2.058499 -0.525527
v 1.455157 2.042572 -0.531532
v 1.355945 2.013166 -0.536185
v 1.895149 1.999547 -0.260616
v 1.825317 2.032524 -0.260953
v 1.746044 2.052880 -0.261865
v 1.659151 2.060847 -0.263643
v 1.567059 2.056506 -0.266336
v 1.474593 2.039340 -0.269047
v 1.387317 2.008661 -0.270534
v 1.895183 1.999541 0.000000
v 1.825593 2.032477 0.000000
v 1.746976 2.052723 0.000000
v 1.661359 2.060475 0.000000
v 1.571327 2.055797 0.000000
v 1.481687 2.038234 0.000000
v 1.397803 2.007194 0.000000
v 1.895149 1.999546 0.260617
v 1.825317 2.032524 0.260953
v 1.746044 2.052880 0.261866
v 1.659151 2.060847 0.263643
v 1.567059 2.056506 0.266337
v 1.474593 2.039340 0.269048
v 1.387317 2.008662 0.270535
v 1.895063 1.999563 0.514686
v 1.824628 2.032654 0.515315
v 1.743719 2.053318 0.517024
v 1.653640 2.061885 0.520353
v 1.556191 2.058499 0.525528
v 1.455157 2.042572 0.531533
v 1.355944 2.013166 0.536186
v 1.894952 1.999587 0.755660
v 1.823735 2.032851 0.756497
v 1.740704 2.053985 0.758769
v 1.646494 2.063467 0.763194
v 1.541765 2.061577 0.770353
v 1.427295 2.047813 0.780291
v 1.305723 2.020977 0.791259
v -1.111603 -1.914210 0.762484
v -1.201605 -1.908286 0.520913
v -1.251935 -1.904282 0.263878
v -1.267892 -1.902905 -0.000000
v -1.251935 -1.904282 -0.263879
v -1.201604 -1.908285 -0.520914
v -1.111603 -1.914210 -0.762485
v -1.061161 -1.837415 0.730309
v -1.155869 -1.834775 0.504205
v -1.210035 -1.832691 0.257091
v -1.227377 -1.831895 -0.000000
v -1.210035 -1.832690 -0.257091
v -1.155869 -1.834774 -0.504206
v -1.061161 -1.837415 -0.730310
v -1.033569 -1.751522 0.710311
v -1.129831 -1.751624 0.492309
v -1.185626 -1.751795 0.251758
v -1.203641 -1.751892 -0.000000
v -1.185626 -1.751795 -0.251759
v -1.129831 -1.751624 -0.492309
v -1.033569 -1.751522 -0.710312
v -1.026745 -1.658225 0.705501
v -1.122933 -1.661281 0.489260
v -1.178782 -1.664337 0.250307
v -1.196834 -1.665726 -0.000000
v -1.178782 -1.664337 -0.250308
v -1.122933 -1.661281 -0.489260
v -1.026745 -1.658225 -0.705501
v -1.039987 -1.558305 0.716615
v -1.134933 -1.566015 0.496902
v -1.189500 -1.573308 0.254160
v -1.206982 -1.576509 -0.000000
v -1.189499 -1.573308 -0.254161
v -1.134933 -1.566015 -0.496902
v -1.039987 -1.558305 -0.716615
v -1.074769 -1.450637 0.743320
v -1.165981 -1.468404 0.512808
v -1.217357 -1.482836 0.261275
v -1.233631 -1.488486 -0.000000
v -1.217357 -1.482836 -0.261276
v -1.165981 -1.468403 -0.512809
v -1.074769 -1.450637 -0.743321
v -1.133512 -1.334804 0.781804
v -1.216245 -1.372203 0.531698
v -1.261820 -1.397470 0.268523
v -1.276207 -1.406186 -0.000000
v -1.261820 -1.397470 -0.268524
v -1.216245 -1.372203 -0.531699
v -1.133511 -1.334804 -0.781804
v -1.914211 -1.111603 0.762484
v -1.837416 -1.061161 0.730310
v -1.751523 -1.033569 0.710311
v -1.658225 -1.026744 0.705501
v -1.558305 -1.039987 0.716615
v -1.450637 -1.074769 0.743320
v -1.334804 -1.133511 0.781804
v -1.908286 -1.201604 0.520913
v -1.834775 -1.155869 0.504205
v -1.751624 -1.129830 0.492309
v -1.661281 -1.122932 0.489260
v -1.566015 -1.134932 0.496902
v -1.468404 -1.165981 0.512808
v -1.372203 -1.216245 0.531698
v -1.904283 -1.251934 0.263878
v -1.832691 -1.210034 0.257091
v -1.751796 -1.185625 0.251758
v -1.664337 -1.178782 0.250308
v -1.573308 -1.189499 0.254160
v -1.482836 -1.217357 0.261275
v -1.397471 -1.261819 0.268523
v -1.902905 -1.267891 -0.000000
v -1.831896 -1.227376 -0.000000
v -1.751893 -1.203641 -0.000000
v -1.665726 -1.196833 -0.000000
v -1.576509 -1.206981 -0.000000
v -1.488486 -1.233630 -0.000000
v -1.406186 -1.276207 -0.000000
v -1.904283 -1.251934 -0.263879
v -1.832691 -1.210034 -0.257091
v -1.751796 -1.185625 -0.251759
v -1.664337 -1.178781 -0.250308
v -1.573308 -1.189499 -0.254161
v -1.482836 -1.217357 -0.261276
v -1.397470 -1.261819 -0.268524
v -1.908286 -1.201604 -0.520914
v -1.834775 -1.155869 -0.504206
v -1.751624 -1.129830 -0.492309
v -1.661281 -1.122932 -0.489260
v -1.566015 -1.134932 -0.496902
v -1.468404 -1.165980 -0.512808
v -1.372203 -1.216245 -0.531699
v -1.914211 -1.111602 -0.762485
v -1.837416 -1.061160 -0.730310
v -1.751523 -1.033569 -0.710312
v -1.658225 -1.026744 -0.705501
v -1.558305 -1.039987 -0.716615
v -1.450637 -1.074769 -0.743321
v -1.334804 -1.133511 -0.781804
v -1.111602 1.914210 0.762485
v -1.061161 1.837415 0.730310
v -1.033569 1.751522 0.710312
v -1.026744 1.658225 0.705501
v -1.039987 1.558305 0.716615
v -1.074769 1.450637 0.743321
v -1.133511 1.334804 0.781804
v -1.201604 1.908286 0.520914
v -1.155869 1.834775 0.504206
v -1.129830 1.751624 0.492309
v -1.122932 1.661281 0.489260
v -1.134932 1.566015 0.496902
v -1.165980 1.468404 0.512809
v -1.216245 1.372203 0.531699
v -1.251934 1.904282 0.263879
v -1.210034 1.832691 0.257091
v -1.185625 1.751796 0.251759
v -1.178781 1.664337 0.250308
v -1.189499 1.573308 0.254161
v -1.217356 1.482836 0.261276
v -1.261819 1.397471 0.268524
v -1.267891 1.902905 0.000000
v -1.227376 1.831895 0.000000
v -1.203640 1.751892 0.000000
v -1.196833 1.665726 0.000000
v -1.206981 1.576509 0.000000
v -1.233630 1.488486 0.000000
v -1.276206 1.406186 0.000000
v -1.251934 1.904282 -0.263878
v -1.210034 1.832691 -0.257091
v -1.185625 1.751796 -0.251758
v -1.178781 1.664337 -0.250307
v -1.189499 1.573308 -0.254160
v -1.217356 1.482836 -0.261275
v -1.261819 1.397470 -0.268523
v -1.201604 1.908286 -0.520913
v -1.155868 1.834775 -0.504205
v -1.129830 1.751624 -0.492309
v -1.122932 1.661281 -0.489260
v -1.134932 1.566015 -0.496902
v -1.165980 1.468404 -0.512808
v -1.216245 1.372203 -0.531698
v -1.111603 1.914211 -0.762484
v -1.061160 1.837416 -0.730309
v -1.033568 1.751523 -0.710311
v -1.026744 1.658225 -0.705501
v -1.039987 1.558305 -0.716615
v -1.074769 1.450637 -0.743320
v -1.133511 1.334804 -0.781804
v -1.914210 1.111603 0.762485
v -1.908285 1.201604 0.520914
v -1.904282 1.251935 0.263879
v -1.902905 1.267892 0.000000
v -1.904282 1.251935 -0.263878
v -1.908285 1.201605 -0.520913
v -1.914210 1.111603 -0.762484
v -1.837415 1.061161 0.730310
v -1.834774 1.155869 0.504206
v -1.832691 1.210035 0.257091
v -1.831895 1.227377 0.000000
v -1.832690 1.210035 -0.257091
v -1.834774 1.155870 -0.504205
v -1.837415 1.061161 -0.730310
v -1.751522 1.033569 0.710312
v -1.751624 1.129831 0.492309
v -1.751795 1.185626 0.251759
v -1.751892 1.203641 0.000000
v -1.751795 1.185626 -0.251758
v -1.751624 1.129831 -0.492309
v -1.751522 1.033569 -0.710311
v -1.658225 1.026745 0.705501
v -1.661281 1.122933 0.489260
v -1.664337 1.178782 0.250308
v -1.665726 1.196834 0.000000
v -1.664336 1.178782 -0.250308
v -1.661281 1.122933 -0.489260
v -1.658225 1.026745 -0.705501
v -1.558305 1.039987 0.716615
v -1.566015 1.134933 0.496902
v -1.573307 1.189500 0.254161
v -1.576508 1.206982 0.000000
v -1.573307 1.189499 -0.254160
v -1.566014 1.134933 -0.496902
v -1.558305 1.039987 -0.716615
v -1.450637 1.074769 0.743321
v -1.468403 1.165981 0.512808
v -1.482835 1.217357 0.261276
v -1.488486 1.233631 0.000000
v -1.482835 1.217357 -0.261275
v -1.468403 1.165981 -0.512808
v -1.450637 1.074770 -0.743320
v -1.334804 1.133511 0.781804
v -1.372203 1.216245 0.531699
v -1.397470 1.261820 0.268524
v -1.406186 1.276207 0.000000
v -1.397470 1.261820 -0.268523
v -1.372203 1.216245 -0.531698
v -1.334803 1.133511 -0.781804
v 1.914210 -1.111603 -0.762485
v 1.837415 -1.061161 -0.730310
v 1.751522 -1.033569 -0.710312
v 1.658225 -1.026745 -0.705501
v 1.558305 -1.039987 -0.716615
v 1.450637 -1.074769 -0.743321
v 1.334804 -1.133512 -0.781804
v 1.908285 -1.201605 -0.520914
v 1.834774 -1.155869 -0.504206
v 1.751624 -1.129831 -0.492309
v 1.661281 -1.122933 -0.489260
v 1.566015 -1.134933 -0.496902
v 1.468403 -1.165981 -0.512808
v 1.372203 -1.216245 -0.531699
v 1.904282 -1.251935 -0.263879
v 1.832690 -1.210035 -0.257091
v 1.751795 -1.185626 -0.251759
v 1.664337 -1.178782 -0.250308
v 1.573307 -1.189500 -0.254161
v 1.482835 -1.217357 -0.261276
v 1.397470 -1.261820 -0.268524
v 1.902905 -1.267893 -0.000000
v 1.831895 -1.227377 -0.000000
v 1.751892 -1.203642 -0.000000
v 1.665725 -1.196834 -0.000000
v 1.576508 -1.206982 -0.000000
v 1.488486 -1.233631 -0.000000
v 1.406186 -1.276207 -0.000000
v 1.904282 -1.251935 0.263878
v 1.832690 -1.210035 0.257091
v 1.751795 -1.185626 0.251758
v 1.664337 -1.178782 0.250308
v 1.573307 -1.189500 0.254160
v 1.482835 -1.217357 0.261275
v 1.397470 -1.261820 0.268524
v 1.908285 -1.201605 0.520913
v 1.834774 -1.155870 0.504205
v 1.751624 -1.129832 0.492309
v 1.661281 -1.122933 0.489260
v 1.566014 -1.134933 0.496902
v 1.468403 -1.165981 0.512808
v 1.372203 -1.216246 0.531698
v 1.914210 -1.111604 0.762484
v 1.837415 -1.061162 0.730310
v 1.751522 -1.033570 0.710311
v 1.658225 -1.026745 0.705501
v 1.558305 -1.039988 0.716615
v 1.450637 -1.074770 0.743320
v 1.334803 -1.133512 0.781804
v 1.111602 -1.914211 -0.762485
v 1.201604 -1.908286 -0.520914
v 1.251934 -1.904283 -0.263879
v 1.267891 -1.902905 -0.000000
v 1.251934 -1.904283 0.263878
v 1.201604 -1.908286 0.520913
v 1.111602 -1.914211 0.762484
v 1.061161 -1.837416 -0.730310
v 1.155869 -1.834775 -0.504206
v 1.210034 -1.832691 -0.257091
v 1.227376 -1.831896 -0.000000
v 1.210034 -1.832691 0.257091
v 1.155868 -1.834775 0.504205
v 1.061160 -1.837416 0.730310
v 1.033569 -1.751522 -0.710312
v 1.129830 -1.751624 -0.492309
v 1.185625 -1.751796 -0.251759
v 1.203640 -1.751893 -0.000000
v 1.185625 -1.751796 0.251758
v 1.129830 -1.751625 0.492309
v 1.033568 -1.751523 0.710311
v 1.026744 -1.658225 -0.705501
v 1.122932 -1.661281 -0.489260
v 1.178781 -1.664337 -0.250308
v 1.196833 -1.665726 -0.000000
v 1.178781 -1.664337 0.250307
v 1.122932 -1.661281 0.489260
v 1.026744 -1.658226 0.705501
v 1.039987 -1.558305 -0.716615
v 1.134932 -1.566015 -0.496902
v 1.189499 -1.573308 -0.254161
v 1.206981 -1.576509 -0.000000
v 1.189499 -1.573308 0.254160
v 1.134932 -1.566015 0.496902
v 1.039986 -1.558305 0.716615
v 1.074769 -1.450637 -0.743321
v 1.165980 -1.468404 -0.512809
v 1.217356 -1.482836 -0.261276
v 1.233630 -1.488486 -0.000000
v 1.217356 -1.482836 0.261275
v 1.165980 -1.468404 0.512808
v 1.074769 -1.450638 0.743320
v 1.133511 -1.334804 -0.781804
v 1.216245 -1.372203 -0.531699
v 1.261819 -1.397471 -0.268524
v 1.276206 -1.406186 -0.000000
v 1.261819 -1.397471 0.268523
v 1.216244 -1.372203 0.531698
v 1.133510 -1.334804 0.781804
v 1.914211 1.111602 0.762485
v 1.837416 1.061160 0.730310
v 1.751523 1.033568 0.710312
v 1.658225 1.026744 0.705501
v 1.558305 1.039986 0.716615
v 1.450637 1.074769 0.743321
v 1.334804 1.133510 0.781804
v 1.908286 1.201604 0.520914
v 1.834775 1.155868 0.504206
v 1.751624 1.129830 0.492309
v 1.661281 1.122932 0.489260
v 1.566015 1.134932 0.496902
v 1.468404 1.165980 0.512808
v 1.372203 1.216244 0.531699
v 1.904283 1.251934 0.263879
v 1.832691 1.210034 0.257091
v 1.751796 1.185625 0.251759
v 1.664337 1.178781 0.250308
v 1.573308 1.189499 0.254161
v 1.482836 1.217356 0.261276
v 1.397471 1.261819 0.268524
v 1.902905 1.267891 0.000000
v 1.831896 1.227376 0.000000
v 1.751893 1.203640 0.000000
v 1.665726 1.196833 0.000000
v 1.576509 1.206981 0.000000
v 1.488486 1.233630 0.000000
v 1.406186 1.276206 0.000000
v 1.904283 1.251934 -0.263878
v 1.832691 1.210034 -0.257091
v 1.751796 1.185625 -0.251758
v 1.664337 1.178781 -0.250308
v 1.573308 1.189499 -0.254160
v 1.482836 1.217357 -0.261275
v 1.397470 1.261819 -0.268524
v 1.908286 1.201604 -0.520913
v 1.834775 1.155869 -0.504205
v 1.751624 1.129830 -0.492309
v 1.661281 1.122932 -0.489260
v 1.566015 1.134932 -0.496902
v 1.468404 1.165980 -0.512808
v 1.372203 1.216245 -0.531698
v 1.914211 1.111603 -0.762484
v 1.837416 1.061161 -0.730310
v 1.751523 1.033569 -0.710311
v 1.658225 1.026744 -0.705501
v 1.558305 1.039987 -0.716615
v 1.450637 1.074769 -0.743320
v 1.334804 1.133511 -0.781804
v 1.111603 1.914210 0.762485
v 1.201605 1.908285 0.520914
v 1.251935 1.904282 0.263879
v 1.267892 1.902905 0.000000
v 1.251935 1.904282 -0.263878
v 1.201604 1.908285 -0.520913
v 1.111603 1.914210 -0.762484
v 1.061161 1.837415 0.730310
v 1.155869 1.834774 0.504206
v 1.210035 1.832690 0.257091
v 1.227377 1.831895 0.000000
v 1.210035 1.832690 -0.257091
v 1.155869 1.834774 -0.504205
v 1.061161 1.837415 -0.730310
v 1.033569 1.751522 0.710312
v 1.129831 1.751624 0.492309
v 1.185626 1.751795 0.251759
v 1.203641 1.751892 0.000000
v 1.185626 1.751795 -0.251758
v 1.129831 1.751624 -0.492309
v 1.033569 1.751522 -0.710311
v 1.026745 1.658224 0.705501
v 1.122933 1.661280 0.489260
v 1.178782 1.664336 0.250308
v 1.196834 1.665725 0.000000
v 1.178782 1.664337 -0.250307
v 1.122933 1.661281 -0.489260
v 1.026745 1.658225 -0.705501
v 1.039987 1.558304 0.716615
v 1.134933 1.566014 0.496902
v 1.189500 1.573307 0.254161
v 1.206982 1.576508 0.000000
v 1.189499 1.573307 -0.254160
v 1.134933 1.566015 -0.496902
v 1.039987 1.558305 -0.716615
v 1.074769 1.450637 0.743321
v 1.165981 1.468403 0.512809
v 1.217357 1.482835 0.261276
v 1.233631 1.488486 0.000000
v 1.217357 1.482835 -0.261275
v 1.165981 1.468403 -0.512808
v 1.074770 1.450637 -0.743320
v 1.133512 1.334803 0.781804
v 1.216245 1.372203 0.531699
v 1.261820 1.397470 0.268524
v 1.276207 1.406185 0.000000
v 1.261820 1.397470 -0.268523
v 1.216245 1.372203 -0.531698
v 1.133511 1.334804 -0.781804
v -1.999588 -0.755659 1.894951
v -1.999564 -0.514685 1.895063
v -1.999547 -0.260616 1.895149
v -1.999542 -0.000000 1.895184
v -1.999547 0.260617 1.895149
v -1.999564 0.514686 1.895063
v -1.999588 0.755659 1.894951
v -2.032852 -0.756496 1.823735
v -2.032654 -0.515315 1.824628
v -2.032525 -0.260953 1.825317
v -2.032478 -0.000000 1.825593
v -2.032524 0.260953 1.825317
v -2.032654 0.515315 1.824628
v -2.032852 0.756496 1.823735
v -2.053986 -0.758768 1.740704
v -2.053319 -0.517024 1.743719
v -2.052881 -0.261865 1.746044
v -2.052724 -0.000000 1.746976
v -2.052881 0.261866 1.746044
v -2.053319 0.517024 1.743719
v -2.053986 0.758768 1.740704
v -2.063468 -0.763193 1.646493
v -2.061885 -0.520352 1.653640
v -2.060848 -0.263643 1.659151
v -2.060475 -0.000000 1.661359
v -2.060848 0.263643 1.659151
v -2.061885 0.520352 1.653640
v -2.063468 0.763193 1.646494
v -2.061578 -0.770353 1.541764
v -2.058500 -0.525527 1.556190
v -2.056507 -0.266336 1.567059
v -2.055798 -0.000000 1.571326
v -2.056507 0.266336 1.567059
v -2.058500 0.525527 1.556191
v -2.061578 0.770353 1.541765
v -2.047815 -0.780290 1.427295
v -2.042572 -0.531532 1.455157
v -2.039341 -0.269047 1.474593
v -2.038234 -0.000000 1.481686
v -2.039341 0.269047 1.474593
v -2.042572 0.531532 1.455157
v -2.047814 0.780291 1.427295
v -2.020978 -0.791258 1.305723
v -2.013167 -0.536185 1.355944
v -2.008662 -0.270534 1.387317
v -2.007195 -0.000000 1.397803
v -2.008662 0.270535 1.387317
v -2.013167 0.536186 1.355944
v -2.020978 0.791258 1.305723
v -1.999588 -0.755658 -1.894951
v -2.032852 -0.756495 -1.823735
v -2.053986 -0.758767 -1.740704
v -2.063468 -0.763192 -1.646493
v -2.061578 -0.770352 -1.541765
v -2.047815 -0.780290 -1.427295
v -2.020978 -0.791257 -1.305723
v -1.999564 -0.514685 -1.895063
v -2.032654 -0.515314 -1.824628
v -2.053319 -0.517023 -1.743719
v -2.061885 -0.520351 -1.653640
v -2.058500 -0.525526 -1.556191
v -2.042572 -0.531531 -1.455157
v -2.013167 -0.536185 -1.355945
v -1.999547 -0.260616 -1.895149
v -2.032524 -0.260952 -1.825317
v -2.052881 -0.261865 -1.746044
v -2.060847 -0.263642 -1.659151
v -2.056506 -0.266335 -1.567059
v -2.039340 -0.269046 -1.474593
v -2.008662 -0.270534 -1.387317
v -1.999541 0.000001 -1.895183
v -2.032478 0.000001 -1.825593
v -2.052723 0.000001 -1.746976
v -2.060475 0.000001 -1.661359
v -2.055798 0.000001 -1.571327
v -2.038234 0.000001 -1.481687
v -2.007195 0.000001 -1.397803
v -1.999547 0.260617 -1.895149
v -2.032524 0.260954 -1.825317
v -2.052881 0.261866 -1.746044
v -2.060847 0.263644 -1.659151
v -2.056506 0.266337 -1.567059
v -2.039340 0.269048 -1.474592
v -2.008662 0.270535 -1.387317
v -1.999563 0.514686 -1.895063
v -2.032654 0.515316 -1.824628
v -2.053318 0.517025 -1.743719
v -2.061885 0.520353 -1.653640
v -2.058499 0.525528 -1.556191
v -2.042572 0.531533 -1.455157
v -2.013166 0.536186 -1.355944
v -1.999588 0.755660 -1.894951
v -2.032851 0.756497 -1.823735
v -2.053986 0.758769 -1.740704
v -2.063468 0.763194 -1.646493
v -2.061578 0.770354 -1.541765
v -2.047814 0.780291 -1.427295
v -2.020978 0.791259 -1.305723
v -1.894951 -0.755658 -1.999588
v -1.895063 -0.514685 -1.999564
v -1.895149 -0.260616 -1.999547
v -1.895183 0.000001 -1.999542
v -1.895148 0.260617 -1.999547
v -1.895062 0.514686 -1.999564
v -1.894950 0.755660 -1.999588
v -1.823735 -0.756495 -2.032852
v -1.824628 -0.515314 -2.032654
v -1.825317 -0.260952 -2.032525
v -1.825593 0.000001 -2.032478
v -1.825317 0.260954 -2.032525
v -1.824628 0.515316 -2.032654
v -1.823734 0.756497 -2.032852
v -1.740704 -0.758768 -2.053987
v -1.743719 -0.517023 -2.053319
v -1.746044 -0.261865 -2.052881
v -1.746975 0.000001 -2.052724
v -1.746044 0.261866 -2.052881
v -1.743719 0.517025 -2.053319
v -1.740703 0.758769 -2.053986
v -1.646493 -0.763193 -2.063468
v -1.653639 -0.520351 -2.061885
v -1.659151 -0.263642 -2.060848
v -1.661358 0.000001 -2.060475
v -1.659150 0.263644 -2.060848
v -1.653639 0.520353 -2.061885
v -1.646493 0.763194 -2.063468
v -1.541764 -0.770352 -2.061579
v -1.556190 -0.525527 -2.058500
v -1.567058 -0.266336 -2.056507
v -1.571326 0.000001 -2.055798
v -1.567059 0.266337 -2.056507
v -1.556190 0.525528 -2.058500
v -1.541764 0.770353 -2.061578
v -1.427295 -0.780290 -2.047815
v -1.455157 -0.531532 -2.042573
v -1.474592 -0.269047 -2.039341
v -1.481686 0.000001 -2.038234
v -1.474592 0.269048 -2.039341
v -1.455156 0.531533 -2.042572
v -1.427294 0.780291 -2.047814
v -1.305723 -0.791258 -2.020979
v -1.355944 -0.536185 -2.013167
v -1.387316 -0.270534 -2.008662
v -1.397803 0.000000 -2.007195
v -1.387316 0.270535 -2.008662
v -1.355944 0.536186 -2.013167
v -1.305722 0.791258 -2.020978
v 1.894951 -0.755659 -1.999588
v 1.823735 -0.756496 -2.032852
v 1.740704 -0.758768 -2.053987
v 1.646493 -0.763193 -2.063468
v 1.541765 -0.770353 -2.061579
v 1.427295 -0.780290 -2.047815
v 1.305723 -0.791258 -2.020979
v 1.895063 -0.514685 -1.999564
v 1.824628 -0.515315 -2.032655
v 1.743719 -0.517024 -2.053319
v 1.653640 -0.520352 -2.061885
v 1.556191 -0.525527 -2.058500
v 1.455157 -0.531532 -2.042573
v 1.355945 -0.536185 -2.013167
v 1.895149 -0.260616 -1.999548
v 1.825317 -0.260953 -2.032525
v 1.746044 -0.261865 -2.052881
v 1.659151 -0.263643 -2.060848
v 1.567059 -0.266336 -2.056507
v 1.474593 -0.269047 -2.039341
v 1.387317 -0.270534 -2.008662
v 1.895183 0.000000 -1.999542
v 1.825593 0.000000 -2.032478
v 1.746976 0.000000 -2.052724
v 1.661359 0.000000 -2.060475
v 1.571327 0.000000 -2.055798
v 1.481687 0.000000 -2.038234
v 1.397803 0.000000 -2.007195
v 1.895149 0.260617 -1.999547
v 1.825317 0.260953 -2.032525
v 1.746044 0.261866 -2.052881
v 1.659151 0.263643 -2.060848
v 1.567059 0.266337 -2.056507
v 1.474593 0.269048 -2.039341
v 1.387317 0.270535 -2.008662
v 1.895063 0.514686 -1.999564
v 1.824628 0.515315 -2.032654
v 1.743719 0.517024 -2.053319
v 1.653640 0.520352 -2.061885
v 1.556191 0.525528 -2.058500
v 1.455157 0.531533 -2.042573
v 1.355944 0.536186 -2.013167
v 1.894951 0.755659 -1.999588
v 1.823735 0.756497 -2.032852
v 1.740704 0.758769 -2.053986
v 1.646494 0.763194 -2.063468
v 1.541765 0.770353 -2.061578
v 1.427295 0.780291 -2.047815
v 1.305723 0.791258 -2.020978
v 1.999588 0.755659 -1.894951
v 2.032852 0.756496 -1.823735
v 2.053986 0.758768 -1.740704
v 2.063468 0.763193 -1.646493
v 2.061578 0.770353 -1.541765
v 2.047815 0.780290 -1.427295
v 2.020978 0.791258 -1.305723
v 1.999564 0.514686 -1.895063
v 2.032655 0.515315 -1.824628
v 2.053319 0.517024 -1.743719
v 2.061885 0.520352 -1.653640
v 2.058500 0.525527 -1.556190
v 2.042572 0.531532 -1.455157
v 2.013167 0.536186 -1.355944
v 1.999547 0.260617 -1.895149
v 2.032525 0.260953 -1.825317
v 2.052881 0.261866 -1.746044
v 2.060848 0.263643 -1.659151
v 2.056507 0.266336 -1.567059
v 2.039341 0.269047 -1.474593
v 2.008662 0.270534 -1.387317
v 1.999542 0.000000 -1.895183
v 2.032478 0.000000 -1.825593
v 2.052724 0.000000 -1.746976
v 2.060475 0.000000 -1.661359
v 2.055798 0.000000 -1.571327
v 2.038234 0.000000 -1.481687
v 2.007195 0.000000 -1.397803
v 1.999547 -0.260616 -1.895149
v 2.032525 -0.260953 -1.825317
v 2.052881 -0.261865 -1.746044
v 2.060848 -0.263643 -1.659151
v 2.056506 -0.266336 -1.567059
v 2.039341 -0.269047 -1.474592
v 2.008662 -0.270535 -1.387317
v 1.999564 -0.514685 -1.895063
v 2.032654 -0.515315 -1.824628
v 2.053319 -0.517024 -1.743719
v 2.061885 -0.520352 -1.653640
v 2.058500 -0.525527 -1.556191
v 2.042572 -0.531532 -1.455157
v 2.013167 -0.536186 -1.355945
v 1.999588 -0.755659 -1.894951
v 2.032852 -0.756496 -1.823735
v 2.053986 -0.758768 -1.740704
v 2.063468 -0.763193 -1.646494
v 2.061578 -0.770353 -1.541765
v 2.047814 -0.780291 -1.427295
v 2.020978 -0.791258 -1.305723
v 1.999588 0.755658 1.894951
v 1.999563 0.514684 1.895063
v 1.999547 0.260615 1.895149
v 1.999541 -0.000001 1.895184
v 1.999547 -0.260618 1.895149
v 1.999563 -0.514687 1.895063
v 1.999588 -0.755661 1.894951
v 2.032852 0.756495 1.823735
v 2.032654 0.515314 1.824628
v 2.032524 0.260952 1.825317
v 2.032478 -0.000001 1.825593
v 2.032524 -0.260954 1.825317
v 2.032654 -0.515316 1.824628
v 2.032851 -0.756498 1.823735
v 2.053986 0.758767 1.740704
v 2.053318 0.517023 1.743719
v 2.052881 0.261864 1.746044
v 2.052723 -0.000001 1.746976
v 2.052881 -0.261867 1.746044
v 2.053318 -0.517025 1.743719
v 2.053985 -0.758770 1.740704
v 2.063468 0.763192 1.646494
v 2.061885 0.520351 1.653640
v 2.060848 0.263642 1.659151
v 2.060475 -0.000001 1.661359
v 2.060847 -0.263644 1.659151
v 2.061885 -0.520353 1.653640
v 2.063468 -0.763195 1.646493
v 2.061578 0.770352 1.541765
v 2.058500 0.525526 1.556191
v 2.056507 0.266335 1.567059
v 2.055798 -0.000001 1.571326
v 2.056506 -0.266337 1.567059
v 2.058499 -0.525529 1.556190
v 2.061577 -0.770354 1.541765
v 2.047815 0.780289 1.427295
v 2.042572 0.531531 1.455157
v 2.039341 0.269046 1.474593
v 2.038234 -0.000001 1.481686
v 2.039340 -0.269048 1.474593
v 2.042572 -0.531533 1.455157
v 2.047814 -0.780292 1.427295
v 2.020978 0.791257 1.305723
v 2.013167 0.536185 1.355944
v 2.008662 0.270533 1.387317
v 2.007195 -0.000001 1.397803
v 2.008662 -0.270536 1.387317
v 2.013166 -0.536187 1.355944
v 2.020978 -0.791259 1.305723
v 1.894951 0.755658 1.999588
v 1.823735 0.756495 2.032852
v 1.740704 0.758767 2.053987
v 1.646493 0.763192 2.063468
v 1.541765 0.770352 2.061579
v 1.427295 0.780289 2.047815
v 1.305722 0.791257 2.020979
v 1.895063 0.514684 1.999564
v 1.824628 0.515314 2.032654
v 1.743719 0.517023 2.053319
v 1.653640 0.520351 2.061885
v 1.556190 0.525526 2.058500
v 1.455156 0.531531 2.042573
v 1.355944 0.536184 2.013167
v 1.895149 0.260615 1.999547
v 1.825317 0.260952 2.032525
v 1.746044 0.261864 2.052881
v 1.659151 0.263642 2.060848
v 1.567059 0.266335 2.056507
v 1.474592 0.269046 2.039341
v 1.387317 0.270533 2.008662
v 1.895183 -0.000001 1.999542
v 1.825593 -0.000001 2.032478
v 1.746975 -0.000001 2.052724
v 1.661358 -0.000001 2.060475
v 1.571326 -0.000001 2.055798
v 1.481686 -0.000001 2.038234
v 1.397802 -0.000001 2.007195
v 1.895148 -0.260618 1.999547
v 1.825317 -0.260954 2.032525
v 1.746044 -0.261867 2.052881
v 1.659151 -0.263644 2.060848
v 1.567058 -0.266338 2.056507
v 1.474592 -0.269048 2.039341
v 1.387316 -0.270536 2.008662
v 1.895062 -0.514687 1.999564
v 1.824628 -0.515316 2.032654
v 1.743719 -0.517025 2.053319
v 1.653639 -0.520353 2.061885
v 1.556190 -0.525529 2.058500
v 1.455156 -0.531533 2.042573
v 1.355944 -0.536187 2.013167
v 1.894951 -0.755661 1.999588
v 1.823734 -0.756498 2.032852
v 1.740703 -0.758770 2.053986
v 1.646492 -0.763195 2.063468
v 1.541764 -0.770354 2.061578
v 1.427294 -0.780292 2.047815
v 1.305722 -0.791259 2.020978
v -1.894951 0.755659 1.999588
v -1.895063 0.514686 1.999564
v -1.895149 0.260617 1.999547
v -1.895183 -0.000000 1.999542
v -1.895149 -0.260616 1.999547
v -1.895063 -0.514685 1.999564
v -1.894951 -0.755659 1.999588
v -1.823735 0.756496 2.032852
v -1.824628 0.515315 2.032654
v -1.825317 0.260953 2.032525
v -1.825593 -0.000000 2.032478
v -1.825317 -0.260953 2.032525
v -1.824628 -0.515315 2.032654
v -1.823735 -0.756496 2.032852
v -1.740704 0.758768 2.053987
v -1.743719 0.517024 2.053319
v -1.746044 0.261866 2.052881
v -1.746976 -0.000000 2.052724
v -1.746044 -0.261866 2.052881
v -1.743719 -0.517024 2.053319
v -1.740704 -0.758768 2.053986
v -1.646493 0.763193 2.063468
v -1.653640 0.520352 2.061885
v -1.659151 0.263643 2.060848
v -1.661359 -0.000000 2.060475
v -1.659151 -0.263643 2.060848
v -1.653640 -0.520352 2.061885
v -1.646493 -0.763193 2.063468
v -1.541765 0.770353 2.061579
v -1.556190 0.525527 2.058500
v -1.567059 0.266336 2.056507
v -1.571327 -0.000000 2.055798
v -1.567059 -0.266336 2.056507
v -1.556191 -0.525527 2.058500
v -1.541765 -0.770353 2.061578
v -1.427295 0.780290 2.047815
v -1.455157 0.531532 2.042573
v -1.474593 0.269047 2.039341
v -1.481686 -0.000000 2.038234
v -1.474593 -0.269047 2.039341
v -1.455157 -0.531532 2.042572
v -1.427295 -0.780291 2.047814
v -1.305723 0.791258 2.020979
v -1.355944 0.536185 2.013167
v -1.387317 0.270534 2.008662
v -1.397803 -0.000000 2.007195
v -1.387317 -0.270535 2.008662
v -1.355944 -0.536186 2.013167
v -1.305723 -0.791258 2.020978
v 1.914211 0.762484 -1.111603
v 1.837416 0.730309 -1.061161
v 1.751522 0.710311 -1.033569
v 1.658225 0.705501 -1.026744
v 1.558305 0.716615 -1.039987
v 1.450637 0.743320 -1.074769
v 1.334804 0.781804 -1.133512
v 1.908286 0.520913 -1.201604
v 1.834775 0.504205 -1.155869
v 1.751624 0.492309 -1.129831
v 1.661281 0.489260 -1.122933
v 1.566015 0.496902 -1.134932
v 1.468404 0.512808 -1.165981
v 1.372203 0.531698 -1.216245
v 1.904282 0.263878 -1.251935
v 1.832691 0.257091 -1.210034
v 1.751796 0.251758 -1.185626
v 1.664337 0.250308 -1.178782
v 1.573308 0.254160 -1.189499
v 1.482836 0.261275 -1.217357
v 1.397470 0.268524 -1.261820
v 1.902905 0.000000 -1.267892
v 1.831895 0.000000 -1.227377
v 1.751892 0.000000 -1.203641
v 1.665726 0.000000 -1.196834
v 1.576509 0.000000 -1.206981
v 1.488486 0.000000 -1.233631
v 1.406186 0.000000 -1.276207
v 1.904282 -0.263878 -1.251935
v 1.832691 -0.257091 -1.210034
v 1.751796 -0.251758 -1.185626
v 1.664337 -0.250308 -1.178782
v 1.573308 -0.254160 -1.189499
v 1.482836 -0.261275 -1.217357
v 1.397470 -0.268524 -1.261820
v 1.908286 -0.520914 -1.201605
v 1.834775 -0.504205 -1.155870
v 1.751624 -0.492309 -1.129831
v 1.661281 -0.489260 -1.122933
v 1.566015 -0.496902 -1.134933
v 1.468403 -0.512808 -1.165981
v 1.372203 -0.531698 -1.216246
v 1.914210 -0.762484 -1.111603
v 1.837415 -0.730310 -1.061161
v 1.751522 -0.710311 -1.033569
v 1.658225 -0.705501 -1.026745
v 1.558305 -0.716615 -1.039987
v 1.450637 -0.743320 -1.074769
v 1.334804 -0.781804 -1.133511
v 1.111603 0.762485 -1.914211
v 1.201605 0.520914 -1.908286
v 1.251935 0.263879 -1.904283
v 1.267892 0.000000 -1.902905
v 1.251935 -0.263878 -1.904283
v 1.201604 -0.520913 -1.908286
v 1.111603 -0.762484 -1.914211
v 1.061161 0.730310 -1.837416
v 1.155869 0.504206 -1.834775
v 1.210035 0.257091 -1.832691
v 1.227377 0.000000 -1.831896
v 1.210035 -0.257091 -1.832691
v 1.155869 -0.504205 -1.834775
v 1.061161 -0.730310 -1.837416
v 1.033569 0.710312 -1.751522
v 1.129831 0.492309 -1.751624
v 1.185626 0.251759 -1.751796
v 1.203641 0.000000 -1.751893
v 1.185626 -0.251758 -1.751796
v 1.129831 -0.492309 -1.751625
v 1.033569 -0.710311 -1.751523
v 1.026745 0.705501 -1.658225
v 1.122933 0.489260 -1.661281
v 1.178782 0.250308 -1.664337
v 1.196834 0.000000 -1.665726
v 1.178782 -0.250307 -1.664337
v 1.122933 -0.489260 -1.661281
v 1.026745 -0.705501 -1.658226
v 1.039987 0.716615 -1.558305
v 1.134933 0.496902 -1.566015
v 1.189499 0.254161 -1.573308
v 1.206982 0.000000 -1.576509
v 1.189499 -0.254160 -1.573308
v 1.134933 -0.496902 -1.566015
v 1.039987 -0.716615 -1.558305
v 1.074769 0.743321 -1.450637
v 1.165981 0.512808 -1.468404
v 1.217357 0.261276 -1.482836
v 1.233631 0.000000 -1.488486
v 1.217357 -0.261275 -1.482836
v 1.165981 -0.512808 -1.468404
v 1.074769 -0.743320 -1.450637
v 1.133512 0.781804 -1.334804
v 1.216245 0.531698 -1.372203
v 1.261820 0.268524 -1.397471
v 1.276207 0.000000 -1.406186
v 1.261820 -0.268524 -1.397471
v 1.216245 -0.531698 -1.372203
v 1.133511 -0.781804 -1.334804
v -1.914210 -0.762484 -1.111603
v -1.837416 -0.730309 -1.061161
v -1.751522 -0.710311 -1.033569
v -1.658225 -0.705501 -1.026745
v -1.558305 -0.716614 -1.039987
v -1.450637 -0.743320 -1.074769
v -1.334804 -0.781804 -1.133512
v -1.908286 -0.520913 -1.201605
v -1.834775 -0.504205 -1.155869
v -1.751624 -0.492308 -1.129831
v -1.661281 -0.489259 -1.122933
v -1.566015 -0.496902 -1.134933
v -1.468403 -0.512808 -1.165981
v -1.372203 -0.531698 -1.216245
v -1.904282 -0.263878 -1.251935
v -1.832691 -0.257090 -1.210034
v -1.751796 -0.251758 -1.185626
v -1.664337 -0.250307 -1.178782
v -1.573308 -0.254160 -1.189499
v -1.482835 -0.261275 -1.217357
v -1.397470 -0.268523 -1.261820
v -1.902905 0.000001 -1.267892
v -1.831895 0.000001 -1.227377
v -1.751892 0.000001 -1.203641
v -1.665726 0.000000 -1.196834
v -1.576509 0.000000 -1.206981
v -1.488486 0.000000 -1.233631
v -1.406186 0.000000 -1.276207
v -1.904282 0.263879 -1.251935
v -1.832691 0.257092 -1.210034
v -1.751795 0.251759 -1.185626
v -1.664337 0.250308 -1.178782
v -1.573307 0.254161 -1.189499
v -1.482835 0.261276 -1.217357
v -1.397470 0.268524 -1.261820
v -1.908285 0.520914 -1.201604
v -1.834774 0.504206 -1.155869
v -1.751624 0.492309 -1.129831
v -1.661281 0.489260 -1.122933
v -1.566014 0.496902 -1.134933
v -1.468403 0.512809 -1.165981
v -1.372203 0.531699 -1.216245
v -1.914210 0.762485 -1.111603
v -1.837415 0.730310 -1.061161
v -1.751522 0.710312 -1.033569
v -1.658225 0.705501 -1.026744
v -1.558305 0.716615 -1.039987
v -1.450637 0.743321 -1.074769
v -1.334803 0.781804 -1.133511
v -1.111603 -0.762484 -1.914211
v -1.201604 -0.520913 -1.908287
v -1.251934 -0.263878 -1.904283
v -1.267892 0.000000 -1.902905
v -1.251934 0.263879 -1.904283
v -1.201604 0.520914 -1.908286
v -1.111603 0.762485 -1.914211
v -1.061161 -0.730309 -1.837416
v -1.155869 -0.504205 -1.834775
v -1.210034 -0.257091 -1.832691
v -1.227376 0.000000 -1.831896
v -1.210034 0.257091 -1.832691
v -1.155869 0.504206 -1.834775
v -1.061160 0.730310 -1.837416
v -1.033569 -0.710311 -1.751523
v -1.129831 -0.492309 -1.751625
v -1.185625 -0.251758 -1.751796
v -1.203641 0.000000 -1.751893
v -1.185625 0.251759 -1.751796
v -1.129830 0.492309 -1.751624
v -1.033569 0.710312 -1.751523
v -1.026744 -0.705501 -1.658226
v -1.122932 -0.489260 -1.661281
v -1.178782 -0.250307 -1.664337
v -1.196833 0.000000 -1.665726
v -1.178782 0.250308 -1.664337
v -1.122932 0.489260 -1.661281
v -1.026744 0.705501 -1.658225
v -1.039987 -0.716615 -1.558305
v -1.134932 -0.496902 -1.566015
v -1.189499 -0.254160 -1.573308
v -1.206981 0.000000 -1.576509
v -1.189499 0.254161 -1.573308
v -1.134932 0.496902 -1.566015
v -1.039986 0.716615 -1.558305
v -1.074769 -0.743320 -1.450638
v -1.165981 -0.512808 -1.468404
v -1.217357 -0.261275 -1.482836
v -1.233630 0.000000 -1.488486
v -1.217356 0.261276 -1.482836
v -1.165980 0.512809 -1.468404
v -1.074769 0.743321 -1.450637
v -1.133511 -0.781804 -1.334804
v -1.216245 -0.531698 -1.372204
v -1.261819 -0.268523 -1.397471
v -1.276206 0.000000 -1.406186
v -1.261819 0.268524 -1.397471
v -1.216244 0.531699 -1.372203
v -1.133510 0.781805 -1.334804
v 1.111603 0.762483 1.914211
v 1.061161 0.730309 1.837416
v 1.033569 0.710310 1.751523
v 1.026744 0.705500 1.658225
v 1.039987 0.716614 1.558306
v 1.074769 0.743319 1.450638
v 1.133511 0.781803 1.334805
v 1.201604 0.520912 1.908286
v 1.155869 0.504204 1.834775
v 1.129831 0.492308 1.751625
v 1.122932 0.489259 1.661281
v 1.134932 0.496901 1.566015
v 1.165981 0.512807 1.468404
v 1.216245 0.531697 1.372204
v 1.251934 0.263877 1.904283
v 1.210034 0.257090 1.832691
v 1.185625 0.251757 1.751796
v 1.178782 0.250307 1.664337
v 1.189499 0.254159 1.573308
v 1.217357 0.261274 1.482836
v 1.261819 0.268523 1.397471
v 1.267892 -0.000001 1.902905
v 1.227376 -0.000001 1.831896
v 1.203641 -0.000001 1.751893
v 1.196833 -0.000001 1.665726
v 1.206981 -0.000001 1.576509
v 1.233630 -0.000001 1.488486
v 1.276207 -0.000001 1.406186
v 1.251934 -0.263879 1.904283
v 1.210034 -0.257092 1.832691
v 1.185625 -0.251759 1.751796
v 1.178781 -0.250309 1.664337
v 1.189499 -0.254161 1.573308
v 1.217357 -0.261276 1.482836
v 1.261819 -0.268525 1.397470
v 1.201604 -0.520915 1.908286
v 1.155869 -0.504206 1.834775
v 1.129830 -0.492310 1.751624
v 1.122932 -0.489261 1.661281
v 1.134932 -0.496903 1.566015
v 1.165980 -0.512809 1.468404
v 1.216245 -0.531699 1.372203
v 1.111603 -0.762486 1.914211
v 1.061160 -0.730311 1.837416
v 1.033568 -0.710312 1.751523
v 1.026744 -0.705502 1.658225
v 1.039987 -0.716616 1.558305
v 1.074769 -0.743321 1.450637
v 1.133511 -0.781805 1.334804
v 1.914211 0.762483 1.111603
v 1.908286 0.520912 1.201605
v 1.904282 0.263877 1.251935
v 1.902905 -0.000001 1.267892
v 1.904282 -0.263879 1.251935
v 1.908285 -0.520914 1.201604
v 1.914210 -0.762486 1.111603
v 1.837416 0.730309 1.061161
v 1.834775 0.504204 1.155870
v 1.832691 0.257090 1.210035
v 1.831895 -0.000001 1.227377
v 1.832690 -0.257092 1.210035
v 1.834774 -0.504206 1.155869
v 1.837415 -0.730311 1.061161
v 1.751522 0.710310 1.033569
v 1.751624 0.492308 1.129831
v 1.751796 0.251757 1.185626
v 1.751892 -0.000001 1.203641
v 1.751795 -0.251759 1.185626
v 1.751624 -0.492310 1.129831
v 1.751522 -0.710312 1.033569
v 1.658225 0.705500 1.026745
v 1.661281 0.489259 1.122933
v 1.664337 0.250307 1.178782
v 1.665726 -0.000001 1.196834
v 1.664337 -0.250309 1.178782
v 1.661281 -0.489261 1.122933
v 1.658225 -0.705502 1.026744
v 1.558305 0.716614 1.039987
v 1.566015 0.496901 1.134933
v 1.573307 0.254159 1.189499
v 1.576509 -0.000001 1.206981
v 1.573307 -0.254161 1.189499
v 1.566014 -0.496903 1.134933
v 1.558304 -0.716616 1.039987
v 1.450637 0.743319 1.074769
v 1.468404 0.512807 1.165981
v 1.482835 0.261274 1.217357
v 1.488486 -0.000001 1.233631
v 1.482835 -0.261276 1.217357
v 1.468403 -0.512809 1.165981
v 1.450637 -0.743321 1.074769
v 1.334804 0.781803 1.133512
v 1.372203 0.531697 1.216245
v 1.397470 0.268523 1.261820
v 1.406186 -0.000001 1.276207
v 1.397470 -0.268524 1.261820
v 1.372203 -0.531699 1.216245
v 1.334804 -0.781805 1.133511
v -1.111603 0.762484 1.914211
v -1.201605 0.520913 1.908287
v -1.251935 0.263878 1.904283
v -1.267892 -0.000000 1.902905
v -1.251935 -0.263879 1.904283
v -1.201605 -0.520914 1.908286
v -1.111603 -0.762485 1.914211
v -1.061161 0.730309 1.837416
v -1.155869 0.504205 1.834775
v -1.210035 0.257091 1.832691
v -1.227377 -0.000000 1.831896
v -1.210035 -0.257091 1.832691
v -1.155869 -0.504206 1.834775
v -1.061161 -0.730310 1.837416
v -1.033569 0.710311 1.751523
v -1.129831 0.492309 1.751625
v -1.185626 0.251758 1.751796
v -1.203641 -0.000000 1.751893
v -1.185626 -0.251759 1.751796
v -1.129831 -0.492309 1.751624
v -1.033569 -0.710312 1.751523
v -1.026745 0.705501 1.658226
v -1.122933 0.489260 1.661281
v -1.178782 0.250307 1.664337
v -1.196834 -0.000000 1.665726
v -1.178782 -0.250308 1.664337
v -1.122933 -0.489260 1.661281
v -1.026745 -0.705501 1.658225
v -1.039987 0.716615 1.558305
v -1.134933 0.496902 1.566015
v -1.189499 0.254160 1.573308
v -1.206982 -0.000000 1.576509
v -1.189499 -0.254161 1.573308
v -1.134933 -0.496902 1.566015
v -1.039987 -0.716615 1.558305
v -1.074769 0.743320 1.450638
v -1.165981 0.512808 1.468404
v -1.217357 0.261275 1.482836
v -1.233631 -0.000000 1.488486
v -1.217357 -0.261276 1.482836
v -1.165981 -0.512808 1.468404
v -1.074770 -0.743321 1.450637
v -1.133511 0.781804 1.334804
v -1.216245 0.531698 1.372204
v -1.261820 0.268523 1.397471
v -1.276207 -0.000000 1.406186
v -1.261820 -0.268524 1.397471
v -1.216245 -0.531699 1.372203
v -1.133511 -0.781804 1.334804
v -1.914210 0.762485 1.111603
v -1.837416 0.730310 1.061161
v -1.751522 0.710311 1.033569
v -1.658225 0.705501 1.026745
v -1.558305 0.716615 1.039987
v -1.450637 0.743320 1.074769
v -1.334804 0.781804 1.133512
v -1.908286 0.520914 1.201605
v -1.834775 0.504205 1.155869
v -1.751624 0.492309 1.129831
v -1.661281 0.489260 1.122933
v -1.566015 0.496902 1.134933
v -1.468404 0.512808 1.165981
v -1.372203 0.531698 1.216245
v -1.904282 0.263878 1.251935
v -1.832691 0.257091 1.210034
v -1.751796 0.251758 1.185626
v -1.664337 0.250308 1.178782
v -1.573308 0.254160 1.189499
v -1.482836 0.261275 1.217357
v -1.397470 0.268524 1.261820
v -1.902905 -0.000000 1.267892
v -1.831895 -0.000000 1.227377
v -1.751892 -0.000000 1.203641
v -1.665726 -0.000000 1.196834
v -1.576509 -0.000000 1.206981
v -1.488486 -0.000000 1.233631
v -1.406186 -0.000000 1.276207
v -1.904282 -0.263878 1.251935
v -1.832691 -0.257091 1.210034
v -1.751796 -0.251758 1.185626
v -1.664337 -0.250308 1.178782
v -1.573308 -0.254160 1.189499
v -1.482836 -0.261276 1.217357
v -1.397470 -0.268524 1.261820
v -1.908286 -0.520913 1.201604
v -1.834775 -0.504205 1.155869
v -1.751624 -0.492309 1.129831
v -1.661281 -0.489260 1.122933
v -1.566015 -0.496902 1.134933
v -1.468404 -0.512808 1.165981
v -1.372203 -0.531698 1.216245
v -1.914211 -0.762484 1.111603
v -1.837416 -0.730309 1.061161
v -1.751523 -0.710311 1.033569
v -1.658225 -0.705501 1.026744
v -1.558305 -0.716615 1.039987
v -1.450637 -0.743320 1.074769
v -1.334804 -0.781804 1.133511
s 0
usemtl Material1
f 1073 1074 1081 1080
f 1074 1075 1082 1081
f 1075 1076 1083 1082
f 1076 1077 1084 1083
f 1077 1078 1085 1084
f 1078 1079 1086 1085
f 1080 1081 1088 1087
f 1081 1082 1089 1088
f 1082 1083 1090 1089
f 1083 1084 1091 1090
f 1084 1085 1092 1091
f 1085 1086 1093 1092
f 1087 1088 1095 1094
f 1088 1089 1096 1095
f 1089 1090 1097 1096
f 1090 1091 1098 1097
f 1091 1092 1099 1098
f 1092 1093 1100 1099
f 1094 1095 1102 1101
f 1095 1096 1103 1102
f 1096 1097 1104 1103
f 1097 1098 1105 1104
f 1098 1099 1106 1105
f 1099 1100 1107 1106
f 1101 1102 1109 1108
f 1102 1103 1110 1109
f 1103 1104 1111 1110
f 1104 1105 1112 1111
f 1105 1106 1113 1112
f 1106 1107 1114 1113
f 1108 1109 1116 1115
f 1109 1110 1117 1116
f 1110 1111 1118 1117
f 1111 1112 1119 1118
f 1112 1113 1120 1119
f 1113 1114 1121 1120
f 10 666 1073 751
f 666 665 1074 1073
f 665 664 1075 1074
f 664 663 1076 1075
f 663 662 1077 1076
f 662 661 1078 1077
f 661 660 1079 1078
f 660 2 681 1079
f 1079 681 682 1086
f 1086 682 683 1093
f 1093 683 684 1100
f 1100 684 685 1107
f 1107 685 686 1114
f 1114 686 687 1121
f 1121 687 15 233
f 1120 1121 233 234
f 1119 1120 234 235
f 1118 1119 235 236
f 1117 1118 236 237
f 1116 1117 237 238
f 1115 1116 238 239
f 757 1115 239 34
f 756 1108 1115 757
f 755 1101 1108 756
f 754 1094 1101 755
f 753 1087 1094 754
f 752 1080 1087 753
f 751 1073 1080 752
f 1122 1123 1130 1129
f 1123 1124 1131 1130
f 1124 1125 1132 1131
f 1125 1126 1133 1132
f 1126 1127 1134 1133
f 1127 1128 1135 1134
f 1129 1130 1137 1136
f 1130 1131 1138 1137
f 1131 1132 1139 1138
f 1132 1133 1140 1139
f 1133 1134 1141 1140
f 1134 1135 1142 1141
f 1136 1137 1144 1143
f 1137 1138 1145 1144
f 1138 1139 1146 1145
f 1139 1140 1147 1146
f 1140 1141 1148 1147
f 1141 1142 1149 1148
f 1143 1144 1151 1150
f 1144 1145 1152 1151
f 1145 1146 1153 1152
f 1146 1147 1154 1153
f 1147 1148 1155 1154
f 1148 1149 1156 1155
f 1150 1151 1158 1157
f 1151 1152 1159 1158
f 1152 1153 1160 1159
f 1153 1154 1161 1160
f 1154 1155 1162 1161
f 1155 1156 1163 1162
f 1157 1158 1165 1164
f 1158 1159 1166 1165
f 1159 1160 1167 1166
f 1160 1161 1168 1167
f 1161 1162 1169 1168
f 1162 1163 1170 1169
f 1 79 1122 93
f 79 80 1123 1122
f 80 81 1124 1123
f 81 82 1125 1124
f 82 83 1126 1125
f 83 84 1127 1126
f 84 85 1128 1127
f 85 9 226 1128
f 1128 226 227 1135
f 1135 227 228 1142
f 1142 228 229 1149
f 1149 229 230 1156
f 1156 230 231 1163
f 1163 231 232 1170
f 1170 232 33 652
f 1169 1170 652 651
f 1168 1169 651 650
f 1167 1168 650 649
f 1166 1167 649 648
f 1165 1166 648 647
f 1164 1165 647 646
f 99 1164 646 11
f 98 1157 1164 99
f 97 1150 1157 98
f 96 1143 1150 97
f 95 1136 1143 96
f 94 1129 1136 95
f 93 1122 1129 94
f 1171 1172 1179 1178
f 1172 1173 1180 1179
f 1173 1174 1181 1180
f 1174 1175 1182 1181
f 1175 1176 1183 1182
f 1176 1177 1184 1183
f 1178 1179 1186 1185
f 1179 1180 1187 1186
f 1180 1181 1188 1187
f 1181 1182 1189 1188
f 1182 1183 1190 1189
f 1183 1184 1191 1190
f 1185 1186 1193 1192
f 1186 1187 1194 1193
f 1187 1188 1195 1194
f 1188 1189 1196 1195
f 1189 1190 1197 1196
f 1190 1191 1198 1197
f 1192 1193 1200 1199
f 1193 1194 1201 1200
f 1194 1195 1202 1201
f 1195 1196 1203 1202
f 1196 1197 1204 1203
f 1197 1198 1205 1204
f 1199 1200 1207 1206
f 1200 1201 1208 1207
f 1201 1202 1209 1208
f 1202 1203 1210 1209
f 1203 1204 1211 1210
f 1204 1205 1212 1211
f 1206 1207 1214 1213
f 1207 1208 1215 1214
f 1208 1209 1216 1215
f 1209 1210 1217 1216
f 1210 1211 1218 1217
f 1211 1212 1219 1218
f 36 771 1171 253
f 771 770 1172 1171
f 770 769 1173 1172
f 769 768 1174 1173
f 768 767 1175 1174
f 767 766 1176 1175
f 766 765 1177 1176
f 765 16 127 1177
f 1177 127 126 1184
f 1184 126 125 1191
f 1191 125 124 1198
f 1198 124 123 1205
f 1205 123 122 1212
f 1212 122 121 1219
f 1219 121 3 142
f 1218 1219 142 143
f 1217 1218 143 144
f 1216 1217 144 145
f 1215 1216 145 146
f 1214 1215 146 147
f 1213 1214 147 148
f 247 1213 148 19
f 248 1206 1213 247
f 249 1199 1206 248
f 250 1192 1199 249
f 251 1185 1192 250
f 252 1178 1185 251
f 253 1171 1178 252
f 1220 1221 1228 1227
f 1221 1222 1229 1228
f 1222 1223 1230 1229
f 1223 1224 1231 1230
f 1224 1225 1232 1231
f 1225 1226 1233 1232
f 1227 1228 1235 1234
f 1228 1229 1236 1235
f 1229 1230 1237 1236
f 1230 1231 1238 1237
f 1231 1232 1239 1238
f 1232 1233 1240 1239
f 1234 1235 1242 1241
f 1235 1236 1243 1242
f 1236 1237 1244 1243
f 1237 1238 1245 1244
f 1238 1239 1246 1245
f 1239 1240 1247 1246
f 1241 1242 1249 1248
f 1242 1243 1250 1249
f 1243 1244 1251 1250
f 1244 1245 1252 1251
f 1245 1246 1253 1252
f 1246 1247 1254 1253
f 1248 1249 1256 1255
f 1249 1250 1257 1256
f 1250 1251 1258 1257
f 1251 1252 1259 1258
f 1252 1253 1260 1259
f 1253 1254 1261 1260
f 1255 1256 1263 1262
f 1256 1257 1264 1263
f 1257 1258 1265 1264
f 1258 1259 1266 1265
f 1259 1260 1267 1266
f 1260 1261 1268 1267
f 12 758 1220 680
f 758 759 1221 1220
f 759 760 1222 1221
f 760 761 1223 1222
f 761 762 1224 1223
f 762 763 1225 1224
f 763 764 1226 1225
f 764 35 463 1226
f 1226 463 462 1233
f 1233 462 461 1240
f 1240 461 460 1247
f 1247 460 459 1254
f 1254 459 458 1261
f 1261 458 457 1268
f 1268 457 20 708
f 1267 1268 708 707
f 1266 1267 707 706
f 1265 1266 706 705
f 1264 1265 705 704
f 1263 1264 704 703
f 1262 1263 703 702
f 674 1262 702 4
f 675 1255 1262 674
f 676 1248 1255 675
f 677 1241 1248 676
f 678 1234 1241 677
f 679 1227 1234 678
f 680 1220 1227 679
f 1269 1270 1277 1276
f 1270 1271 1278 1277
f 1271 1272 1279 1278
f 1272 1273 1280 1279
f 1273 1274 1281 1280
f 1274 1275 1282 1281
f 1276 1277 1284 1283
f 1277 1278 1285 1284
f 1278 1279 1286 1285
f 1279 1280 1287 1286
f 1280 1281 1288 1287
f 1281 1282 1289 1288
f 1283 1284 1291 1290
f 1284 1285 1292 1291
f 1285 1286 1293 1292
f 1286 1287 1294 1293
f 1287 1288 1295 1294
f 1288 1289 1296 1295
f 1290 1291 1298 1297
f 1291 1292 1299 1298
f 1292 1293 1300 1299
f 1293 1294 1301 1300
f 1294 1295 1302 1301
f 1295 1296 1303 1302
f 1297 1298 1305 1304
f 1298 1299 1306 1305
f 1299 1300 1307 1306
f 1300 1301 1308 1307
f 1301 1302 1309 1308
f 1302 1303 1310 1309
f 1304 1305 1312 1311
f 1305 1306 1313 1312
f 1306 1307 1314 1313
f 1307 1308 1315 1314
f 1308 1309 1316 1315
f 1309 1310 1317 1316
f 28 736 1269 772
f 736 735 1270 1269
f 735 734 1271 1270
f 734 733 1272 1271
f 733 732 1273 1272
f 732 731 1274 1273
f 731 730 1275 1274
f 730 8 744 1275
f 1275 744 745 1282
f 1282 745 746 1289
f 1289 746 747 1296
f 1296 747 748 1303
f 1303 748 749 1310
f 1310 749 750 1317
f 1317 750 32 548
f 1316 1317 548 549
f 1315 1316 549 550
f 1314 1315 550 551
f 1313 1314 551 552
f 1312 1313 552 553
f 1311 1312 553 554
f 778 1311 554 38
f 777 1304 1311 778
f 776 1297 1304 777
f 775 1290 1297 776
f 774 1283 1290 775
f 773 1276 1283 774
f 772 1269 1276 773
f 1318 1319 1326 1325
f 1319 1320 1327 1326
f 1320 1321 1328 1327
f 1321 1322 1329 1328
f 1322 1323 1330 1329
f 1323 1324 1331 1330
f 1325 1326 1333 1332
f 1326 1327 1334 1333
f 1327 1328 1335 1334
f 1328 1329 1336 1335
f 1329 1330 1337 1336
f 1330 1331 1338 1337
f 1332 1333 1340 1339
f 1333 1334 1341 1340
f 1334 1335 1342 1341
f 1335 1336 1343 1342
f 1336 1337 1344 1343
f 1337 1338 1345 1344
f 1339 1340 1347 1346
f 1340 1341 1348 1347
f 1341 1342 1349 1348
f 1342 1343 1350 1349
f 1343 1344 1351 1350
f 1344 1345 1352 1351
f 1346 1347 1354 1353
f 1347 1348 1355 1354
f 1348 1349 1356 1355
f 1349 1350 1357 1356
f 1350 1351 1358 1357
f 1351 1352 1359 1358
f 1353 1354 1361 1360
f 1354 1355 1362 1361
f 1355 1356 1363 1362
f 1356 1357 1364 1363
f 1357 1358 1365 1364
f 1358 1359 1366 1365
f 5 191 1318 177
f 191 192 1319 1318
f 192 193 1320 1319
f 193 194 1321 1320
f 194 195 1322 1321
f 195 196 1323 1322
f 196 197 1324 1323
f 197 27 254 1324
f 1324 254 255 1331
f 1331 255 256 1338
f 1338 256 257 1345
f 1345 257 258 1352
f 1352 258 259 1359
f 1359 259 260 1366
f 1366 260 37 981
f 1365 1366 981 980
f 1364 1365 980 979
f 1363 1364 979 978
f 1362 1363 978 977
f 1361 1362 977 976
f 1360 1361 976 975
f 183 1360 975 25
f 182 1353 1360 183
f 181 1346 1353 182
f 180 1339 1346 181
f 179 1332 1339 180
f 178 1325 1332 179
f 177 1318 1325 178
f 1367 1368 1375 1374
f 1368 1369 1376 1375
f 1369 1370 1377 1376
f 1370 1371 1378 1377
f 1371 1372 1379 1378
f 1372 1373 1380 1379
f 1374 1375 1382 1381
f 1375 1376 1383 1382
f 1376 1377 1384 1383
f 1377 1378 1385 1384
f 1378 1379 1386 1385
f 1379 1380 1387 1386
f 1381 1382 1389 1388
f 1382 1383 1390 1389
f 1383 1384 1391 1390
f 1384 1385 1392 1391
f 1385 1386 1393 1392
f 1386 1387 1394 1393
f 1388 1389 1396 1395
f 1389 1390 1397 1396
f 1390 1391 1398 1397
f 1391 1392 1399 1398
f 1392 1393 1400 1399
f 1393 1394 1401 1400
f 1395 1396 1403 1402
f 1396 1397 1404 1403
f 1397 1398 1405 1404
f 1398 1399 1406 1405
f 1399 1400 1407 1406
f 1400 1401 1408 1407
f 1402 1403 1410 1409
f 1403 1404 1411 1410
f 1404 1405 1412 1411
f 1405 1406 1413 1412
f 1406 1407 1414 1413
f 1407 1408 1415 1414
f 40 281 1367 792
f 281 280 1368 1367
f 280 279 1369 1368
f 279 278 1370 1369
f 278 277 1371 1370
f 277 276 1372 1371
f 276 275 1373 1372
f 275 31 218 1373
f 1373 218 217 1380
f 1380 217 216 1387
f 1387 216 215 1394
f 1394 215 214 1401
f 1401 214 213 1408
f 1408 213 212 1415
f 1415 212 7 205
f 1414 1415 205 206
f 1413 1414 206 207
f 1412 1413 207 208
f 1411 1412 208 209
f 1410 1411 209 210
f 1409 1410 210 211
f 786 1409 211 30
f 787 1402 1409 786
f 788 1395 1402 787
f 789 1388 1395 788
f 790 1381 1388 789
f 791 1374 1381 790
f 792 1367 1374 791
f 1416 1417 1424 1423
f 1417 1418 1425 1424
f 1418 1419 1426 1425
f 1419 1420 1427 1426
f 1420 1421 1428 1427
f 1421 1422 1429 1428
f 1423 1424 1431 1430
f 1424 1425 1432 1431
f 1425 1426 1433 1432
f 1426 1427 1434 1433
f 1427 1428 1435 1434
f 1428 1429 1436 1435
f 1430 1431 1438 1437
f 1431 1432 1439 1438
f 1432 1433 1440 1439
f 1433 1434 1441 1440
f 1434 1435 1442 1441
f 1435 1436 1443 1442
f 1437 1438 1445 1444
f 1438 1439 1446 1445
f 1439 1440 1447 1446
f 1440 1441 1448 1447
f 1441 1442 1449 1448
f 1442 1443 1450 1449
f 1444 1445 1452 1451
f 1445 1446 1453 1452
f 1446 1447 1454 1453
f 1447 1448 1455 1454
f 1448 1449 1456 1455
f 1449 1450 1457 1456
f 1451 1452 1459 1458
f 1452 1453 1460 1459
f 1453 1454 1461 1460
f 1454 1455 1462 1461
f 1455 1456 1463 1462
f 1456 1457 1464 1463
f 26 779 1416 729
f 779 780 1417 1416
f 780 781 1418 1417
f 781 782 1419 1418
f 782 783 1420 1419
f 783 784 1421 1420
f 784 785 1422 1421
f 785 39 274 1422
f 1422 274 273 1429
f 1429 273 272 1436
f 1436 272 271 1443
f 1443 271 270 1450
f 1450 270 269 1457
f 1457 269 268 1464
f 1464 268 29 743
f 1463 1464 743 742
f 1462 1463 742 741
f 1461 1462 741 740
f 1460 1461 740 739
f 1459 1460 739 738
f 1458 1459 738 737
f 723 1458 737 6
f 724 1451 1458 723
f 725 1444 1451 724
f 726 1437 1444 725
f 727 1430 1437 726
f 728 1423 1430 727
f 729 1416 1423 728
f 1465 1466 1473 1472
f 1466 1467 1474 1473
f 1467 1468 1475 1474
f 1468 1469 1476 1475
f 1469 1470 1477 1476
f 1470 1471 1478 1477
f 1472 1473 1480 1479
f 1473 1474 1481 1480
f 1474 1475 1482 1481
f 1475 1476 1483 1482
f 1476 1477 1484 1483
f 1477 1478 1485 1484
f 1479 1480 1487 1486
f 1480 1481 1488 1487
f 1481 1482 1489 1488
f 1482 1483 1490 1489
f 1483 1484 1491 1490
f 1484 1485 1492 1491
f 1486 1487 1494 1493
f 1487 1488 1495 1494
f 1488 1489 1496 1495
f 1489 1490 1497 1496
f 1490 1491 1498 1497
f 1491 1492 1499 1498
f 1493 1494 1501 1500
f 1494 1495 1502 1501
f 1495 1496 1503 1502
f 1496 1497 1504 1503
f 1497 1498 1505 1504
f 1498 1499 1506 1505
f 1500 1501 1508 1507
f 1501 1502 1509 1508
f 1502 1503 1510 1509
f 1503 1504 1511 1510
f 1504 1505 1512 1511
f 1505 1506 1513 1512
f 14 120 1465 793
f 120 119 1466 1465
f 119 118 1467 1466
f 118 117 1468 1467
f 117 116 1469 1468
f 116 115 1470 1469
f 115 114 1471 1470
f 114 5 177 1471
f 1471 177 178 1478
f 1478 178 179 1485
f 1485 179 180 1492
f 1492 180 181 1499
f 1499 181 182 1506
f 1506 182 183 1513
f 1513 183 25 289
f 1512 1513 289 290
f 1511 1512 290 291
f 1510 1511 291 292
f 1509 1510 292 293
f 1508 1509 293 294
f 1507 1508 294 295
f 799 1507 295 42
f 798 1500 1507 799
f 797 1493 1500 798
f 796 1486 1493 797
f 795 1479 1486 796
f 794 1472 1479 795
f 793 1465 1472 794
f 1514 1515 1522 1521
f 1515 1516 1523 1522
f 1516 1517 1524 1523
f 1517 1518 1525 1524
f 1518 1519 1526 1525
f 1519 1520 1527 1526
f 1521 1522 1529 1528
f 1522 1523 1530 1529
f 1523 1524 1531 1530
f 1524 1525 1532 1531
f 1525 1526 1533 1532
f 1526 1527 1534 1533
f 1528 1529 1536 1535
f 1529 1530 1537 1536
f 1530 1531 1538 1537
f 1531 1532 1539 1538
f 1532 1533 1540 1539
f 1533 1534 1541 1540
f 1535 1536 1543 1542
f 1536 1537 1544 1543
f 1537 1538 1545 1544
f 1538 1539 1546 1545
f 1539 1540 1547 1546
f 1540 1541 1548 1547
f 1542 1543 1550 1549
f 1543 1544 1551 1550
f 1544 1545 1552 1551
f 1545 1546 1553 1552
f 1546 1547 1554 1553
f 1547 1548 1555 1554
f 1549 1550 1557 1556
f 1550 1551 1558 1557
f 1551 1552 1559 1558
f 1552 1553 1560 1559
f 1553 1554 1561 1560
f 1554 1555 1562 1561
f 1 107 1514 79
f 107 108 1515 1514
f 108 109 1516 1515
f 109 110 1517 1516
f 110 111 1518 1517
f 111 112 1519 1518
f 112 113 1520 1519
f 113 13 282 1520
f 1520 282 283 1527
f 1527 283 284 1534
f 1534 284 285 1541
f 1541 285 286 1548
f 1548 286 287 1555
f 1555 287 288 1562
f 1562 288 41 673
f 1561 1562 673 672
f 1560 1561 672 671
f 1559 1560 671 670
f 1558 1559 670 669
f 1557 1558 669 668
f 1556 1557 668 667
f 85 1556 667 9
f 84 1549 1556 85
f 83 1542 1549 84
f 82 1535 1542 83
f 81 1528 1535 82
f 80 1521 1528 81
f 79 1514 1521 80
f 1563 1564 1571 1570
f 1564 1565 1572 1571
f 1565 1566 1573 1572
f 1566 1567 1574 1573
f 1567 1568 1575 1574
f 1568 1569 1576 1575
f 1570 1571 1578 1577
f 1571 1572 1579 1578
f 1572 1573 1580 1579
f 1573 1574 1581 1580
f 1574 1575 1582 1581
f 1575 1576 1583 1582
f 1577 1578 1585 1584
f 1578 1579 1586 1585
f 1579 1580 1587 1586
f 1580 1581 1588 1587
f 1581 1582 1589 1588
f 1582 1583 1590 1589
f 1584 1585 1592 1591
f 1585 1586 1593 1592
f 1586 1587 1594 1593
f 1587 1588 1595 1594
f 1588 1589 1596 1595
f 1589 1590 1597 1596
f 1591 1592 1599 1598
f 1592 1593 1600 1599
f 1593 1594 1601 1600
f 1594 1595 1602 1601
f 1595 1596 1603 1602
f 1596 1597 1604 1603
f 1598 1599 1606 1605
f 1599 1600 1607 1606
f 1600 1601 1608 1607
f 1601 1602 1609 1608
f 1602 1603 1610 1609
f 1603 1604 1611 1610
f 44 526 1563 813
f 526 525 1564 1563
f 525 524 1565 1564
f 524 523 1566 1565
f 523 522 1567 1566
f 522 521 1568 1567
f 521 520 1569 1568
f 520 26 729 1569
f 1569 729 728 1576
f 1576 728 727 1583
f 1583 727 726 1590
f 1590 726 725 1597
f 1597 725 724 1604
f 1604 724 723 1611
f 1611 723 6 695
f 1610 1611 695 696
f 1609 1610 696 697
f 1608 1609 697 698
f 1607 1608 698 699
f 1606 1607 699 700
f 1605 1606 700 701
f 807 1605 701 18
f 808 1598 1605 807
f 809 1591 1598 808
f 810 1584 1591 809
f 811 1577 1584 810
f 812 1570 1577 811
f 813 1563 1570 812
f 1612 1613 1620 1619
f 1613 1614 1621 1620
f 1614 1615 1622 1621
f 1615 1616 1623 1622
f 1616 1617 1624 1623
f 1617 1618 1625 1624
f 1619 1620 1627 1626
f 1620 1621 1628 1627
f 1621 1622 1629 1628
f 1622 1623 1630 1629
f 1623 1624 1631 1630
f 1624 1625 1632 1631
f 1626 1627 1634 1633
f 1627 1628 1635 1634
f 1628 1629 1636 1635
f 1629 1630 1637 1636
f 1630 1631 1638 1637
f 1631 1632 1639 1638
f 1633 1634 1641 1640
f 1634 1635 1642 1641
f 1635 1636 1643 1642
f 1636 1637 1644 1643
f 1637 1638 1645 1644
f 1638 1639 1646 1645
f 1640 1641 1648 1647
f 1641 1642 1649 1648
f 1642 1643 1650 1649
f 1643 1644 1651 1650
f 1644 1645 1652 1651
f 1645 1646 1653 1652
f 1647 1648 1655 1654
f 1648 1649 1656 1655
f 1649 1650 1657 1656
f 1650 1651 1658 1657
f 1651 1652 1659 1658
f 1652 1653 1660 1659
f 10 800 1612 666
f 800 801 1613 1612
f 801 802 1614 1613
f 802 803 1615 1614
f 803 804 1616 1615
f 804 805 1617 1616
f 805 806 1618 1617
f 806 43 302 1618
f 1618 302 301 1625
f 1625 301 300 1632
f 1632 300 299 1639
f 1639 299 298 1646
f 1646 298 297 1653
f 1653 297 296 1660
f 1660 296 17 694
f 1659 1660 694 693
f 1658 1659 693 692
f 1657 1658 692 691
f 1656 1657 691 690
f 1655 1656 690 689
f 1654 1655 689 688
f 660 1654 688 2
f 661 1647 1654 660
f 662 1640 1647 661
f 663 1633 1640 662
f 664 1626 1633 663
f 665 1619 1626 664
f 666 1612 1619 665
f 1661 1662 1669 1668
f 1662 1663 1670 1669
f 1663 1664 1671 1670
f 1664 1665 1672 1671
f 1665 1666 1673 1672
f 1666 1667 1674 1673
f 1668 1669 1676 1675
f 1669 1670 1677 1676
f 1670 1671 1678 1677
f 1671 1672 1679 1678
f 1672 1673 1680 1679
f 1673 1674 1681 1680
f 1675 1676 1683 1682
f 1676 1677 1684 1683
f 1677 1678 1685 1684
f 1678 1679 1686 1685
f 1679 1680 1687 1686
f 1680 1681 1688 1687
f 1682 1683 1690 1689
f 1683 1684 1691 1690
f 1684 1685 1692 1691
f 1685 1686 1693 1692
f 1686 1687 1694 1693
f 1687 1688 1695 1694
f 1689 1690 1697 1696
f 1690 1691 1698 1697
f 1691 1692 1699 1698
f 1692 1693 1700 1699
f 1693 1694 1701 1700
f 1694 1695 1702 1701
f 1696 1697 1704 1703
f 1697 1698 1705 1704
f 1698 1699 1706 1705
f 1699 1700 1707 1706
f 1700 1701 1708 1707
f 1701 1702 1709 1708
f 18 701 1661 814
f 701 700 1662 1661
f 700 699 1663 1662
f 699 698 1664 1663
f 698 697 1665 1664
f 697 696 1666 1665
f 696 695 1667 1666
f 695 6 737 1667
f 1667 737 738 1674
f 1674 738 739 1681
f 1681 739 740 1688
f 1688 740 741 1695
f 1695 741 742 1702
f 1702 742 743 1709
f 1709 743 29 317
f 1708 1709 317 318
f 1707 1708 318 319
f 1706 1707 319 320
f 1705 1706 320 321
f 1704 1705 321 322
f 1703 1704 322 323
f 820 1703 323 46
f 819 1696 1703 820
f 818 1689 1696 819
f 817 1682 1689 818
f 816 1675 1682 817
f 815 1668 1675 816
f 814 1661 1668 815
f 1710 1711 1718 1717
f 1711 1712 1719 1718
f 1712 1713 1720 1719
f 1713 1714 1721 1720
f 1714 1715 1722 1721
f 1715 1716 1723 1722
f 1717 1718 1725 1724
f 1718 1719 1726 1725
f 1719 1720 1727 1726
f 1720 1721 1728 1727
f 1721 1722 1729 1728
f 1722 1723 1730 1729
f 1724 1725 1732 1731
f 1725 1726 1733 1732
f 1726 1727 1734 1733
f 1727 1728 1735 1734
f 1728 1729 1736 1735
f 1729 1730 1737 1736
f 1731 1732 1739 1738
f 1732 1733 1740 1739
f 1733 1734 1741 1740
f 1734 1735 1742 1741
f 1735 1736 1743 1742
f 1736 1737 1744 1743
f 1738 1739 1746 1745
f 1739 1740 1747 1746
f 1740 1741 1748 1747
f 1741 1742 1749 1748
f 1742 1743 1750 1749
f 1743 1744 1751 1750
f 1745 1746 1753 1752
f 1746 1747 1754 1753
f 1747 1748 1755 1754
f 1748 1749 1756 1755
f 1749 1750 1757 1756
f 1750 1751 1758 1757
f 2 688 1710 681
f 688 689 1711 1710
f 689 690 1712 1711
f 690 691 1713 1712
f 691 692 1714 1713
f 692 693 1715 1714
f 693 694 1716 1715
f 694 17 310 1716
f 1716 310 311 1723
f 1723 311 312 1730
f 1730 312 313 1737
f 1737 313 314 1744
f 1744 314 315 1751
f 1751 315 316 1758
f 1758 316 45 939
f 1757 1758 939 938
f 1756 1757 938 937
f 1755 1756 937 936
f 1754 1755 936 935
f 1753 1754 935 934
f 1752 1753 934 933
f 687 1752 933 15
f 686 1745 1752 687
f 685 1738 1745 686
f 684 1731 1738 685
f 683 1724 1731 684
f 682 1717 1724 683
f 681 1710 1717 682
f 1759 1760 1767 1766
f 1760 1761 1768 1767
f 1761 1762 1769 1768
f 1762 1763 1770 1769
f 1763 1764 1771 1770
f 1764 1765 1772 1771
f 1766 1767 1774 1773
f 1767 1768 1775 1774
f 1768 1769 1776 1775
f 1769 1770 1777 1776
f 1770 1771 1778 1777
f 1771 1772 1779 1778
f 1773 1774 1781 1780
f 1774 1775 1782 1781
f 1775 1776 1783 1782
f 1776 1777 1784 1783
f 1777 1778 1785 1784
f 1778 1779 1786 1785
f 1780 1781 1788 1787
f 1781 1782 1789 1788
f 1782 1783 1790 1789
f 1783 1784 1791 1790
f 1784 1785 1792 1791
f 1785 1786 1793 1792
f 1787 1788 1795 1794
f 1788 1789 1796 1795
f 1789 1790 1797 1796
f 1790 1791 1798 1797
f 1791 1792 1799 1798
f 1792 1793 1800 1799
f 1794 1795 1802 1801
f 1795 1796 1803 1802
f 1796 1797 1804 1803
f 1797 1798 1805 1804
f 1798 1799 1806 1805
f 1799 1800 1807 1806
f 48 617 1759 834
f 617 616 1760 1759
f 616 615 1761 1760
f 615 614 1762 1761
f 614 613 1763 1762
f 613 612 1764 1763
f 612 611 1765 1764
f 611 30 211 1765
f 1765 211 210 1772
f 1772 210 209 1779
f 1779 209 208 1786
f 1786 208 207 1793
f 1793 207 206 1800
f 1800 206 205 1807
f 1807 205 7 163
f 1806 1807 163 164
f 1805 1806 164 165
f 1804 1805 165 166
f 1803 1804 166 167
f 1802 1803 167 168
f 1801 1802 168 169
f 828 1801 169 22
f 829 1794 1801 828
f 830 1787 1794 829
f 831 1780 1787 830
f 832 1773 1780 831
f 833 1766 1773 832
f 834 1759 1766 833
f 1808 1809 1816 1815
f 1809 1810 1817 1816
f 1810 1811 1818 1817
f 1811 1812 1819 1818
f 1812 1813 1820 1819
f 1813 1814 1821 1820
f 1815 1816 1823 1822
f 1816 1817 1824 1823
f 1817 1818 1825 1824
f 1818 1819 1826 1825
f 1819 1820 1827 1826
f 1820 1821 1828 1827
f 1822 1823 1830 1829
f 1823 1824 1831 1830
f 1824 1825 1832 1831
f 1825 1826 1833 1832
f 1826 1827 1834 1833
f 1827 1828 1835 1834
f 1829 1830 1837 1836
f 1830 1831 1838 1837
f 1831 1832 1839 1838
f 1832 1833 1840 1839
f 1833 1834 1841 1840
f 1834 1835 1842 1841
f 1836 1837 1844 1843
f 1837 1838 1845 1844
f 1838 1839 1846 1845
f 1839 1840 1847 1846
f 1840 1841 1848 1847
f 1841 1842 1849 1848
f 1843 1844 1851 1850
f 1844 1845 1852 1851
f 1845 1846 1853 1852
f 1846 1847 1854 1853
f 1847 1848 1855 1854
f 1848 1849 1856 1855
f 16 821 1808 127
f 821 822 1809 1808
f 822 823 1810 1809
f 823 824 1811 1810
f 824 825 1812 1811
f 825 826 1813 1812
f 826 827 1814 1813
f 827 47 330 1814
f 1814 330 329 1821
f 1821 329 328 1828
f 1828 328 327 1835
f 1835 327 326 1842
f 1842 326 325 1849
f 1849 325 324 1856
f 1856 324 21 162
f 1855 1856 162 161
f 1854 1855 161 160
f 1853 1854 160 159
f 1852 1853 159 158
f 1851 1852 158 157
f 1850 1851 157 156
f 121 1850 156 3
f 122 1843 1850 121
f 123 1836 1843 122
f 124 1829 1836 123
f 125 1822 1829 124
f 126 1815 1822 125
f 127 1808 1815 126
f 1857 1858 1865 1864
f 1858 1859 1866 1865
f 1859 1860 1867 1866
f 1860 1861 1868 1867
f 1861 1862 1869 1868
f 1862 1863 1870 1869
f 1864 1865 1872 1871
f 1865 1866 1873 1872
f 1866 1867 1874 1873
f 1867 1868 1875 1874
f 1868 1869 1876 1875
f 1869 1870 1877 1876
f 1871 1872 1879 1878
f 1872 1873 1880 1879
f 1873 1874 1881 1880
f 1874 1875 1882 1881
f 1875 1876 1883 1882
f 1876 1877 1884 1883
f 1878 1879 1886 1885
f 1879 1880 1887 1886
f 1880 1881 1888 1887
f 1881 1882 1889 1888
f 1882 1883 1890 1889
f 1883 1884 1891 1890
f 1885 1886 1893 1892
f 1886 1887 1894 1893
f 1887 1888 1895 1894
f 1888 1889 1896 1895
f 1889 1890 1897 1896
f 1890 1891 1898 1897
f 1892 1893 1900 1899
f 1893 1894 1901 1900
f 1894 1895 1902 1901
f 1895 1896 1903 1902
f 1896 1897 1904 1903
f 1897 1898 1905 1904
f 22 169 1857 835
f 169 168 1858 1857
f 168 167 1859 1858
f 167 166 1860 1859
f 166 165 1861 1860
f 165 164 1862 1861
f 164 163 1863 1862
f 163 7 212 1863
f 1863 212 213 1870
f 1870 213 214 1877
f 1877 214 215 1884
f 1884 215 216 1891
f 1891 216 217 1898
f 1898 217 218 1905
f 1905 218 31 345
f 1904 1905 345 346
f 1903 1904 346 347
f 1902 1903 347 348
f 1901 1902 348 349
f 1900 1901 349 350
f 1899 1900 350 351
f 841 1899 351 50
f 840 1892 1899 841
f 839 1885 1892 840
f 838 1878 1885 839
f 837 1871 1878 838
f 836 1864 1871 837
f 835 1857 1864 836
f 1906 1907 1914 1913
f 1907 1908 1915 1914
f 1908 1909 1916 1915
f 1909 1910 1917 1916
f 1910 1911 1918 1917
f 1911 1912 1919 1918
f 1913 1914 1921 1920
f 1914 1915 1922 1921
f 1915 1916 1923 1922
f 1916 1917 1924 1923
f 1917 1918 1925 1924
f 1918 1919 1926 1925
f 1920 1921 1928 1927
f 1921 1922 1929 1928
f 1922 1923 1930 1929
f 1923 1924 1931 1930
f 1924 1925 1932 1931
f 1925 1926 1933 1932
f 1927 1928 1935 1934
f 1928 1929 1936 1935
f 1929 1930 1937 1936
f 1930 1931 1938 1937
f 1931 1932 1939 1938
f 1932 1933 1940 1939
f 1934 1935 1942 1941
f 1935 1936 1943 1942
f 1936 1937 1944 1943
f 1937 1938 1945 1944
f 1938 1939 1946 1945
f 1939 1940 1947 1946
f 1941 1942 1949 1948
f 1942 1943 1950 1949
f 1943 1944 1951 1950
f 1944 1945 1952 1951
f 1945 1946 1953 1952
f 1946 1947 1954 1953
f 3 156 1906 142
f 156 157 1907 1906
f 157 158 1908 1907
f 158 159 1909 1908
f 159 160 1910 1909
f 160 161 1911 1910
f 161 162 1912 1911
f 162 21 338 1912
f 1912 338 339 1919
f 1919 339 340 1926
f 1926 340 341 1933
f 1933 341 342 1940
f 1940 342 343 1947
f 1947 343 344 1954
f 1954 344 49 988
f 1953 1954 988 987
f 1952 1953 987 986
f 1951 1952 986 985
f 1950 1951 985 984
f 1949 1950 984 983
f 1948 1949 983 982
f 148 1948 982 19
f 147 1941 1948 148
f 146 1934 1941 147
f 145 1927 1934 146
f 144 1920 1927 145
f 143 1913 1920 144
f 142 1906 1913 143
f 1955 1956 1963 1962
f 1956 1957 1964 1963
f 1957 1958 1965 1964
f 1958 1959 1966 1965
f 1959 1960 1967 1966
f 1960 1961 1968 1967
f 1962 1963 1970 1969
f 1963 1964 1971 1970
f 1964 1965 1972 1971
f 1965 1966 1973 1972
f 1966 1967 1974 1973
f 1967 1968 1975 1974
f 1969 1970 1977 1976
f 1970 1971 1978 1977
f 1971 1972 1979 1978
f 1972 1973 1980 1979
f 1973 1974 1981 1980
f 1974 1975 1982 1981
f 1976 1977 1984 1983
f 1977 1978 1985 1984
f 1978 1979 1986 1985
f 1979 1980 1987 1986
f 1980 1981 1988 1987
f 1981 1982 1989 1988
f 1983 1984 1991 1990
f 1984 1985 1992 1991
f 1985 1986 1993 1992
f 1986 1987 1994 1993
f 1987 1988 1995 1994
f 1988 1989 1996 1995
f 1990 1991 1998 1997
f 1991 1992 1999 1998
f 1992 1993 2000 1999
f 1993 1994 2001 2000
f 1994 1995 2002 2001
f 1995 1996 2003 2002
f 52 659 1955 855
f 659 658 1956 1955
f 658 657 1957 1956
f 657 656 1958 1957
f 656 655 1959 1958
f 655 654 1960 1959
f 654 653 1961 1960
f 653 32 750 1961
f 1961 750 749 1968
f 1968 749 748 1975
f 1975 748 747 1982
f 1982 747 746 1989
f 1989 746 745 1996
f 1996 745 744 2003
f 2003 744 8 716
f 2002 2003 716 717
f 2001 2002 717 718
f 2000 2001 718 719
f 1999 2000 719 720
f 1998 1999 720 721
f 1997 1998 721 722
f 849 1997 722 24
f 850 1990 1997 849
f 851 1983 1990 850
f 852 1976 1983 851
f 853 1969 1976 852
f 854 1962 1969 853
f 855 1955 1962 854
f 2004 2005 2012 2011
f 2005 2006 2013 2012
f 2006 2007 2014 2013
f 2007 2008 2015 2014
f 2008 2009 2016 2015
f 2009 2010 2017 2016
f 2011 2012 2019 2018
f 2012 2013 2020 2019
f 2013 2014 2021 2020
f 2014 2015 2022 2021
f 2015 2016 2023 2022
f 2016 2017 2024 2023
f 2018 2019 2026 2025
f 2019 2020 2027 2026
f 2020 2021 2028 2027
f 2021 2022 2029 2028
f 2022 2023 2030 2029
f 2023 2024 2031 2030
f 2025 2026 2033 2032
f 2026 2027 2034 2033
f 2027 2028 2035 2034
f 2028 2029 2036 2035
f 2029 2030 2037 2036
f 2030 2031 2038 2037
f 2032 2033 2040 2039
f 2033 2034 2041 2040
f 2034 2035 2042 2041
f 2035 2036 2043 2042
f 2036 2037 2044 2043
f 2037 2038 2045 2044
f 2039 2040 2047 2046
f 2040 2041 2048 2047
f 2041 2042 2049 2048
f 2042 2043 2050 2049
f 2043 2044 2051 2050
f 2044 2045 2052 2051
f 20 842 2004 708
f 842 843 2005 2004
f 843 844 2006 2005
f 844 845 2007 2006
f 845 846 2008 2007
f 846 847 2009 2008
f 847 848 2010 2009
f 848 51 358 2010
f 2010 358 357 2017
f 2017 357 356 2024
f 2024 356 355 2031
f 2031 355 354 2038
f 2038 354 353 2045
f 2045 353 352 2052
f 2052 352 23 715
f 2051 2052 715 714
f 2050 2051 714 713
f 2049 2050 713 712
f 2048 2049 712 711
f 2047 2048 711 710
f 2046 2047 710 709
f 702 2046 709 4
f 703 2039 2046 702
f 704 2032 2039 703
f 705 2025 2032 704
f 706 2018 2025 705
f 707 2011 2018 706
f 708 2004 2011 707
f 2053 2054 2061 2060
f 2054 2055 2062 2061
f 2055 2056 2063 2062
f 2056 2057 2064 2063
f 2057 2058 2065 2064
f 2058 2059 2066 2065
f 2060 2061 2068 2067
f 2061 2062 2069 2068
f 2062 2063 2070 2069
f 2063 2064 2071 2070
f 2064 2065 2072 2071
f 2065 2066 2073 2072
f 2067 2068 2075 2074
f 2068 2069 2076 2075
f 2069 2070 2077 2076
f 2070 2071 2078 2077
f 2071 2072 2079 2078
f 2072 2073 2080 2079
f 2074 2075 2082 2081
f 2075 2076 2083 2082
f 2076 2077 2084 2083
f 2077 2078 2085 2084
f 2078 2079 2086 2085
f 2079 2080 2087 2086
f 2081 2082 2089 2088
f 2082 2083 2090 2089
f 2083 2084 2091 2090
f 2084 2085 2092 2091
f 2085 2086 2093 2092
f 2086 2087 2094 2093
f 2088 2089 2096 2095
f 2089 2090 2097 2096
f 2090 2091 2098 2097
f 2091 2092 2099 2098
f 2092 2093 2100 2099
f 2093 2094 2101 2100
f 13 113 2053 373
f 113 112 2054 2053
f 112 111 2055 2054
f 111 110 2056 2055
f 110 109 2057 2056
f 109 108 2058 2057
f 108 107 2059 2058
f 107 1 93 2059
f 2059 93 94 2066
f 2066 94 95 2073
f 2073 95 96 2080
f 2080 96 97 2087
f 2087 97 98 2094
f 2094 98 99 2101
f 2101 99 11 947
f 2100 2101 947 948
f 2099 2100 948 949
f 2098 2099 949 950
f 2097 2098 950 951
f 2096 2097 951 952
f 2095 2096 952 953
f 379 2095 953 54
f 378 2088 2095 379
f 377 2081 2088 378
f 376 2074 2081 377
f 375 2067 2074 376
f 374 2060 2067 375
f 373 2053 2060 374
f 2102 2103 2110 2109
f 2103 2104 2111 2110
f 2104 2105 2112 2111
f 2105 2106 2113 2112
f 2106 2107 2114 2113
f 2107 2108 2115 2114
f 2109 2110 2117 2116
f 2110 2111 2118 2117
f 2111 2112 2119 2118
f 2112 2113 2120 2119
f 2113 2114 2121 2120
f 2114 2115 2122 2121
f 2116 2117 2124 2123
f 2117 2118 2125 2124
f 2118 2119 2126 2125
f 2119 2120 2127 2126
f 2120 2121 2128 2127
f 2121 2122 2129 2128
f 2123 2124 2131 2130
f 2124 2125 2132 2131
f 2125 2126 2133 2132
f 2126 2127 2134 2133
f 2127 2128 2135 2134
f 2128 2129 2136 2135
f 2130 2131 2138 2137
f 2131 2132 2139 2138
f 2132 2133 2140 2139
f 2133 2134 2141 2140
f 2134 2135 2142 2141
f 2135 2136 2143 2142
f 2137 2138 2145 2144
f 2138 2139 2146 2145
f 2139 2140 2147 2146
f 2140 2141 2148 2147
f 2141 2142 2149 2148
f 2142 2143 2150 2149
f 5 114 2102 191
f 114 115 2103 2102
f 115 116 2104 2103
f 116 117 2105 2104
f 117 118 2106 2105
f 118 119 2107 2106
f 119 120 2108 2107
f 120 14 856 2108
f 2108 856 857 2115
f 2115 857 858 2122
f 2122 858 859 2129
f 2129 859 860 2136
f 2136 860 861 2143
f 2143 861 862 2150
f 2150 862 53 372
f 2149 2150 372 371
f 2148 2149 371 370
f 2147 2148 370 369
f 2146 2147 369 368
f 2145 2146 368 367
f 2144 2145 367 366
f 197 2144 366 27
f 196 2137 2144 197
f 195 2130 2137 196
f 194 2123 2130 195
f 193 2116 2123 194
f 192 2109 2116 193
f 191 2102 2109 192
f 2151 2152 2159 2158
f 2152 2153 2160 2159
f 2153 2154 2161 2160
f 2154 2155 2162 2161
f 2155 2156 2163 2162
f 2156 2157 2164 2163
f 2158 2159 2166 2165
f 2159 2160 2167 2166
f 2160 2161 2168 2167
f 2161 2162 2169 2168
f 2162 2163 2170 2169
f 2163 2164 2171 2170
f 2165 2166 2173 2172
f 2166 2167 2174 2173
f 2167 2168 2175 2174
f 2168 2169 2176 2175
f 2169 2170 2177 2176
f 2170 2171 2178 2177
f 2172 2173 2180 2179
f 2173 2174 2181 2180
f 2174 2175 2182 2181
f 2175 2176 2183 2182
f 2176 2177 2184 2183
f 2177 2178 2185 2184
f 2179 2180 2187 2186
f 2180 2181 2188 2187
f 2181 2182 2189 2188
f 2182 2183 2190 2189
f 2183 2184 2191 2190
f 2184 2185 2192 2191
f 2186 2187 2194 2193
f 2187 2188 2195 2194
f 2188 2189 2196 2195
f 2189 2190 2197 2196
f 2190 2191 2198 2197
f 2191 2192 2199 2198
f 56 876 2151 393
f 876 875 2152 2151
f 875 874 2153 2152
f 874 873 2154 2153
f 873 872 2155 2154
f 872 871 2156 2155
f 871 870 2157 2156
f 870 12 680 2157
f 2157 680 679 2164
f 2164 679 678 2171
f 2171 678 677 2178
f 2178 677 676 2185
f 2185 676 675 2192
f 2192 675 674 2199
f 2199 674 4 709
f 2198 2199 709 710
f 2197 2198 710 711
f 2196 2197 711 712
f 2195 2196 712 713
f 2194 2195 713 714
f 2193 2194 714 715
f 387 2193 715 23
f 388 2186 2193 387
f 389 2179 2186 388
f 390 2172 2179 389
f 391 2165 2172 390
f 392 2158 2165 391
f 393 2151 2158 392
f 2200 2201 2208 2207
f 2201 2202 2209 2208
f 2202 2203 2210 2209
f 2203 2204 2211 2210
f 2204 2205 2212 2211
f 2205 2206 2213 2212
f 2207 2208 2215 2214
f 2208 2209 2216 2215
f 2209 2210 2217 2216
f 2210 2211 2218 2217
f 2211 2212 2219 2218
f 2212 2213 2220 2219
f 2214 2215 2222 2221
f 2215 2216 2223 2222
f 2216 2217 2224 2223
f 2217 2218 2225 2224
f 2218 2219 2226 2225
f 2219 2220 2227 2226
f 2221 2222 2229 2228
f 2222 2223 2230 2229
f 2223 2224 2231 2230
f 2224 2225 2232 2231
f 2225 2226 2233 2232
f 2226 2227 2234 2233
f 2228 2229 2236 2235
f 2229 2230 2237 2236
f 2230 2231 2238 2237
f 2231 2232 2239 2238
f 2232 2233 2240 2239
f 2233 2234 2241 2240
f 2235 2236 2243 2242
f 2236 2237 2244 2243
f 2237 2238 2245 2244
f 2238 2239 2246 2245
f 2239 2240 2247 2246
f 2240 2241 2248 2247
f 28 863 2200 736
f 863 864 2201 2200
f 864 865 2202 2201
f 865 866 2203 2202
f 866 867 2204 2203
f 867 868 2205 2204
f 868 869 2206 2205
f 869 55 596 2206
f 2206 596 595 2213
f 2213 595 594 2220
f 2220 594 593 2227
f 2227 593 592 2234
f 2234 592 591 2241
f 2241 591 590 2248
f 2248 590 24 722
f 2247 2248 722 721
f 2246 2247 721 720
f 2245 2246 720 719
f 2244 2245 719 718
f 2243 2244 718 717
f 2242 2243 717 716
f 730 2242 716 8
f 731 2235 2242 730
f 732 2228 2235 731
f 733 2221 2228 732
f 734 2214 2221 733
f 735 2207 2214 734
f 736 2200 2207 735
f 2249 2250 2257 2256
f 2250 2251 2258 2257
f 2251 2252 2259 2258
f 2252 2253 2260 2259
f 2253 2254 2261 2260
f 2254 2255 2262 2261
f 2256 2257 2264 2263
f 2257 2258 2265 2264
f 2258 2259 2266 2265
f 2259 2260 2267 2266
f 2260 2261 2268 2267
f 2261 2262 2269 2268
f 2263 2264 2271 2270
f 2264 2265 2272 2271
f 2265 2266 2273 2272
f 2266 2267 2274 2273
f 2267 2268 2275 2274
f 2268 2269 2276 2275
f 2270 2271 2278 2277
f 2271 2272 2279 2278
f 2272 2273 2280 2279
f 2273 2274 2281 2280
f 2274 2275 2282 2281
f 2275 2276 2283 2282
f 2277 2278 2285 2284
f 2278 2279 2286 2285
f 2279 2280 2287 2286
f 2280 2281 2288 2287
f 2281 2282 2289 2288
f 2282 2283 2290 2289
f 2284 2285 2292 2291
f 2285 2286 2293 2292
f 2286 2287 2294 2293
f 2287 2288 2295 2294
f 2288 2289 2296 2295
f 2289 2290 2297 2296
f 29 968 2249 317
f 968 969 2250 2249
f 969 970 2251 2250
f 970 971 2252 2251
f 971 972 2253 2252
f 972 973 2254 2253
f 973 974 2255 2254
f 974 30 611 2255
f 2255 611 612 2262
f 2262 612 613 2269
f 2269 613 614 2276
f 2276 614 615 2283
f 2283 615 616 2290
f 2290 616 617 2297
f 2297 617 48 946
f 2296 2297 946 945
f 2295 2296 945 944
f 2294 2295 944 943
f 2293 2294 943 942
f 2292 2293 942 941
f 2291 2292 941 940
f 323 2291 940 46
f 322 2284 2291 323
f 321 2277 2284 322
f 320 2270 2277 321
f 319 2263 2270 320
f 318 2256 2263 319
f 317 2249 2256 318
f 2298 2299 2306 2305
f 2299 2300 2307 2306
f 2300 2301 2308 2307
f 2301 2302 2309 2308
f 2302 2303 2310 2309
f 2303 2304 2311 2310
f 2305 2306 2313 2312
f 2306 2307 2314 2313
f 2307 2308 2315 2314
f 2308 2309 2316 2315
f 2309 2310 2317 2316
f 2310 2311 2318 2317
f 2312 2313 2320 2319
f 2313 2314 2321 2320
f 2314 2315 2322 2321
f 2315 2316 2323 2322
f 2316 2317 2324 2323
f 2317 2318 2325 2324
f 2319 2320 2327 2326
f 2320 2321 2328 2327
f 2321 2322 2329 2328
f 2322 2323 2330 2329
f 2323 2324 2331 2330
f 2324 2325 2332 2331
f 2326 2327 2334 2333
f 2327 2328 2335 2334
f 2328 2329 2336 2335
f 2329 2330 2337 2336
f 2330 2331 2338 2337
f 2331 2332 2339 2338
f 2333 2334 2341 2340
f 2334 2335 2342 2341
f 2335 2336 2343 2342
f 2336 2337 2344 2343
f 2337 2338 2345 2344
f 2338 2339 2346 2345
f 30 974 2298 786
f 974 973 2299 2298
f 973 972 2300 2299
f 972 971 2301 2300
f 971 970 2302 2301
f 970 969 2303 2302
f 969 968 2304 2303
f 968 29 268 2304
f 2304 268 269 2311
f 2311 269 270 2318
f 2318 270 271 2325
f 2325 271 272 2332
f 2332 272 273 2339
f 2339 273 274 2346
f 2346 274 39 1059
f 2345 2346 1059 1060
f 2344 2345 1060 1061
f 2343 2344 1061 1062
f 2342 2343 1062 1063
f 2341 2342 1063 1064
f 2340 2341 1064 1065
f 792 2340 1065 40
f 791 2333 2340 792
f 790 2326 2333 791
f 789 2319 2326 790
f 788 2312 2319 789
f 787 2305 2312 788
f 786 2298 2305 787
f 2347 2348 2355 2354
f 2348 2349 2356 2355
f 2349 2350 2357 2356
f 2350 2351 2358 2357
f 2351 2352 2359 2358
f 2352 2353 2360 2359
f 2354 2355 2362 2361
f 2355 2356 2363 2362
f 2356 2357 2364 2363
f 2357 2358 2365 2364
f 2358 2359 2366 2365
f 2359 2360 2367 2366
f 2361 2362 2369 2368
f 2362 2363 2370 2369
f 2363 2364 2371 2370
f 2364 2365 2372 2371
f 2365 2366 2373 2372
f 2366 2367 2374 2373
f 2368 2369 2376 2375
f 2369 2370 2377 2376
f 2370 2371 2378 2377
f 2371 2372 2379 2378
f 2372 2373 2380 2379
f 2373 2374 2381 2380
f 2375 2376 2383 2382
f 2376 2377 2384 2383
f 2377 2378 2385 2384
f 2378 2379 2386 2385
f 2379 2380 2387 2386
f 2380 2381 2388 2387
f 2382 2383 2390 2389
f 2383 2384 2391 2390
f 2384 2385 2392 2391
f 2385 2386 2393 2392
f 2386 2387 2394 2393
f 2387 2388 2395 2394
f 46 940 2347 905
f 940 941 2348 2347
f 941 942 2349 2348
f 942 943 2350 2349
f 943 944 2351 2350
f 944 945 2352 2351
f 945 946 2353 2352
f 946 48 912 2353
f 2353 912 913 2360
f 2360 913 914 2367
f 2367 914 915 2374
f 2374 915 916 2381
f 2381 916 917 2388
f 2388 917 918 2395
f 2395 918 62 435
f 2394 2395 435 434
f 2393 2394 434 433
f 2392 2393 433 432
f 2391 2392 432 431
f 2390 2391 431 430
f 2389 2390 430 429
f 911 2389 429 61
f 910 2382 2389 911
f 909 2375 2382 910
f 908 2368 2375 909
f 907 2361 2368 908
f 906 2354 2361 907
f 905 2347 2354 906
f 2396 2397 2404 2403
f 2397 2398 2405 2404
f 2398 2399 2406 2405
f 2399 2400 2407 2406
f 2400 2401 2408 2407
f 2401 2402 2409 2408
f 2403 2404 2411 2410
f 2404 2405 2412 2411
f 2405 2406 2413 2412
f 2406 2407 2414 2413
f 2407 2408 2415 2414
f 2408 2409 2416 2415
f 2410 2411 2418 2417
f 2411 2412 2419 2418
f 2412 2413 2420 2419
f 2413 2414 2421 2420
f 2414 2415 2422 2421
f 2415 2416 2423 2422
f 2417 2418 2425 2424
f 2418 2419 2426 2425
f 2419 2420 2427 2426
f 2420 2421 2428 2427
f 2421 2422 2429 2428
f 2422 2423 2430 2429
f 2424 2425 2432 2431
f 2425 2426 2433 2432
f 2426 2427 2434 2433
f 2427 2428 2435 2434
f 2428 2429 2436 2435
f 2429 2430 2437 2436
f 2431 2432 2439 2438
f 2432 2433 2440 2439
f 2433 2434 2441 2440
f 2434 2435 2442 2441
f 2435 2436 2443 2442
f 2436 2437 2444 2443
f 39 422 2396 1059
f 422 423 2397 2396
f 423 424 2398 2397
f 424 425 2399 2398
f 425 426 2400 2399
f 426 427 2401 2400
f 427 428 2402 2401
f 428 61 429 2402
f 2402 429 430 2409
f 2409 430 431 2416
f 2416 431 432 2423
f 2423 432 433 2430
f 2430 433 434 2437
f 2437 434 435 2444
f 2444 435 62 967
f 2443 2444 967 966
f 2442 2443 966 965
f 2441 2442 965 964
f 2440 2441 964 963
f 2439 2440 963 962
f 2438 2439 962 961
f 1065 2438 961 40
f 1064 2431 2438 1065
f 1063 2424 2431 1064
f 1062 2417 2424 1063
f 1061 2410 2417 1062
f 1060 2403 2410 1061
f 1059 2396 2403 1060
f 2445 2446 2453 2452
f 2446 2447 2454 2453
f 2447 2448 2455 2454
f 2448 2449 2456 2455
f 2449 2450 2457 2456
f 2450 2451 2458 2457
f 2452 2453 2460 2459
f 2453 2454 2461 2460
f 2454 2455 2462 2461
f 2455 2456 2463 2462
f 2456 2457 2464 2463
f 2457 2458 2465 2464
f 2459 2460 2467 2466
f 2460 2461 2468 2467
f 2461 2462 2469 2468
f 2462 2463 2470 2469
f 2463 2464 2471 2470
f 2464 2465 2472 2471
f 2466 2467 2474 2473
f 2467 2468 2475 2474
f 2468 2469 2476 2475
f 2469 2470 2477 2476
f 2470 2471 2478 2477
f 2471 2472 2479 2478
f 2473 2474 2481 2480
f 2474 2475 2482 2481
f 2475 2476 2483 2482
f 2476 2477 2484 2483
f 2477 2478 2485 2484
f 2478 2479 2486 2485
f 2480 2481 2488 2487
f 2481 2482 2489 2488
f 2482 2483 2490 2489
f 2483 2484 2491 2490
f 2484 2485 2492 2491
f 2485 2486 2493 2492
f 11 100 2445 947
f 100 101 2446 2445
f 101 102 2447 2446
f 102 103 2448 2447
f 103 104 2449 2448
f 104 105 2450 2449
f 105 106 2451 2450
f 106 12 870 2451
f 2451 870 871 2458
f 2458 871 872 2465
f 2465 872 873 2472
f 2472 873 874 2479
f 2479 874 875 2486
f 2486 875 876 2493
f 2493 876 56 1037
f 2492 2493 1037 1036
f 2491 2492 1036 1035
f 2490 2491 1035 1034
f 2489 2490 1034 1033
f 2488 2489 1033 1032
f 2487 2488 1032 1031
f 953 2487 1031 54
f 952 2480 2487 953
f 951 2473 2480 952
f 950 2466 2473 951
f 949 2459 2466 950
f 948 2452 2459 949
f 947 2445 2452 948
f 2494 2495 2502 2501
f 2495 2496 2503 2502
f 2496 2497 2504 2503
f 2497 2498 2505 2504
f 2498 2499 2506 2505
f 2499 2500 2507 2506
f 2501 2502 2509 2508
f 2502 2503 2510 2509
f 2503 2504 2511 2510
f 2504 2505 2512 2511
f 2505 2506 2513 2512
f 2506 2507 2514 2513
f 2508 2509 2516 2515
f 2509 2510 2517 2516
f 2510 2511 2518 2517
f 2511 2512 2519 2518
f 2512 2513 2520 2519
f 2513 2514 2521 2520
f 2515 2516 2523 2522
f 2516 2517 2524 2523
f 2517 2518 2525 2524
f 2518 2519 2526 2525
f 2519 2520 2527 2526
f 2520 2521 2528 2527
f 2522 2523 2530 2529
f 2523 2524 2531 2530
f 2524 2525 2532 2531
f 2525 2526 2533 2532
f 2526 2527 2534 2533
f 2527 2528 2535 2534
f 2529 2530 2537 2536
f 2530 2531 2538 2537
f 2531 2532 2539 2538
f 2532 2533 2540 2539
f 2533 2534 2541 2540
f 2534 2535 2542 2541
f 11 646 2494 100
f 646 647 2495 2494
f 647 648 2496 2495
f 648 649 2497 2496
f 649 650 2498 2497
f 650 651 2499 2498
f 651 652 2500 2499
f 652 33 240 2500
f 2500 240 241 2507
f 2507 241 242 2514
f 2514 242 243 2521
f 2521 243 244 2528
f 2528 244 245 2535
f 2535 245 246 2542
f 2542 246 35 764
f 2541 2542 764 763
f 2540 2541 763 762
f 2539 2540 762 761
f 2538 2539 761 760
f 2537 2538 760 759
f 2536 2537 759 758
f 106 2536 758 12
f 105 2529 2536 106
f 104 2522 2529 105
f 103 2515 2522 104
f 102 2508 2515 103
f 101 2501 2508 102
f 100 2494 2501 101
f 2543 2544 2551 2550
f 2544 2545 2552 2551
f 2545 2546 2553 2552
f 2546 2547 2554 2553
f 2547 2548 2555 2554
f 2548 2549 2556 2555
f 2550 2551 2558 2557
f 2551 2552 2559 2558
f 2552 2553 2560 2559
f 2553 2554 2561 2560
f 2554 2555 2562 2561
f 2555 2556 2563 2562
f 2557 2558 2565 2564
f 2558 2559 2566 2565
f 2559 2560 2567 2566
f 2560 2561 2568 2567
f 2561 2562 2569 2568
f 2562 2563 2570 2569
f 2564 2565 2572 2571
f 2565 2566 2573 2572
f 2566 2567 2574 2573
f 2567 2568 2575 2574
f 2568 2569 2576 2575
f 2569 2570 2577 2576
f 2571 2572 2579 2578
f 2572 2573 2580 2579
f 2573 2574 2581 2580
f 2574 2575 2582 2581
f 2575 2576 2583 2582
f 2576 2577 2584 2583
f 2578 2579 2586 2585
f 2579 2580 2587 2586
f 2580 2581 2588 2587
f 2581 2582 2589 2588
f 2582 2583 2590 2589
f 2583 2584 2591 2590
f 54 1031 2543 891
f 1031 1032 2544 2543
f 1032 1033 2545 2544
f 1033 1034 2546 2545
f 1034 1035 2547 2546
f 1035 1036 2548 2547
f 1036 1037 2549 2548
f 1037 56 926 2549
f 2549 926 927 2556
f 2556 927 928 2563
f 2563 928 929 2570
f 2570 929 930 2577
f 2577 930 931 2584
f 2584 931 932 2591
f 2591 932 64 449
f 2590 2591 449 448
f 2589 2590 448 447
f 2588 2589 447 446
f 2587 2588 446 445
f 2586 2587 445 444
f 2585 2586 444 443
f 897 2585 443 59
f 896 2578 2585 897
f 895 2571 2578 896
f 894 2564 2571 895
f 893 2557 2564 894
f 892 2550 2557 893
f 891 2543 2550 892
f 2592 2593 2600 2599
f 2593 2594 2601 2600
f 2594 2595 2602 2601
f 2595 2596 2603 2602
f 2596 2597 2604 2603
f 2597 2598 2605 2604
f 2599 2600 2607 2606
f 2600 2601 2608 2607
f 2601 2602 2609 2608
f 2602 2603 2610 2609
f 2603 2604 2611 2610
f 2604 2605 2612 2611
f 2606 2607 2614 2613
f 2607 2608 2615 2614
f 2608 2609 2616 2615
f 2609 2610 2617 2616
f 2610 2611 2618 2617
f 2611 2612 2619 2618
f 2613 2614 2621 2620
f 2614 2615 2622 2621
f 2615 2616 2623 2622
f 2616 2617 2624 2623
f 2617 2618 2625 2624
f 2618 2619 2626 2625
f 2620 2621 2628 2627
f 2621 2622 2629 2628
f 2622 2623 2630 2629
f 2623 2624 2631 2630
f 2624 2625 2632 2631
f 2625 2626 2633 2632
f 2627 2628 2635 2634
f 2628 2629 2636 2635
f 2629 2630 2637 2636
f 2630 2631 2638 2637
f 2631 2632 2639 2638
f 2632 2633 2640 2639
f 33 408 2592 240
f 408 409 2593 2592
f 409 410 2594 2593
f 410 411 2595 2594
f 411 412 2596 2595
f 412 413 2597 2596
f 413 414 2598 2597
f 414 59 443 2598
f 2598 443 444 2605
f 2605 444 445 2612
f 2612 445 446 2619
f 2619 446 447 2626
f 2626 447 448 2633
f 2633 448 449 2640
f 2640 449 64 477
f 2639 2640 477 476
f 2638 2639 476 475
f 2637 2638 475 474
f 2636 2637 474 473
f 2635 2636 473 472
f 2634 2635 472 471
f 246 2634 471 35
f 245 2627 2634 246
f 244 2620 2627 245
f 243 2613 2620 244
f 242 2606 2613 243
f 241 2599 2606 242
f 240 2592 2599 241
f 2641 2642 2649 2648
f 2642 2643 2650 2649
f 2643 2644 2651 2650
f 2644 2645 2652 2651
f 2645 2646 2653 2652
f 2646 2647 2654 2653
f 2648 2649 2656 2655
f 2649 2650 2657 2656
f 2650 2651 2658 2657
f 2651 2652 2659 2658
f 2652 2653 2660 2659
f 2653 2654 2661 2660
f 2655 2656 2663 2662
f 2656 2657 2664 2663
f 2657 2658 2665 2664
f 2658 2659 2666 2665
f 2659 2660 2667 2666
f 2660 2661 2668 2667
f 2662 2663 2670 2669
f 2663 2664 2671 2670
f 2664 2665 2672 2671
f 2665 2666 2673 2672
f 2666 2667 2674 2673
f 2667 2668 2675 2674
f 2669 2670 2677 2676
f 2670 2671 2678 2677
f 2671 2672 2679 2678
f 2672 2673 2680 2679
f 2673 2674 2681 2680
f 2674 2675 2682 2681
f 2676 2677 2684 2683
f 2677 2678 2685 2684
f 2678 2679 2686 2685
f 2679 2680 2687 2686
f 2680 2681 2688 2687
f 2681 2682 2689 2688
f 15 933 2641 576
f 933 934 2642 2641
f 934 935 2643 2642
f 935 936 2644 2643
f 936 937 2645 2644
f 937 938 2646 2645
f 938 939 2647 2646
f 939 45 464 2647
f 2647 464 465 2654
f 2654 465 466 2661
f 2661 466 467 2668
f 2668 467 468 2675
f 2675 468 469 2682
f 2682 469 470 2689
f 2689 470 47 827
f 2688 2689 827 826
f 2687 2688 826 825
f 2686 2687 825 824
f 2685 2686 824 823
f 2684 2685 823 822
f 2683 2684 822 821
f 582 2683 821 16
f 581 2676 2683 582
f 580 2669 2676 581
f 579 2662 2669 580
f 578 2655 2662 579
f 577 2648 2655 578
f 576 2641 2648 577
f 2690 2691 2698 2697
f 2691 2692 2699 2698
f 2692 2693 2700 2699
f 2693 2694 2701 2700
f 2694 2695 2702 2701
f 2695 2696 2703 2702
f 2697 2698 2705 2704
f 2698 2699 2706 2705
f 2699 2700 2707 2706
f 2700 2701 2708 2707
f 2701 2702 2709 2708
f 2702 2703 2710 2709
f 2704 2705 2712 2711
f 2705 2706 2713 2712
f 2706 2707 2714 2713
f 2707 2708 2715 2714
f 2708 2709 2716 2715
f 2709 2710 2717 2716
f 2711 2712 2719 2718
f 2712 2713 2720 2719
f 2713 2714 2721 2720
f 2714 2715 2722 2721
f 2715 2716 2723 2722
f 2716 2717 2724 2723
f 2718 2719 2726 2725
f 2719 2720 2727 2726
f 2720 2721 2728 2727
f 2721 2722 2729 2728
f 2722 2723 2730 2729
f 2723 2724 2731 2730
f 2725 2726 2733 2732
f 2726 2727 2734 2733
f 2727 2728 2735 2734
f 2728 2729 2736 2735
f 2729 2730 2737 2736
f 2730 2731 2738 2737
f 15 576 2690 233
f 576 577 2691 2690
f 577 578 2692 2691
f 578 579 2693 2692
f 579 580 2694 2693
f 580 581 2695 2694
f 581 582 2696 2695
f 582 16 765 2696
f 2696 765 766 2703
f 2703 766 767 2710
f 2710 767 768 2717
f 2717 768 769 2724
f 2724 769 770 2731
f 2731 770 771 2738
f 2738 771 36 568
f 2737 2738 568 567
f 2736 2737 567 566
f 2735 2736 566 565
f 2734 2735 565 564
f 2733 2734 564 563
f 2732 2733 563 562
f 239 2732 562 34
f 238 2725 2732 239
f 237 2718 2725 238
f 236 2711 2718 237
f 235 2704 2711 236
f 234 2697 2704 235
f 233 2690 2697 234
f 2739 2740 2747 2746
f 2740 2741 2748 2747
f 2741 2742 2749 2748
f 2742 2743 2750 2749
f 2743 2744 2751 2750
f 2744 2745 2752 2751
f 2746 2747 2754 2753
f 2747 2748 2755 2754
f 2748 2749 2756 2755
f 2749 2750 2757 2756
f 2750 2751 2758 2757
f 2751 2752 2759 2758
f 2753 2754 2761 2760
f 2754 2755 2762 2761
f 2755 2756 2763 2762
f 2756 2757 2764 2763
f 2757 2758 2765 2764
f 2758 2759 2766 2765
f 2760 2761 2768 2767
f 2761 2762 2769 2768
f 2762 2763 2770 2769
f 2763 2764 2771 2770
f 2764 2765 2772 2771
f 2765 2766 2773 2772
f 2767 2768 2775 2774
f 2768 2769 2776 2775
f 2769 2770 2777 2776
f 2770 2771 2778 2777
f 2771 2772 2779 2778
f 2772 2773 2780 2779
f 2774 2775 2782 2781
f 2775 2776 2783 2782
f 2776 2777 2784 2783
f 2777 2778 2785 2784
f 2778 2779 2786 2785
f 2779 2780 2787 2786
f 34 562 2739 898
f 562 563 2740 2739
f 563 564 2741 2740
f 564 565 2742 2741
f 565 566 2743 2742
f 566 567 2744 2743
f 567 568 2745 2744
f 568 36 919 2745
f 2745 919 920 2752
f 2752 920 921 2759
f 2759 921 922 2766
f 2766 922 923 2773
f 2773 923 924 2780
f 2780 924 925 2787
f 2787 925 63 134
f 2786 2787 134 133
f 2785 2786 133 132
f 2784 2785 132 131
f 2783 2784 131 130
f 2782 2783 130 129
f 2781 2782 129 128
f 904 2781 128 60
f 903 2774 2781 904
f 902 2767 2774 903
f 901 2760 2767 902
f 900 2753 2760 901
f 899 2746 2753 900
f 898 2739 2746 899
f 2788 2789 2796 2795
f 2789 2790 2797 2796
f 2790 2791 2798 2797
f 2791 2792 2799 2798
f 2792 2793 2800 2799
f 2793 2794 2801 2800
f 2795 2796 2803 2802
f 2796 2797 2804 2803
f 2797 2798 2805 2804
f 2798 2799 2806 2805
f 2799 2800 2807 2806
f 2800 2801 2808 2807
f 2802 2803 2810 2809
f 2803 2804 2811 2810
f 2804 2805 2812 2811
f 2805 2806 2813 2812
f 2806 2807 2814 2813
f 2807 2808 2815 2814
f 2809 2810 2817 2816
f 2810 2811 2818 2817
f 2811 2812 2819 2818
f 2812 2813 2820 2819
f 2813 2814 2821 2820
f 2814 2815 2822 2821
f 2816 2817 2824 2823
f 2817 2818 2825 2824
f 2818 2819 2826 2825
f 2819 2820 2827 2826
f 2820 2821 2828 2827
f 2821 2822 2829 2828
f 2823 2824 2831 2830
f 2824 2825 2832 2831
f 2825 2826 2833 2832
f 2826 2827 2834 2833
f 2827 2828 2835 2834
f 2828 2829 2836 2835
f 45 415 2788 464
f 415 416 2789 2788
f 416 417 2790 2789
f 417 418 2791 2790
f 418 419 2792 2791
f 419 420 2793 2792
f 420 421 2794 2793
f 421 60 128 2794
f 2794 128 129 2801
f 2801 129 130 2808
f 2808 130 131 2815
f 2815 131 132 2822
f 2822 132 133 2829
f 2829 133 134 2836
f 2836 134 63 442
f 2835 2836 442 441
f 2834 2835 441 440
f 2833 2834 440 439
f 2832 2833 439 438
f 2831 2832 438 437
f 2830 2831 437 436
f 470 2830 436 47
f 469 2823 2830 470
f 468 2816 2823 469
f 467 2809 2816 468
f 466 2802 2809 467
f 465 2795 2802 466
f 464 2788 2795 465
f 2837 2838 2845 2844
f 2838 2839 2846 2845
f 2839 2840 2847 2846
f 2840 2841 2848 2847
f 2841 2842 2849 2848
f 2842 2843 2850 2849
f 2844 2845 2852 2851
f 2845 2846 2853 2852
f 2846 2847 2854 2853
f 2847 2848 2855 2854
f 2848 2849 2856 2855
f 2849 2850 2857 2856
f 2851 2852 2859 2858
f 2852 2853 2860 2859
f 2853 2854 2861 2860
f 2854 2855 2862 2861
f 2855 2856 2863 2862
f 2856 2857 2864 2863
f 2858 2859 2866 2865
f 2859 2860 2867 2866
f 2860 2861 2868 2867
f 2861 2862 2869 2868
f 2862 2863 2870 2869
f 2863 2864 2871 2870
f 2865 2866 2873 2872
f 2866 2867 2874 2873
f 2867 2868 2875 2874
f 2868 2869 2876 2875
f 2869 2870 2877 2876
f 2870 2871 2878 2877
f 2872 2873 2880 2879
f 2873 2874 2881 2880
f 2874 2875 2882 2881
f 2875 2876 2883 2882
f 2876 2877 2884 2883
f 2877 2878 2885 2884
f 27 366 2837 198
f 366 367 2838 2837
f 367 368 2839 2838
f 368 369 2840 2839
f 369 370 2841 2840
f 370 371 2842 2841
f 371 372 2843 2842
f 372 53 380 2843
f 2843 380 381 2850
f 2850 381 382 2857
f 2857 382 383 2864
f 2864 383 384 2871
f 2871 384 385 2878
f 2878 385 386 2885
f 2885 386 55 869
f 2884 2885 869 868
f 2883 2884 868 867
f 2882 2883 867 866
f 2881 2882 866 865
f 2880 2881 865 864
f 2879 2880 864 863
f 204 2879 863 28
f 203 2872 2879 204
f 202 2865 2872 203
f 201 2858 2865 202
f 200 2851 2858 201
f 199 2844 2851 200
f 198 2837 2844 199
f 2886 2887 2894 2893
f 2887 2888 2895 2894
f 2888 2889 2896 2895
f 2889 2890 2897 2896
f 2890 2891 2898 2897
f 2891 2892 2899 2898
f 2893 2894 2901 2900
f 2894 2895 2902 2901
f 2895 2896 2903 2902
f 2896 2897 2904 2903
f 2897 2898 2905 2904
f 2898 2899 2906 2905
f 2900 2901 2908 2907
f 2901 2902 2909 2908
f 2902 2903 2910 2909
f 2903 2904 2911 2910
f 2904 2905 2912 2911
f 2905 2906 2913 2912
f 2907 2908 2915 2914
f 2908 2909 2916 2915
f 2909 2910 2917 2916
f 2910 2911 2918 2917
f 2911 2912 2919 2918
f 2912 2913 2920 2919
f 2914 2915 2922 2921
f 2915 2916 2923 2922
f 2916 2917 2924 2923
f 2917 2918 2925 2924
f 2918 2919 2926 2925
f 2919 2920 2927 2926
f 2921 2922 2929 2928
f 2922 2923 2930 2929
f 2923 2924 2931 2930
f 2924 2925 2932 2931
f 2925 2926 2933 2932
f 2926 2927 2934 2933
f 28 772 2886 204
f 772 773 2887 2886
f 773 774 2888 2887
f 774 775 2889 2888
f 775 776 2890 2889
f 776 777 2891 2890
f 777 778 2892 2891
f 778 38 267 2892
f 2892 267 266 2899
f 2899 266 265 2906
f 2906 265 264 2913
f 2913 264 263 2920
f 2920 263 262 2927
f 2927 262 261 2934
f 2934 261 37 260
f 2933 2934 260 259
f 2932 2933 259 258
f 2931 2932 258 257
f 2930 2931 257 256
f 2929 2930 256 255
f 2928 2929 255 254
f 198 2928 254 27
f 199 2921 2928 198
f 200 2914 2921 199
f 201 2907 2914 200
f 202 2900 2907 201
f 203 2893 2900 202
f 204 2886 2893 203
f 2935 2936 2943 2942
f 2936 2937 2944 2943
f 2937 2938 2945 2944
f 2938 2939 2946 2945
f 2939 2940 2947 2946
f 2940 2941 2948 2947
f 2942 2943 2950 2949
f 2943 2944 2951 2950
f 2944 2945 2952 2951
f 2945 2946 2953 2952
f 2946 2947 2954 2953
f 2947 2948 2955 2954
f 2949 2950 2957 2956
f 2950 2951 2958 2957
f 2951 2952 2959 2958
f 2952 2953 2960 2959
f 2953 2954 2961 2960
f 2954 2955 2962 2961
f 2956 2957 2964 2963
f 2957 2958 2965 2964
f 2958 2959 2966 2965
f 2959 2960 2967 2966
f 2960 2961 2968 2967
f 2961 2962 2969 2968
f 2963 2964 2971 2970
f 2964 2965 2972 2971
f 2965 2966 2973 2972
f 2966 2967 2974 2973
f 2967 2968 2975 2974
f 2968 2969 2976 2975
f 2970 2971 2978 2977
f 2971 2972 2979 2978
f 2972 2973 2980 2979
f 2973 2974 2981 2980
f 2974 2975 2982 2981
f 2975 2976 2983 2982
f 38 884 2935 267
f 884 885 2936 2935
f 885 886 2937 2936
f 886 887 2938 2937
f 887 888 2939 2938
f 888 889 2940 2939
f 889 890 2941 2940
f 890 58 407 2941
f 2941 407 406 2948
f 2948 406 405 2955
f 2955 405 404 2962
f 2962 404 403 2969
f 2969 403 402 2976
f 2976 402 401 2983
f 2983 401 57 400
f 2982 2983 400 399
f 2981 2982 399 398
f 2980 2981 398 397
f 2979 2980 397 396
f 2978 2979 396 395
f 2977 2978 395 394
f 261 2977 394 37
f 262 2970 2977 261
f 263 2963 2970 262
f 264 2956 2963 263
f 265 2949 2956 264
f 266 2942 2949 265
f 267 2935 2942 266
f 2984 2985 2992 2991
f 2985 2986 2993 2992
f 2986 2987 2994 2993
f 2987 2988 2995 2994
f 2988 2989 2996 2995
f 2989 2990 2997 2996
f 2991 2992 2999 2998
f 2992 2993 3000 2999
f 2993 2994 3001 3000
f 2994 2995 3002 3001
f 2995 2996 3003 3002
f 2996 2997 3004 3003
f 2998 2999 3006 3005
f 2999 3000 3007 3006
f 3000 3001 3008 3007
f 3001 3002 3009 3008
f 3002 3003 3010 3009
f 3003 3004 3011 3010
f 3005 3006 3013 3012
f 3006 3007 3014 3013
f 3007 3008 3015 3014
f 3008 3009 3016 3015
f 3009 3010 3017 3016
f 3010 3011 3018 3017
f 3012 3013 3020 3019
f 3013 3014 3021 3020
f 3014 3015 3022 3021
f 3015 3016 3023 3022
f 3016 3017 3024 3023
f 3017 3018 3025 3024
f 3019 3020 3027 3026
f 3020 3021 3028 3027
f 3021 3022 3029 3028
f 3022 3023 3030 3029
f 3023 3024 3031 3030
f 3024 3025 3032 3031
f 55 386 2984 604
f 386 385 2985 2984
f 385 384 2986 2985
f 384 383 2987 2986
f 383 382 2988 2987
f 382 381 2989 2988
f 381 380 2990 2989
f 380 53 569 2990
f 2990 569 570 2997
f 2997 570 571 3004
f 3004 571 572 3011
f 3011 572 573 3018
f 3018 573 574 3025
f 3025 574 575 3032
f 3032 575 57 401
f 3031 3032 401 402
f 3030 3031 402 403
f 3029 3030 403 404
f 3028 3029 404 405
f 3027 3028 405 406
f 3026 3027 406 407
f 610 3026 407 58
f 609 3019 3026 610
f 608 3012 3019 609
f 607 3005 3012 608
f 606 2998 3005 607
f 605 2991 2998 606
f 604 2984 2991 605
f 3033 3034 3041 3040
f 3034 3035 3042 3041
f 3035 3036 3043 3042
f 3036 3037 3044 3043
f 3037 3038 3045 3044
f 3038 3039 3046 3045
f 3040 3041 3048 3047
f 3041 3042 3049 3048
f 3042 3043 3050 3049
f 3043 3044 3051 3050
f 3044 3045 3052 3051
f 3045 3046 3053 3052
f 3047 3048 3055 3054
f 3048 3049 3056 3055
f 3049 3050 3057 3056
f 3050 3051 3058 3057
f 3051 3052 3059 3058
f 3052 3053 3060 3059
f 3054 3055 3062 3061
f 3055 3056 3063 3062
f 3056 3057 3064 3063
f 3057 3058 3065 3064
f 3058 3059 3066 3065
f 3059 3060 3067 3066
f 3061 3062 3069 3068
f 3062 3063 3070 3069
f 3063 3064 3071 3070
f 3064 3065 3072 3071
f 3065 3066 3073 3072
f 3066 3067 3074 3073
f 3068 3069 3076 3075
f 3069 3070 3077 3076
f 3070 3071 3078 3077
f 3071 3072 3079 3078
f 3072 3073 3080 3079
f 3073 3074 3081 3080
f 23 170 3033 387
f 170 171 3034 3033
f 171 172 3035 3034
f 172 173 3036 3035
f 173 174 3037 3036
f 174 175 3038 3037
f 175 176 3039 3038
f 176 24 590 3039
f 3039 590 591 3046
f 3046 591 592 3053
f 3053 592 593 3060
f 3060 593 594 3067
f 3067 594 595 3074
f 3074 595 596 3081
f 3081 596 55 583
f 3080 3081 583 584
f 3079 3080 584 585
f 3078 3079 585 586
f 3077 3078 586 587
f 3076 3077 587 588
f 3075 3076 588 589
f 393 3075 589 56
f 392 3068 3075 393
f 391 3061 3068 392
f 390 3054 3061 391
f 389 3047 3054 390
f 388 3040 3047 389
f 387 3033 3040 388
f 3082 3083 3090 3089
f 3083 3084 3091 3090
f 3084 3085 3092 3091
f 3085 3086 3093 3092
f 3086 3087 3094 3093
f 3087 3088 3095 3094
f 3089 3090 3097 3096
f 3090 3091 3098 3097
f 3091 3092 3099 3098
f 3092 3093 3100 3099
f 3093 3094 3101 3100
f 3094 3095 3102 3101
f 3096 3097 3104 3103
f 3097 3098 3105 3104
f 3098 3099 3106 3105
f 3099 3100 3107 3106
f 3100 3101 3108 3107
f 3101 3102 3109 3108
f 3103 3104 3111 3110
f 3104 3105 3112 3111
f 3105 3106 3113 3112
f 3106 3107 3114 3113
f 3107 3108 3115 3114
f 3108 3109 3116 3115
f 3110 3111 3118 3117
f 3111 3112 3119 3118
f 3112 3113 3120 3119
f 3113 3114 3121 3120
f 3114 3115 3122 3121
f 3115 3116 3123 3122
f 3117 3118 3125 3124
f 3118 3119 3126 3125
f 3119 3120 3127 3126
f 3120 3121 3128 3127
f 3121 3122 3129 3128
f 3122 3123 3130 3129
f 24 176 3082 849
f 176 175 3083 3082
f 175 174 3084 3083
f 174 173 3085 3084
f 173 172 3086 3085
f 172 171 3087 3086
f 171 170 3088 3087
f 170 23 352 3088
f 3088 352 353 3095
f 3095 353 354 3102
f 3102 354 355 3109
f 3109 355 356 3116
f 3116 356 357 3123
f 3123 357 358 3130
f 3130 358 51 359
f 3129 3130 359 360
f 3128 3129 360 361
f 3127 3128 361 362
f 3126 3127 362 363
f 3125 3126 363 364
f 3124 3125 364 365
f 855 3124 365 52
f 854 3117 3124 855
f 853 3110 3117 854
f 852 3103 3110 853
f 851 3096 3103 852
f 850 3089 3096 851
f 849 3082 3089 850
f 3131 3132 3139 3138
f 3132 3133 3140 3139
f 3133 3134 3141 3140
f 3134 3135 3142 3141
f 3135 3136 3143 3142
f 3136 3137 3144 3143
f 3138 3139 3146 3145
f 3139 3140 3147 3146
f 3140 3141 3148 3147
f 3141 3142 3149 3148
f 3142 3143 3150 3149
f 3143 3144 3151 3150
f 3145 3146 3153 3152
f 3146 3147 3154 3153
f 3147 3148 3155 3154
f 3148 3149 3156 3155
f 3149 3150 3157 3156
f 3150 3151 3158 3157
f 3152 3153 3160 3159
f 3153 3154 3161 3160
f 3154 3155 3162 3161
f 3155 3156 3163 3162
f 3156 3157 3164 3163
f 3157 3158 3165 3164
f 3159 3160 3167 3166
f 3160 3161 3168 3167
f 3161 3162 3169 3168
f 3162 3163 3170 3169
f 3163 3164 3171 3170
f 3164 3165 3172 3171
f 3166 3167 3174 3173
f 3167 3168 3175 3174
f 3168 3169 3176 3175
f 3169 3170 3177 3176
f 3170 3171 3178 3177
f 3171 3172 3179 3178
f 22 835 3131 883
f 835 836 3132 3131
f 836 837 3133 3132
f 837 838 3134 3133
f 838 839 3135 3134
f 839 840 3136 3135
f 840 841 3137 3136
f 841 50 505 3137
f 3137 505 504 3144
f 3144 504 503 3151
f 3151 503 502 3158
f 3158 502 501 3165
f 3165 501 500 3172
f 3172 500 499 3179
f 3179 499 49 344
f 3178 3179 344 343
f 3177 3178 343 342
f 3176 3177 342 341
f 3175 3176 341 340
f 3174 3175 340 339
f 3173 3174 339 338
f 877 3173 338 21
f 878 3166 3173 877
f 879 3159 3166 878
f 880 3152 3159 879
f 881 3145 3152 880
f 882 3138 3145 881
f 883 3131 3138 882
f 3180 3181 3188 3187
f 3181 3182 3189 3188
f 3182 3183 3190 3189
f 3183 3184 3191 3190
f 3184 3185 3192 3191
f 3185 3186 3193 3192
f 3187 3188 3195 3194
f 3188 3189 3196 3195
f 3189 3190 3197 3196
f 3190 3191 3198 3197
f 3191 3192 3199 3198
f 3192 3193 3200 3199
f 3194 3195 3202 3201
f 3195 3196 3203 3202
f 3196 3197 3204 3203
f 3197 3198 3205 3204
f 3198 3199 3206 3205
f 3199 3200 3207 3206
f 3201 3202 3209 3208
f 3202 3203 3210 3209
f 3203 3204 3211 3210
f 3204 3205 3212 3211
f 3205 3206 3213 3212
f 3206 3207 3214 3213
f 3208 3209 3216 3215
f 3209 3210 3217 3216
f 3210 3211 3218 3217
f 3211 3212 3219 3218
f 3212 3213 3220 3219
f 3213 3214 3221 3220
f 3215 3216 3223 3222
f 3216 3217 3224 3223
f 3217 3218 3225 3224
f 3218 3219 3226 3225
f 3219 3220 3227 3226
f 3220 3221 3228 3227
f 22 883 3180 828
f 883 882 3181 3180
f 882 881 3182 3181
f 881 880 3183 3182
f 880 879 3184 3183
f 879 878 3185 3184
f 878 877 3186 3185
f 877 21 324 3186
f 3186 324 325 3193
f 3193 325 326 3200
f 3200 326 327 3207
f 3207 327 328 3214
f 3214 328 329 3221
f 3221 329 330 3228
f 3228 330 47 331
f 3227 3228 331 332
f 3226 3227 332 333
f 3225 3226 333 334
f 3224 3225 334 335
f 3223 3224 335 336
f 3222 3223 336 337
f 834 3222 337 48
f 833 3215 3222 834
f 832 3208 3215 833
f 831 3201 3208 832
f 830 3194 3201 831
f 829 3187 3194 830
f 828 3180 3187 829
f 3229 3230 3237 3236
f 3230 3231 3238 3237
f 3231 3232 3239 3238
f 3232 3233 3240 3239
f 3233 3234 3241 3240
f 3234 3235 3242 3241
f 3236 3237 3244 3243
f 3237 3238 3245 3244
f 3238 3239 3246 3245
f 3239 3240 3247 3246
f 3240 3241 3248 3247
f 3241 3242 3249 3248
f 3243 3244 3251 3250
f 3244 3245 3252 3251
f 3245 3246 3253 3252
f 3246 3247 3254 3253
f 3247 3248 3255 3254
f 3248 3249 3256 3255
f 3250 3251 3258 3257
f 3251 3252 3259 3258
f 3252 3253 3260 3259
f 3253 3254 3261 3260
f 3254 3255 3262 3261
f 3255 3256 3263 3262
f 3257 3258 3265 3264
f 3258 3259 3266 3265
f 3259 3260 3267 3266
f 3260 3261 3268 3267
f 3261 3262 3269 3268
f 3262 3263 3270 3269
f 3264 3265 3272 3271
f 3265 3266 3273 3272
f 3266 3267 3274 3273
f 3267 3268 3275 3274
f 3268 3269 3276 3275
f 3269 3270 3277 3276
f 18 814 3229 141
f 814 815 3230 3229
f 815 816 3231 3230
f 816 817 3232 3231
f 817 818 3233 3232
f 818 819 3234 3233
f 819 820 3235 3234
f 820 46 456 3235
f 3235 456 455 3242
f 3242 455 454 3249
f 3249 454 453 3256
f 3256 453 452 3263
f 3263 452 451 3270
f 3270 451 450 3277
f 3277 450 45 316
f 3276 3277 316 315
f 3275 3276 315 314
f 3274 3275 314 313
f 3273 3274 313 312
f 3272 3273 312 311
f 3271 3272 311 310
f 135 3271 310 17
f 136 3264 3271 135
f 137 3257 3264 136
f 138 3250 3257 137
f 139 3243 3250 138
f 140 3236 3243 139
f 141 3229 3236 140
f 3278 3279 3286 3285
f 3279 3280 3287 3286
f 3280 3281 3288 3287
f 3281 3282 3289 3288
f 3282 3283 3290 3289
f 3283 3284 3291 3290
f 3285 3286 3293 3292
f 3286 3287 3294 3293
f 3287 3288 3295 3294
f 3288 3289 3296 3295
f 3289 3290 3297 3296
f 3290 3291 3298 3297
f 3292 3293 3300 3299
f 3293 3294 3301 3300
f 3294 3295 3302 3301
f 3295 3296 3303 3302
f 3296 3297 3304 3303
f 3297 3298 3305 3304
f 3299 3300 3307 3306
f 3300 3301 3308 3307
f 3301 3302 3309 3308
f 3302 3303 3310 3309
f 3303 3304 3311 3310
f 3304 3305 3312 3311
f 3306 3307 3314 3313
f 3307 3308 3315 3314
f 3308 3309 3316 3315
f 3309 3310 3317 3316
f 3310 3311 3318 3317
f 3311 3312 3319 3318
f 3313 3314 3321 3320
f 3314 3315 3322 3321
f 3315 3316 3323 3322
f 3316 3317 3324 3323
f 3317 3318 3325 3324
f 3318 3319 3326 3325
f 18 141 3278 807
f 141 140 3279 3278
f 140 139 3280 3279
f 139 138 3281 3280
f 138 137 3282 3281
f 137 136 3283 3282
f 136 135 3284 3283
f 135 17 296 3284
f 3284 296 297 3291
f 3291 297 298 3298
f 3298 298 299 3305
f 3305 299 300 3312
f 3312 300 301 3319
f 3319 301 302 3326
f 3326 302 43 303
f 3325 3326 303 304
f 3324 3325 304 305
f 3323 3324 305 306
f 3322 3323 306 307
f 3321 3322 307 308
f 3320 3321 308 309
f 813 3320 309 44
f 812 3313 3320 813
f 811 3306 3313 812
f 810 3299 3306 811
f 809 3292 3299 810
f 808 3285 3292 809
f 807 3278 3285 808
f 3327 3328 3335 3334
f 3328 3329 3336 3335
f 3329 3330 3337 3336
f 3330 3331 3338 3337
f 3331 3332 3339 3338
f 3332 3333 3340 3339
f 3334 3335 3342 3341
f 3335 3336 3343 3342
f 3336 3337 3344 3343
f 3337 3338 3345 3344
f 3338 3339 3346 3345
f 3339 3340 3347 3346
f 3341 3342 3349 3348
f 3342 3343 3350 3349
f 3343 3344 3351 3350
f 3344 3345 3352 3351
f 3345 3346 3353 3352
f 3346 3347 3354 3353
f 3348 3349 3356 3355
f 3349 3350 3357 3356
f 3350 3351 3358 3357
f 3351 3352 3359 3358
f 3352 3353 3360 3359
f 3353 3354 3361 3360
f 3355 3356 3363 3362
f 3356 3357 3364 3363
f 3357 3358 3365 3364
f 3358 3359 3366 3365
f 3359 3360 3367 3366
f 3360 3361 3368 3367
f 3362 3363 3370 3369
f 3363 3364 3371 3370
f 3364 3365 3372 3371
f 3365 3366 3373 3372
f 3366 3367 3374 3373
f 3367 3368 3375 3374
f 14 793 3327 533
f 793 794 3328 3327
f 794 795 3329 3328
f 795 796 3330 3329
f 796 797 3331 3330
f 797 798 3332 3331
f 798 799 3333 3332
f 799 42 484 3333
f 3333 484 483 3340
f 3340 483 482 3347
f 3347 482 481 3354
f 3354 481 480 3361
f 3361 480 479 3368
f 3368 479 478 3375
f 3375 478 41 288
f 3374 3375 288 287
f 3373 3374 287 286
f 3372 3373 286 285
f 3371 3372 285 284
f 3370 3371 284 283
f 3369 3370 283 282
f 527 3369 282 13
f 528 3362 3369 527
f 529 3355 3362 528
f 530 3348 3355 529
f 531 3341 3348 530
f 532 3334 3341 531
f 533 3327 3334 532
f 3376 3377 3384 3383
f 3377 3378 3385 3384
f 3378 3379 3386 3385
f 3379 3380 3387 3386
f 3380 3381 3388 3387
f 3381 3382 3389 3388
f 3383 3384 3391 3390
f 3384 3385 3392 3391
f 3385 3386 3393 3392
f 3386 3387 3394 3393
f 3387 3388 3395 3394
f 3388 3389 3396 3395
f 3390 3391 3398 3397
f 3391 3392 3399 3398
f 3392 3393 3400 3399
f 3393 3394 3401 3400
f 3394 3395 3402 3401
f 3395 3396 3403 3402
f 3397 3398 3405 3404
f 3398 3399 3406 3405
f 3399 3400 3407 3406
f 3400 3401 3408 3407
f 3401 3402 3409 3408
f 3402 3403 3410 3409
f 3404 3405 3412 3411
f 3405 3406 3413 3412
f 3406 3407 3414 3413
f 3407 3408 3415 3414
f 3408 3409 3416 3415
f 3409 3410 3417 3416
f 3411 3412 3419 3418
f 3412 3413 3420 3419
f 3413 3414 3421 3420
f 3414 3415 3422 3421
f 3415 3416 3423 3422
f 3416 3417 3424 3423
f 13 373 3376 527
f 373 374 3377 3376
f 374 375 3378 3377
f 375 376 3379 3378
f 376 377 3380 3379
f 377 378 3381 3380
f 378 379 3382 3381
f 379 54 540 3382
f 3382 540 539 3389
f 3389 539 538 3396
f 3396 538 537 3403
f 3403 537 536 3410
f 3410 536 535 3417
f 3417 535 534 3424
f 3424 534 53 862
f 3423 3424 862 861
f 3422 3423 861 860
f 3421 3422 860 859
f 3420 3421 859 858
f 3419 3420 858 857
f 3418 3419 857 856
f 533 3418 856 14
f 532 3411 3418 533
f 531 3404 3411 532
f 530 3397 3404 531
f 529 3390 3397 530
f 528 3383 3390 529
f 527 3376 3383 528
f 3425 3426 3433 3432
f 3426 3427 3434 3433
f 3427 3428 3435 3434
f 3428 3429 3436 3435
f 3429 3430 3437 3436
f 3430 3431 3438 3437
f 3432 3433 3440 3439
f 3433 3434 3441 3440
f 3434 3435 3442 3441
f 3435 3436 3443 3442
f 3436 3437 3444 3443
f 3437 3438 3445 3444
f 3439 3440 3447 3446
f 3440 3441 3448 3447
f 3441 3442 3449 3448
f 3442 3443 3450 3449
f 3443 3444 3451 3450
f 3444 3445 3452 3451
f 3446 3447 3454 3453
f 3447 3448 3455 3454
f 3448 3449 3456 3455
f 3449 3450 3457 3456
f 3450 3451 3458 3457
f 3451 3452 3459 3458
f 3453 3454 3461 3460
f 3454 3455 3462 3461
f 3455 3456 3463 3462
f 3456 3457 3464 3463
f 3457 3458 3465 3464
f 3458 3459 3466 3465
f 3460 3461 3468 3467
f 3461 3462 3469 3468
f 3462 3463 3470 3469
f 3463 3464 3471 3470
f 3464 3465 3472 3471
f 3465 3466 3473 3472
f 48 337 3425 912
f 337 336 3426 3425
f 336 335 3427 3426
f 335 334 3428 3427
f 334 333 3429 3428
f 333 332 3430 3429
f 332 331 3431 3430
f 331 47 436 3431
f 3431 436 437 3438
f 3438 437 438 3445
f 3445 438 439 3452
f 3452 439 440 3459
f 3459 440 441 3466
f 3466 441 442 3473
f 3473 442 63 547
f 3472 3473 547 546
f 3471 3472 546 545
f 3470 3471 545 544
f 3469 3470 544 543
f 3468 3469 543 542
f 3467 3468 542 541
f 918 3467 541 62
f 917 3460 3467 918
f 916 3453 3460 917
f 915 3446 3453 916
f 914 3439 3446 915
f 913 3432 3439 914
f 912 3425 3432 913
f 3474 3475 3482 3481
f 3475 3476 3483 3482
f 3476 3477 3484 3483
f 3477 3478 3485 3484
f 3478 3479 3486 3485
f 3479 3480 3487 3486
f 3481 3482 3489 3488
f 3482 3483 3490 3489
f 3483 3484 3491 3490
f 3484 3485 3492 3491
f 3485 3486 3493 3492
f 3486 3487 3494 3493
f 3488 3489 3496 3495
f 3489 3490 3497 3496
f 3490 3491 3498 3497
f 3491 3492 3499 3498
f 3492 3493 3500 3499
f 3493 3494 3501 3500
f 3495 3496 3503 3502
f 3496 3497 3504 3503
f 3497 3498 3505 3504
f 3498 3499 3506 3505
f 3499 3500 3507 3506
f 3500 3501 3508 3507
f 3502 3503 3510 3509
f 3503 3504 3511 3510
f 3504 3505 3512 3511
f 3505 3506 3513 3512
f 3506 3507 3514 3513
f 3507 3508 3515 3514
f 3509 3510 3517 3516
f 3510 3511 3518 3517
f 3511 3512 3519 3518
f 3512 3513 3520 3519
f 3513 3514 3521 3520
f 3514 3515 3522 3521
f 50 1024 3474 505
f 1024 1025 3475 3474
f 1025 1026 3476 3475
f 1026 1027 3477 3476
f 1027 1028 3478 3477
f 1028 1029 3479 3478
f 1029 1030 3480 3479
f 1030 62 541 3480
f 3480 541 542 3487
f 3487 542 543 3494
f 3494 543 544 3501
f 3501 544 545 3508
f 3508 545 546 3515
f 3515 546 547 3522
f 3522 547 63 561
f 3521 3522 561 560
f 3520 3521 560 559
f 3519 3520 559 558
f 3518 3519 558 557
f 3517 3518 557 556
f 3516 3517 556 555
f 499 3516 555 49
f 500 3509 3516 499
f 501 3502 3509 500
f 502 3495 3502 501
f 503 3488 3495 502
f 504 3481 3488 503
f 505 3474 3481 504
f 3523 3524 3531 3530
f 3524 3525 3532 3531
f 3525 3526 3533 3532
f 3526 3527 3534 3533
f 3527 3528 3535 3534
f 3528 3529 3536 3535
f 3530 3531 3538 3537
f 3531 3532 3539 3538
f 3532 3533 3540 3539
f 3533 3534 3541 3540
f 3534 3535 3542 3541
f 3535 3536 3543 3542
f 3537 3538 3545 3544
f 3538 3539 3546 3545
f 3539 3540 3547 3546
f 3540 3541 3548 3547
f 3541 3542 3549 3548
f 3542 3543 3550 3549
f 3544 3545 3552 3551
f 3545 3546 3553 3552
f 3546 3547 3554 3553
f 3547 3548 3555 3554
f 3548 3549 3556 3555
f 3549 3550 3557 3556
f 3551 3552 3559 3558
f 3552 3553 3560 3559
f 3553 3554 3561 3560
f 3554 3555 3562 3561
f 3555 3556 3563 3562
f 3556 3557 3564 3563
f 3558 3559 3566 3565
f 3559 3560 3567 3566
f 3560 3561 3568 3567
f 3561 3562 3569 3568
f 3562 3563 3570 3569
f 3563 3564 3571 3570
f 55 604 3523 583
f 604 605 3524 3523
f 605 606 3525 3524
f 606 607 3526 3525
f 607 608 3527 3526
f 608 609 3528 3527
f 609 610 3529 3528
f 610 58 65 3529
f 3529 65 66 3536
f 3536 66 67 3543
f 3543 67 68 3550
f 3550 68 69 3557
f 3557 69 70 3564
f 3564 70 71 3571
f 3571 71 64 932
f 3570 3571 932 931
f 3569 3570 931 930
f 3568 3569 930 929
f 3567 3568 929 928
f 3566 3567 928 927
f 3565 3566 927 926
f 589 3565 926 56
f 588 3558 3565 589
f 587 3551 3558 588
f 586 3544 3551 587
f 585 3537 3544 586
f 584 3530 3537 585
f 583 3523 3530 584
f 3572 3573 3580 3579
f 3573 3574 3581 3580
f 3574 3575 3582 3581
f 3575 3576 3583 3582
f 3576 3577 3584 3583
f 3577 3578 3585 3584
f 3579 3580 3587 3586
f 3580 3581 3588 3587
f 3581 3582 3589 3588
f 3582 3583 3590 3589
f 3583 3584 3591 3590
f 3584 3585 3592 3591
f 3586 3587 3594 3593
f 3587 3588 3595 3594
f 3588 3589 3596 3595
f 3589 3590 3597 3596
f 3590 3591 3598 3597
f 3591 3592 3599 3598
f 3593 3594 3601 3600
f 3594 3595 3602 3601
f 3595 3596 3603 3602
f 3596 3597 3604 3603
f 3597 3598 3605 3604
f 3598 3599 3606 3605
f 3600 3601 3608 3607
f 3601 3602 3609 3608
f 3602 3603 3610 3609
f 3603 3604 3611 3610
f 3604 3605 3612 3611
f 3605 3606 3613 3612
f 3607 3608 3615 3614
f 3608 3609 3616 3615
f 3609 3610 3617 3616
f 3610 3611 3618 3617
f 3611 3612 3619 3618
f 3612 3613 3620 3619
f 52 365 3572 1017
f 365 364 3573 3572
f 364 363 3574 3573
f 363 362 3575 3574
f 362 361 3576 3575
f 361 360 3577 3576
f 360 359 3578 3577
f 359 51 597 3578
f 3578 597 598 3585
f 3585 598 599 3592
f 3592 599 600 3599
f 3599 600 601 3606
f 3606 601 602 3613
f 3613 602 603 3620
f 3620 603 64 71
f 3619 3620 71 70
f 3618 3619 70 69
f 3617 3618 69 68
f 3616 3617 68 67
f 3615 3616 67 66
f 3614 3615 66 65
f 1023 3614 65 58
f 1022 3607 3614 1023
f 1021 3600 3607 1022
f 1020 3593 3600 1021
f 1019 3586 3593 1020
f 1018 3579 3586 1019
f 1017 3572 3579 1018
f 3621 3622 3629 3628
f 3622 3623 3630 3629
f 3623 3624 3631 3630
f 3624 3625 3632 3631
f 3625 3626 3633 3632
f 3626 3627 3634 3633
f 3628 3629 3636 3635
f 3629 3630 3637 3636
f 3630 3631 3638 3637
f 3631 3632 3639 3638
f 3632 3633 3640 3639
f 3633 3634 3641 3640
f 3635 3636 3643 3642
f 3636 3637 3644 3643
f 3637 3638 3645 3644
f 3638 3639 3646 3645
f 3639 3640 3647 3646
f 3640 3641 3648 3647
f 3642 3643 3650 3649
f 3643 3644 3651 3650
f 3644 3645 3652 3651
f 3645 3646 3653 3652
f 3646 3647 3654 3653
f 3647 3648 3655 3654
f 3649 3650 3657 3656
f 3650 3651 3658 3657
f 3651 3652 3659 3658
f 3652 3653 3660 3659
f 3653 3654 3661 3660
f 3654 3655 3662 3661
f 3656 3657 3664 3663
f 3657 3658 3665 3664
f 3658 3659 3666 3665
f 3659 3660 3667 3666
f 3660 3661 3668 3667
f 3661 3662 3669 3668
f 43 506 3621 303
f 506 507 3622 3621
f 507 508 3623 3622
f 508 509 3624 3623
f 509 510 3625 3624
f 510 511 3626 3625
f 511 512 3627 3626
f 512 60 72 3627
f 3627 72 73 3634
f 3634 73 74 3641
f 3641 74 75 3648
f 3648 75 76 3655
f 3655 76 77 3662
f 3662 77 78 3669
f 3669 78 61 995
f 3668 3669 995 994
f 3667 3668 994 993
f 3666 3667 993 992
f 3665 3666 992 991
f 3664 3665 991 990
f 3663 3664 990 989
f 309 3663 989 44
f 308 3656 3663 309
f 307 3649 3656 308
f 306 3642 3649 307
f 305 3635 3642 306
f 304 3628 3635 305
f 303 3621 3628 304
f 3670 3671 3678 3677
f 3671 3672 3679 3678
f 3672 3673 3680 3679
f 3673 3674 3681 3680
f 3674 3675 3682 3681
f 3675 3676 3683 3682
f 3677 3678 3685 3684
f 3678 3679 3686 3685
f 3679 3680 3687 3686
f 3680 3681 3688 3687
f 3681 3682 3689 3688
f 3682 3683 3690 3689
f 3684 3685 3692 3691
f 3685 3686 3693 3692
f 3686 3687 3694 3693
f 3687 3688 3695 3694
f 3688 3689 3696 3695
f 3689 3690 3697 3696
f 3691 3692 3699 3698
f 3692 3693 3700 3699
f 3693 3694 3701 3700
f 3694 3695 3702 3701
f 3695 3696 3703 3702
f 3696 3697 3704 3703
f 3698 3699 3706 3705
f 3699 3700 3707 3706
f 3700 3701 3708 3707
f 3701 3702 3709 3708
f 3702 3703 3710 3709
f 3703 3704 3711 3710
f 3705 3706 3713 3712
f 3706 3707 3714 3713
f 3707 3708 3715 3714
f 3708 3709 3716 3715
f 3709 3710 3717 3716
f 3710 3711 3718 3717
f 45 450 3670 415
f 450 451 3671 3670
f 451 452 3672 3671
f 452 453 3673 3672
f 453 454 3674 3673
f 454 455 3675 3674
f 455 456 3676 3675
f 456 46 905 3676
f 3676 905 906 3683
f 3683 906 907 3690
f 3690 907 908 3697
f 3697 908 909 3704
f 3704 909 910 3711
f 3711 910 911 3718
f 3718 911 61 78
f 3717 3718 78 77
f 3716 3717 77 76
f 3715 3716 76 75
f 3714 3715 75 74
f 3713 3714 74 73
f 3712 3713 73 72
f 421 3712 72 60
f 420 3705 3712 421
f 419 3698 3705 420
f 418 3691 3698 419
f 417 3684 3691 418
f 416 3677 3684 417
f 415 3670 3677 416
f 3719 3720 3727 3726
f 3720 3721 3728 3727
f 3721 3722 3729 3728
f 3722 3723 3730 3729
f 3723 3724 3731 3730
f 3724 3725 3732 3731
f 3726 3727 3734 3733
f 3727 3728 3735 3734
f 3728 3729 3736 3735
f 3729 3730 3737 3736
f 3730 3731 3738 3737
f 3731 3732 3739 3738
f 3733 3734 3741 3740
f 3734 3735 3742 3741
f 3735 3736 3743 3742
f 3736 3737 3744 3743
f 3737 3738 3745 3744
f 3738 3739 3746 3745
f 3740 3741 3748 3747
f 3741 3742 3749 3748
f 3742 3743 3750 3749
f 3743 3744 3751 3750
f 3744 3745 3752 3751
f 3745 3746 3753 3752
f 3747 3748 3755 3754
f 3748 3749 3756 3755
f 3749 3750 3757 3756
f 3750 3751 3758 3757
f 3751 3752 3759 3758
f 3752 3753 3760 3759
f 3754 3755 3762 3761
f 3755 3756 3763 3762
f 3756 3757 3764 3763
f 3757 3758 3765 3764
f 3758 3759 3766 3765
f 3759 3760 3767 3766
f 42 954 3719 484
f 954 955 3720 3719
f 955 956 3721 3720
f 956 957 3722 3721
f 957 958 3723 3722
f 958 959 3724 3723
f 959 960 3725 3724
f 960 57 618 3725
f 3725 618 619 3732
f 3732 619 620 3739
f 3739 620 621 3746
f 3746 621 622 3753
f 3753 622 623 3760
f 3760 623 624 3767
f 3767 624 59 491
f 3766 3767 491 490
f 3765 3766 490 489
f 3764 3765 489 488
f 3763 3764 488 487
f 3762 3763 487 486
f 3761 3762 486 485
f 478 3761 485 41
f 479 3754 3761 478
f 480 3747 3754 479
f 481 3740 3747 480
f 482 3733 3740 481
f 483 3726 3733 482
f 484 3719 3726 483
f 3768 3769 3776 3775
f 3769 3770 3777 3776
f 3770 3771 3778 3777
f 3771 3772 3779 3778
f 3772 3773 3780 3779
f 3773 3774 3781 3780
f 3775 3776 3783 3782
f 3776 3777 3784 3783
f 3777 3778 3785 3784
f 3778 3779 3786 3785
f 3779 3780 3787 3786
f 3780 3781 3788 3787
f 3782 3783 3790 3789
f 3783 3784 3791 3790
f 3784 3785 3792 3791
f 3785 3786 3793 3792
f 3786 3787 3794 3793
f 3787 3788 3795 3794
f 3789 3790 3797 3796
f 3790 3791 3798 3797
f 3791 3792 3799 3798
f 3792 3793 3800 3799
f 3793 3794 3801 3800
f 3794 3795 3802 3801
f 3796 3797 3804 3803
f 3797 3798 3805 3804
f 3798 3799 3806 3805
f 3799 3800 3807 3806
f 3800 3801 3808 3807
f 3801 3802 3809 3808
f 3803 3804 3811 3810
f 3804 3805 3812 3811
f 3805 3806 3813 3812
f 3806 3807 3814 3813
f 3807 3808 3815 3814
f 3808 3809 3816 3815
f 53 534 3768 569
f 534 535 3769 3768
f 535 536 3770 3769
f 536 537 3771 3770
f 537 538 3772 3771
f 538 539 3773 3772
f 539 540 3774 3773
f 540 54 891 3774
f 3774 891 892 3781
f 3781 892 893 3788
f 3788 893 894 3795
f 3795 894 895 3802
f 3802 895 896 3809
f 3809 896 897 3816
f 3816 897 59 624
f 3815 3816 624 623
f 3814 3815 623 622
f 3813 3814 622 621
f 3812 3813 621 620
f 3811 3812 620 619
f 3810 3811 619 618
f 575 3810 618 57
f 574 3803 3810 575
f 573 3796 3803 574
f 572 3789 3796 573
f 571 3782 3789 572
f 570 3775 3782 571
f 569 3768 3775 570
f 3817 3818 3825 3824
f 3818 3819 3826 3825
f 3819 3820 3827 3826
f 3820 3821 3828 3827
f 3821 3822 3829 3828
f 3822 3823 3830 3829
f 3824 3825 3832 3831
f 3825 3826 3833 3832
f 3826 3827 3834 3833
f 3827 3828 3835 3834
f 3828 3829 3836 3835
f 3829 3830 3837 3836
f 3831 3832 3839 3838
f 3832 3833 3840 3839
f 3833 3834 3841 3840
f 3834 3835 3842 3841
f 3835 3836 3843 3842
f 3836 3837 3844 3843
f 3838 3839 3846 3845
f 3839 3840 3847 3846
f 3840 3841 3848 3847
f 3841 3842 3849 3848
f 3842 3843 3850 3849
f 3843 3844 3851 3850
f 3845 3846 3853 3852
f 3846 3847 3854 3853
f 3847 3848 3855 3854
f 3848 3849 3856 3855
f 3849 3850 3857 3856
f 3850 3851 3858 3857
f 3852 3853 3860 3859
f 3853 3854 3861 3860
f 3854 3855 3862 3861
f 3855 3856 3863 3862
f 3856 3857 3864 3863
f 3857 3858 3865 3864
f 31 219 3817 345
f 219 220 3818 3817
f 220 221 3819 3818
f 221 222 3820 3819
f 222 223 3821 3820
f 223 224 3822 3821
f 224 225 3823 3822
f 225 32 653 3823
f 3823 653 654 3830
f 3830 654 655 3837
f 3837 655 656 3844
f 3844 656 657 3851
f 3851 657 658 3858
f 3858 658 659 3865
f 3865 659 52 1002
f 3864 3865 1002 1001
f 3863 3864 1001 1000
f 3862 3863 1000 999
f 3861 3862 999 998
f 3860 3861 998 997
f 3859 3860 997 996
f 351 3859 996 50
f 350 3852 3859 351
f 349 3845 3852 350
f 348 3838 3845 349
f 347 3831 3838 348
f 346 3824 3831 347
f 345 3817 3824 346
f 3866 3867 3874 3873
f 3867 3868 3875 3874
f 3868 3869 3876 3875
f 3869 3870 3877 3876
f 3870 3871 3878 3877
f 3871 3872 3879 3878
f 3873 3874 3881 3880
f 3874 3875 3882 3881
f 3875 3876 3883 3882
f 3876 3877 3884 3883
f 3877 3878 3885 3884
f 3878 3879 3886 3885
f 3880 3881 3888 3887
f 3881 3882 3889 3888
f 3882 3883 3890 3889
f 3883 3884 3891 3890
f 3884 3885 3892 3891
f 3885 3886 3893 3892
f 3887 3888 3895 3894
f 3888 3889 3896 3895
f 3889 3890 3897 3896
f 3890 3891 3898 3897
f 3891 3892 3899 3898
f 3892 3893 3900 3899
f 3894 3895 3902 3901
f 3895 3896 3903 3902
f 3896 3897 3904 3903
f 3897 3898 3905 3904
f 3898 3899 3906 3905
f 3899 3900 3907 3906
f 3901 3902 3909 3908
f 3902 3903 3910 3909
f 3903 3904 3911 3910
f 3904 3905 3912 3911
f 3905 3906 3913 3912
f 3906 3907 3914 3913
f 19 982 3866 149
f 982 983 3867 3866
f 983 984 3868 3867
f 984 985 3869 3868
f 985 986 3870 3869
f 986 987 3871 3870
f 987 988 3872 3871
f 988 49 513 3872
f 3872 513 514 3879
f 3879 514 515 3886
f 3886 515 516 3893
f 3893 516 517 3900
f 3900 517 518 3907
f 3907 518 519 3914
f 3914 519 51 848
f 3913 3914 848 847
f 3912 3913 847 846
f 3911 3912 846 845
f 3910 3911 845 844
f 3909 3910 844 843
f 3908 3909 843 842
f 155 3908 842 20
f 154 3901 3908 155
f 153 3894 3901 154
f 152 3887 3894 153
f 151 3880 3887 152
f 150 3873 3880 151
f 149 3866 3873 150
f 3915 3916 3923 3922
f 3916 3917 3924 3923
f 3917 3918 3925 3924
f 3918 3919 3926 3925
f 3919 3920 3927 3926
f 3920 3921 3928 3927
f 3922 3923 3930 3929
f 3923 3924 3931 3930
f 3924 3925 3932 3931
f 3925 3926 3933 3932
f 3926 3927 3934 3933
f 3927 3928 3935 3934
f 3929 3930 3937 3936
f 3930 3931 3938 3937
f 3931 3932 3939 3938
f 3932 3933 3940 3939
f 3933 3934 3941 3940
f 3934 3935 3942 3941
f 3936 3937 3944 3943
f 3937 3938 3945 3944
f 3938 3939 3946 3945
f 3939 3940 3947 3946
f 3940 3941 3948 3947
f 3941 3942 3949 3948
f 3943 3944 3951 3950
f 3944 3945 3952 3951
f 3945 3946 3953 3952
f 3946 3947 3954 3953
f 3947 3948 3955 3954
f 3948 3949 3956 3955
f 3950 3951 3958 3957
f 3951 3952 3959 3958
f 3952 3953 3960 3959
f 3953 3954 3961 3960
f 3954 3955 3962 3961
f 3955 3956 3963 3962
f 19 149 3915 247
f 149 150 3916 3915
f 150 151 3917 3916
f 151 152 3918 3917
f 152 153 3919 3918
f 153 154 3920 3919
f 154 155 3921 3920
f 155 20 457 3921
f 3921 457 458 3928
f 3928 458 459 3935
f 3935 459 460 3942
f 3942 460 461 3949
f 3949 461 462 3956
f 3956 462 463 3963
f 3963 463 35 1038
f 3962 3963 1038 1039
f 3961 3962 1039 1040
f 3960 3961 1040 1041
f 3959 3960 1041 1042
f 3958 3959 1042 1043
f 3957 3958 1043 1044
f 253 3957 1044 36
f 252 3950 3957 253
f 251 3943 3950 252
f 250 3936 3943 251
f 249 3929 3936 250
f 248 3922 3929 249
f 247 3915 3922 248
f 3964 3965 3972 3971
f 3965 3966 3973 3972
f 3966 3967 3974 3973
f 3967 3968 3975 3974
f 3968 3969 3976 3975
f 3969 3970 3977 3976
f 3971 3972 3979 3978
f 3972 3973 3980 3979
f 3973 3974 3981 3980
f 3974 3975 3982 3981
f 3975 3976 3983 3982
f 3976 3977 3984 3983
f 3978 3979 3986 3985
f 3979 3980 3987 3986
f 3980 3981 3988 3987
f 3981 3982 3989 3988
f 3982 3983 3990 3989
f 3983 3984 3991 3990
f 3985 3986 3993 3992
f 3986 3987 3994 3993
f 3987 3988 3995 3994
f 3988 3989 3996 3995
f 3989 3990 3997 3996
f 3990 3991 3998 3997
f 3992 3993 4000 3999
f 3993 3994 4001 4000
f 3994 3995 4002 4001
f 3995 3996 4003 4002
f 3996 3997 4004 4003
f 3997 3998 4005 4004
f 3999 4000 4007 4006
f 4000 4001 4008 4007
f 4001 4002 4009 4008
f 4002 4003 4010 4009
f 4003 4004 4011 4010
f 4004 4005 4012 4011
f 10 751 3964 92
f 751 752 3965 3964
f 752 753 3966 3965
f 753 754 3967 3966
f 754 755 3968 3967
f 755 756 3969 3968
f 756 757 3970 3969
f 757 34 1009 3970
f 3970 1009 1008 3977
f 3977 1008 1007 3984
f 3984 1007 1006 3991
f 3991 1006 1005 3998
f 3998 1005 1004 4005
f 4005 1004 1003 4012
f 4012 1003 33 232
f 4011 4012 232 231
f 4010 4011 231 230
f 4009 4010 230 229
f 4008 4009 229 228
f 4007 4008 228 227
f 4006 4007 227 226
f 86 4006 226 9
f 87 3999 4006 86
f 88 3992 3999 87
f 89 3985 3992 88
f 90 3978 3985 89
f 91 3971 3978 90
f 92 3964 3971 91
f 4013 4014 4021 4020
f 4014 4015 4022 4021
f 4015 4016 4023 4022
f 4016 4017 4024 4023
f 4017 4018 4025 4024
f 4018 4019 4026 4025
f 4020 4021 4028 4027
f 4021 4022 4029 4028
f 4022 4023 4030 4029
f 4023 4024 4031 4030
f 4024 4025 4032 4031
f 4025 4026 4033 4032
f 4027 4028 4035 4034
f 4028 4029 4036 4035
f 4029 4030 4037 4036
f 4030 4031 4038 4037
f 4031 4032 4039 4038
f 4032 4033 4040 4039
f 4034 4035 4042 4041
f 4035 4036 4043 4042
f 4036 4037 4044 4043
f 4037 4038 4045 4044
f 4038 4039 4046 4045
f 4039 4040 4047 4046
f 4041 4042 4049 4048
f 4042 4043 4050 4049
f 4043 4044 4051 4050
f 4044 4045 4052 4051
f 4045 4046 4053 4052
f 4046 4047 4054 4053
f 4048 4049 4056 4055
f 4049 4050 4057 4056
f 4050 4051 4058 4057
f 4051 4052 4059 4058
f 4052 4053 4060 4059
f 4053 4054 4061 4060
f 9 667 4013 86
f 667 668 4014 4013
f 668 669 4015 4014
f 669 670 4016 4015
f 670 671 4017 4016
f 671 672 4018 4017
f 672 673 4019 4018
f 673 41 492 4019
f 4019 492 493 4026
f 4026 493 494 4033
f 4033 494 495 4040
f 4040 495 496 4047
f 4047 496 497 4054
f 4054 497 498 4061
f 4061 498 43 806
f 4060 4061 806 805
f 4059 4060 805 804
f 4058 4059 804 803
f 4057 4058 803 802
f 4056 4057 802 801
f 4055 4056 801 800
f 92 4055 800 10
f 91 4048 4055 92
f 90 4041 4048 91
f 89 4034 4041 90
f 88 4027 4034 89
f 87 4020 4027 88
f 86 4013 4020 87
f 4062 4063 4070 4069
f 4063 4064 4071 4070
f 4064 4065 4072 4071
f 4065 4066 4073 4072
f 4066 4067 4074 4073
f 4067 4068 4075 4074
f 4069 4070 4077 4076
f 4070 4071 4078 4077
f 4071 4072 4079 4078
f 4072 4073 4080 4079
f 4073 4074 4081 4080
f 4074 4075 4082 4081
f 4076 4077 4084 4083
f 4077 4078 4085 4084
f 4078 4079 4086 4085
f 4079 4080 4087 4086
f 4080 4081 4088 4087
f 4081 4082 4089 4088
f 4083 4084 4091 4090
f 4084 4085 4092 4091
f 4085 4086 4093 4092
f 4086 4087 4094 4093
f 4087 4088 4095 4094
f 4088 4089 4096 4095
f 4090 4091 4098 4097
f 4091 4092 4099 4098
f 4092 4093 4100 4099
f 4093 4094 4101 4100
f 4094 4095 4102 4101
f 4095 4096 4103 4102
f 4097 4098 4105 4104
f 4098 4099 4106 4105
f 4099 4100 4107 4106
f 4100 4101 4108 4107
f 4101 4102 4109 4108
f 4102 4103 4110 4109
f 25 184 4062 289
f 184 185 4063 4062
f 185 186 4064 4063
f 186 187 4065 4064
f 187 188 4066 4065
f 188 189 4067 4066
f 189 190 4068 4067
f 190 26 520 4068
f 4068 520 521 4075
f 4075 521 522 4082
f 4082 522 523 4089
f 4089 523 524 4096
f 4096 524 525 4103
f 4103 525 526 4110
f 4110 526 44 1016
f 4109 4110 1016 1015
f 4108 4109 1015 1014
f 4107 4108 1014 1013
f 4106 4107 1013 1012
f 4105 4106 1012 1011
f 4104 4105 1011 1010
f 295 4104 1010 42
f 294 4097 4104 295
f 293 4090 4097 294
f 292 4083 4090 293
f 291 4076 4083 292
f 290 4069 4076 291
f 289 4062 4069 290
f 4111 4112 4119 4118
f 4112 4113 4120 4119
f 4113 4114 4121 4120
f 4114 4115 4122 4121
f 4115 4116 4123 4122
f 4116 4117 4124 4123
f 4118 4119 4126 4125
f 4119 4120 4127 4126
f 4120 4121 4128 4127
f 4121 4122 4129 4128
f 4122 4123 4130 4129
f 4123 4124 4131 4130
f 4125 4126 4133 4132
f 4126 4127 4134 4133
f 4127 4128 4135 4134
f 4128 4129 4136 4135
f 4129 4130 4137 4136
f 4130 4131 4138 4137
f 4132 4133 4140 4139
f 4133 4134 4141 4140
f 4134 4135 4142 4141
f 4135 4136 4143 4142
f 4136 4137 4144 4143
f 4137 4138 4145 4144
f 4139 4140 4147 4146
f 4140 4141 4148 4147
f 4141 4142 4149 4148
f 4142 4143 4150 4149
f 4143 4144 4151 4150
f 4144 4145 4152 4151
f 4146 4147 4154 4153
f 4147 4148 4155 4154
f 4148 4149 4156 4155
f 4149 4150 4157 4156
f 4150 4151 4158 4157
f 4151 4152 4159 4158
f 25 975 4111 184
f 975 976 4112 4111
f 976 977 4113 4112
f 977 978 4114 4113
f 978 979 4115 4114
f 979 980 4116 4115
f 980 981 4117 4116
f 981 37 1045 4117
f 4117 1045 1046 4124
f 4124 1046 1047 4131
f 4131 1047 1048 4138
f 4138 1048 1049 4145
f 4145 1049 1050 4152
f 4152 1050 1051 4159
f 4159 1051 39 785
f 4158 4159 785 784
f 4157 4158 784 783
f 4156 4157 783 782
f 4155 4156 782 781
f 4154 4155 781 780
f 4153 4154 780 779
f 190 4153 779 26
f 189 4146 4153 190
f 188 4139 4146 189
f 187 4132 4139 188
f 186 4125 4132 187
f 185 4118 4125 186
f 184 4111 4118 185
f 4160 4161 4168 4167
f 4161 4162 4169 4168
f 4162 4163 4170 4169
f 4163 4164 4171 4170
f 4164 4165 4172 4171
f 4165 4166 4173 4172
f 4167 4168 4175 4174
f 4168 4169 4176 4175
f 4169 4170 4177 4176
f 4170 4171 4178 4177
f 4171 4172 4179 4178
f 4172 4173 4180 4179
f 4174 4175 4182 4181
f 4175 4176 4183 4182
f 4176 4177 4184 4183
f 4177 4178 4185 4184
f 4178 4179 4186 4185
f 4179 4180 4187 4186
f 4181 4182 4189 4188
f 4182 4183 4190 4189
f 4183 4184 4191 4190
f 4184 4185 4192 4191
f 4185 4186 4193 4192
f 4186 4187 4194 4193
f 4188 4189 4196 4195
f 4189 4190 4197 4196
f 4190 4191 4198 4197
f 4191 4192 4199 4198
f 4192 4193 4200 4199
f 4193 4194 4201 4200
f 4195 4196 4203 4202
f 4196 4197 4204 4203
f 4197 4198 4205 4204
f 4198 4199 4206 4205
f 4199 4200 4207 4206
f 4200 4201 4208 4207
f 32 225 4160 548
f 225 224 4161 4160
f 224 223 4162 4161
f 223 222 4163 4162
f 222 221 4164 4163
f 221 220 4165 4164
f 220 219 4166 4165
f 219 31 275 4166
f 4166 275 276 4173
f 4173 276 277 4180
f 4180 277 278 4187
f 4187 278 279 4194
f 4194 279 280 4201
f 4201 280 281 4208
f 4208 281 40 638
f 4207 4208 638 637
f 4206 4207 637 636
f 4205 4206 636 635
f 4204 4205 635 634
f 4203 4204 634 633
f 4202 4203 633 632
f 554 4202 632 38
f 553 4195 4202 554
f 552 4188 4195 553
f 551 4181 4188 552
f 550 4174 4181 551
f 549 4167 4174 550
f 548 4160 4167 549
f 4209 4210 4217 4216
f 4210 4211 4218 4217
f 4211 4212 4219 4218
f 4212 4213 4220 4219
f 4213 4214 4221 4220
f 4214 4215 4222 4221
f 4216 4217 4224 4223
f 4217 4218 4225 4224
f 4218 4219 4226 4225
f 4219 4220 4227 4226
f 4220 4221 4228 4227
f 4221 4222 4229 4228
f 4223 4224 4231 4230
f 4224 4225 4232 4231
f 4225 4226 4233 4232
f 4226 4227 4234 4233
f 4227 4228 4235 4234
f 4228 4229 4236 4235
f 4230 4231 4238 4237
f 4231 4232 4239 4238
f 4232 4233 4240 4239
f 4233 4234 4241 4240
f 4234 4235 4242 4241
f 4235 4236 4243 4242
f 4237 4238 4245 4244
f 4238 4239 4246 4245
f 4239 4240 4247 4246
f 4240 4241 4248 4247
f 4241 4242 4249 4248
f 4242 4243 4250 4249
f 4244 4245 4252 4251
f 4245 4246 4253 4252
f 4246 4247 4254 4253
f 4247 4248 4255 4254
f 4248 4249 4256 4255
f 4249 4250 4257 4256
f 41 485 4209 492
f 485 486 4210 4209
f 486 487 4211 4210
f 487 488 4212 4211
f 488 489 4213 4212
f 489 490 4214 4213
f 490 491 4215 4214
f 491 59 625 4215
f 4215 625 626 4222
f 4222 626 627 4229
f 4229 627 628 4236
f 4236 628 629 4243
f 4243 629 630 4250
f 4250 630 631 4257
f 4257 631 60 512
f 4256 4257 512 511
f 4255 4256 511 510
f 4254 4255 510 509
f 4253 4254 509 508
f 4252 4253 508 507
f 4251 4252 507 506
f 498 4251 506 43
f 497 4244 4251 498
f 496 4237 4244 497
f 495 4230 4237 496
f 494 4223 4230 495
f 493 4216 4223 494
f 492 4209 4216 493
f 4258 4259 4266 4265
f 4259 4260 4267 4266
f 4260 4261 4268 4267
f 4261 4262 4269 4268
f 4262 4263 4270 4269
f 4263 4264 4271 4270
f 4265 4266 4273 4272
f 4266 4267 4274 4273
f 4267 4268 4275 4274
f 4268 4269 4276 4275
f 4269 4270 4277 4276
f 4270 4271 4278 4277
f 4272 4273 4280 4279
f 4273 4274 4281 4280
f 4274 4275 4282 4281
f 4275 4276 4283 4282
f 4276 4277 4284 4283
f 4277 4278 4285 4284
f 4279 4280 4287 4286
f 4280 4281 4288 4287
f 4281 4282 4289 4288
f 4282 4283 4290 4289
f 4283 4284 4291 4290
f 4284 4285 4292 4291
f 4286 4287 4294 4293
f 4287 4288 4295 4294
f 4288 4289 4296 4295
f 4289 4290 4297 4296
f 4290 4291 4298 4297
f 4291 4292 4299 4298
f 4293 4294 4301 4300
f 4294 4295 4302 4301
f 4295 4296 4303 4302
f 4296 4297 4304 4303
f 4297 4298 4305 4304
f 4298 4299 4306 4305
f 33 1003 4258 408
f 1003 1004 4259 4258
f 1004 1005 4260 4259
f 1005 1006 4261 4260
f 1006 1007 4262 4261
f 1007 1008 4263 4262
f 1008 1009 4264 4263
f 1009 34 898 4264
f 4264 898 899 4271
f 4271 899 900 4278
f 4278 900 901 4285
f 4285 901 902 4292
f 4292 902 903 4299
f 4299 903 904 4306
f 4306 904 60 631
f 4305 4306 631 630
f 4304 4305 630 629
f 4303 4304 629 628
f 4302 4303 628 627
f 4301 4302 627 626
f 4300 4301 626 625
f 414 4300 625 59
f 413 4293 4300 414
f 412 4286 4293 413
f 411 4279 4286 412
f 410 4272 4279 411
f 409 4265 4272 410
f 408 4258 4265 409
f 4307 4308 4315 4314
f 4308 4309 4316 4315
f 4309 4310 4317 4316
f 4310 4311 4318 4317
f 4311 4312 4319 4318
f 4312 4313 4320 4319
f 4314 4315 4322 4321
f 4315 4316 4323 4322
f 4316 4317 4324 4323
f 4317 4318 4325 4324
f 4318 4319 4326 4325
f 4319 4320 4327 4326
f 4321 4322 4329 4328
f 4322 4323 4330 4329
f 4323 4324 4331 4330
f 4324 4325 4332 4331
f 4325 4326 4333 4332
f 4326 4327 4334 4333
f 4328 4329 4336 4335
f 4329 4330 4337 4336
f 4330 4331 4338 4337
f 4331 4332 4339 4338
f 4332 4333 4340 4339
f 4333 4334 4341 4340
f 4335 4336 4343 4342
f 4336 4337 4344 4343
f 4337 4338 4345 4344
f 4338 4339 4346 4345
f 4339 4340 4347 4346
f 4340 4341 4348 4347
f 4342 4343 4350 4349
f 4343 4344 4351 4350
f 4344 4345 4352 4351
f 4345 4346 4353 4352
f 4346 4347 4354 4353
f 4347 4348 4355 4354
f 49 555 4307 513
f 555 556 4308 4307
f 556 557 4309 4308
f 557 558 4310 4309
f 558 559 4311 4310
f 559 560 4312 4311
f 560 561 4313 4312
f 561 63 1052 4313
f 4313 1052 1053 4320
f 4320 1053 1054 4327
f 4327 1054 1055 4334
f 4334 1055 1056 4341
f 4341 1056 1057 4348
f 4348 1057 1058 4355
f 4355 1058 64 603
f 4354 4355 603 602
f 4353 4354 602 601
f 4352 4353 601 600
f 4351 4352 600 599
f 4350 4351 599 598
f 4349 4350 598 597
f 519 4349 597 51
f 518 4342 4349 519
f 517 4335 4342 518
f 516 4328 4335 517
f 515 4321 4328 516
f 514 4314 4321 515
f 513 4307 4314 514
f 4356 4357 4364 4363
f 4357 4358 4365 4364
f 4358 4359 4366 4365
f 4359 4360 4367 4366
f 4360 4361 4368 4367
f 4361 4362 4369 4368
f 4363 4364 4371 4370
f 4364 4365 4372 4371
f 4365 4366 4373 4372
f 4366 4367 4374 4373
f 4367 4368 4375 4374
f 4368 4369 4376 4375
f 4370 4371 4378 4377
f 4371 4372 4379 4378
f 4372 4373 4380 4379
f 4373 4374 4381 4380
f 4374 4375 4382 4381
f 4375 4376 4383 4382
f 4377 4378 4385 4384
f 4378 4379 4386 4385
f 4379 4380 4387 4386
f 4380 4381 4388 4387
f 4381 4382 4389 4388
f 4382 4383 4390 4389
f 4384 4385 4392 4391
f 4385 4386 4393 4392
f 4386 4387 4394 4393
f 4387 4388 4395 4394
f 4388 4389 4396 4395
f 4389 4390 4397 4396
f 4391 4392 4399 4398
f 4392 4393 4400 4399
f 4393 4394 4401 4400
f 4394 4395 4402 4401
f 4395 4396 4403 4402
f 4396 4397 4404 4403
f 36 1044 4356 919
f 1044 1043 4357 4356
f 1043 1042 4358 4357
f 1042 1041 4359 4358
f 1041 1040 4360 4359
f 1040 1039 4361 4360
f 1039 1038 4362 4361
f 1038 35 471 4362
f 4362 471 472 4369
f 4369 472 473 4376
f 4376 473 474 4383
f 4383 474 475 4390
f 4390 475 476 4397
f 4397 476 477 4404
f 4404 477 64 1058
f 4403 4404 1058 1057
f 4402 4403 1057 1056
f 4401 4402 1056 1055
f 4400 4401 1055 1054
f 4399 4400 1054 1053
f 4398 4399 1053 1052
f 925 4398 1052 63
f 924 4391 4398 925
f 923 4384 4391 924
f 922 4377 4384 923
f 921 4370 4377 922
f 920 4363 4370 921
f 919 4356 4363 920
f 4405 4406 4413 4412
f 4406 4407 4414 4413
f 4407 4408 4415 4414
f 4408 4409 4416 4415
f 4409 4410 4417 4416
f 4410 4411 4418 4417
f 4412 4413 4420 4419
f 4413 4414 4421 4420
f 4414 4415 4422 4421
f 4415 4416 4423 4422
f 4416 4417 4424 4423
f 4417 4418 4425 4424
f 4419 4420 4427 4426
f 4420 4421 4428 4427
f 4421 4422 4429 4428
f 4422 4423 4430 4429
f 4423 4424 4431 4430
f 4424 4425 4432 4431
f 4426 4427 4434 4433
f 4427 4428 4435 4434
f 4428 4429 4436 4435
f 4429 4430 4437 4436
f 4430 4431 4438 4437
f 4431 4432 4439 4438
f 4433 4434 4441 4440
f 4434 4435 4442 4441
f 4435 4436 4443 4442
f 4436 4437 4444 4443
f 4437 4438 4445 4444
f 4438 4439 4446 4445
f 4440 4441 4448 4447
f 4441 4442 4449 4448
f 4442 4443 4450 4449
f 4443 4444 4451 4450
f 4444 4445 4452 4451
f 4445 4446 4453 4452
f 37 394 4405 1045
f 394 395 4406 4405
f 395 396 4407 4406
f 396 397 4408 4407
f 397 398 4409 4408
f 398 399 4410 4409
f 399 400 4411 4410
f 400 57 639 4411
f 4411 639 640 4418
f 4418 640 641 4425
f 4425 641 642 4432
f 4432 642 643 4439
f 4439 643 644 4446
f 4446 644 645 4453
f 4453 645 61 428
f 4452 4453 428 427
f 4451 4452 427 426
f 4450 4451 426 425
f 4449 4450 425 424
f 4448 4449 424 423
f 4447 4448 423 422
f 1051 4447 422 39
f 1050 4440 4447 1051
f 1049 4433 4440 1050
f 1048 4426 4433 1049
f 1047 4419 4426 1048
f 1046 4412 4419 1047
f 1045 4405 4412 1046
f 4454 4455 4462 4461
f 4455 4456 4463 4462
f 4456 4457 4464 4463
f 4457 4458 4465 4464
f 4458 4459 4466 4465
f 4459 4460 4467 4466
f 4461 4462 4469 4468
f 4462 4463 4470 4469
f 4463 4464 4471 4470
f 4464 4465 4472 4471
f 4465 4466 4473 4472
f 4466 4467 4474 4473
f 4468 4469 4476 4475
f 4469 4470 4477 4476
f 4470 4471 4478 4477
f 4471 4472 4479 4478
f 4472 4473 4480 4479
f 4473 4474 4481 4480
f 4475 4476 4483 4482
f 4476 4477 4484 4483
f 4477 4478 4485 4484
f 4478 4479 4486 4485
f 4479 4480 4487 4486
f 4480 4481 4488 4487
f 4482 4483 4490 4489
f 4483 4484 4491 4490
f 4484 4485 4492 4491
f 4485 4486 4493 4492
f 4486 4487 4494 4493
f 4487 4488 4495 4494
f 4489 4490 4497 4496
f 4490 4491 4498 4497
f 4491 4492 4499 4498
f 4492 4493 4500 4499
f 4493 4494 4501 4500
f 4494 4495 4502 4501
f 42 1010 4454 954
f 1010 1011 4455 4454
f 1011 1012 4456 4455
f 1012 1013 4457 4456
f 1013 1014 4458 4457
f 1014 1015 4459 4458
f 1015 1016 4460 4459
f 1016 44 989 4460
f 4460 989 990 4467
f 4467 990 991 4474
f 4474 991 992 4481
f 4481 992 993 4488
f 4488 993 994 4495
f 4495 994 995 4502
f 4502 995 61 645
f 4501 4502 645 644
f 4500 4501 644 643
f 4499 4500 643 642
f 4498 4499 642 641
f 4497 4498 641 640
f 4496 4497 640 639
f 960 4496 639 57
f 959 4489 4496 960
f 958 4482 4489 959
f 957 4475 4482 958
f 956 4468 4475 957
f 955 4461 4468 956
f 954 4454 4461 955
f 4503 4504 4511 4510
f 4504 4505 4512 4511
f 4505 4506 4513 4512
f 4506 4507 4514 4513
f 4507 4508 4515 4514
f 4508 4509 4516 4515
f 4510 4511 4518 4517
f 4511 4512 4519 4518
f 4512 4513 4520 4519
f 4513 4514 4521 4520
f 4514 4515 4522 4521
f 4515 4516 4523 4522
f 4517 4518 4525 4524
f 4518 4519 4526 4525
f 4519 4520 4527 4526
f 4520 4521 4528 4527
f 4521 4522 4529 4528
f 4522 4523 4530 4529
f 4524 4525 4532 4531
f 4525 4526 4533 4532
f 4526 4527 4534 4533
f 4527 4528 4535 4534
f 4528 4529 4536 4535
f 4529 4530 4537 4536
f 4531 4532 4539 4538
f 4532 4533 4540 4539
f 4533 4534 4541 4540
f 4534 4535 4542 4541
f 4535 4536 4543 4542
f 4536 4537 4544 4543
f 4538 4539 4546 4545
f 4539 4540 4547 4546
f 4540 4541 4548 4547
f 4541 4542 4549 4548
f 4542 4543 4550 4549
f 4543 4544 4551 4550
f 38 632 4503 884
f 632 633 4504 4503
f 633 634 4505 4504
f 634 635 4506 4505
f 635 636 4507 4506
f 636 637 4508 4507
f 637 638 4509 4508
f 638 40 961 4509
f 4509 961 962 4516
f 4516 962 963 4523
f 4523 963 964 4530
f 4530 964 965 4537
f 4537 965 966 4544
f 4544 966 967 4551
f 4551 967 62 1072
f 4550 4551 1072 1071
f 4549 4550 1071 1070
f 4548 4549 1070 1069
f 4547 4548 1069 1068
f 4546 4547 1068 1067
f 4545 4546 1067 1066
f 890 4545 1066 58
f 889 4538 4545 890
f 888 4531 4538 889
f 887 4524 4531 888
f 886 4517 4524 887
f 885 4510 4517 886
f 884 4503 4510 885
f 4552 4553 4560 4559
f 4553 4554 4561 4560
f 4554 4555 4562 4561
f 4555 4556 4563 4562
f 4556 4557 4564 4563
f 4557 4558 4565 4564
f 4559 4560 4567 4566
f 4560 4561 4568 4567
f 4561 4562 4569 4568
f 4562 4563 4570 4569
f 4563 4564 4571 4570
f 4564 4565 4572 4571
f 4566 4567 4574 4573
f 4567 4568 4575 4574
f 4568 4569 4576 4575
f 4569 4570 4577 4576
f 4570 4571 4578 4577
f 4571 4572 4579 4578
f 4573 4574 4581 4580
f 4574 4575 4582 4581
f 4575 4576 4583 4582
f 4576 4577 4584 4583
f 4577 4578 4585 4584
f 4578 4579 4586 4585
f 4580 4581 4588 4587
f 4581 4582 4589 4588
f 4582 4583 4590 4589
f 4583 4584 4591 4590
f 4584 4585 4592 4591
f 4585 4586 4593 4592
f 4587 4588 4595 4594
f 4588 4589 4596 4595
f 4589 4590 4597 4596
f 4590 4591 4598 4597
f 4591 4592 4599 4598
f 4592 4593 4600 4599
f 52 1017 4552 1002
f 1017 1018 4553 4552
f 1018 1019 4554 4553
f 1019 1020 4555 4554
f 1020 1021 4556 4555
f 1021 1022 4557 4556
f 1022 1023 4558 4557
f 1023 58 1066 4558
f 4558 1066 1067 4565
f 4565 1067 1068 4572
f 4572 1068 1069 4579
f 4579 1069 1070 4586
f 4586 1070 1071 4593
f 4593 1071 1072 4600
f 4600 1072 62 1030
f 4599 4600 1030 1029
f 4598 4599 1029 1028
f 4597 4598 1028 1027
f 4596 4597 1027 1026
f 4595 4596 1026 1025
f 4594 4595 1025 1024
f 996 4594 1024 50
f 997 4587 4594 996
f 998 4580 4587 997
f 999 4573 4580 998
f 1000 4566 4573 999
f 1001 4559 4566 1000
f 1002 4552 4559 1001
