# Blender 3.3.1
# www.blender.org
mtllib cubo2_lev3.mtl
o cubo2
v 1.883943 1.883943 -1.883943
v 1.883943 -1.883943 -1.883944
v -1.883943 -1.883942 -1.883944
v -1.883942 1.883944 -1.883943
v 1.883944 1.883941 1.883944
v 1.883942 -1.883944 1.883943
v -1.883944 -1.883943 1.883943
v -1.883943 1.883943 1.883944
v 1.953719 0.976860 -1.953719
v 1.953719 -0.976859 -1.953719
v 0.976860 1.953719 -1.953718
v -0.976859 1.953719 -1.953718
v 1.953719 1.953718 -0.976859
v 1.953719 1.953718 0.976860
v 0.976859 -1.953718 -1.953719
v -0.976859 -1.953718 -1.953719
v 1.953718 -1.953719 -0.976860
v 1.953717 -1.953719 0.976859
v -1.953719 -0.976858 -1.953719
v -1.953718 0.976860 -1.953719
v -1.953719 -1.953718 -0.976860
v -1.953719 -1.953718 0.976859
v -1.953718 1.953719 -0.976859
v -1.953718 1.953719 0.976860
v 1.953719 0.976858 1.953719
v 1.953718 -0.976861 1.953719
v 0.976860 1.953717 1.953719
v -0.976859 1.953718 1.953719
v 0.976858 -1.953719 1.953718
v -0.976860 -1.953718 1.953718
v -1.953719 -0.976859 1.953719
v -1.953719 0.976859 1.953719
v 1.055008 1.055009 -1.992793
v 1.055008 -1.055008 -1.992793
v -1.055007 1.055009 -1.992793
v -1.055008 -1.055008 -1.992793
v 1.055008 1.055007 1.992793
v -1.055008 1.055008 1.992793
v 1.055007 -1.055009 1.992793
v -1.055009 -1.055009 1.992793
v 1.992793 1.055008 -1.055008
v 1.992793 1.055007 1.055008
v 1.992792 -1.055008 -1.055009
v 1.992792 -1.055009 1.055008
v 1.055008 -1.992793 -1.055009
v 1.055007 -1.992793 1.055008
v -1.055008 -1.992792 -1.055009
v -1.055009 -1.992792 1.055008
v -1.992793 -1.055007 -1.055008
v -1.992793 -1.055007 1.055008
v -1.992792 1.055009 -1.055008
v -1.992792 1.055008 1.055008
v 1.055008 1.992792 1.055009
v 1.055008 1.992793 -1.055008
v -1.055008 1.992792 1.055009
v -1.055007 1.992793 -1.055008
v 1.103724 1.103723 1.103725
v -1.103724 1.103724 1.103725
v 1.103724 1.103724 -1.103724
v 1.103724 -1.103724 -1.103725
v 1.103723 -1.103725 1.103724
v -1.103724 -1.103724 1.103724
v -1.103724 -1.103724 -1.103725
v -1.103723 1.103725 -1.103724
v -1.220614 1.220614 0.807224
v -1.285567 1.285567 0.541152
v -1.322311 1.322311 0.271883
v -1.334136 1.334137 0.000000
v -1.322311 1.322311 -0.271883
v -1.285566 1.285567 -0.541152
v -1.220613 1.220614 -0.807223
v 1.220614 -1.220614 -0.807224
v 1.285566 -1.285567 -0.541152
v 1.322311 -1.322312 -0.271883
v 1.334136 -1.334137 -0.000000
v 1.322311 -1.322311 0.271883
v 1.285566 -1.285567 0.541152
v 1.220613 -1.220614 0.807223
v 1.898832 1.849010 -1.898832
v 1.915971 1.791138 -1.915971
v 1.930698 1.712945 -1.930698
v 1.941767 1.613239 -1.941766
v 1.948676 1.490637 -1.948676
v 1.952225 1.344232 -1.952224
v 1.953532 1.173235 -1.953532
v 1.953719 0.755540 -1.953719
v 1.953719 0.514596 -1.953719
v 1.953719 0.260569 -1.953719
v 1.953719 0.000000 -1.953719
v 1.953719 -0.260568 -1.953719
v 1.953719 -0.514595 -1.953719
v 1.953719 -0.755539 -1.953719
v 1.849010 1.898832 -1.898832
v 1.791138 1.915971 -1.915970
v 1.712945 1.930698 -1.930698
v 1.613240 1.941766 -1.941766
v 1.490637 1.948676 -1.948676
v 1.344232 1.952225 -1.952224
v 1.173235 1.953532 -1.953532
v 0.755540 1.953719 -1.953718
v 0.514596 1.953719 -1.953719
v 0.260569 1.953719 -1.953718
v 0.000001 1.953719 -1.953718
v -0.260568 1.953719 -1.953718
v -0.514595 1.953719 -1.953719
v -0.755539 1.953719 -1.953718
v 1.898832 1.898832 -1.849010
v 1.915971 1.915970 -1.791138
v 1.930699 1.930698 -1.712945
v 1.941767 1.941766 -1.613239
v 1.948676 1.948676 -1.490637
v 1.952225 1.952224 -1.344231
v 1.953532 1.953532 -1.173234
v 1.898833 1.898830 1.849010
v 1.915971 1.915969 1.791138
v 1.930699 1.930697 1.712945
v 1.941767 1.941765 1.613240
v 1.948677 1.948675 1.490637
v 1.952225 1.952223 1.344232
v 1.953532 1.953531 1.173235
v -1.849010 -1.898831 -1.898832
v -1.791138 -1.915970 -1.915971
v -1.712945 -1.930697 -1.930699
v -1.613240 -1.941765 -1.941767
v -1.490637 -1.948675 -1.948677
v -1.344232 -1.952224 -1.952225
v -1.173235 -1.953531 -1.953532
v 0.807223 -1.220614 -1.220615
v 0.541152 -1.285567 -1.285567
v 0.271883 -1.322311 -1.322312
v 0.000000 -1.334136 -1.334137
v -0.271883 -1.322311 -1.322312
v -0.541152 -1.285567 -1.285567
v -0.807223 -1.220614 -1.220614
v 1.953718 -1.953719 -0.755540
v 1.953718 -1.953719 -0.514596
v 1.953718 -1.953719 -0.260569
v 1.953717 -1.953719 -0.000000
v 1.953717 -1.953719 0.260568
v 1.953717 -1.953719 0.514595
v 1.953717 -1.953719 0.755539
v -1.898832 -1.849009 -1.898833
v -1.915971 -1.791137 -1.915971
v -1.930699 -1.712943 -1.930699
v -1.941767 -1.613238 -1.941767
v -1.948676 -1.490636 -1.948676
v -1.952225 -1.344230 -1.952225
v -1.953532 -1.173234 -1.953532
v -1.953718 -0.755539 -1.953719
v -1.953719 -0.514595 -1.953719
v -1.953718 -0.260568 -1.953719
v -1.953718 0.000001 -1.953719
v -1.953718 0.260569 -1.953719
v -1.953718 0.514596 -1.953719
v -1.953718 0.755540 -1.953719
v -1.898832 -1.898831 -1.849011
v -1.915971 -1.915970 -1.791138
v -1.930699 -1.930697 -1.712945
v -1.941767 -1.941765 -1.613240
v -1.948676 -1.948675 -1.490637
v -1.952225 -1.952224 -1.344232
v -1.953532 -1.953531 -1.173235
v -1.898832 -1.898832 1.849010
v -1.915971 -1.915970 1.791137
v -1.930699 -1.930698 1.712945
v -1.941767 -1.941766 1.613239
v -1.948676 -1.948676 1.490637
v -1.952225 -1.952224 1.344231
v -1.953532 -1.953531 1.173234
v -1.953718 1.953719 -0.755539
v -1.953718 1.953719 -0.514595
v -1.953718 1.953719 -0.260568
v -1.953718 1.953719 0.000000
v -1.953718 1.953719 0.260569
v -1.953718 1.953719 0.514596
v -1.953718 1.953719 0.755540
v 1.898833 1.849008 1.898833
v 1.915971 1.791136 1.915971
v 1.930699 1.712943 1.930699
v 1.941767 1.613238 1.941767
v 1.948677 1.490636 1.948677
v 1.952225 1.344230 1.952225
v 1.953532 1.173233 1.953532
v 1.953718 0.755538 1.953719
v 1.953719 0.514594 1.953719
v 1.953718 0.260567 1.953719
v 1.953718 -0.000001 1.953719
v 1.953718 -0.260570 1.953719
v 1.953718 -0.514597 1.953719
v 1.953718 -0.755541 1.953719
v 1.849011 1.898830 1.898833
v 1.791138 1.915969 1.915971
v 1.712945 1.930697 1.930699
v 1.613240 1.941765 1.941767
v 1.490638 1.948675 1.948677
v 1.344232 1.952223 1.952225
v 1.173235 1.953531 1.953532
v 0.755540 1.953718 1.953719
v 0.514596 1.953717 1.953719
v 0.260569 1.953718 1.953719
v 0.000000 1.953718 1.953719
v -0.260568 1.953718 1.953719
v -0.514595 1.953718 1.953719
v -0.755539 1.953718 1.953719
v -1.849010 -1.898832 1.898832
v -1.791138 -1.915970 1.915970
v -1.712945 -1.930698 1.930698
v -1.613240 -1.941766 1.941766
v -1.490638 -1.948676 1.948676
v -1.344232 -1.952224 1.952225
v -1.173235 -1.953532 1.953532
v -1.898832 -1.849010 1.898832
v -1.915971 -1.791137 1.915971
v -1.930699 -1.712944 1.930698
v -1.941767 -1.613239 1.941766
v -1.948676 -1.490637 1.948676
v -1.952225 -1.344231 1.952225
v -1.953532 -1.173234 1.953532
v -1.953719 -0.755539 1.953719
v -1.953719 -0.514595 1.953719
v -1.953719 -0.260568 1.953719
v -1.953719 -0.000000 1.953719
v -1.953719 0.260569 1.953719
v -1.953719 0.514596 1.953719
v -1.953719 0.755540 1.953719
v 1.894840 0.976990 -1.999620
v 1.822846 0.977906 -2.033103
v 1.737703 0.980392 -2.054833
v 1.639380 0.985233 -2.065476
v 1.527398 0.993292 -2.065554
v 1.399510 1.005750 -2.055020
v 1.251242 1.024222 -2.033150
v 0.976990 -1.894839 -1.999620
v 0.977906 -1.822845 -2.033103
v 0.980392 -1.737702 -2.054834
v 0.985232 -1.639379 -2.065476
v 0.993292 -1.527398 -2.065554
v 1.005750 -1.399509 -2.055020
v 1.024222 -1.251242 -2.033150
v 0.790983 1.191739 -1.977465
v 0.533899 1.268455 -1.968687
v 0.269131 1.311360 -1.963701
v 0.000001 1.325040 -1.962092
v -0.269130 1.311360 -1.963701
v -0.533898 1.268455 -1.968687
v -0.790982 1.191739 -1.977465
v -1.894840 -0.976989 -1.999620
v -1.822846 -0.977905 -2.033103
v -1.737703 -0.980391 -2.054834
v -1.639379 -0.985232 -2.065476
v -1.527398 -0.993291 -2.065554
v -1.399509 -1.005749 -2.055021
v -1.251242 -1.024221 -2.033150
v 0.976990 1.894839 1.999620
v 0.977906 1.822844 2.033103
v 0.980392 1.737702 2.054834
v 0.985233 1.639378 2.065476
v 0.993292 1.527397 2.065554
v 1.005750 1.399508 2.055020
v 1.024221 1.251241 2.033150
v 0.790983 1.191738 1.977466
v 0.533899 1.268454 1.968687
v 0.269130 1.311359 1.963702
v 0.000000 1.325039 1.962092
v -0.269130 1.311359 1.963702
v -0.533899 1.268454 1.968688
v -0.790983 1.191738 1.977466
v 0.976989 -1.894841 1.999619
v 0.977905 -1.822847 2.033103
v 0.980391 -1.737704 2.054833
v 0.985232 -1.639380 2.065476
v 0.993291 -1.527399 2.065553
v 1.005749 -1.399511 2.055020
v 1.024221 -1.251243 2.033150
v -1.894840 -0.976990 1.999620
v -1.822846 -0.977906 2.033103
v -1.737703 -0.980392 2.054833
v -1.639380 -0.985232 2.065476
v -1.527399 -0.993292 2.065554
v -1.399510 -1.005749 2.055020
v -1.251243 -1.024222 2.033150
v 1.999620 1.894840 -0.976990
v 2.033103 1.822845 -0.977906
v 2.054834 1.737702 -0.980392
v 2.065476 1.639379 -0.985232
v 2.065554 1.527398 -0.993292
v 2.055020 1.399509 -1.005749
v 2.033150 1.251242 -1.024221
v 1.999620 0.976989 1.894840
v 2.033103 0.977905 1.822846
v 2.054833 0.980390 1.737703
v 2.065476 0.985231 1.639380
v 2.065554 0.993291 1.527399
v 2.055020 1.005748 1.399510
v 2.033150 1.024220 1.251243
v 1.999619 -1.894840 -0.976991
v 2.033102 -1.822846 -0.977906
v 2.054833 -1.737703 -0.980392
v 2.065475 -1.639380 -0.985233
v 2.065553 -1.527399 -0.993292
v 2.055019 -1.399510 -1.005750
v 2.033149 -1.251242 -1.024222
v 1.977464 -1.191739 -0.790983
v 1.968686 -1.268455 -0.533899
v 1.963701 -1.311360 -0.269131
v 1.962091 -1.325040 -0.000000
v 1.963700 -1.311360 0.269130
v 1.968686 -1.268456 0.533899
v 1.977464 -1.191740 0.790982
v 1.894839 -1.999620 -0.976991
v 1.822845 -2.033103 -0.977906
v 1.737702 -2.054833 -0.980392
v 1.639379 -2.065476 -0.985233
v 1.527398 -2.065553 -0.993292
v 1.399509 -2.055020 -1.005750
v 1.251242 -2.033150 -1.024222
v 0.976989 -1.999620 1.894840
v 0.977905 -2.033103 1.822845
v 0.980391 -2.054834 1.737703
v 0.985231 -2.065476 1.639379
v 0.993291 -2.065554 1.527398
v 1.005748 -2.055020 1.399509
v 1.024220 -2.033150 1.251242
v -1.894840 -1.999619 -0.976991
v -1.822846 -2.033102 -0.977906
v -1.737703 -2.054833 -0.980392
v -1.639379 -2.065475 -0.985233
v -1.527398 -2.065552 -0.993292
v -1.399510 -2.055019 -1.005750
v -1.251243 -2.033149 -1.024222
v -1.191739 -1.977464 -0.790983
v -1.268455 -1.968686 -0.533899
v -1.311360 -1.963701 -0.269131
v -1.325040 -1.962091 -0.000000
v -1.311360 -1.963701 0.269130
v -1.268455 -1.968687 0.533898
v -1.191739 -1.977465 0.790982
v -1.999620 -1.894839 -0.976991
v -2.033103 -1.822845 -0.977906
v -2.054834 -1.737702 -0.980392
v -2.065476 -1.639378 -0.985233
v -2.065554 -1.527397 -0.993292
v -2.055020 -1.399509 -1.005750
v -2.033150 -1.251241 -1.024222
v -1.999620 -0.976990 1.894840
v -2.033103 -0.977906 1.822846
v -2.054833 -0.980391 1.737703
v -2.065476 -0.985232 1.639379
v -2.065554 -0.993291 1.527398
v -2.055020 -1.005749 1.399510
v -2.033150 -1.024221 1.251242
v -1.999619 1.894840 -0.976990
v -2.033102 1.822846 -0.977906
v -2.054833 1.737703 -0.980391
v -2.065475 1.639380 -0.985232
v -2.065552 1.527399 -0.993292
v -2.055019 1.399510 -1.005749
v -2.033149 1.251243 -1.024221
v -1.977464 1.191739 -0.790982
v -1.968686 1.268455 -0.533899
v -1.963701 1.311360 -0.269130
v -1.962091 1.325040 0.000000
v -1.963701 1.311360 0.269131
v -1.968686 1.268455 0.533899
v -1.977465 1.191739 0.790983
v 0.976990 1.999618 1.894840
v 0.977906 2.033102 1.822846
v 0.980392 2.054832 1.737704
v 0.985233 2.065475 1.639380
v 0.993292 2.065552 1.527399
v 1.005750 2.055019 1.399510
v 1.024222 2.033149 1.251243
v 1.894840 1.999619 -0.976990
v 1.822846 2.033103 -0.977906
v 1.737703 2.054833 -0.980391
v 1.639380 2.065475 -0.985232
v 1.527398 2.065553 -0.993292
v 1.399510 2.055019 -1.005749
v 1.251242 2.033149 -1.024221
v 0.790983 1.977464 1.191739
v 0.533899 1.968686 1.268455
v 0.269131 1.963700 1.311360
v 0.000000 1.962091 1.325040
v -0.269130 1.963700 1.311360
v -0.533898 1.968686 1.268455
v -0.790982 1.977464 1.191739
v -1.894839 1.999620 -0.976990
v -1.822845 2.033103 -0.977906
v -1.737702 2.054834 -0.980391
v -1.639378 2.065476 -0.985232
v -1.527398 2.065554 -0.993292
v -1.399509 2.055021 -1.005749
v -1.251241 2.033150 -1.024221
v 0.968628 0.968627 1.918104
v 0.920145 0.920144 1.838768
v 0.893898 0.893897 1.751495
v 0.887676 0.887675 1.656837
v 0.900921 0.900920 1.554687
v 0.935393 0.935392 1.441652
v 0.994817 0.994816 1.310003
v 0.807223 1.220613 1.220614
v 0.541152 1.285566 1.285567
v 0.271883 1.322310 1.322312
v 0.000000 1.334136 1.334137
v -0.271883 1.322311 1.322312
v -0.541152 1.285566 1.285567
v -0.807223 1.220614 1.220615
v 0.968628 0.968628 -1.918104
v 0.920145 0.920145 -1.838768
v 0.893898 0.893898 -1.751495
v 0.887676 0.887676 -1.656836
v 0.900921 0.900921 -1.554687
v 0.935393 0.935393 -1.441652
v 0.994817 0.994817 -1.310003
v 0.968627 -1.918104 -0.968628
v 0.920144 -1.838768 -0.920145
v 0.893897 -1.751495 -0.893898
v 0.887675 -1.656836 -0.887676
v 0.900920 -1.554687 -0.900921
v 0.935393 -1.441652 -0.935393
v 0.994817 -1.310002 -0.994817
v 0.968627 -0.968629 1.918104
v 0.920144 -0.920146 1.838768
v 0.893897 -0.893899 1.751495
v 0.887675 -0.887676 1.656836
v 0.900920 -0.900922 1.554687
v 0.935392 -0.935394 1.441652
v 0.994816 -0.994818 1.310003
v 0.807223 -1.220615 1.220614
v 0.541151 -1.285567 1.285567
v 0.271883 -1.322312 1.322311
v -0.000001 -1.334137 1.334136
v -0.271884 -1.322312 1.322311
v -0.541152 -1.285567 1.285567
v -0.807224 -1.220614 1.220614
v -0.968628 -1.918103 -0.968628
v -0.920145 -1.838767 -0.920145
v -0.893898 -1.751495 -0.893898
v -0.887676 -1.656836 -0.887676
v -0.900921 -1.554687 -0.900921
v -0.935393 -1.441652 -0.935393
v -0.994817 -1.310002 -0.994817
v 0.807224 1.220614 -1.220614
v 0.541152 1.285567 -1.285567
v 0.271884 1.322312 -1.322311
v 0.000000 1.334137 -1.334136
v -0.271883 1.322312 -1.322311
v -0.541151 1.285567 -1.285567
v -0.807223 1.220614 -1.220614
v 1.191738 -1.977465 -0.790983
v 1.268454 -1.968687 -0.533899
v 1.311359 -1.963702 -0.269131
v 1.325039 -1.962092 -0.000000
v 1.311359 -1.963701 0.269130
v 1.268454 -1.968688 0.533899
v 1.191738 -1.977465 0.790982
v -1.894839 0.976991 -1.999620
v -1.822845 0.977907 -2.033103
v -1.737702 0.980392 -2.054833
v -1.639379 0.985233 -2.065476
v -1.527398 0.993292 -2.065553
v -1.399509 1.005750 -2.055020
v -1.251241 1.024222 -2.033150
v 0.790982 -1.977465 -1.191739
v 0.533898 -1.968687 -1.268455
v 0.269130 -1.963701 -1.311360
v 0.000000 -1.962091 -1.325040
v -0.269131 -1.963701 -1.311360
v -0.533899 -1.968686 -1.268455
v -0.790983 -1.977464 -1.191739
v -0.968627 0.968628 -1.918104
v -0.920144 0.920145 -1.838768
v -0.893897 0.893898 -1.751495
v -0.887675 0.887676 -1.656836
v -0.900920 0.900921 -1.554687
v -0.935392 0.935393 -1.441652
v -0.994816 0.994817 -1.310003
v 1.977465 1.191738 -0.790982
v 1.968687 1.268454 -0.533899
v 1.963701 1.311359 -0.269130
v 1.962092 1.325039 0.000000
v 1.963701 1.311359 0.269131
v 1.968687 1.268454 0.533899
v 1.977465 1.191738 0.790983
v 1.918104 0.968627 -0.968628
v 1.838768 0.920145 -0.920145
v 1.751495 0.893898 -0.893898
v 1.656836 0.887675 -0.887676
v 1.554687 0.900921 -0.900921
v 1.441652 0.935393 -0.935393
v 1.310003 0.994817 -0.994817
v 1.977465 0.790982 -1.191739
v 1.968687 0.533898 -1.268455
v 1.963701 0.269130 -1.311360
v 1.962092 0.000000 -1.325040
v 1.963701 -0.269131 -1.311360
v 1.968687 -0.533899 -1.268455
v 1.977465 -0.790983 -1.191739
v -1.977465 -1.191738 -0.790983
v -1.968687 -1.268454 -0.533899
v -1.963701 -1.311359 -0.269131
v -1.962092 -1.325039 -0.000000
v -1.963701 -1.311359 0.269130
v -1.968687 -1.268454 0.533899
v -1.977465 -1.191738 0.790982
v 1.918103 -0.968628 -0.968628
v 1.838767 -0.920145 -0.920145
v 1.751495 -0.893898 -0.893898
v 1.656836 -0.887676 -0.887676
v 1.554687 -0.900921 -0.900921
v 1.441652 -0.935393 -0.935393
v 1.310002 -0.994817 -0.994817
v -1.977465 -0.790982 -1.191739
v -1.968687 -0.533898 -1.268455
v -1.963701 -0.269130 -1.311360
v -1.962091 0.000001 -1.325040
v -1.963701 0.269131 -1.311360
v -1.968686 0.533899 -1.268455
v -1.977464 0.790983 -1.191739
v 1.999619 -0.976991 1.894840
v 2.033102 -0.977907 1.822846
v 2.054833 -0.980393 1.737703
v 2.065475 -0.985234 1.639379
v 2.065552 -0.993293 1.527398
v 2.055019 -1.005751 1.399510
v 2.033149 -1.024222 1.251242
v 1.953719 1.953718 -0.755539
v 1.953719 1.953718 -0.514595
v 1.953719 1.953718 -0.260568
v 1.953719 1.953718 0.000000
v 1.953719 1.953718 0.260569
v 1.953719 1.953718 0.514596
v 1.953719 1.953717 0.755540
v 1.191739 1.977464 0.790983
v 1.268455 1.968686 0.533899
v 1.311360 1.963701 0.269131
v 1.325040 1.962091 0.000000
v 1.311360 1.963701 -0.269130
v 1.268455 1.968687 -0.533899
v 1.191739 1.977465 -0.790982
v -1.220614 -1.220614 0.807223
v -1.285567 -1.285567 0.541152
v -1.322311 -1.322311 0.271883
v -1.334137 -1.334136 -0.000000
v -1.322312 -1.322311 -0.271883
v -1.285567 -1.285567 -0.541152
v -1.220614 -1.220614 -0.807224
v -1.894840 0.976990 1.999620
v -1.822846 0.977906 2.033103
v -1.737703 0.980391 2.054834
v -1.639379 0.985232 2.065476
v -1.527398 0.993292 2.065554
v -1.399510 1.005749 2.055020
v -1.251242 1.024221 2.033150
v -1.918104 -0.968627 -0.968628
v -1.838768 -0.920144 -0.920145
v -1.751495 -0.893897 -0.893898
v -1.656836 -0.887675 -0.887676
v -1.554687 -0.900921 -0.900921
v -1.441652 -0.935393 -0.935393
v -1.310002 -0.994817 -0.994817
v 0.790983 -1.191738 -1.977466
v 0.533899 -1.268454 -1.968688
v 0.269130 -1.311360 -1.963702
v 0.000000 -1.325040 -1.962092
v -0.269130 -1.311360 -1.963702
v -0.533899 -1.268454 -1.968687
v -0.790983 -1.191738 -1.977465
v 0.968628 1.918103 0.968628
v 0.920145 1.838767 0.920145
v 0.893898 1.751494 0.893898
v 0.887676 1.656835 0.887676
v 0.900921 1.554686 0.900921
v 0.935393 1.441651 0.935393
v 0.994817 1.310002 0.994817
v 0.755540 -1.953718 -1.953719
v 0.514596 -1.953718 -1.953719
v 0.260568 -1.953718 -1.953719
v 0.000000 -1.953718 -1.953719
v -0.260569 -1.953718 -1.953719
v -0.514596 -1.953718 -1.953719
v -0.755540 -1.953718 -1.953719
v -1.191738 1.977464 0.790983
v -1.268454 1.968687 0.533899
v -1.311359 1.963701 0.269131
v -1.325039 1.962092 0.000000
v -1.311359 1.963701 -0.269130
v -1.268454 1.968687 -0.533898
v -1.191738 1.977465 -0.790982
v -1.894839 1.999620 0.976991
v -1.822845 2.033103 0.977906
v -1.737702 2.054833 0.980392
v -1.639379 2.065475 0.985233
v -1.527398 2.065553 0.993292
v -1.399509 2.055019 1.005750
v -1.251241 2.033149 1.024222
v -1.918103 0.968628 -0.968628
v -1.838767 0.920145 -0.920145
v -1.751494 0.893898 -0.893898
v -1.656835 0.887676 -0.887676
v -1.554686 0.900921 -0.900921
v -1.441651 0.935393 -0.935393
v -1.310002 0.994817 -0.994817
v -0.968627 1.918103 0.968628
v -0.920144 1.838767 0.920145
v -0.893897 1.751495 0.893898
v -0.887675 1.656836 0.887676
v -0.900921 1.554687 0.900921
v -0.935393 1.441652 0.935393
v -0.994817 1.310002 0.994817
v -0.976991 -1.999620 1.894840
v -0.977907 -2.033103 1.822845
v -0.980392 -2.054833 1.737702
v -0.985233 -2.065475 1.639379
v -0.993292 -2.065553 1.527398
v -1.005750 -2.055020 1.399509
v -1.024222 -2.033150 1.251242
v 1.220614 1.220613 0.807224
v 1.285567 1.285566 0.541152
v 1.322311 1.322311 0.271883
v 1.334137 1.334136 0.000000
v 1.322311 1.322311 -0.271883
v 1.285567 1.285567 -0.541152
v 1.220614 1.220614 -0.807223
v 1.220614 0.807223 -1.220614
v 1.285567 0.541152 -1.285567
v 1.322311 0.271883 -1.322312
v 1.334137 0.000000 -1.334137
v 1.322311 -0.271883 -1.322312
v 1.285567 -0.541152 -1.285567
v 1.220614 -0.807223 -1.220614
v -1.191739 0.790982 1.977466
v -1.268455 0.533898 1.968687
v -1.311360 0.269130 1.963701
v -1.325040 -0.000000 1.962092
v -1.311360 -0.269131 1.963701
v -1.268455 -0.533899 1.968687
v -1.191739 -0.790983 1.977465
v 1.220614 0.807222 1.220614
v 1.285567 0.541151 1.285567
v 1.322311 0.271882 1.322311
v 1.334136 -0.000001 1.334137
v 1.322311 -0.271884 1.322311
v 1.285566 -0.541153 1.285567
v 1.220613 -0.807224 1.220614
v 0.976990 1.894840 -1.999619
v 0.977906 1.822846 -2.033103
v 0.980392 1.737704 -2.054833
v 0.985233 1.639380 -2.065476
v 0.993292 1.527399 -2.065553
v 1.005750 1.399510 -2.055020
v 1.024222 1.251243 -2.033150
v -1.999620 0.976990 1.894840
v -2.033103 0.977906 1.822846
v -2.054833 0.980392 1.737703
v -2.065476 0.985233 1.639380
v -2.065553 0.993292 1.527398
v -2.055019 1.005749 1.399510
v -2.033149 1.024221 1.251242
v 1.898832 -1.849010 -1.898832
v 1.915971 -1.791137 -1.915971
v 1.930698 -1.712945 -1.930699
v 1.941766 -1.613239 -1.941767
v 1.948676 -1.490637 -1.948677
v 1.952225 -1.344231 -1.952225
v 1.953532 -1.173234 -1.953532
v 1.999620 0.976990 -1.894840
v 2.033103 0.977906 -1.822846
v 2.054834 0.980392 -1.737703
v 2.065476 0.985232 -1.639379
v 2.065554 0.993292 -1.527398
v 2.055020 1.005749 -1.399509
v 2.033150 1.024221 -1.251242
v -1.849009 1.898833 -1.898832
v -1.791137 1.915971 -1.915970
v -1.712944 1.930699 -1.930698
v -1.613238 1.941767 -1.941766
v -1.490636 1.948677 -1.948676
v -1.344231 1.952225 -1.952224
v -1.173234 1.953532 -1.953532
v 1.849010 -1.898832 -1.898833
v 1.791138 -1.915970 -1.915971
v 1.712945 -1.930698 -1.930699
v 1.613239 -1.941766 -1.941767
v 1.490637 -1.948676 -1.948677
v 1.344231 -1.952224 -1.952225
v 1.173235 -1.953531 -1.953532
v 1.898832 -1.898832 -1.849011
v 1.915971 -1.915970 -1.791138
v 1.930698 -1.930698 -1.712945
v 1.941766 -1.941766 -1.613240
v 1.948676 -1.948676 -1.490637
v 1.952224 -1.952225 -1.344232
v 1.953531 -1.953532 -1.173235
v 1.898831 -1.898833 1.849010
v 1.915969 -1.915972 1.791137
v 1.930697 -1.930699 1.712945
v 1.941765 -1.941768 1.613239
v 1.948675 -1.948677 1.490637
v 1.952223 -1.952226 1.344231
v 1.953530 -1.953533 1.173234
v -1.898831 1.849011 -1.898832
v -1.915970 1.791138 -1.915971
v -1.930697 1.712945 -1.930698
v -1.941766 1.613240 -1.941766
v -1.948676 1.490638 -1.948676
v -1.952224 1.344232 -1.952225
v -1.953531 1.173235 -1.953532
v -1.898831 1.898833 -1.849010
v -1.915970 1.915971 -1.791138
v -1.930697 1.930699 -1.712945
v -1.941766 1.941767 -1.613239
v -1.948676 1.948677 -1.490637
v -1.952224 1.952225 -1.344231
v -1.953531 1.953532 -1.173234
v -1.898832 1.898832 1.849010
v -1.915970 1.915971 1.791138
v -1.930698 1.930698 1.712945
v -1.941766 1.941766 1.613240
v -1.948676 1.948676 1.490638
v -1.952224 1.952225 1.344232
v -1.953531 1.953532 1.173235
v 1.898831 -1.849011 1.898832
v 1.915969 -1.791139 1.915971
v 1.930697 -1.712946 1.930698
v 1.941765 -1.613241 1.941766
v 1.948675 -1.490639 1.948676
v 1.952224 -1.344233 1.952225
v 1.953531 -1.173236 1.953532
v -1.849010 1.898832 1.898832
v -1.791137 1.915970 1.915971
v -1.712944 1.930698 1.930699
v -1.613239 1.941766 1.941767
v -1.490637 1.948676 1.948677
v -1.344231 1.952224 1.952225
v -1.173234 1.953531 1.953532
v 1.849009 -1.898833 1.898832
v 1.791136 -1.915972 1.915971
v 1.712943 -1.930700 1.930698
v 1.613238 -1.941767 1.941766
v 1.490636 -1.948677 1.948676
v 1.344230 -1.952225 1.952224
v 1.173233 -1.953533 1.953532
v -1.898832 1.849010 1.898833
v -1.915970 1.791137 1.915971
v -1.930698 1.712944 1.930699
v -1.941766 1.613239 1.941767
v -1.948676 1.490637 1.948676
v -1.952224 1.344231 1.952225
v -1.953532 1.173234 1.953532
v 1.894840 -0.976990 -1.999620
v 1.822846 -0.977906 -2.033103
v 1.737703 -0.980391 -2.054834
v 1.639380 -0.985232 -2.065477
v 1.527398 -0.993292 -2.065554
v 1.399510 -1.005749 -2.055020
v 1.251242 -1.024221 -2.033150
v -0.976989 1.894840 -1.999619
v -0.977905 1.822846 -2.033103
v -0.980391 1.737703 -2.054833
v -0.985232 1.639380 -2.065476
v -0.993291 1.527399 -2.065553
v -1.005749 1.399510 -2.055020
v -1.024221 1.251243 -2.033150
v -0.976990 -1.894839 -1.999620
v -0.977906 -1.822845 -2.033103
v -0.980392 -1.737702 -2.054834
v -0.985232 -1.639379 -2.065476
v -0.993292 -1.527398 -2.065554
v -1.005749 -1.399509 -2.055020
v -1.024221 -1.251241 -2.033150
v -0.976990 1.894839 1.999620
v -0.977906 1.822845 2.033103
v -0.980392 1.737702 2.054834
v -0.985232 1.639379 2.065477
v -0.993292 1.527398 2.065554
v -1.005749 1.399509 2.055020
v -1.024221 1.251242 2.033150
v 1.894839 -0.976991 1.999620
v 1.822845 -0.977907 2.033103
v 1.737702 -0.980393 2.054833
v 1.639378 -0.985234 2.065476
v 1.527398 -0.993293 2.065553
v 1.399509 -1.005751 2.055020
v 1.251241 -1.024222 2.033150
v -0.976991 -1.894840 1.999619
v -0.977907 -1.822846 2.033103
v -0.980392 -1.737703 2.054833
v -0.985233 -1.639379 2.065476
v -0.993292 -1.527399 2.065553
v -1.005750 -1.399510 2.055020
v -1.024222 -1.251243 2.033150
v 1.999620 1.894839 0.976990
v 2.033103 1.822845 0.977906
v 2.054833 1.737702 0.980392
v 2.065476 1.639378 0.985233
v 2.065554 1.527397 0.993292
v 2.055020 1.399508 1.005750
v 2.033150 1.251241 1.024222
v 1.999620 -0.976990 -1.894840
v 2.033103 -0.977906 -1.822846
v 2.054833 -0.980392 -1.737703
v 2.065476 -0.985232 -1.639380
v 2.065553 -0.993292 -1.527398
v 2.055020 -1.005749 -1.399510
v 2.033149 -1.024221 -1.251242
v 1.999618 -1.894841 0.976990
v 2.033101 -1.822847 0.977906
v 2.054832 -1.737704 0.980391
v 2.065475 -1.639380 0.985232
v 2.065552 -1.527399 0.993292
v 2.055019 -1.399511 1.005749
v 2.033149 -1.251243 1.024221
v 1.894838 -1.999621 0.976990
v 1.822844 -2.033104 0.977906
v 1.737702 -2.054834 0.980391
v 1.639378 -2.065477 0.985232
v 1.527397 -2.065554 0.993292
v 1.399508 -2.055020 1.005749
v 1.251241 -2.033150 1.024221
v -0.976990 -1.999619 -1.894840
v -0.977906 -2.033102 -1.822846
v -0.980392 -2.054832 -1.737703
v -0.985233 -2.065475 -1.639380
v -0.993292 -2.065553 -1.527399
v -1.005750 -2.055019 -1.399510
v -1.024222 -2.033149 -1.251243
v -1.894840 -1.999619 0.976990
v -1.822846 -2.033102 0.977906
v -1.737703 -2.054833 0.980391
v -1.639380 -2.065475 0.985232
v -1.527399 -2.065553 0.993292
v -1.399510 -2.055019 1.005749
v -1.251243 -2.033149 1.024221
v -1.999620 -1.894839 0.976990
v -2.033103 -1.822845 0.977906
v -2.054833 -1.737702 0.980392
v -2.065476 -1.639379 0.985232
v -2.065554 -1.527398 0.993292
v -2.055020 -1.399509 1.005749
v -2.033150 -1.251242 1.024221
v -1.999619 0.976991 -1.894840
v -2.033102 0.977906 -1.822846
v -2.054833 0.980392 -1.737703
v -2.065475 0.985233 -1.639379
v -2.065553 0.993292 -1.527398
v -2.055019 1.005750 -1.399510
v -2.033149 1.024222 -1.251242
v -1.999619 1.894840 0.976991
v -2.033102 1.822846 0.977906
v -2.054833 1.737703 0.980392
v -2.065475 1.639379 0.985233
v -2.065553 1.527398 0.993292
v -2.055019 1.399510 1.005750
v -2.033149 1.251242 1.024222
v 1.894840 1.999619 0.976991
v 1.822846 2.033102 0.977906
v 1.737703 2.054832 0.980392
v 1.639380 2.065475 0.985233
v 1.527398 2.065553 0.993292
v 1.399510 2.055019 1.005750
v 1.251242 2.033149 1.024222
v -0.976990 1.999619 1.894840
v -0.977906 2.033102 1.822846
v -0.980391 2.054833 1.737703
v -0.985232 2.065475 1.639380
v -0.993291 2.065552 1.527399
v -1.005749 2.055019 1.399510
v -1.024221 2.033149 1.251243
v -0.976989 1.999620 -1.894840
v -0.977905 2.033103 -1.822845
v -0.980391 2.054834 -1.737702
v -0.985232 2.065476 -1.639379
v -0.993291 2.065554 -1.527398
v -1.005749 2.055020 -1.399509
v -1.024220 2.033150 -1.251242
v -1.953719 -1.953718 -0.755540
v -1.953719 -1.953718 -0.514596
v -1.953719 -1.953718 -0.260569
v -1.953719 -1.953718 -0.000000
v -1.953719 -1.953718 0.260568
v -1.953719 -1.953718 0.514595
v -1.953719 -1.953718 0.755539
v -0.968628 0.968627 1.918104
v -0.920145 0.920145 1.838768
v -0.893898 0.893898 1.751495
v -0.887676 0.887675 1.656837
v -0.900921 0.900920 1.554687
v -0.935393 0.935393 1.441652
v -0.994817 0.994817 1.310003
v 0.968628 1.918103 -0.968628
v 0.920145 1.838768 -0.920145
v 0.893898 1.751495 -0.893898
v 0.887676 1.656836 -0.887676
v 0.900921 1.554687 -0.900921
v 0.935393 1.441652 -0.935393
v 0.994817 1.310002 -0.994817
v 0.968628 -0.968627 -1.918104
v 0.920145 -0.920145 -1.838768
v 0.893898 -0.893898 -1.751495
v 0.887676 -0.887676 -1.656837
v 0.900921 -0.900921 -1.554687
v 0.935393 -0.935393 -1.441652
v 0.994817 -0.994817 -1.310003
v 0.968627 -1.918104 0.968628
v 0.920144 -1.838768 0.920145
v 0.893897 -1.751495 0.893898
v 0.887675 -1.656837 0.887676
v 0.900920 -1.554687 0.900921
v 0.935392 -1.441652 0.935393
v 0.994816 -1.310003 0.994817
v -0.968628 -1.918103 0.968628
v -0.920145 -1.838768 0.920145
v -0.893898 -1.751495 0.893898
v -0.887676 -1.656836 0.887675
v -0.900921 -1.554687 0.900921
v -0.935393 -1.441652 0.935393
v -0.994817 -1.310003 0.994817
v -0.968628 -0.968627 -1.918104
v -0.920145 -0.920145 -1.838768
v -0.893898 -0.893898 -1.751495
v -0.887676 -0.887675 -1.656837
v -0.900921 -0.900921 -1.554687
v -0.935393 -0.935393 -1.441652
v -0.994817 -0.994817 -1.310003
v -0.968627 1.918104 -0.968628
v -0.920144 1.838768 -0.920145
v -0.893897 1.751495 -0.893898
v -0.887675 1.656837 -0.887675
v -0.900920 1.554687 -0.900921
v -0.935392 1.441652 -0.935393
v -0.994816 1.310003 -0.994817
v 0.976990 -1.999619 -1.894840
v 0.977906 -2.033103 -1.822846
v 0.980391 -2.054833 -1.737704
v 0.985232 -2.065476 -1.639380
v 0.993291 -2.065553 -1.527399
v 1.005749 -2.055019 -1.399510
v 1.024221 -2.033150 -1.251243
v 0.790982 -1.977465 1.191739
v 0.533898 -1.968687 1.268455
v 0.269130 -1.963701 1.311360
v -0.000001 -1.962092 1.325040
v -0.269131 -1.963701 1.311360
v -0.533899 -1.968687 1.268454
v -0.790983 -1.977465 1.191739
v 0.976990 1.999620 -1.894840
v 0.977906 2.033103 -1.822845
v 0.980392 2.054833 -1.737703
v 0.985233 2.065476 -1.639379
v 0.993292 2.065554 -1.527398
v 1.005750 2.055020 -1.399509
v 1.024222 2.033149 -1.251242
v 1.918104 0.968627 0.968628
v 1.838768 0.920144 0.920145
v 1.751495 0.893897 0.893898
v 1.656836 0.887675 0.887676
v 1.554687 0.900920 0.900921
v 1.441652 0.935392 0.935393
v 1.310002 0.994816 0.994817
v -0.968628 -0.968628 1.918104
v -0.920145 -0.920145 1.838768
v -0.893898 -0.893898 1.751495
v -0.887676 -0.887676 1.656836
v -0.900921 -0.900921 1.554687
v -0.935393 -0.935393 1.441652
v -0.994817 -0.994817 1.310003
v 0.755539 -1.953719 1.953718
v 0.514595 -1.953719 1.953719
v 0.260568 -1.953719 1.953718
v -0.000001 -1.953719 1.953718
v -0.260569 -1.953719 1.953718
v -0.514596 -1.953719 1.953719
v -0.755540 -1.953719 1.953718
v 1.894840 0.976989 1.999620
v 1.822846 0.977905 2.033103
v 1.737703 0.980390 2.054834
v 1.639380 0.985231 2.065476
v 1.527398 0.993291 2.065554
v 1.399509 1.005748 2.055020
v 1.251242 1.024220 2.033150
v -1.999620 -0.976989 -1.894840
v -2.033103 -0.977905 -1.822846
v -2.054834 -0.980391 -1.737703
v -2.065476 -0.985231 -1.639380
v -2.065554 -0.993291 -1.527399
v -2.055020 -1.005748 -1.399510
v -2.033150 -1.024220 -1.251243
v 1.918103 -0.968629 0.968628
v 1.838767 -0.920146 0.920145
v 1.751494 -0.893899 0.893898
v 1.656835 -0.887676 0.887676
v 1.554686 -0.900922 0.900921
v 1.441651 -0.935394 0.935393
v 1.310002 -0.994818 0.994817
v -1.977465 -0.790982 1.191739
v -1.968687 -0.533898 1.268455
v -1.963701 -0.269130 1.311360
v -1.962092 -0.000000 1.325040
v -1.963701 0.269131 1.311360
v -1.968687 0.533899 1.268455
v -1.977464 0.790982 1.191739
v 1.191739 0.790983 -1.977465
v 1.268455 0.533899 -1.968687
v 1.311360 0.269131 -1.963701
v 1.325040 0.000000 -1.962092
v 1.311360 -0.269130 -1.963701
v 1.268455 -0.533898 -1.968687
v 1.191739 -0.790982 -1.977466
v 1.977465 0.790981 1.191739
v 1.968687 0.533898 1.268455
v 1.963701 0.269129 1.311360
v 1.962091 -0.000001 1.325040
v 1.963701 -0.269132 1.311360
v 1.968687 -0.533900 1.268455
v 1.977464 -0.790984 1.191739
v -1.918103 0.968628 0.968628
v -1.838767 0.920145 0.920145
v -1.751495 0.893898 0.893898
v -1.656836 0.887676 0.887676
v -1.554687 0.900921 0.900921
v -1.441652 0.935393 0.935393
v -1.310002 0.994817 0.994817
v -1.918104 -0.968627 0.968628
v -1.838768 -0.920145 0.920145
v -1.751495 -0.893898 0.893898
v -1.656836 -0.887675 0.887676
v -1.554687 -0.900921 0.900921
v -1.441652 -0.935393 0.935393
v -1.310003 -0.994817 0.994817
v 0.790983 1.977465 -1.191739
v 0.533899 1.968687 -1.268455
v 0.269131 1.963701 -1.311360
v 0.000001 1.962092 -1.325040
v -0.269130 1.963701 -1.311360
v -0.533898 1.968687 -1.268454
v -0.790982 1.977465 -1.191739
v -1.191738 0.790983 -1.977465
v -1.268454 0.533899 -1.968687
v -1.311360 0.269131 -1.963701
v -1.325040 0.000000 -1.962092
v -1.311360 -0.269130 -1.963701
v -1.268455 -0.533898 -1.968687
v -1.191739 -0.790982 -1.977466
v 1.191739 0.790981 1.977466
v 1.268454 0.533898 1.968687
v 1.311360 0.269129 1.963701
v 1.325040 -0.000001 1.962092
v 1.311360 -0.269132 1.963701
v 1.268454 -0.533900 1.968687
v 1.191738 -0.790984 1.977465
v -1.220614 -0.807223 -1.220614
v -1.285567 -0.541151 -1.285567
v -1.322311 -0.271883 -1.322312
v -1.334136 0.000000 -1.334137
v -1.322311 0.271884 -1.322312
v -1.285566 0.541152 -1.285567
v -1.220613 0.807224 -1.220614
v 0.790982 -1.191740 1.977465
v 0.533898 -1.268456 1.968687
v 0.269130 -1.311361 1.963701
v -0.000001 -1.325041 1.962092
v -0.269131 -1.311361 1.963701
v -0.533899 -1.268455 1.968687
v -0.790983 -1.191739 1.977465
v -1.220614 0.807223 1.220614
v -1.285567 0.541152 1.285567
v -1.322311 0.271883 1.322311
v -1.334137 -0.000000 1.334137
v -1.322311 -0.271883 1.322311
v -1.285567 -0.541152 1.285567
v -1.220614 -0.807224 1.220614
v 1.894602 -1.173366 -1.999439
v 1.893493 -1.344418 -1.997962
v 1.890617 -1.491012 -1.993885
v 1.885076 -1.614014 -1.985908
v 1.876360 -1.714450 -1.972925
v 1.865502 -1.793988 -1.954622
v 1.854575 -1.854575 -1.930621
v 1.822022 -1.174235 -2.033152
v 1.820739 -1.345301 -2.031780
v 1.818325 -1.492205 -2.027529
v 1.814106 -1.616045 -2.018941
v 1.807775 -1.718113 -2.004640
v 1.800478 -1.800477 -1.983577
v 1.793988 -1.865502 -1.954622
v 1.735219 -1.176551 -2.055547
v 1.732950 -1.347366 -2.054768
v 1.730395 -1.494319 -2.050872
v 1.727054 -1.618892 -2.042238
v 1.722687 -1.722687 -2.027291
v 1.718114 -1.807775 -2.004640
v 1.714450 -1.876360 -1.972925
v 1.633615 -1.181027 -2.067505
v 1.629110 -1.351097 -2.068014
v 1.625424 -1.497456 -2.065176
v 1.622116 -1.622116 -2.057168
v 1.618892 -1.727053 -2.042238
v 1.616045 -1.814106 -2.018942
v 1.614014 -1.885075 -1.985908
v 1.516093 -1.188488 -2.069898
v 1.507810 -1.357049 -2.072721
v 1.501795 -1.501795 -2.071830
v 1.497457 -1.625424 -2.065176
v 1.494319 -1.730395 -2.050872
v 1.492205 -1.818324 -2.027530
v 1.491012 -1.890616 -1.993885
v 1.379362 -1.200232 -2.063578
v 1.366060 -1.366059 -2.070553
v 1.357050 -1.507810 -2.072721
v 1.351098 -1.629110 -2.068014
v 1.347367 -1.732949 -2.054768
v 1.345302 -1.820739 -2.031780
v 1.344418 -1.893492 -1.997962
v 1.218528 -1.218527 -2.049857
v 1.200233 -1.379361 -2.063578
v 1.188488 -1.516092 -2.069898
v 1.181027 -1.633614 -2.067505
v 1.176552 -1.735218 -2.055547
v 1.174235 -1.822022 -2.033152
v 1.173366 -1.894601 -1.999440
v 1.854575 1.854575 -1.930620
v 1.865502 1.793989 -1.954621
v 1.876360 1.714450 -1.972924
v 1.885076 1.614014 -1.985907
v 1.890617 1.491012 -1.993885
v 1.893493 1.344419 -1.997961
v 1.894602 1.173367 -1.999439
v 1.793989 1.865502 -1.954621
v 1.800478 1.800478 -1.983577
v 1.807775 1.718114 -2.004640
v 1.814106 1.616045 -2.018941
v 1.818325 1.492205 -2.027529
v 1.820740 1.345302 -2.031780
v 1.822022 1.174235 -2.033151
v 1.714450 1.876360 -1.972924
v 1.718114 1.807775 -2.004639
v 1.722687 1.722687 -2.027290
v 1.727054 1.618892 -2.042238
v 1.730395 1.494319 -2.050872
v 1.732950 1.347367 -2.054767
v 1.735219 1.176552 -2.055547
v 1.614014 1.885076 -1.985907
v 1.616045 1.814106 -2.018941
v 1.618892 1.727054 -2.042238
v 1.622117 1.622117 -2.057168
v 1.625424 1.497457 -2.065176
v 1.629110 1.351098 -2.068013
v 1.633615 1.181027 -2.067505
v 1.491012 1.890617 -1.993885
v 1.492205 1.818325 -2.027529
v 1.494319 1.730396 -2.050872
v 1.497457 1.625425 -2.065176
v 1.501795 1.501795 -2.071830
v 1.507810 1.357050 -2.072721
v 1.516093 1.188488 -2.069897
v 1.344419 1.893493 -1.997961
v 1.345302 1.820740 -2.031780
v 1.347367 1.732950 -2.054767
v 1.351098 1.629110 -2.068013
v 1.357050 1.507811 -2.072721
v 1.366059 1.366060 -2.070553
v 1.379362 1.200233 -2.063577
v 1.173367 1.894602 -1.999439
v 1.174235 1.822022 -2.033151
v 1.176552 1.735219 -2.055547
v 1.181027 1.633615 -2.067505
v 1.188488 1.516093 -2.069897
v 1.200233 1.379362 -2.063577
v 1.218527 1.218528 -2.049857
v -1.218527 -1.218526 -2.049857
v -1.200232 -1.379361 -2.063578
v -1.188488 -1.516092 -2.069898
v -1.181027 -1.633614 -2.067505
v -1.176552 -1.735218 -2.055548
v -1.174235 -1.822021 -2.033152
v -1.173366 -1.894601 -1.999439
v -1.379362 -1.200232 -2.063578
v -1.366059 -1.366058 -2.070554
v -1.357050 -1.507809 -2.072721
v -1.351098 -1.629109 -2.068014
v -1.347367 -1.732949 -2.054768
v -1.345302 -1.820738 -2.031780
v -1.344418 -1.893492 -1.997962
v -1.516093 -1.188487 -2.069898
v -1.507810 -1.357049 -2.072721
v -1.501795 -1.501794 -2.071831
v -1.497457 -1.625423 -2.065177
v -1.494319 -1.730395 -2.050872
v -1.492205 -1.818323 -2.027530
v -1.491012 -1.890615 -1.993885
v -1.633615 -1.181026 -2.067505
v -1.629110 -1.351097 -2.068014
v -1.625424 -1.497456 -2.065177
v -1.622116 -1.622115 -2.057168
v -1.618892 -1.727053 -2.042238
v -1.616045 -1.814105 -2.018942
v -1.614014 -1.885075 -1.985908
v -1.735218 -1.176551 -2.055547
v -1.732950 -1.347366 -2.054768
v -1.730396 -1.494318 -2.050872
v -1.727054 -1.618891 -2.042238
v -1.722687 -1.722686 -2.027291
v -1.718114 -1.807774 -2.004640
v -1.714451 -1.876359 -1.972925
v -1.822022 -1.174234 -2.033152
v -1.820739 -1.345301 -2.031780
v -1.818325 -1.492204 -2.027530
v -1.814106 -1.616044 -2.018942
v -1.807775 -1.718113 -2.004640
v -1.800478 -1.800477 -1.983577
v -1.793989 -1.865501 -1.954622
v -1.894602 -1.173365 -1.999439
v -1.893493 -1.344417 -1.997962
v -1.890617 -1.491011 -1.993885
v -1.885076 -1.614013 -1.985908
v -1.876361 -1.714449 -1.972925
v -1.865502 -1.793988 -1.954622
v -1.854575 -1.854574 -1.930620
v -1.173366 1.894602 -1.999439
v -1.174234 1.822023 -2.033152
v -1.176551 1.735219 -2.055547
v -1.181026 1.633615 -2.067505
v -1.188487 1.516093 -2.069897
v -1.200231 1.379362 -2.063577
v -1.218526 1.218528 -2.049857
v -1.344417 1.893493 -1.997961
v -1.345301 1.820740 -2.031780
v -1.347366 1.732950 -2.054767
v -1.351097 1.629111 -2.068013
v -1.357049 1.507811 -2.072721
v -1.366058 1.366060 -2.070553
v -1.379361 1.200233 -2.063577
v -1.491011 1.890617 -1.993885
v -1.492204 1.818325 -2.027529
v -1.494318 1.730396 -2.050872
v -1.497456 1.625425 -2.065176
v -1.501794 1.501796 -2.071830
v -1.507809 1.357050 -2.072721
v -1.516092 1.188489 -2.069897
v -1.614013 1.885077 -1.985907
v -1.616044 1.814107 -2.018941
v -1.618891 1.727054 -2.042238
v -1.622116 1.622117 -2.057167
v -1.625423 1.497457 -2.065176
v -1.629109 1.351098 -2.068013
v -1.633614 1.181027 -2.067505
v -1.714449 1.876361 -1.972924
v -1.718113 1.807776 -2.004640
v -1.722686 1.722687 -2.027290
v -1.727053 1.618893 -2.042238
v -1.730395 1.494320 -2.050872
v -1.732949 1.347367 -2.054768
v -1.735218 1.176552 -2.055547
v -1.793988 1.865502 -1.954622
v -1.800477 1.800479 -1.983577
v -1.807774 1.718114 -2.004640
v -1.814105 1.616045 -2.018941
v -1.818324 1.492206 -2.027529
v -1.820738 1.345302 -2.031780
v -1.822021 1.174236 -2.033151
v -1.854574 1.854576 -1.930620
v -1.865501 1.793989 -1.954621
v -1.876359 1.714451 -1.972925
v -1.885075 1.614014 -1.985907
v -1.890616 1.491012 -1.993885
v -1.893492 1.344419 -1.997962
v -1.894601 1.173367 -1.999439
v -1.173366 1.894601 1.999440
v -1.344418 1.893492 1.997962
v -1.491012 1.890616 1.993885
v -1.614014 1.885076 1.985908
v -1.714450 1.876360 1.972925
v -1.793988 1.865501 1.954622
v -1.854575 1.854575 1.930621
v -1.174235 1.822021 2.033152
v -1.345302 1.820739 2.031780
v -1.492205 1.818324 2.027529
v -1.616045 1.814106 2.018941
v -1.718114 1.807775 2.004640
v -1.800478 1.800478 1.983577
v -1.865502 1.793988 1.954622
v -1.176551 1.735218 2.055547
v -1.347367 1.732949 2.054768
v -1.494319 1.730395 2.050872
v -1.618892 1.727053 2.042238
v -1.722687 1.722686 2.027291
v -1.807775 1.718113 2.004640
v -1.876360 1.714450 1.972925
v -1.181027 1.633614 2.067505
v -1.351098 1.629109 2.068014
v -1.497457 1.625424 2.065176
v -1.622116 1.622116 2.057168
v -1.727053 1.618892 2.042238
v -1.814106 1.616044 2.018942
v -1.885076 1.614014 1.985908
v -1.188488 1.516092 2.069898
v -1.357049 1.507810 2.072721
v -1.501795 1.501795 2.071830
v -1.625424 1.497456 2.065176
v -1.730395 1.494319 2.050872
v -1.818325 1.492205 2.027530
v -1.890616 1.491012 1.993885
v -1.200232 1.379361 2.063578
v -1.366059 1.366059 2.070553
v -1.507810 1.357049 2.072721
v -1.629110 1.351097 2.068014
v -1.732950 1.347366 2.054768
v -1.820739 1.345301 2.031780
v -1.893493 1.344418 1.997962
v -1.218527 1.218527 2.049857
v -1.379362 1.200232 2.063578
v -1.516093 1.188488 2.069898
v -1.633615 1.181027 2.067505
v -1.735218 1.176552 2.055547
v -1.822022 1.174235 2.033152
v -1.894601 1.173366 1.999439
v 1.854576 1.854573 1.930621
v 1.793989 1.865500 1.954622
v 1.714451 1.876359 1.972925
v 1.614014 1.885075 1.985908
v 1.491012 1.890615 1.993885
v 1.344419 1.893491 1.997962
v 1.173367 1.894600 1.999440
v 1.865502 1.793987 1.954622
v 1.800478 1.800476 1.983577
v 1.718114 1.807774 2.004640
v 1.616045 1.814104 2.018942
v 1.492206 1.818323 2.027529
v 1.345302 1.820738 2.031780
v 1.174235 1.822021 2.033152
v 1.876361 1.714449 1.972925
v 1.807776 1.718112 2.004640
v 1.722687 1.722685 2.027291
v 1.618893 1.727052 2.042238
v 1.494319 1.730394 2.050872
v 1.347367 1.732948 2.054768
v 1.176552 1.735217 2.055548
v 1.885076 1.614012 1.985907
v 1.814106 1.616043 2.018942
v 1.727054 1.618891 2.042238
v 1.622117 1.622115 2.057168
v 1.497457 1.625423 2.065177
v 1.351098 1.629109 2.068014
v 1.181027 1.633613 2.067505
v 1.890617 1.491010 1.993885
v 1.818325 1.492204 2.027530
v 1.730396 1.494318 2.050872
v 1.625425 1.497455 2.065176
v 1.501795 1.501794 2.071830
v 1.357050 1.507809 2.072721
v 1.188488 1.516091 2.069898
v 1.893493 1.344417 1.997962
v 1.820740 1.345300 2.031780
v 1.732950 1.347365 2.054768
v 1.629110 1.351096 2.068014
v 1.507810 1.357048 2.072721
v 1.366059 1.366058 2.070553
v 1.200232 1.379360 2.063578
v 1.894602 1.173365 1.999439
v 1.822022 1.174234 2.033152
v 1.735219 1.176551 2.055548
v 1.633615 1.181026 2.067505
v 1.516093 1.188487 2.069898
v 1.379362 1.200231 2.063578
v 1.218527 1.218526 2.049857
v -1.218528 -1.218527 2.049857
v -1.379362 -1.200233 2.063577
v -1.516093 -1.188488 2.069897
v -1.633615 -1.181027 2.067505
v -1.735219 -1.176551 2.055547
v -1.822022 -1.174235 2.033152
v -1.894602 -1.173366 1.999439
v -1.200233 -1.379362 2.063577
v -1.366060 -1.366059 2.070553
v -1.507810 -1.357050 2.072721
v -1.629110 -1.351097 2.068013
v -1.732950 -1.347367 2.054768
v -1.820739 -1.345301 2.031780
v -1.893493 -1.344418 1.997962
v -1.188489 -1.516093 2.069898
v -1.357050 -1.507810 2.072721
v -1.501796 -1.501795 2.071830
v -1.625424 -1.497457 2.065176
v -1.730396 -1.494319 2.050872
v -1.818325 -1.492205 2.027529
v -1.890617 -1.491012 1.993885
v -1.181027 -1.633615 2.067505
v -1.351098 -1.629110 2.068013
v -1.497457 -1.625424 2.065176
v -1.622117 -1.622116 2.057168
v -1.727054 -1.618892 2.042238
v -1.814106 -1.616045 2.018941
v -1.885077 -1.614014 1.985907
v -1.176552 -1.735218 2.055547
v -1.347367 -1.732950 2.054768
v -1.494320 -1.730395 2.050872
v -1.618893 -1.727053 2.042238
v -1.722687 -1.722686 2.027290
v -1.807775 -1.718113 2.004639
v -1.876361 -1.714450 1.972925
v -1.174236 -1.822022 2.033151
v -1.345302 -1.820739 2.031780
v -1.492206 -1.818324 2.027529
v -1.616045 -1.814106 2.018941
v -1.718114 -1.807775 2.004639
v -1.800478 -1.800478 1.983577
v -1.865502 -1.793988 1.954622
v -1.173367 -1.894601 1.999439
v -1.344419 -1.893492 1.997962
v -1.491013 -1.890616 1.993885
v -1.614015 -1.885076 1.985907
v -1.714451 -1.876360 1.972925
v -1.793989 -1.865501 1.954621
v -1.854575 -1.854575 1.930620
v 1.894601 -1.173368 1.999439
v 1.822021 -1.174237 2.033152
v 1.735217 -1.176553 2.055547
v 1.633614 -1.181028 2.067505
v 1.516092 -1.188490 2.069897
v 1.379361 -1.200233 2.063577
v 1.218527 -1.218528 2.049857
v 1.893492 -1.344419 1.997961
v 1.820738 -1.345303 2.031780
v 1.732949 -1.347368 2.054767
v 1.629109 -1.351099 2.068013
v 1.507809 -1.357051 2.072721
v 1.366058 -1.366060 2.070553
v 1.200232 -1.379363 2.063577
v 1.890615 -1.491013 1.993885
v 1.818323 -1.492206 2.027529
v 1.730394 -1.494320 2.050872
v 1.625423 -1.497458 2.065176
v 1.501794 -1.501796 2.071830
v 1.357049 -1.507811 2.072721
v 1.188487 -1.516094 2.069897
v 1.885075 -1.614015 1.985908
v 1.814105 -1.616046 2.018941
v 1.727052 -1.618894 2.042238
v 1.622115 -1.622118 2.057167
v 1.497455 -1.625425 2.065176
v 1.351097 -1.629111 2.068013
v 1.181026 -1.633616 2.067505
v 1.876359 -1.714452 1.972925
v 1.807774 -1.718115 2.004640
v 1.722685 -1.722688 2.027290
v 1.618891 -1.727054 2.042238
v 1.494318 -1.730397 2.050872
v 1.347366 -1.732951 2.054768
v 1.176551 -1.735219 2.055547
v 1.865500 -1.793990 1.954622
v 1.800477 -1.800479 1.983577
v 1.718112 -1.807776 2.004640
v 1.616044 -1.814107 2.018941
v 1.492204 -1.818326 2.027529
v 1.345301 -1.820740 2.031780
v 1.174234 -1.822023 2.033151
v 1.854574 -1.854576 1.930620
v 1.793987 -1.865503 1.954621
v 1.714449 -1.876361 1.972925
v 1.614013 -1.885077 1.985907
v 1.491011 -1.890618 1.993884
v 1.344417 -1.893494 1.997962
v 1.173365 -1.894602 1.999439
v 1.999439 1.894600 1.173367
v 1.997962 1.893491 1.344419
v 1.993885 1.890615 1.491012
v 1.985908 1.885075 1.614015
v 1.972925 1.876359 1.714451
v 1.954622 1.865500 1.793989
v 1.930621 1.854573 1.854576
v 2.033152 1.822021 1.174235
v 2.031780 1.820738 1.345302
v 2.027529 1.818323 1.492205
v 2.018941 1.814104 1.616045
v 2.004640 1.807774 1.718114
v 1.983578 1.800476 1.800478
v 1.954622 1.793987 1.865502
v 2.055547 1.735217 1.176552
v 2.054768 1.732949 1.347367
v 2.050872 1.730394 1.494319
v 2.042238 1.727052 1.618893
v 2.027291 1.722685 1.722687
v 2.004640 1.718112 1.807775
v 1.972925 1.714449 1.876361
v 2.067505 1.633613 1.181027
v 2.068014 1.629109 1.351098
v 2.065177 1.625423 1.497457
v 2.057168 1.622115 1.622117
v 2.042238 1.618891 1.727054
v 2.018941 1.616043 1.814106
v 1.985908 1.614012 1.885076
v 2.069898 1.516092 1.188488
v 2.072721 1.507809 1.357050
v 2.071831 1.501794 1.501796
v 2.065176 1.497455 1.625424
v 2.050872 1.494318 1.730396
v 2.027529 1.492204 1.818325
v 1.993885 1.491010 1.890617
v 2.063578 1.379361 1.200233
v 2.070553 1.366058 1.366060
v 2.072721 1.357048 1.507811
v 2.068014 1.351096 1.629110
v 2.054768 1.347365 1.732950
v 2.031780 1.345300 1.820740
v 1.997962 1.344417 1.893493
v 2.049857 1.218526 1.218528
v 2.063578 1.200231 1.379362
v 2.069898 1.188487 1.516093
v 2.067505 1.181026 1.633615
v 2.055547 1.176551 1.735219
v 2.033152 1.174234 1.822023
v 1.999439 1.173365 1.894602
v 1.930620 1.854575 -1.854575
v 1.954622 1.865502 -1.793988
v 1.972925 1.876360 -1.714450
v 1.985907 1.885076 -1.614013
v 1.993885 1.890616 -1.491012
v 1.997962 1.893492 -1.344418
v 1.999439 1.894601 -1.173366
v 1.954622 1.793988 -1.865502
v 1.983577 1.800478 -1.800478
v 2.004640 1.807775 -1.718114
v 2.018941 1.814106 -1.616045
v 2.027529 1.818324 -1.492205
v 2.031780 1.820739 -1.345302
v 2.033152 1.822022 -1.174235
v 1.972925 1.714450 -1.876360
v 2.004640 1.718113 -1.807775
v 2.027290 1.722686 -1.722687
v 2.042238 1.727053 -1.618892
v 2.050872 1.730395 -1.494319
v 2.054768 1.732949 -1.347367
v 2.055547 1.735218 -1.176552
v 1.985907 1.614014 -1.885076
v 2.018941 1.616045 -1.814106
v 2.042238 1.618892 -1.727053
v 2.057168 1.622116 -1.622116
v 2.065176 1.625424 -1.497457
v 2.068014 1.629110 -1.351098
v 2.067505 1.633614 -1.181027
v 1.993885 1.491012 -1.890616
v 2.027530 1.492205 -1.818324
v 2.050872 1.494319 -1.730395
v 2.065176 1.497456 -1.625424
v 2.071830 1.501795 -1.501795
v 2.072721 1.507810 -1.357049
v 2.069897 1.516092 -1.188488
v 1.997962 1.344418 -1.893493
v 2.031780 1.345302 -1.820739
v 2.054768 1.347366 -1.732950
v 2.068014 1.351097 -1.629110
v 2.072721 1.357049 -1.507810
v 2.070553 1.366059 -1.366059
v 2.063577 1.379361 -1.200232
v 1.999439 1.173367 -1.894601
v 2.033152 1.174235 -1.822022
v 2.055547 1.176552 -1.735218
v 2.067505 1.181027 -1.633615
v 2.069897 1.188488 -1.516093
v 2.063578 1.200232 -1.379362
v 2.049857 1.218527 -1.218527
v 2.049856 -1.218528 1.218527
v 2.063576 -1.200234 1.379362
v 2.069896 -1.188489 1.516092
v 2.067504 -1.181028 1.633614
v 2.055547 -1.176553 1.735218
v 2.033151 -1.174237 1.822022
v 1.999438 -1.173368 1.894601
v 2.063576 -1.379363 1.200232
v 2.070552 -1.366060 1.366059
v 2.072720 -1.357051 1.507810
v 2.068012 -1.351099 1.629110
v 2.054766 -1.347368 1.732950
v 2.031779 -1.345303 1.820739
v 1.997960 -1.344420 1.893493
v 2.069896 -1.516094 1.188488
v 2.072720 -1.507811 1.357049
v 2.071829 -1.501797 1.501795
v 2.065175 -1.497458 1.625424
v 2.050871 -1.494321 1.730395
v 2.027528 -1.492206 1.818325
v 1.993884 -1.491014 1.890616
v 2.067503 -1.633616 1.181027
v 2.068012 -1.629111 1.351097
v 2.065175 -1.625425 1.497457
v 2.057166 -1.622118 1.622116
v 2.042237 -1.618894 1.727054
v 2.018940 -1.616046 1.814106
v 1.985906 -1.614015 1.885076
v 2.055546 -1.735220 1.176552
v 2.054766 -1.732951 1.347367
v 2.050870 -1.730397 1.494319
v 2.042237 -1.727055 1.618892
v 2.027289 -1.722688 1.722687
v 2.004638 -1.718115 1.807775
v 1.972923 -1.714452 1.876360
v 2.033150 -1.822024 1.174235
v 2.031778 -1.820740 1.345302
v 2.027528 -1.818326 1.492205
v 2.018939 -1.814107 1.616045
v 2.004638 -1.807776 1.718114
v 1.983576 -1.800479 1.800478
v 1.954620 -1.793990 1.865502
v 1.999438 -1.894603 1.173366
v 1.997960 -1.893494 1.344418
v 1.993883 -1.890618 1.491012
v 1.985906 -1.885077 1.614014
v 1.972923 -1.876361 1.714450
v 1.954620 -1.865503 1.793988
v 1.930619 -1.854576 1.854575
v 1.999439 -1.173366 -1.894602
v 2.033152 -1.174235 -1.822023
v 2.055547 -1.176551 -1.735219
v 2.067504 -1.181027 -1.633615
v 2.069897 -1.188488 -1.516093
v 2.063577 -1.200232 -1.379362
v 2.049856 -1.218527 -1.218528
v 1.997962 -1.344418 -1.893493
v 2.031780 -1.345302 -1.820740
v 2.054767 -1.347367 -1.732950
v 2.068013 -1.351098 -1.629110
v 2.072721 -1.357049 -1.507810
v 2.070552 -1.366059 -1.366060
v 2.063577 -1.379362 -1.200233
v 1.993885 -1.491012 -1.890617
v 2.027529 -1.492205 -1.818325
v 2.050872 -1.494319 -1.730396
v 2.065176 -1.497457 -1.625425
v 2.071830 -1.501795 -1.501796
v 2.072720 -1.507810 -1.357050
v 2.069897 -1.516092 -1.188488
v 1.985907 -1.614014 -1.885077
v 2.018941 -1.616045 -1.814107
v 2.042238 -1.618892 -1.727054
v 2.057167 -1.622116 -1.622117
v 2.065176 -1.625424 -1.497457
v 2.068013 -1.629110 -1.351098
v 2.067504 -1.633615 -1.181027
v 1.972925 -1.714450 -1.876361
v 2.004640 -1.718114 -1.807776
v 2.027290 -1.722687 -1.722687
v 2.042238 -1.727053 -1.618893
v 2.050872 -1.730395 -1.494319
v 2.054767 -1.732950 -1.347367
v 2.055547 -1.735219 -1.176552
v 1.954622 -1.793988 -1.865502
v 1.983577 -1.800478 -1.800478
v 2.004639 -1.807775 -1.718114
v 2.018941 -1.814106 -1.616045
v 2.027529 -1.818325 -1.492206
v 2.031780 -1.820739 -1.345302
v 2.033151 -1.822022 -1.174235
v 1.930620 -1.854575 -1.854576
v 1.954621 -1.865502 -1.793989
v 1.972924 -1.876360 -1.714451
v 1.985907 -1.885076 -1.614014
v 1.993884 -1.890616 -1.491012
v 1.997961 -1.893493 -1.344419
v 1.999438 -1.894602 -1.173367
v 1.894600 -1.999440 1.173366
v 1.893491 -1.997962 1.344418
v 1.890615 -1.993886 1.491012
v 1.885075 -1.985909 1.614014
v 1.876359 -1.972926 1.714450
v 1.865500 -1.954623 1.793988
v 1.854573 -1.930621 1.854575
v 1.822021 -2.033153 1.174235
v 1.820738 -2.031781 1.345301
v 1.818323 -2.027530 1.492205
v 1.814104 -2.018942 1.616045
v 1.807774 -2.004641 1.718114
v 1.800476 -1.983578 1.800478
v 1.793987 -1.954623 1.865502
v 1.735217 -2.055548 1.176551
v 1.732949 -2.054769 1.347366
v 1.730394 -2.050873 1.494319
v 1.727052 -2.042239 1.618892
v 1.722685 -2.027291 1.722687
v 1.718112 -2.004641 1.807775
v 1.714449 -1.972926 1.876360
v 1.633613 -2.067506 1.181027
v 1.629109 -2.068014 1.351097
v 1.625423 -2.065177 1.497456
v 1.622115 -2.057168 1.622116
v 1.618891 -2.042239 1.727053
v 1.616043 -2.018942 1.814106
v 1.614012 -1.985908 1.885076
v 1.516092 -2.069898 1.188488
v 1.507809 -2.072721 1.357049
v 1.501794 -2.071831 1.501795
v 1.497455 -2.065177 1.625424
v 1.494318 -2.050873 1.730395
v 1.492204 -2.027530 1.818324
v 1.491011 -1.993886 1.890616
v 1.379361 -2.063578 1.200232
v 1.366058 -2.070553 1.366059
v 1.357048 -2.072721 1.507810
v 1.351096 -2.068014 1.629110
v 1.347365 -2.054769 1.732949
v 1.345301 -2.031780 1.820739
v 1.344417 -1.997962 1.893493
v 1.218526 -2.049857 1.218527
v 1.200231 -2.063578 1.379362
v 1.188487 -2.069898 1.516092
v 1.181026 -2.067506 1.633615
v 1.176551 -2.055548 1.735218
v 1.174234 -2.033152 1.822022
v 1.173365 -1.999440 1.894601
v 1.854575 -1.930620 -1.854576
v 1.865502 -1.954621 -1.793989
v 1.876360 -1.972924 -1.714451
v 1.885076 -1.985907 -1.614014
v 1.890616 -1.993885 -1.491012
v 1.893492 -1.997961 -1.344419
v 1.894601 -1.999439 -1.173367
v 1.793988 -1.954621 -1.865502
v 1.800478 -1.983577 -1.800479
v 1.807775 -2.004639 -1.718114
v 1.814106 -2.018941 -1.616045
v 1.818324 -2.027529 -1.492206
v 1.820739 -2.031780 -1.345302
v 1.822021 -2.033152 -1.174236
v 1.714450 -1.972924 -1.876361
v 1.718114 -2.004639 -1.807776
v 1.722687 -2.027290 -1.722687
v 1.727053 -2.042238 -1.618893
v 1.730395 -2.050872 -1.494319
v 1.732949 -2.054767 -1.347367
v 1.735218 -2.055547 -1.176552
v 1.614014 -1.985907 -1.885077
v 1.616045 -2.018941 -1.814107
v 1.618892 -2.042238 -1.727054
v 1.622116 -2.057167 -1.622117
v 1.625424 -2.065176 -1.497457
v 1.629109 -2.068013 -1.351098
v 1.633614 -2.067505 -1.181027
v 1.491012 -1.993884 -1.890617
v 1.492205 -2.027529 -1.818325
v 1.494319 -2.050871 -1.730396
v 1.497456 -2.065176 -1.625425
v 1.501795 -2.071829 -1.501796
v 1.507810 -2.072721 -1.357050
v 1.516092 -2.069897 -1.188489
v 1.344418 -1.997961 -1.893493
v 1.345302 -2.031779 -1.820740
v 1.347366 -2.054767 -1.732950
v 1.351097 -2.068013 -1.629110
v 1.357049 -2.072721 -1.507811
v 1.366059 -2.070553 -1.366060
v 1.379361 -2.063577 -1.200233
v 1.173366 -1.999438 -1.894602
v 1.174235 -2.033151 -1.822023
v 1.176552 -2.055547 -1.735219
v 1.181027 -2.067504 -1.633615
v 1.188488 -2.069897 -1.516093
v 1.200232 -2.063577 -1.379362
v 1.218527 -2.049857 -1.218528
v -1.218528 -2.049856 1.218527
v -1.200233 -2.063577 1.379362
v -1.188489 -2.069897 1.516092
v -1.181027 -2.067505 1.633614
v -1.176552 -2.055547 1.735218
v -1.174236 -2.033151 1.822022
v -1.173367 -1.999439 1.894601
v -1.379362 -2.063577 1.200232
v -1.366060 -2.070552 1.366059
v -1.357050 -2.072720 1.507810
v -1.351098 -2.068013 1.629110
v -1.347367 -2.054767 1.732950
v -1.345302 -2.031780 1.820739
v -1.344419 -1.997961 1.893493
v -1.516093 -2.069897 1.188488
v -1.507810 -2.072720 1.357049
v -1.501796 -2.071830 1.501795
v -1.497457 -2.065176 1.625424
v -1.494319 -2.050871 1.730395
v -1.492206 -2.027529 1.818324
v -1.491012 -1.993884 1.890616
v -1.633615 -2.067504 1.181026
v -1.629110 -2.068013 1.351097
v -1.625425 -2.065176 1.497456
v -1.622117 -2.057167 1.622116
v -1.618893 -2.042237 1.727054
v -1.616045 -2.018941 1.814106
v -1.614014 -1.985907 1.885076
v -1.735219 -2.055547 1.176551
v -1.732950 -2.054767 1.347366
v -1.730396 -2.050872 1.494319
v -1.727054 -2.042238 1.618892
v -1.722687 -2.027289 1.722687
v -1.718114 -2.004639 1.807775
v -1.714451 -1.972924 1.876360
v -1.822023 -2.033151 1.174235
v -1.820739 -2.031780 1.345302
v -1.818325 -2.027529 1.492205
v -1.814106 -2.018941 1.616045
v -1.807776 -2.004639 1.718114
v -1.800478 -1.983577 1.800478
v -1.793989 -1.954621 1.865502
v -1.894602 -1.999439 1.173366
v -1.893493 -1.997961 1.344418
v -1.890617 -1.993884 1.491012
v -1.885077 -1.985907 1.614014
v -1.876361 -1.972924 1.714450
v -1.865502 -1.954621 1.793988
v -1.854575 -1.930620 1.854575
v -1.173366 -1.999438 -1.894602
v -1.174235 -2.033151 -1.822023
v -1.176552 -2.055546 -1.735219
v -1.181027 -2.067504 -1.633615
v -1.188488 -2.069896 -1.516093
v -1.200232 -2.063576 -1.379362
v -1.218527 -2.049856 -1.218528
v -1.344418 -1.997960 -1.893493
v -1.345302 -2.031779 -1.820740
v -1.347367 -2.054767 -1.732950
v -1.351098 -2.068012 -1.629111
v -1.357050 -2.072720 -1.507811
v -1.366059 -2.070552 -1.366060
v -1.379362 -2.063577 -1.200233
v -1.491012 -1.993884 -1.890617
v -1.492205 -2.027528 -1.818325
v -1.494319 -2.050871 -1.730396
v -1.497457 -2.065175 -1.625425
v -1.501795 -2.071829 -1.501796
v -1.507810 -2.072720 -1.357050
v -1.516093 -2.069896 -1.188489
v -1.614014 -1.985906 -1.885077
v -1.616045 -2.018940 -1.814107
v -1.618892 -2.042237 -1.727054
v -1.622116 -2.057166 -1.622117
v -1.625424 -2.065175 -1.497457
v -1.629110 -2.068012 -1.351098
v -1.633615 -2.067504 -1.181027
v -1.714451 -1.972923 -1.876361
v -1.718114 -2.004639 -1.807776
v -1.722687 -2.027289 -1.722687
v -1.727054 -2.042237 -1.618893
v -1.730396 -2.050871 -1.494320
v -1.732950 -2.054767 -1.347367
v -1.735218 -2.055547 -1.176552
v -1.793989 -1.954621 -1.865502
v -1.800478 -1.983576 -1.800478
v -1.807775 -2.004638 -1.718114
v -1.814106 -2.018940 -1.616045
v -1.818325 -2.027528 -1.492206
v -1.820739 -2.031779 -1.345302
v -1.822022 -2.033151 -1.174236
v -1.854575 -1.930619 -1.854576
v -1.865502 -1.954620 -1.793989
v -1.876361 -1.972924 -1.714451
v -1.885076 -1.985906 -1.614014
v -1.890617 -1.993884 -1.491012
v -1.893493 -1.997961 -1.344419
v -1.894602 -1.999438 -1.173367
v -1.999439 -1.894601 1.173366
v -1.997962 -1.893492 1.344418
v -1.993885 -1.890616 1.491012
v -1.985908 -1.885076 1.614014
v -1.972925 -1.876360 1.714450
v -1.954622 -1.865501 1.793988
v -1.930620 -1.854575 1.854575
v -2.033152 -1.822022 1.174235
v -2.031780 -1.820739 1.345302
v -2.027529 -1.818324 1.492205
v -2.018941 -1.814105 1.616045
v -2.004640 -1.807775 1.718114
v -1.983577 -1.800478 1.800478
v -1.954622 -1.793988 1.865502
v -2.055547 -1.735218 1.176551
v -2.054768 -1.732949 1.347367
v -2.050872 -1.730395 1.494319
v -2.042238 -1.727053 1.618892
v -2.027290 -1.722686 1.722687
v -2.004640 -1.718113 1.807775
v -1.972925 -1.714450 1.876360
v -2.067505 -1.633614 1.181027
v -2.068014 -1.629109 1.351098
v -2.065176 -1.625424 1.497456
v -2.057168 -1.622116 1.622116
v -2.042238 -1.618892 1.727053
v -2.018941 -1.616044 1.814106
v -1.985907 -1.614014 1.885076
v -2.069898 -1.516092 1.188488
v -2.072721 -1.507810 1.357049
v -2.071830 -1.501795 1.501795
v -2.065176 -1.497456 1.625424
v -2.050872 -1.494318 1.730395
v -2.027529 -1.492205 1.818325
v -1.993885 -1.491012 1.890616
v -2.063578 -1.379361 1.200232
v -2.070553 -1.366059 1.366059
v -2.072721 -1.357049 1.507810
v -2.068014 -1.351097 1.629110
v -2.054768 -1.347366 1.732950
v -2.031780 -1.345301 1.820739
v -1.997962 -1.344418 1.893493
v -2.049857 -1.218527 1.218527
v -2.063578 -1.200232 1.379362
v -2.069898 -1.188488 1.516093
v -2.067505 -1.181026 1.633615
v -2.055547 -1.176551 1.735218
v -2.033152 -1.174235 1.822022
v -1.999439 -1.173366 1.894601
v -1.930620 -1.854574 -1.854576
v -1.954622 -1.865501 -1.793989
v -1.972925 -1.876359 -1.714451
v -1.985907 -1.885075 -1.614014
v -1.993885 -1.890615 -1.491012
v -1.997962 -1.893492 -1.344419
v -1.999439 -1.894601 -1.173367
v -1.954622 -1.793987 -1.865502
v -1.983577 -1.800477 -1.800478
v -2.004640 -1.807774 -1.718114
v -2.018941 -1.814105 -1.616045
v -2.027529 -1.818323 -1.492206
v -2.031780 -1.820738 -1.345302
v -2.033152 -1.822021 -1.174236
v -1.972925 -1.714449 -1.876361
v -2.004640 -1.718113 -1.807776
v -2.027290 -1.722686 -1.722687
v -2.042238 -1.727052 -1.618892
v -2.050872 -1.730394 -1.494319
v -2.054768 -1.732949 -1.347367
v -2.055547 -1.735217 -1.176552
v -1.985907 -1.614013 -1.885076
v -2.018941 -1.616044 -1.814106
v -2.042238 -1.618891 -1.727054
v -2.057168 -1.622115 -1.622117
v -2.065176 -1.625423 -1.497457
v -2.068014 -1.629109 -1.351098
v -2.067505 -1.633614 -1.181027
v -1.993885 -1.491011 -1.890617
v -2.027529 -1.492204 -1.818325
v -2.050872 -1.494318 -1.730396
v -2.065176 -1.497455 -1.625425
v -2.071830 -1.501794 -1.501796
v -2.072721 -1.507809 -1.357050
v -2.069897 -1.516091 -1.188488
v -1.997962 -1.344417 -1.893493
v -2.031780 -1.345301 -1.820740
v -2.054768 -1.347366 -1.732950
v -2.068014 -1.351096 -1.629110
v -2.072721 -1.357049 -1.507811
v -2.070553 -1.366058 -1.366059
v -2.063577 -1.379361 -1.200233
v -1.999439 -1.173365 -1.894602
v -2.033152 -1.174234 -1.822023
v -2.055547 -1.176551 -1.735219
v -2.067505 -1.181026 -1.633615
v -2.069897 -1.188487 -1.516093
v -2.063578 -1.200231 -1.379362
v -2.049857 -1.218526 -1.218528
v -2.049856 1.218527 1.218527
v -2.063577 1.200232 1.379362
v -2.069897 1.188488 1.516093
v -2.067505 1.181027 1.633615
v -2.055547 1.176552 1.735219
v -2.033151 1.174235 1.822023
v -1.999439 1.173366 1.894602
v -2.063577 1.379362 1.200233
v -2.070552 1.366059 1.366060
v -2.072720 1.357050 1.507810
v -2.068013 1.351097 1.629110
v -2.054767 1.347367 1.732950
v -2.031780 1.345302 1.820740
v -1.997961 1.344418 1.893493
v -2.069896 1.516092 1.188488
v -2.072720 1.507810 1.357050
v -2.071830 1.501795 1.501796
v -2.065176 1.497457 1.625425
v -2.050871 1.494319 1.730396
v -2.027529 1.492205 1.818325
v -1.993885 1.491012 1.890617
v -2.067504 1.633615 1.181027
v -2.068013 1.629110 1.351098
v -2.065176 1.625424 1.497457
v -2.057167 1.622116 1.622117
v -2.042238 1.618892 1.727054
v -2.018941 1.616045 1.814106
v -1.985907 1.614014 1.885077
v -2.055547 1.735218 1.176552
v -2.054767 1.732950 1.347367
v -2.050871 1.730395 1.494319
v -2.042238 1.727054 1.618893
v -2.027289 1.722687 1.722687
v -2.004639 1.718114 1.807775
v -1.972924 1.714450 1.876361
v -2.033151 1.822022 1.174236
v -2.031780 1.820739 1.345302
v -2.027529 1.818325 1.492206
v -2.018941 1.814106 1.616045
v -2.004639 1.807775 1.718114
v -1.983577 1.800478 1.800478
v -1.954621 1.793988 1.865502
v -1.999438 1.894601 1.173367
v -1.997961 1.893493 1.344419
v -1.993884 1.890616 1.491012
v -1.985907 1.885076 1.614015
v -1.972924 1.876360 1.714451
v -1.954621 1.865502 1.793989
v -1.930620 1.854575 1.854575
v -1.999438 1.173367 -1.894601
v -2.033151 1.174236 -1.822022
v -2.055547 1.176552 -1.735218
v -2.067504 1.181027 -1.633615
v -2.069897 1.188489 -1.516093
v -2.063577 1.200233 -1.379362
v -2.049856 1.218528 -1.218527
v -1.997961 1.344419 -1.893493
v -2.031779 1.345302 -1.820739
v -2.054767 1.347367 -1.732950
v -2.068012 1.351098 -1.629110
v -2.072720 1.357050 -1.507810
v -2.070552 1.366060 -1.366059
v -2.063577 1.379362 -1.200232
v -1.993884 1.491012 -1.890616
v -2.027529 1.492206 -1.818325
v -2.050871 1.494319 -1.730395
v -2.065176 1.497457 -1.625424
v -2.071829 1.501796 -1.501795
v -2.072720 1.507811 -1.357049
v -2.069896 1.516093 -1.188488
v -1.985907 1.614015 -1.885076
v -2.018940 1.616045 -1.814106
v -2.042237 1.618893 -1.727054
v -2.057167 1.622117 -1.622116
v -2.065175 1.625425 -1.497457
v -2.068013 1.629110 -1.351097
v -2.067504 1.633615 -1.181027
v -1.972924 1.714451 -1.876360
v -2.004639 1.718114 -1.807775
v -2.027289 1.722687 -1.722687
v -2.042237 1.727054 -1.618892
v -2.050871 1.730396 -1.494319
v -2.054767 1.732950 -1.347366
v -2.055547 1.735219 -1.176552
v -1.954621 1.793989 -1.865502
v -1.983576 1.800478 -1.800478
v -2.004639 1.807775 -1.718114
v -2.018940 1.814106 -1.616045
v -2.027528 1.818325 -1.492205
v -2.031779 1.820740 -1.345302
v -2.033151 1.822023 -1.174235
v -1.930619 1.854576 -1.854575
v -1.954621 1.865502 -1.793988
v -1.972924 1.876361 -1.714450
v -1.985906 1.885076 -1.614014
v -1.993884 1.890617 -1.491012
v -1.997961 1.893493 -1.344418
v -1.999438 1.894602 -1.173366
v 1.894602 1.999439 -1.173366
v 1.893493 1.997961 -1.344418
v 1.890617 1.993884 -1.491012
v 1.885076 1.985907 -1.614014
v 1.876360 1.972924 -1.714450
v 1.865502 1.954621 -1.793988
v 1.854575 1.930620 -1.854575
v 1.822022 2.033151 -1.174235
v 1.820739 2.031779 -1.345301
v 1.818325 2.027529 -1.492205
v 1.814106 2.018941 -1.616045
v 1.807775 2.004639 -1.718114
v 1.800478 1.983577 -1.800478
v 1.793989 1.954622 -1.865502
v 1.735219 2.055547 -1.176551
v 1.732950 2.054767 -1.347366
v 1.730395 2.050872 -1.494319
v 1.727054 2.042238 -1.618892
v 1.722687 2.027290 -1.722687
v 1.718114 2.004640 -1.807775
v 1.714450 1.972924 -1.876360
v 1.633615 2.067504 -1.181027
v 1.629110 2.068013 -1.351097
v 1.625424 2.065176 -1.497456
v 1.622116 2.057167 -1.622116
v 1.618892 2.042238 -1.727053
v 1.616045 2.018941 -1.814106
v 1.614014 1.985907 -1.885076
v 1.516093 2.069897 -1.188488
v 1.507810 2.072721 -1.357049
v 1.501795 2.071830 -1.501795
v 1.497457 2.065176 -1.625424
v 1.494319 2.050872 -1.730395
v 1.492205 2.027529 -1.818324
v 1.491012 1.993885 -1.890616
v 1.379362 2.063577 -1.200232
v 1.366060 2.070553 -1.366059
v 1.357050 2.072721 -1.507810
v 1.351098 2.068013 -1.629110
v 1.347367 2.054768 -1.732949
v 1.345302 2.031780 -1.820739
v 1.344418 1.997962 -1.893493
v 1.218528 2.049856 -1.218527
v 1.200233 2.063577 -1.379362
v 1.188488 2.069897 -1.516092
v 1.181027 2.067505 -1.633614
v 1.176552 2.055547 -1.735218
v 1.174235 2.033152 -1.822022
v 1.173367 1.999439 -1.894601
v 1.854576 1.930619 1.854576
v 1.865502 1.954620 1.793989
v 1.876361 1.972923 1.714451
v 1.885076 1.985906 1.614014
v 1.890617 1.993883 1.491012
v 1.893493 1.997960 1.344419
v 1.894602 1.999438 1.173367
v 1.793989 1.954620 1.865502
v 1.800478 1.983576 1.800479
v 1.807776 2.004638 1.718114
v 1.814106 2.018940 1.616045
v 1.818325 2.027528 1.492206
v 1.820740 2.031778 1.345302
v 1.822023 2.033150 1.174236
v 1.714451 1.972923 1.876361
v 1.718114 2.004638 1.807776
v 1.722687 2.027289 1.722687
v 1.727054 2.042236 1.618893
v 1.730396 2.050871 1.494319
v 1.732950 2.054766 1.347367
v 1.735219 2.055546 1.176552
v 1.614014 1.985906 1.885077
v 1.616045 2.018940 1.814107
v 1.618892 2.042236 1.727054
v 1.622117 2.057166 1.622117
v 1.625425 2.065175 1.497457
v 1.629110 2.068012 1.351098
v 1.633615 2.067504 1.181027
v 1.491012 1.993883 1.890617
v 1.492205 2.027528 1.818325
v 1.494319 2.050871 1.730396
v 1.497457 2.065175 1.625425
v 1.501796 2.071828 1.501796
v 1.507810 2.072720 1.357050
v 1.516093 2.069896 1.188489
v 1.344419 1.997960 1.893493
v 1.345302 2.031779 1.820740
v 1.347367 2.054766 1.732950
v 1.351098 2.068012 1.629110
v 1.357050 2.072720 1.507811
v 1.366059 2.070552 1.366060
v 1.379362 2.063576 1.200233
v 1.173367 1.999438 1.894602
v 1.174236 2.033151 1.822023
v 1.176552 2.055546 1.735219
v 1.181027 2.067504 1.633615
v 1.188488 2.069896 1.516093
v 1.200233 2.063576 1.379362
v 1.218527 2.049856 1.218528
v -1.218526 2.049857 -1.218527
v -1.200232 2.063578 -1.379362
v -1.188487 2.069898 -1.516092
v -1.181026 2.067505 -1.633614
v -1.176551 2.055548 -1.735218
v -1.174234 2.033152 -1.822022
v -1.173365 1.999439 -1.894601
v -1.379361 2.063578 -1.200232
v -1.366058 2.070553 -1.366059
v -1.357049 2.072721 -1.507810
v -1.351097 2.068014 -1.629110
v -1.347366 2.054768 -1.732950
v -1.345301 2.031780 -1.820739
v -1.344417 1.997962 -1.893493
v -1.516092 2.069898 -1.188488
v -1.507809 2.072721 -1.357049
v -1.501794 2.071831 -1.501795
v -1.497456 2.065177 -1.625424
v -1.494318 2.050872 -1.730395
v -1.492204 2.027530 -1.818324
v -1.491011 1.993885 -1.890616
v -1.633614 2.067505 -1.181026
v -1.629109 2.068014 -1.351097
v -1.625423 2.065177 -1.497456
v -1.622115 2.057168 -1.622116
v -1.618891 2.042238 -1.727054
v -1.616044 2.018942 -1.814106
v -1.614013 1.985908 -1.885076
v -1.735218 2.055547 -1.176551
v -1.732949 2.054768 -1.347366
v -1.730394 2.050872 -1.494319
v -1.727053 2.042238 -1.618892
v -1.722686 2.027291 -1.722687
v -1.718113 2.004640 -1.807775
v -1.714450 1.972925 -1.876360
v -1.822021 2.033152 -1.174235
v -1.820738 2.031780 -1.345302
v -1.818324 2.027530 -1.492205
v -1.814105 2.018942 -1.616045
v -1.807774 2.004640 -1.718114
v -1.800477 1.983577 -1.800478
v -1.793988 1.954622 -1.865502
v -1.894601 1.999439 -1.173366
v -1.893492 1.997962 -1.344418
v -1.890616 1.993885 -1.491012
v -1.885076 1.985908 -1.614014
v -1.876360 1.972925 -1.714450
v -1.865501 1.954622 -1.793988
v -1.854574 1.930620 -1.854575
v -1.173366 1.999438 1.894602
v -1.174235 2.033151 1.822023
v -1.176551 2.055547 1.735219
v -1.181026 2.067504 1.633615
v -1.188488 2.069897 1.516093
v -1.200232 2.063576 1.379362
v -1.218527 2.049856 1.218528
v -1.344418 1.997961 1.893493
v -1.345301 2.031779 1.820740
v -1.347366 2.054767 1.732950
v -1.351097 2.068013 1.629111
v -1.357049 2.072720 1.507811
v -1.366059 2.070552 1.366060
v -1.379361 2.063577 1.200233
v -1.491012 1.993884 1.890617
v -1.492205 2.027529 1.818325
v -1.494318 2.050871 1.730396
v -1.497456 2.065176 1.625425
v -1.501795 2.071829 1.501796
v -1.507810 2.072720 1.357050
v -1.516092 2.069897 1.188489
v -1.614014 1.985907 1.885077
v -1.616045 2.018941 1.814107
v -1.618892 2.042238 1.727054
v -1.622116 2.057167 1.622117
v -1.625423 2.065176 1.497457
v -1.629109 2.068013 1.351098
v -1.633614 2.067504 1.181027
v -1.714450 1.972924 1.876361
v -1.718113 2.004639 1.807776
v -1.722686 2.027290 1.722687
v -1.727053 2.042238 1.618893
v -1.730395 2.050872 1.494320
v -1.732949 2.054768 1.347367
v -1.735218 2.055547 1.176552
v -1.793988 1.954621 1.865502
v -1.800478 1.983577 1.800478
v -1.807775 2.004639 1.718114
v -1.814105 2.018941 1.616045
v -1.818324 2.027529 1.492206
v -1.820739 2.031780 1.345302
v -1.822022 2.033151 1.174236
v -1.854575 1.930620 1.854576
v -1.865502 1.954621 1.793989
v -1.876360 1.972924 1.714451
v -1.885075 1.985907 1.614014
v -1.890616 1.993885 1.491012
v -1.893492 1.997962 1.344419
v -1.894601 1.999439 1.173367
v 0.755658 -1.999589 1.894951
v 0.514685 -1.999564 1.895063
v 0.260616 -1.999548 1.895149
v -0.000001 -1.999542 1.895183
v -0.260617 -1.999547 1.895149
v -0.514686 -1.999564 1.895063
v -0.755660 -1.999588 1.894951
v 0.756495 -2.032852 1.823735
v 0.515314 -2.032655 1.824628
v 0.260952 -2.032525 1.825317
v -0.000001 -2.032478 1.825593
v -0.260954 -2.032524 1.825317
v -0.515316 -2.032654 1.824628
v -0.756497 -2.032852 1.823735
v 0.758767 -2.053987 1.740704
v 0.517023 -2.053319 1.743719
v 0.261865 -2.052881 1.746044
v -0.000001 -2.052724 1.746975
v -0.261866 -2.052881 1.746044
v -0.517025 -2.053319 1.743719
v -0.758769 -2.053986 1.740704
v 0.763192 -2.063468 1.646493
v 0.520351 -2.061886 1.653640
v 0.263642 -2.060848 1.659151
v -0.000001 -2.060475 1.661358
v -0.263644 -2.060848 1.659151
v -0.520353 -2.061885 1.653640
v -0.763194 -2.063468 1.646493
v 0.770352 -2.061579 1.541764
v 0.525526 -2.058500 1.556190
v 0.266335 -2.056507 1.567059
v -0.000001 -2.055798 1.571326
v -0.266337 -2.056507 1.567059
v -0.525528 -2.058499 1.556190
v -0.770354 -2.061578 1.541764
v 0.780290 -2.047815 1.427294
v 0.531531 -2.042573 1.455156
v 0.269046 -2.039341 1.474592
v -0.000001 -2.038234 1.481686
v -0.269048 -2.039341 1.474592
v -0.531533 -2.042572 1.455156
v -0.780291 -2.047814 1.427294
v 0.791257 -2.020978 1.305722
v 0.536185 -2.013167 1.355944
v 0.270534 -2.008662 1.387317
v -0.000001 -2.007195 1.397803
v -0.270535 -2.008662 1.387316
v -0.536186 -2.013167 1.355944
v -0.791258 -2.020978 1.305722
v -0.755660 -1.894951 1.999588
v -0.514686 -1.895063 1.999563
v -0.260617 -1.895149 1.999547
v -0.000001 -1.895184 1.999541
v 0.260616 -1.895149 1.999547
v 0.514685 -1.895063 1.999563
v 0.755658 -1.894952 1.999588
v -0.756497 -1.823735 2.032852
v -0.515316 -1.824628 2.032654
v -0.260954 -1.825317 2.032524
v -0.000001 -1.825593 2.032478
v 0.260952 -1.825317 2.032524
v 0.515314 -1.824629 2.032654
v 0.756495 -1.823736 2.032852
v -0.758769 -1.740704 2.053986
v -0.517025 -1.743719 2.053318
v -0.261866 -1.746044 2.052881
v -0.000001 -1.746976 2.052724
v 0.261865 -1.746045 2.052881
v 0.517023 -1.743720 2.053319
v 0.758767 -1.740705 2.053986
v -0.763194 -1.646493 2.063468
v -0.520353 -1.653640 2.061885
v -0.263644 -1.659151 2.060848
v -0.000001 -1.661359 2.060475
v 0.263642 -1.659152 2.060848
v 0.520351 -1.653641 2.061885
v 0.763192 -1.646494 2.063468
v -0.770353 -1.541765 2.061578
v -0.525528 -1.556191 2.058500
v -0.266337 -1.567059 2.056507
v -0.000001 -1.571327 2.055798
v 0.266335 -1.567060 2.056507
v 0.525526 -1.556191 2.058500
v 0.770352 -1.541766 2.061578
v -0.780291 -1.427295 2.047815
v -0.531533 -1.455157 2.042572
v -0.269048 -1.474593 2.039341
v -0.000001 -1.481687 2.038234
v 0.269046 -1.474593 2.039341
v 0.531531 -1.455158 2.042572
v 0.780290 -1.427296 2.047814
v -0.791259 -1.305723 2.020978
v -0.536186 -1.355945 2.013167
v -0.270535 -1.387318 2.008662
v -0.000001 -1.397804 2.007195
v 0.270534 -1.387318 2.008662
v 0.536185 -1.355945 2.013167
v 0.791257 -1.305724 2.020978
v 0.762484 -1.914211 1.111603
v 0.520913 -1.908286 1.201604
v 0.263878 -1.904283 1.251934
v -0.000001 -1.902905 1.267892
v -0.263879 -1.904282 1.251934
v -0.520914 -1.908286 1.201604
v -0.762485 -1.914210 1.111603
v 0.730309 -1.837416 1.061161
v 0.504205 -1.834775 1.155869
v 0.257090 -1.832691 1.210034
v -0.000001 -1.831895 1.227376
v -0.257092 -1.832691 1.210034
v -0.504206 -1.834775 1.155869
v -0.730310 -1.837416 1.061161
v 0.710311 -1.751523 1.033569
v 0.492308 -1.751625 1.129831
v 0.251758 -1.751796 1.185626
v -0.000001 -1.751893 1.203641
v -0.251759 -1.751796 1.185626
v -0.492309 -1.751624 1.129831
v -0.710312 -1.751522 1.033569
v 0.705500 -1.658225 1.026744
v 0.489259 -1.661281 1.122933
v 0.250307 -1.664337 1.178782
v -0.000001 -1.665726 1.196833
v -0.250308 -1.664337 1.178782
v -0.489260 -1.661281 1.122933
v -0.705501 -1.658225 1.026744
v 0.716614 -1.558305 1.039987
v 0.496901 -1.566015 1.134932
v 0.254160 -1.573308 1.189499
v -0.000001 -1.576509 1.206981
v -0.254161 -1.573308 1.189499
v -0.496902 -1.566015 1.134933
v -0.716615 -1.558305 1.039987
v 0.743320 -1.450637 1.074769
v 0.512808 -1.468404 1.165981
v 0.261275 -1.482836 1.217357
v -0.000001 -1.488486 1.233630
v -0.261276 -1.482836 1.217357
v -0.512809 -1.468404 1.165981
v -0.743321 -1.450637 1.074769
v 0.781803 -1.334805 1.133511
v 0.531698 -1.372204 1.216245
v 0.268523 -1.397471 1.261820
v -0.000001 -1.406186 1.276207
v -0.268524 -1.397471 1.261820
v -0.531699 -1.372203 1.216245
v -0.781805 -1.334805 1.133511
v 0.762484 -1.111604 1.914210
v 0.730309 -1.061162 1.837416
v 0.710311 -1.033570 1.751522
v 0.705500 -1.026745 1.658225
v 0.716614 -1.039988 1.558305
v 0.743320 -1.074770 1.450637
v 0.781803 -1.133512 1.334804
v 0.520913 -1.201605 1.908286
v 0.504205 -1.155870 1.834775
v 0.492308 -1.129832 1.751624
v 0.489259 -1.122933 1.661281
v 0.496902 -1.134933 1.566015
v 0.512808 -1.165981 1.468404
v 0.531698 -1.216246 1.372203
v 0.263878 -1.251935 1.904282
v 0.257091 -1.210035 1.832691
v 0.251758 -1.185627 1.751796
v 0.250307 -1.178783 1.664337
v 0.254160 -1.189500 1.573308
v 0.261275 -1.217357 1.482836
v 0.268523 -1.261820 1.397470
v -0.000001 -1.267893 1.902905
v -0.000001 -1.227377 1.831895
v -0.000001 -1.203642 1.751892
v -0.000001 -1.196834 1.665726
v 0.000000 -1.206982 1.576509
v 0.000000 -1.233631 1.488486
v -0.000001 -1.276207 1.406186
v -0.263879 -1.251935 1.904282
v -0.257092 -1.210035 1.832691
v -0.251759 -1.185626 1.751796
v -0.250308 -1.178782 1.664337
v -0.254161 -1.189500 1.573308
v -0.261276 -1.217357 1.482836
v -0.268524 -1.261820 1.397470
v -0.520914 -1.201605 1.908286
v -0.504206 -1.155870 1.834775
v -0.492309 -1.129831 1.751624
v -0.489260 -1.122933 1.661281
v -0.496902 -1.134933 1.566015
v -0.512809 -1.165981 1.468404
v -0.531699 -1.216246 1.372203
v -0.762485 -1.111604 1.914211
v -0.730310 -1.061162 1.837416
v -0.710312 -1.033569 1.751522
v -0.705501 -1.026745 1.658225
v -0.716615 -1.039988 1.558305
v -0.743321 -1.074770 1.450637
v -0.781804 -1.133512 1.334804
v 0.755660 1.999589 -1.894951
v 0.514686 1.999564 -1.895063
v 0.260617 1.999548 -1.895149
v 0.000001 1.999542 -1.895183
v -0.260616 1.999548 -1.895149
v -0.514685 1.999564 -1.895063
v -0.755659 1.999589 -1.894951
v 0.756497 2.032852 -1.823735
v 0.515315 2.032654 -1.824628
v 0.260953 2.032525 -1.825317
v 0.000001 2.032478 -1.825593
v -0.260952 2.032525 -1.825317
v -0.515314 2.032654 -1.824628
v -0.756496 2.032852 -1.823735
v 0.758769 2.053986 -1.740704
v 0.517024 2.053319 -1.743719
v 0.261866 2.052881 -1.746044
v 0.000001 2.052724 -1.746975
v -0.261865 2.052881 -1.746044
v -0.517023 2.053319 -1.743719
v -0.758768 2.053987 -1.740704
v 0.763194 2.063468 -1.646493
v 0.520352 2.061885 -1.653640
v 0.263643 2.060848 -1.659151
v 0.000001 2.060476 -1.661358
v -0.263642 2.060848 -1.659151
v -0.520351 2.061886 -1.653640
v -0.763193 2.063469 -1.646493
v 0.770353 2.061578 -1.541764
v 0.525528 2.058500 -1.556190
v 0.266337 2.056507 -1.567059
v 0.000001 2.055798 -1.571326
v -0.266336 2.056507 -1.567059
v -0.525527 2.058500 -1.556190
v -0.770352 2.061579 -1.541764
v 0.780291 2.047814 -1.427294
v 0.531532 2.042572 -1.455156
v 0.269048 2.039341 -1.474592
v 0.000001 2.038234 -1.481686
v -0.269047 2.039341 -1.474592
v -0.531532 2.042573 -1.455157
v -0.780290 2.047815 -1.427294
v 0.791258 2.020978 -1.305722
v 0.536186 2.013167 -1.355944
v 0.270535 2.008662 -1.387317
v 0.000000 2.007195 -1.397803
v -0.270534 2.008662 -1.387316
v -0.536185 2.013167 -1.355944
v -0.791257 2.020979 -1.305722
v 0.755660 1.894951 -1.999588
v 0.756497 1.823735 -2.032852
v 0.758769 1.740704 -2.053986
v 0.763193 1.646494 -2.063468
v 0.770353 1.541765 -2.061578
v 0.780291 1.427295 -2.047814
v 0.791258 1.305723 -2.020978
v 0.514686 1.895063 -1.999564
v 0.515316 1.824629 -2.032654
v 0.517024 1.743720 -2.053319
v 0.520352 1.653640 -2.061885
v 0.525528 1.556191 -2.058499
v 0.531533 1.455157 -2.042572
v 0.536186 1.355945 -2.013167
v 0.260617 1.895149 -1.999547
v 0.260953 1.825318 -2.032524
v 0.261866 1.746044 -2.052881
v 0.263643 1.659152 -2.060848
v 0.266337 1.567060 -2.056507
v 0.269048 1.474593 -2.039341
v 0.270535 1.387317 -2.008662
v 0.000001 1.895184 -1.999541
v 0.000001 1.825594 -2.032478
v 0.000001 1.746976 -2.052724
v 0.000001 1.661359 -2.060475
v 0.000001 1.571327 -2.055798
v 0.000001 1.481687 -2.038234
v 0.000001 1.397803 -2.007195
v -0.260616 1.895149 -1.999547
v -0.260952 1.825318 -2.032525
v -0.261865 1.746045 -2.052881
v -0.263642 1.659152 -2.060848
v -0.266336 1.567059 -2.056506
v -0.269047 1.474593 -2.039340
v -0.270534 1.387317 -2.008662
v -0.514685 1.895064 -1.999564
v -0.515314 1.824629 -2.032654
v -0.517023 1.743720 -2.053319
v -0.520351 1.653640 -2.061885
v -0.525527 1.556191 -2.058500
v -0.531532 1.455157 -2.042572
v -0.536185 1.355945 -2.013167
v -0.755659 1.894952 -1.999588
v -0.756496 1.823735 -2.032852
v -0.758768 1.740704 -2.053986
v -0.763193 1.646494 -2.063468
v -0.770352 1.541765 -2.061578
v -0.780290 1.427295 -2.047815
v -0.791257 1.305723 -2.020978
v 0.762485 1.914211 -1.111603
v 0.520914 1.908286 -1.201604
v 0.263879 1.904282 -1.251934
v 0.000001 1.902905 -1.267892
v -0.263878 1.904282 -1.251934
v -0.520913 1.908286 -1.201604
v -0.762484 1.914211 -1.111603
v 0.730310 1.837416 -1.061161
v 0.504206 1.834775 -1.155869
v 0.257092 1.832691 -1.210034
v 0.000001 1.831895 -1.227376
v -0.257090 1.832691 -1.210034
v -0.504205 1.834775 -1.155869
v -0.730309 1.837416 -1.061161
v 0.710312 1.751522 -1.033569
v 0.492309 1.751624 -1.129831
v 0.251759 1.751796 -1.185626
v 0.000001 1.751893 -1.203641
v -0.251758 1.751796 -1.185626
v -0.492308 1.751624 -1.129831
v -0.710311 1.751523 -1.033569
v 0.705501 1.658225 -1.026744
v 0.489260 1.661281 -1.122933
v 0.250308 1.664337 -1.178782
v 0.000001 1.665726 -1.196833
v -0.250307 1.664337 -1.178782
v -0.489259 1.661281 -1.122933
v -0.705500 1.658225 -1.026744
v 0.716615 1.558305 -1.039987
v 0.496902 1.566015 -1.134932
v 0.254161 1.573308 -1.189499
v 0.000001 1.576509 -1.206981
v -0.254160 1.573308 -1.189499
v -0.496901 1.566015 -1.134933
v -0.716614 1.558305 -1.039987
v 0.743321 1.450637 -1.074769
v 0.512809 1.468404 -1.165981
v 0.261276 1.482836 -1.217357
v 0.000001 1.488486 -1.233630
v -0.261275 1.482836 -1.217357
v -0.512808 1.468404 -1.165980
v -0.743320 1.450637 -1.074769
v 0.781804 1.334804 -1.133511
v 0.531699 1.372203 -1.216245
v 0.268524 1.397471 -1.261820
v 0.000001 1.406186 -1.276207
v -0.268523 1.397471 -1.261820
v -0.531698 1.372204 -1.216245
v -0.781803 1.334804 -1.133511
v 0.762485 1.111604 -1.914210
v 0.730310 1.061162 -1.837416
v 0.710312 1.033569 -1.751522
v 0.705501 1.026745 -1.658225
v 0.716615 1.039988 -1.558305
v 0.743321 1.074769 -1.450637
v 0.781804 1.133512 -1.334804
v 0.520914 1.201605 -1.908286
v 0.504206 1.155870 -1.834775
v 0.492309 1.129831 -1.751624
v 0.489260 1.122933 -1.661281
v 0.496902 1.134933 -1.566015
v 0.512809 1.165981 -1.468404
v 0.531699 1.216246 -1.372203
v 0.263879 1.251935 -1.904282
v 0.257091 1.210035 -1.832691
v 0.251759 1.185626 -1.751796
v 0.250308 1.178782 -1.664337
v 0.254161 1.189500 -1.573308
v 0.261276 1.217357 -1.482836
v 0.268524 1.261820 -1.397470
v 0.000001 1.267893 -1.902905
v 0.000001 1.227377 -1.831895
v 0.000000 1.203641 -1.751892
v 0.000000 1.196834 -1.665726
v 0.000000 1.206982 -1.576509
v 0.000001 1.233631 -1.488486
v 0.000001 1.276207 -1.406186
v -0.263878 1.251935 -1.904282
v -0.257091 1.210035 -1.832691
v -0.251758 1.185626 -1.751796
v -0.250307 1.178782 -1.664337
v -0.254160 1.189500 -1.573308
v -0.261275 1.217358 -1.482836
v -0.268523 1.261820 -1.397470
v -0.520913 1.201605 -1.908286
v -0.504205 1.155870 -1.834775
v -0.492308 1.129831 -1.751624
v -0.489259 1.122933 -1.661281
v -0.496901 1.134933 -1.566015
v -0.512808 1.165981 -1.468404
v -0.531698 1.216246 -1.372203
v -0.762484 1.111604 -1.914211
v -0.730309 1.061162 -1.837416
v -0.710311 1.033569 -1.751522
v -0.705500 1.026745 -1.658225
v -0.716614 1.039988 -1.558305
v -0.743320 1.074770 -1.450637
v -0.781803 1.133512 -1.334804
v 0.755659 -1.999588 -1.894952
v 0.756496 -2.032851 -1.823735
v 0.758768 -2.053985 -1.740705
v 0.763193 -2.063468 -1.646494
v 0.770353 -2.061578 -1.541765
v 0.780290 -2.047814 -1.427295
v 0.791258 -2.020978 -1.305723
v 0.514685 -1.999563 -1.895064
v 0.515315 -2.032654 -1.824629
v 0.517024 -2.053318 -1.743720
v 0.520352 -2.061885 -1.653640
v 0.525527 -2.058499 -1.556191
v 0.531532 -2.042572 -1.455157
v 0.536185 -2.013167 -1.355945
v 0.260616 -1.999547 -1.895149
v 0.260953 -2.032524 -1.825318
v 0.261865 -2.052880 -1.746045
v 0.263643 -2.060847 -1.659152
v 0.266336 -2.056506 -1.567060
v 0.269047 -2.039340 -1.474593
v 0.270534 -2.008662 -1.387317
v 0.000000 -1.999541 -1.895184
v 0.000000 -2.032477 -1.825594
v 0.000000 -2.052723 -1.746976
v 0.000000 -2.060474 -1.661359
v 0.000000 -2.055797 -1.571327
v 0.000000 -2.038234 -1.481687
v 0.000000 -2.007195 -1.397803
v -0.260617 -1.999546 -1.895149
v -0.260953 -2.032524 -1.825318
v -0.261866 -2.052880 -1.746045
v -0.263643 -2.060847 -1.659152
v -0.266336 -2.056506 -1.567059
v -0.269047 -2.039340 -1.474593
v -0.270535 -2.008662 -1.387317
v -0.514686 -1.999563 -1.895064
v -0.515315 -2.032654 -1.824629
v -0.517024 -2.053318 -1.743720
v -0.520352 -2.061884 -1.653640
v -0.525528 -2.058499 -1.556191
v -0.531532 -2.042572 -1.455157
v -0.536186 -2.013166 -1.355945
v -0.755659 -1.999588 -1.894952
v -0.756496 -2.032851 -1.823735
v -0.758769 -2.053985 -1.740704
v -0.763193 -2.063467 -1.646494
v -0.770353 -2.061577 -1.541765
v -0.780291 -2.047814 -1.427295
v -0.791258 -2.020977 -1.305723
v 0.755659 -1.894950 -1.999589
v 0.514685 -1.895062 -1.999564
v 0.260616 -1.895148 -1.999548
v 0.000000 -1.895183 -1.999542
v -0.260617 -1.895148 -1.999548
v -0.514686 -1.895062 -1.999564
v -0.755659 -1.894950 -1.999589
v 0.756496 -1.823734 -2.032852
v 0.515315 -1.824627 -2.032655
v 0.260953 -1.825316 -2.032525
v 0.000000 -1.825592 -2.032478
v -0.260953 -1.825316 -2.032525
v -0.515315 -1.824627 -2.032655
v -0.756496 -1.823734 -2.032852
v 0.758768 -1.740703 -2.053987
v 0.517024 -1.743718 -2.053319
v 0.261866 -1.746043 -2.052881
v 0.000000 -1.746975 -2.052724
v -0.261866 -1.746043 -2.052881
v -0.517024 -1.743718 -2.053319
v -0.758768 -1.740703 -2.053987
v 0.763193 -1.646492 -2.063468
v 0.520352 -1.653639 -2.061886
v 0.263643 -1.659150 -2.060848
v 0.000000 -1.661358 -2.060476
v -0.263643 -1.659150 -2.060848
v -0.520352 -1.653639 -2.061886
v -0.763193 -1.646492 -2.063469
v 0.770353 -1.541764 -2.061579
v 0.525527 -1.556190 -2.058500
v 0.266336 -1.567058 -2.056507
v 0.000000 -1.571326 -2.055799
v -0.266336 -1.567058 -2.056507
v -0.525527 -1.556190 -2.058500
v -0.770353 -1.541764 -2.061579
v 0.780291 -1.427294 -2.047815
v 0.531532 -1.455156 -2.042573
v 0.269047 -1.474592 -2.039341
v 0.000000 -1.481686 -2.038234
v -0.269047 -1.474592 -2.039341
v -0.531532 -1.455156 -2.042573
v -0.780291 -1.427294 -2.047815
v 0.791258 -1.305722 -2.020979
v 0.536186 -1.355944 -2.013167
v 0.270534 -1.387316 -2.008663
v 0.000000 -1.397803 -2.007195
v -0.270534 -1.387316 -2.008662
v -0.536186 -1.355944 -2.013167
v -0.791258 -1.305722 -2.020979
v 0.762485 -1.111603 -1.914211
v 0.520913 -1.201604 -1.908287
v 0.263878 -1.251934 -1.904283
v 0.000000 -1.267892 -1.902906
v -0.263878 -1.251934 -1.904283
v -0.520913 -1.201604 -1.908286
v -0.762484 -1.111603 -1.914211
v 0.730310 -1.061161 -1.837416
v 0.504205 -1.155869 -1.834776
v 0.257091 -1.210034 -1.832692
v 0.000000 -1.227376 -1.831896
v -0.257091 -1.210034 -1.832691
v -0.504205 -1.155869 -1.834776
v -0.730310 -1.061161 -1.837416
v 0.710312 -1.033569 -1.751523
v 0.492309 -1.129831 -1.751625
v 0.251758 -1.185626 -1.751796
v 0.000000 -1.203641 -1.751893
v -0.251758 -1.185626 -1.751796
v -0.492309 -1.129831 -1.751625
v -0.710311 -1.033569 -1.751523
v 0.705501 -1.026744 -1.658226
v 0.489260 -1.122933 -1.661281
v 0.250308 -1.178782 -1.664338
v 0.000000 -1.196833 -1.665727
v -0.250308 -1.178782 -1.664338
v -0.489260 -1.122933 -1.661281
v -0.705501 -1.026744 -1.658226
v 0.716615 -1.039987 -1.558305
v 0.496902 -1.134932 -1.566015
v 0.254160 -1.189499 -1.573308
v 0.000000 -1.206981 -1.576509
v -0.254160 -1.189499 -1.573308
v -0.496902 -1.134933 -1.566015
v -0.716615 -1.039987 -1.558305
v 0.743320 -1.074769 -1.450638
v 0.512808 -1.165981 -1.468404
v 0.261275 -1.217357 -1.482836
v 0.000000 -1.233630 -1.488486
v -0.261275 -1.217357 -1.482836
v -0.512808 -1.165980 -1.468404
v -0.743320 -1.074769 -1.450637
v 0.781804 -1.133511 -1.334805
v 0.531698 -1.216245 -1.372204
v 0.268524 -1.261820 -1.397471
v 0.000000 -1.276207 -1.406186
v -0.268524 -1.261819 -1.397471
v -0.531698 -1.216245 -1.372204
v -0.781804 -1.133511 -1.334804
v 0.762484 -1.914210 -1.111604
v 0.730309 -1.837416 -1.061162
v 0.710311 -1.751522 -1.033569
v 0.705501 -1.658225 -1.026745
v 0.716615 -1.558305 -1.039988
v 0.743320 -1.450637 -1.074770
v 0.781804 -1.334804 -1.133512
v 0.520913 -1.908286 -1.201605
v 0.504205 -1.834775 -1.155870
v 0.492308 -1.751624 -1.129831
v 0.489260 -1.661281 -1.122933
v 0.496902 -1.566015 -1.134933
v 0.512808 -1.468404 -1.165981
v 0.531698 -1.372203 -1.216246
v 0.263878 -1.904282 -1.251935
v 0.257091 -1.832691 -1.210035
v 0.251758 -1.751795 -1.185626
v 0.250307 -1.664337 -1.178782
v 0.254160 -1.573308 -1.189500
v 0.261275 -1.482835 -1.217357
v 0.268524 -1.397470 -1.261820
v 0.000000 -1.902905 -1.267893
v 0.000000 -1.831895 -1.227377
v 0.000000 -1.751892 -1.203641
v 0.000000 -1.665726 -1.196834
v 0.000000 -1.576509 -1.206982
v 0.000000 -1.488486 -1.233631
v 0.000000 -1.406186 -1.276207
v -0.263879 -1.904282 -1.251935
v -0.257091 -1.832690 -1.210035
v -0.251759 -1.751795 -1.185626
v -0.250308 -1.664337 -1.178782
v -0.254160 -1.573307 -1.189500
v -0.261276 -1.482836 -1.217358
v -0.268524 -1.397470 -1.261820
v -0.520914 -1.908285 -1.201605
v -0.504206 -1.834774 -1.155870
v -0.492309 -1.751624 -1.129831
v -0.489260 -1.661281 -1.122933
v -0.496902 -1.566015 -1.134933
v -0.512808 -1.468403 -1.165981
v -0.531698 -1.372203 -1.216246
v -0.762485 -1.914210 -1.111604
v -0.730310 -1.837415 -1.061162
v -0.710312 -1.751522 -1.033569
v -0.705501 -1.658225 -1.026745
v -0.716615 -1.558305 -1.039988
v -0.743320 -1.450637 -1.074770
v -0.781804 -1.334804 -1.133512
v 0.755659 1.999587 1.894952
v 0.756497 2.032851 1.823735
v 0.758769 2.053985 1.740705
v 0.763193 2.063467 1.646494
v 0.770353 2.061577 1.541765
v 0.780291 2.047813 1.427295
v 0.791258 2.020977 1.305723
v 0.514686 1.999563 1.895063
v 0.515315 2.032653 1.824629
v 0.517024 2.053318 1.743720
v 0.520352 2.061884 1.653640
v 0.525527 2.058498 1.556191
v 0.531532 2.042571 1.455157
v 0.536186 2.013166 1.355945
v 0.260617 1.999546 1.895149
v 0.260953 2.032524 1.825318
v 0.261866 2.052880 1.746045
v 0.263643 2.060847 1.659152
v 0.266336 2.056506 1.567060
v 0.269047 2.039340 1.474593
v 0.270535 2.008661 1.387317
v 0.000000 1.999540 1.895184
v 0.000000 2.032477 1.825594
v 0.000000 2.052723 1.746976
v 0.000000 2.060474 1.661359
v 0.000000 2.055797 1.571327
v 0.000000 2.038233 1.481687
v 0.000000 2.007194 1.397803
v -0.260616 1.999546 1.895149
v -0.260953 2.032524 1.825318
v -0.261865 2.052880 1.746045
v -0.263643 2.060847 1.659152
v -0.266336 2.056505 1.567059
v -0.269047 2.039340 1.474593
v -0.270534 2.008661 1.387317
v -0.514685 1.999563 1.895064
v -0.515315 2.032653 1.824629
v -0.517024 2.053318 1.743720
v -0.520352 2.061884 1.653640
v -0.525527 2.058499 1.556191
v -0.531532 2.042572 1.455157
v -0.536185 2.013166 1.355945
v -0.755659 1.999587 1.894952
v -0.756496 2.032851 1.823735
v -0.758768 2.053985 1.740704
v -0.763193 2.063467 1.646494
v -0.770353 2.061577 1.541765
v -0.780290 2.047814 1.427295
v -0.791257 2.020977 1.305723
v -0.755659 1.894950 1.999589
v -0.756496 1.823734 2.032852
v -0.758768 1.740703 2.053987
v -0.763193 1.646493 2.063468
v -0.770353 1.541764 2.061579
v -0.780291 1.427294 2.047815
v -0.791258 1.305722 2.020979
v -0.514685 1.895062 1.999564
v -0.515315 1.824627 2.032655
v -0.517024 1.743718 2.053319
v -0.520352 1.653639 2.061886
v -0.525527 1.556190 2.058500
v -0.531532 1.455156 2.042573
v -0.536186 1.355944 2.013168
v -0.260616 1.895148 1.999548
v -0.260953 1.825316 2.032525
v -0.261866 1.746043 2.052881
v -0.263643 1.659150 2.060848
v -0.266336 1.567058 2.056507
v -0.269047 1.474592 2.039341
v -0.270534 1.387316 2.008662
v 0.000000 1.895182 1.999542
v 0.000000 1.825592 2.032478
v 0.000000 1.746975 2.052724
v 0.000000 1.661358 2.060476
v 0.000000 1.571325 2.055799
v 0.000000 1.481685 2.038234
v 0.000000 1.397802 2.007195
v 0.260617 1.895148 1.999548
v 0.260953 1.825316 2.032525
v 0.261866 1.746043 2.052881
v 0.263643 1.659150 2.060848
v 0.266336 1.567058 2.056507
v 0.269047 1.474591 2.039341
v 0.270534 1.387316 2.008662
v 0.514686 1.895062 1.999564
v 0.515315 1.824627 2.032655
v 0.517024 1.743718 2.053319
v 0.520352 1.653639 2.061886
v 0.525527 1.556189 2.058500
v 0.531532 1.455156 2.042573
v 0.536186 1.355943 2.013168
v 0.755659 1.894950 1.999589
v 0.756497 1.823734 2.032852
v 0.758769 1.740703 2.053987
v 0.763193 1.646492 2.063468
v 0.770353 1.541764 2.061579
v 0.780291 1.427294 2.047815
v 0.791258 1.305722 2.020979
v -0.762485 1.111603 1.914211
v -0.730310 1.061161 1.837416
v -0.710311 1.033569 1.751523
v -0.705501 1.026744 1.658225
v -0.716615 1.039987 1.558306
v -0.743320 1.074769 1.450638
v -0.781804 1.133511 1.334805
v -0.520913 1.201604 1.908287
v -0.504205 1.155869 1.834776
v -0.492309 1.129830 1.751625
v -0.489260 1.122932 1.661281
v -0.496902 1.134932 1.566015
v -0.512808 1.165980 1.468404
v -0.531698 1.216245 1.372204
v -0.263878 1.251934 1.904283
v -0.257091 1.210034 1.832692
v -0.251758 1.185625 1.751796
v -0.250308 1.178782 1.664338
v -0.254160 1.189499 1.573308
v -0.261275 1.217356 1.482836
v -0.268524 1.261819 1.397471
v 0.000000 1.267891 1.902906
v 0.000000 1.227376 1.831896
v 0.000000 1.203641 1.751893
v 0.000000 1.196833 1.665726
v 0.000000 1.206981 1.576509
v 0.000000 1.233630 1.488486
v 0.000000 1.276206 1.406186
v 0.263878 1.251934 1.904283
v 0.257091 1.210034 1.832691
v 0.251758 1.185625 1.751796
v 0.250308 1.178781 1.664337
v 0.254160 1.189498 1.573308
v 0.261275 1.217356 1.482836
v 0.268524 1.261819 1.397471
v 0.520913 1.201604 1.908286
v 0.504205 1.155868 1.834776
v 0.492309 1.129830 1.751625
v 0.489260 1.122932 1.661281
v 0.496902 1.134932 1.566015
v 0.512808 1.165980 1.468404
v 0.531698 1.216244 1.372204
v 0.762484 1.111602 1.914211
v 0.730310 1.061160 1.837416
v 0.710311 1.033568 1.751523
v 0.705501 1.026744 1.658226
v 0.716615 1.039986 1.558305
v 0.743320 1.074768 1.450638
v 0.781804 1.133510 1.334804
v -0.762484 1.914210 1.111604
v -0.520913 1.908285 1.201605
v -0.263878 1.904281 1.251935
v 0.000000 1.902904 1.267893
v 0.263879 1.904281 1.251935
v 0.520914 1.908285 1.201605
v 0.762485 1.914209 1.111604
v -0.730309 1.837415 1.061162
v -0.504205 1.834774 1.155870
v -0.257091 1.832690 1.210035
v 0.000000 1.831895 1.227377
v 0.257091 1.832690 1.210035
v 0.504206 1.834774 1.155870
v 0.730310 1.837415 1.061162
v -0.710311 1.751522 1.033569
v -0.492308 1.751624 1.129831
v -0.251758 1.751795 1.185626
v 0.000000 1.751892 1.203641
v 0.251759 1.751795 1.185626
v 0.492309 1.751623 1.129831
v 0.710312 1.751522 1.033569
v -0.705501 1.658225 1.026745
v -0.489260 1.661281 1.122933
v -0.250307 1.664336 1.178782
v 0.000000 1.665725 1.196834
v 0.250308 1.664336 1.178782
v 0.489260 1.661280 1.122933
v 0.705501 1.658225 1.026745
v -0.716615 1.558305 1.039988
v -0.496902 1.566014 1.134933
v -0.254160 1.573307 1.189500
v 0.000000 1.576508 1.206982
v 0.254160 1.573307 1.189500
v 0.496902 1.566014 1.134933
v 0.716615 1.558304 1.039987
v -0.743320 1.450637 1.074770
v -0.512808 1.468403 1.165981
v -0.261275 1.482835 1.217357
v 0.000000 1.488486 1.233631
v 0.261276 1.482835 1.217357
v 0.512808 1.468403 1.165981
v 0.743321 1.450637 1.074770
v -0.781804 1.334804 1.133512
v -0.531698 1.372203 1.216246
v -0.268524 1.397470 1.261820
v 0.000000 1.406185 1.276207
v 0.268524 1.397470 1.261820
v 0.531698 1.372202 1.216246
v 0.781804 1.334803 1.133511
v -1.894950 1.999588 -0.755659
v -1.895062 1.999564 -0.514685
v -1.895148 1.999547 -0.260616
v -1.895183 1.999542 0.000000
v -1.895148 1.999547 0.260617
v -1.895062 1.999564 0.514686
v -1.894950 1.999588 0.755660
v -1.823734 2.032852 -0.756496
v -1.824627 2.032654 -0.515315
v -1.825316 2.032525 -0.260953
v -1.825592 2.032478 0.000000
v -1.825316 2.032524 0.260953
v -1.824627 2.032654 0.515315
v -1.823734 2.032852 0.756497
v -1.740703 2.053987 -0.758768
v -1.743718 2.053319 -0.517024
v -1.746043 2.052881 -0.261865
v -1.746975 2.052724 0.000000
v -1.746043 2.052881 0.261866
v -1.743718 2.053319 0.517024
v -1.740703 2.053986 0.758769
v -1.646492 2.063468 -0.763193
v -1.653639 2.061885 -0.520352
v -1.659150 2.060848 -0.263643
v -1.661358 2.060475 0.000000
v -1.659150 2.060848 0.263643
v -1.653639 2.061885 0.520352
v -1.646492 2.063468 0.763194
v -1.541764 2.061579 -0.770353
v -1.556190 2.058500 -0.525527
v -1.567058 2.056507 -0.266336
v -1.571325 2.055798 0.000000
v -1.567058 2.056507 0.266337
v -1.556190 2.058500 0.525528
v -1.541764 2.061577 0.770353
v -1.427294 2.047815 -0.780290
v -1.455156 2.042572 -0.531532
v -1.474591 2.039341 -0.269047
v -1.481686 2.038234 0.000000
v -1.474591 2.039341 0.269048
v -1.455156 2.042572 0.531533
v -1.427294 2.047814 0.780291
v -1.305722 2.020979 -0.791258
v -1.355943 2.013167 -0.536185
v -1.387316 2.008662 -0.270534
v -1.397802 2.007195 0.000000
v -1.387316 2.008662 0.270535
v -1.355943 2.013167 0.536186
v -1.305722 2.020978 0.791258
v -1.999588 1.894951 0.755660
v -1.999563 1.895063 0.514686
v -1.999547 1.895149 0.260617
v -1.999541 1.895183 0.000000
v -1.999546 1.895149 -0.260616
v -1.999563 1.895063 -0.514685
v -1.999588 1.894951 -0.755659
v -2.032851 1.823735 0.756497
v -2.032653 1.824628 0.515315
v -2.032524 1.825317 0.260953
v -2.032477 1.825593 0.000000
v -2.032524 1.825317 -0.260953
v -2.032653 1.824628 -0.515315
v -2.032851 1.823735 -0.756496
v -2.053986 1.740704 0.758769
v -2.053318 1.743719 0.517024
v -2.052880 1.746044 0.261866
v -2.052723 1.746976 0.000000
v -2.052881 1.746044 -0.261865
v -2.053318 1.743719 -0.517024
v -2.053986 1.740704 -0.758768
v -2.063467 1.646493 0.763194
v -2.061884 1.653640 0.520352
v -2.060847 1.659151 0.263643
v -2.060474 1.661359 0.000000
v -2.060847 1.659151 -0.263643
v -2.061884 1.653640 -0.520352
v -2.063468 1.646494 -0.763193
v -2.061577 1.541765 0.770353
v -2.058499 1.556190 0.525528
v -2.056506 1.567059 0.266336
v -2.055797 1.571327 0.000000
v -2.056506 1.567059 -0.266336
v -2.058499 1.556191 -0.525527
v -2.061577 1.541765 -0.770353
v -2.047814 1.427295 0.780291
v -2.042572 1.455157 0.531532
v -2.039340 1.474593 0.269047
v -2.038233 1.481686 0.000000
v -2.039340 1.474593 -0.269047
v -2.042572 1.455157 -0.531532
v -2.047814 1.427295 -0.780290
v -2.020978 1.305723 0.791258
v -2.013166 1.355944 0.536186
v -2.008661 1.387317 0.270535
v -2.007195 1.397803 0.000000
v -2.008661 1.387317 -0.270534
v -2.013166 1.355944 -0.536186
v -2.020977 1.305723 -0.791258
v -1.999588 -1.894950 0.755659
v -2.032852 -1.823734 0.756496
v -2.053986 -1.740703 0.758768
v -2.063468 -1.646493 0.763193
v -2.061578 -1.541764 0.770353
v -2.047815 -1.427294 0.780290
v -2.020979 -1.305722 0.791258
v -1.999564 -1.895062 0.514685
v -2.032655 -1.824628 0.515315
v -2.053319 -1.743718 0.517024
v -2.061885 -1.653639 0.520352
v -2.058500 -1.556190 0.525527
v -2.042573 -1.455156 0.531532
v -2.013167 -1.355943 0.536186
v -1.999548 -1.895148 0.260616
v -2.032525 -1.825316 0.260953
v -2.052881 -1.746043 0.261865
v -2.060848 -1.659150 0.263643
v -2.056507 -1.567058 0.266336
v -2.039341 -1.474592 0.269047
v -2.008662 -1.387316 0.270534
v -1.999542 -1.895183 -0.000000
v -2.032478 -1.825592 -0.000000
v -2.052724 -1.746974 -0.000000
v -2.060475 -1.661358 -0.000000
v -2.055798 -1.571326 -0.000000
v -2.038234 -1.481686 -0.000000
v -2.007195 -1.397802 -0.000000
v -1.999547 -1.895148 -0.260617
v -2.032525 -1.825316 -0.260953
v -2.052881 -1.746043 -0.261866
v -2.060848 -1.659150 -0.263643
v -2.056507 -1.567058 -0.266336
v -2.039341 -1.474591 -0.269047
v -2.008662 -1.387316 -0.270535
v -1.999564 -1.895062 -0.514686
v -2.032654 -1.824627 -0.515315
v -2.053319 -1.743718 -0.517024
v -2.061885 -1.653639 -0.520352
v -2.058500 -1.556190 -0.525528
v -2.042573 -1.455156 -0.531532
v -2.013167 -1.355943 -0.536186
v -1.999588 -1.894950 -0.755660
v -2.032852 -1.823734 -0.756497
v -2.053986 -1.740703 -0.758769
v -2.063468 -1.646492 -0.763194
v -2.061579 -1.541764 -0.770353
v -2.047815 -1.427294 -0.780291
v -2.020978 -1.305722 -0.791258
v -1.894951 -1.999588 0.755659
v -1.895063 -1.999563 0.514685
v -1.895149 -1.999547 0.260616
v -1.895183 -1.999541 -0.000000
v -1.895149 -1.999546 -0.260617
v -1.895063 -1.999563 -0.514686
v -1.894951 -1.999588 -0.755660
v -1.823735 -2.032851 0.756496
v -1.824628 -2.032653 0.515315
v -1.825317 -2.032524 0.260953
v -1.825593 -2.032477 -0.000000
v -1.825317 -2.032524 -0.260953
v -1.824628 -2.032653 -0.515315
v -1.823735 -2.032851 -0.756497
v -1.740704 -2.053986 0.758768
v -1.743719 -2.053318 0.517024
v -1.746044 -2.052880 0.261865
v -1.746976 -2.052723 -0.000000
v -1.746044 -2.052881 -0.261866
v -1.743719 -2.053318 -0.517024
v -1.740704 -2.053985 -0.758769
v -1.646493 -2.063468 0.763193
v -1.653640 -2.061884 0.520352
v -1.659151 -2.060847 0.263643
v -1.661359 -2.060474 -0.000000
v -1.659151 -2.060847 -0.263643
v -1.653640 -2.061884 -0.520352
v -1.646493 -2.063467 -0.763194
v -1.541765 -2.061578 0.770353
v -1.556190 -2.058499 0.525527
v -1.567059 -2.056506 0.266336
v -1.571327 -2.055797 -0.000000
v -1.567059 -2.056506 -0.266337
v -1.556191 -2.058499 -0.525528
v -1.541765 -2.061577 -0.770353
v -1.427295 -2.047814 0.780290
v -1.455157 -2.042572 0.531532
v -1.474593 -2.039340 0.269047
v -1.481686 -2.038233 -0.000000
v -1.474593 -2.039340 -0.269048
v -1.455157 -2.042572 -0.531533
v -1.427295 -2.047814 -0.780291
v -1.305723 -2.020978 0.791258
v -1.355945 -2.013166 0.536185
v -1.387317 -2.008661 0.270534
v -1.397803 -2.007195 -0.000000
v -1.387317 -2.008662 -0.270535
v -1.355944 -2.013166 -0.536186
v -1.305723 -2.020977 -0.791258
v 1.894950 -1.999589 0.755659
v 1.823733 -2.032853 0.756496
v 1.740703 -2.053987 0.758768
v 1.646492 -2.063469 0.763193
v 1.541764 -2.061579 0.770353
v 1.427294 -2.047815 0.780290
v 1.305722 -2.020979 0.791258
v 1.895062 -1.999564 0.514685
v 1.824627 -2.032655 0.515315
v 1.743718 -2.053319 0.517024
v 1.653638 -2.061886 0.520352
v 1.556189 -2.058500 0.525527
v 1.455156 -2.042573 0.531532
v 1.355943 -2.013168 0.536185
v 1.895147 -1.999548 0.260616
v 1.825316 -2.032525 0.260953
v 1.746043 -2.052881 0.261865
v 1.659150 -2.060848 0.263643
v 1.567058 -2.056507 0.266336
v 1.474591 -2.039341 0.269047
v 1.387316 -2.008662 0.270534
v 1.895182 -1.999542 -0.000000
v 1.825592 -2.032479 -0.000000
v 1.746974 -2.052724 -0.000000
v 1.661357 -2.060476 -0.000000
v 1.571325 -2.055799 -0.000000
v 1.481685 -2.038234 -0.000000
v 1.397802 -2.007195 -0.000000
v 1.895148 -1.999548 -0.260617
v 1.825316 -2.032525 -0.260953
v 1.746043 -2.052881 -0.261866
v 1.659150 -2.060848 -0.263643
v 1.567058 -2.056507 -0.266337
v 1.474591 -2.039341 -0.269048
v 1.387316 -2.008662 -0.270535
v 1.895062 -1.999564 -0.514686
v 1.824627 -2.032655 -0.515315
v 1.743718 -2.053319 -0.517024
v 1.653639 -2.061886 -0.520353
v 1.556190 -2.058500 -0.525528
v 1.455156 -2.042573 -0.531533
v 1.355943 -2.013167 -0.536186
v 1.894950 -1.999589 -0.755660
v 1.823734 -2.032852 -0.756497
v 1.740703 -2.053986 -0.758769
v 1.646492 -2.063468 -0.763194
v 1.541764 -2.061578 -0.770353
v 1.427294 -2.047815 -0.780291
v 1.305722 -2.020978 -0.791259
v 1.999587 -1.894952 0.755659
v 1.999563 -1.895064 0.514685
v 1.999546 -1.895149 0.260616
v 1.999540 -1.895184 -0.000000
v 1.999546 -1.895149 -0.260617
v 1.999563 -1.895063 -0.514686
v 1.999587 -1.894951 -0.755660
v 2.032851 -1.823736 0.756496
v 2.032653 -1.824629 0.515315
v 2.032523 -1.825318 0.260953
v 2.032477 -1.825594 -0.000000
v 2.032523 -1.825317 -0.260953
v 2.032653 -1.824628 -0.515315
v 2.032851 -1.823735 -0.756497
v 2.053985 -1.740705 0.758768
v 2.053317 -1.743720 0.517024
v 2.052880 -1.746045 0.261865
v 2.052723 -1.746976 -0.000000
v 2.052880 -1.746045 -0.261866
v 2.053318 -1.743719 -0.517024
v 2.053985 -1.740704 -0.758769
v 2.063467 -1.646494 0.763193
v 2.061884 -1.653641 0.520352
v 2.060847 -1.659152 0.263643
v 2.060474 -1.661359 -0.000000
v 2.060847 -1.659152 -0.263643
v 2.061884 -1.653640 -0.520352
v 2.063467 -1.646494 -0.763194
v 2.061577 -1.541766 0.770353
v 2.058499 -1.556191 0.525527
v 2.056506 -1.567060 0.266336
v 2.055797 -1.571327 -0.000000
v 2.056506 -1.567060 -0.266336
v 2.058499 -1.556191 -0.525528
v 2.061577 -1.541765 -0.770353
v 2.047813 -1.427296 0.780290
v 2.042572 -1.455158 0.531532
v 2.039340 -1.474593 0.269047
v 2.038233 -1.481687 -0.000000
v 2.039340 -1.474593 -0.269047
v 2.042572 -1.455157 -0.531532
v 2.047814 -1.427295 -0.780291
v 2.020977 -1.305724 0.791258
v 2.013166 -1.355945 0.536186
v 2.008661 -1.387318 0.270534
v 2.007194 -1.397803 -0.000000
v 2.008661 -1.387317 -0.270535
v 2.013166 -1.355944 -0.536186
v 2.020978 -1.305723 -0.791258
v 1.999588 1.894950 0.755660
v 2.032852 1.823734 0.756497
v 2.053986 1.740703 0.758769
v 2.063468 1.646492 0.763194
v 2.061578 1.541764 0.770353
v 2.047815 1.427294 0.780291
v 2.020979 1.305722 0.791258
v 1.999564 1.895062 0.514686
v 2.032655 1.824627 0.515315
v 2.053319 1.743718 0.517024
v 2.061886 1.653639 0.520352
v 2.058500 1.556189 0.525528
v 2.042573 1.455156 0.531532
v 2.013167 1.355943 0.536186
v 1.999548 1.895148 0.260617
v 2.032525 1.825316 0.260953
v 2.052881 1.746043 0.261866
v 2.060848 1.659150 0.263643
v 2.056507 1.567058 0.266336
v 2.039341 1.474591 0.269047
v 2.008662 1.387316 0.270535
v 1.999542 1.895183 0.000000
v 2.032478 1.825592 0.000000
v 2.052724 1.746975 0.000000
v 2.060475 1.661358 0.000000
v 2.055798 1.571326 0.000000
v 2.038234 1.481686 0.000000
v 2.007195 1.397802 0.000000
v 1.999547 1.895148 -0.260616
v 2.032525 1.825316 -0.260953
v 2.052881 1.746043 -0.261865
v 2.060848 1.659150 -0.263643
v 2.056507 1.567058 -0.266336
v 2.039341 1.474591 -0.269047
v 2.008662 1.387316 -0.270534
v 1.999564 1.895062 -0.514685
v 2.032654 1.824628 -0.515315
v 2.053319 1.743719 -0.517024
v 2.061885 1.653639 -0.520352
v 2.058500 1.556190 -0.525527
v 2.042573 1.455156 -0.531532
v 2.013167 1.355943 -0.536186
v 1.999588 1.894951 -0.755659
v 2.032852 1.823734 -0.756496
v 2.053986 1.740703 -0.758768
v 2.063468 1.646493 -0.763193
v 2.061579 1.541764 -0.770353
v 2.047815 1.427294 -0.780290
v 2.020978 1.305722 -0.791258
v 1.894951 1.999588 -0.755659
v 1.823735 2.032852 -0.756496
v 1.740704 2.053986 -0.758768
v 1.646493 2.063467 -0.763193
v 1.541765 2.061578 -0.770353
v 1.427295 2.047814 -0.780290
v 1.305723 2.020978 -0.791258
v 1.895063 1.999563 -0.514685
v 1.824628 2.032654 -0.515315
v 1.743719 2.053318 -0.517024
v 1.653640 2.061885 -0.520352
v 1.556191 2.058499 -0.525527
v 1.455157 2.042572 -0.531532
v 1.355945 2.013166 -0.536185
v 1.895149 1.999547 -0.260616
v 1.825317 2.032524 -0.260953
v 1.746044 2.052880 -0.261865
v 1.659151 2.060847 -0.263643
v 1.567059 2.056506 -0.266336
v 1.474593 2.039340 -0.269047
v 1.387317 2.008661 -0.270534
v 1.895183 1.999541 0.000000
v 1.825593 2.032477 0.000000
v 1.746976 2.052723 0.000000
v 1.661359 2.060475 0.000000
v 1.571327 2.055797 0.000000
v 1.481687 2.038234 0.000000
v 1.397803 2.007194 0.000000
v 1.895149 1.999546 0.260617
v 1.825317 2.032524 0.260953
v 1.746044 2.052880 0.261866
v 1.659151 2.060847 0.263643
v 1.567059 2.056506 0.266337
v 1.474593 2.039340 0.269048
v 1.387317 2.008662 0.270535
v 1.895063 1.999563 0.514686
v 1.824628 2.032654 0.515315
v 1.743719 2.053318 0.517024
v 1.653640 2.061885 0.520353
v 1.556191 2.058499 0.525528
v 1.455157 2.042572 0.531533
v 1.355944 2.013166 0.536186
v 1.894952 1.999587 0.755660
v 1.823735 2.032851 0.756497
v 1.740704 2.053985 0.758769
v 1.646494 2.063467 0.763194
v 1.541765 2.061577 0.770353
v 1.427295 2.047813 0.780291
v 1.305723 2.020977 0.791259
v -1.111603 -1.914210 0.762484
v -1.201605 -1.908286 0.520913
v -1.251935 -1.904282 0.263878
v -1.267892 -1.902905 -0.000000
v -1.251935 -1.904282 -0.263879
v -1.201604 -1.908285 -0.520914
v -1.111603 -1.914210 -0.762485
v -1.061161 -1.837415 0.730309
v -1.155869 -1.834775 0.504205
v -1.210035 -1.832691 0.257091
v -1.227377 -1.831895 -0.000000
v -1.210035 -1.832690 -0.257091
v -1.155869 -1.834774 -0.504206
v -1.061161 -1.837415 -0.730310
v -1.033569 -1.751522 0.710311
v -1.129831 -1.751624 0.492309
v -1.185626 -1.751795 0.251758
v -1.203641 -1.751892 -0.000000
v -1.185626 -1.751795 -0.251759
v -1.129831 -1.751624 -0.492309
v -1.033569 -1.751522 -0.710312
v -1.026745 -1.658225 0.705501
v -1.122933 -1.661281 0.489260
v -1.178782 -1.664337 0.250307
v -1.196834 -1.665726 -0.000000
v -1.178782 -1.664337 -0.250308
v -1.122933 -1.661281 -0.489260
v -1.026745 -1.658225 -0.705501
v -1.039987 -1.558305 0.716615
v -1.134933 -1.566015 0.496902
v -1.189500 -1.573308 0.254160
v -1.206982 -1.576509 -0.000000
v -1.189499 -1.573308 -0.254161
v -1.134933 -1.566015 -0.496902
v -1.039987 -1.558305 -0.716615
v -1.074769 -1.450637 0.743320
v -1.165981 -1.468404 0.512808
v -1.217357 -1.482836 0.261275
v -1.233631 -1.488486 -0.000000
v -1.217357 -1.482836 -0.261276
v -1.165981 -1.468403 -0.512809
v -1.074769 -1.450637 -0.743321
v -1.133512 -1.334804 0.781804
v -1.216245 -1.372203 0.531698
v -1.261820 -1.397470 0.268523
v -1.276207 -1.406186 -0.000000
v -1.261820 -1.397470 -0.268524
v -1.216245 -1.372203 -0.531699
v -1.133511 -1.334804 -0.781804
v -1.914211 -1.111603 0.762484
v -1.837416 -1.061161 0.730310
v -1.751523 -1.033569 0.710311
v -1.658225 -1.026744 0.705501
v -1.558305 -1.039987 0.716615
v -1.450637 -1.074769 0.743320
v -1.334804 -1.133511 0.781804
v -1.908286 -1.201604 0.520913
v -1.834775 -1.155869 0.504205
v -1.751624 -1.129830 0.492309
v -1.661281 -1.122932 0.489260
v -1.566015 -1.134932 0.496902
v -1.468404 -1.165981 0.512808
v -1.372203 -1.216245 0.531698
v -1.904283 -1.251934 0.263878
v -1.832691 -1.210034 0.257091
v -1.751796 -1.185625 0.251758
v -1.664337 -1.178782 0.250308
v -1.573308 -1.189499 0.254160
v -1.482836 -1.217357 0.261275
v -1.397471 -1.261819 0.268523
v -1.902905 -1.267891 -0.000000
v -1.831896 -1.227376 -0.000000
v -1.751893 -1.203641 -0.000000
v -1.665726 -1.196833 -0.000000
v -1.576509 -1.206981 -0.000000
v -1.488486 -1.233630 -0.000000
v -1.406186 -1.276207 -0.000000
v -1.904283 -1.251934 -0.263879
v -1.832691 -1.210034 -0.257091
v -1.751796 -1.185625 -0.251759
v -1.664337 -1.178781 -0.250308
v -1.573308 -1.189499 -0.254161
v -1.482836 -1.217357 -0.261276
v -1.397470 -1.261819 -0.268524
v -1.908286 -1.201604 -0.520914
v -1.834775 -1.155869 -0.504206
v -1.751624 -1.129830 -0.492309
v -1.661281 -1.122932 -0.489260
v -1.566015 -1.134932 -0.496902
v -1.468404 -1.165980 -0.512808
v -1.372203 -1.216245 -0.531699
v -1.914211 -1.111602 -0.762485
v -1.837416 -1.061160 -0.730310
v -1.751523 -1.033569 -0.710312
v -1.658225 -1.026744 -0.705501
v -1.558305 -1.039987 -0.716615
v -1.450637 -1.074769 -0.743321
v -1.334804 -1.133511 -0.781804
v -1.111602 1.914210 0.762485
v -1.061161 1.837415 0.730310
v -1.033569 1.751522 0.710312
v -1.026744 1.658225 0.705501
v -1.039987 1.558305 0.716615
v -1.074769 1.450637 0.743321
v -1.133511 1.334804 0.781804
v -1.201604 1.908286 0.520914
v -1.155869 1.834775 0.504206
v -1.129830 1.751624 0.492309
v -1.122932 1.661281 0.489260
v -1.134932 1.566015 0.496902
v -1.165980 1.468404 0.512809
v -1.216245 1.372203 0.531699
v -1.251934 1.904282 0.263879
v -1.210034 1.832691 0.257091
v -1.185625 1.751796 0.251759
v -1.178781 1.664337 0.250308
v -1.189499 1.573308 0.254161
v -1.217356 1.482836 0.261276
v -1.261819 1.397471 0.268524
v -1.267891 1.902905 0.000000
v -1.227376 1.831895 0.000000
v -1.203640 1.751892 0.000000
v -1.196833 1.665726 0.000000
v -1.206981 1.576509 0.000000
v -1.233630 1.488486 0.000000
v -1.276206 1.406186 0.000000
v -1.251934 1.904282 -0.263878
v -1.210034 1.832691 -0.257091
v -1.185625 1.751796 -0.251758
v -1.178781 1.664337 -0.250307
v -1.189499 1.573308 -0.254160
v -1.217356 1.482836 -0.261275
v -1.261819 1.397470 -0.268523
v -1.201604 1.908286 -0.520913
v -1.155868 1.834775 -0.504205
v -1.129830 1.751624 -0.492309
v -1.122932 1.661281 -0.489260
v -1.134932 1.566015 -0.496902
v -1.165980 1.468404 -0.512808
v -1.216245 1.372203 -0.531698
v -1.111603 1.914211 -0.762484
v -1.061160 1.837416 -0.730309
v -1.033568 1.751523 -0.710311
v -1.026744 1.658225 -0.705501
v -1.039987 1.558305 -0.716615
v -1.074769 1.450637 -0.743320
v -1.133511 1.334804 -0.781804
v -1.914210 1.111603 0.762485
v -1.908285 1.201604 0.520914
v -1.904282 1.251935 0.263879
v -1.902905 1.267892 0.000000
v -1.904282 1.251935 -0.263878
v -1.908285 1.201605 -0.520913
v -1.914210 1.111603 -0.762484
v -1.837415 1.061161 0.730310
v -1.834774 1.155869 0.504206
v -1.832691 1.210035 0.257091
v -1.831895 1.227377 0.000000
v -1.832690 1.210035 -0.257091
v -1.834774 1.155870 -0.504205
v -1.837415 1.061161 -0.730310
v -1.751522 1.033569 0.710312
v -1.751624 1.129831 0.492309
v -1.751795 1.185626 0.251759
v -1.751892 1.203641 0.000000
v -1.751795 1.185626 -0.251758
v -1.751624 1.129831 -0.492309
v -1.751522 1.033569 -0.710311
v -1.658225 1.026745 0.705501
v -1.661281 1.122933 0.489260
v -1.664337 1.178782 0.250308
v -1.665726 1.196834 0.000000
v -1.664336 1.178782 -0.250308
v -1.661281 1.122933 -0.489260
v -1.658225 1.026745 -0.705501
v -1.558305 1.039987 0.716615
v -1.566015 1.134933 0.496902
v -1.573307 1.189500 0.254161
v -1.576508 1.206982 0.000000
v -1.573307 1.189499 -0.254160
v -1.566014 1.134933 -0.496902
v -1.558305 1.039987 -0.716615
v -1.450637 1.074769 0.743321
v -1.468403 1.165981 0.512808
v -1.482835 1.217357 0.261276
v -1.488486 1.233631 0.000000
v -1.482835 1.217357 -0.261275
v -1.468403 1.165981 -0.512808
v -1.450637 1.074770 -0.743320
v -1.334804 1.133511 0.781804
v -1.372203 1.216245 0.531699
v -1.397470 1.261820 0.268524
v -1.406186 1.276207 0.000000
v -1.397470 1.261820 -0.268523
v -1.372203 1.216245 -0.531698
v -1.334803 1.133511 -0.781804
v 1.914210 -1.111603 -0.762485
v 1.837415 -1.061161 -0.730310
v 1.751522 -1.033569 -0.710312
v 1.658225 -1.026745 -0.705501
v 1.558305 -1.039987 -0.716615
v 1.450637 -1.074769 -0.743321
v 1.334804 -1.133512 -0.781804
v 1.908285 -1.201605 -0.520914
v 1.834774 -1.155869 -0.504206
v 1.751624 -1.129831 -0.492309
v 1.661281 -1.122933 -0.489260
v 1.566015 -1.134933 -0.496902
v 1.468403 -1.165981 -0.512808
v 1.372203 -1.216245 -0.531699
v 1.904282 -1.251935 -0.263879
v 1.832690 -1.210035 -0.257091
v 1.751795 -1.185626 -0.251759
v 1.664337 -1.178782 -0.250308
v 1.573307 -1.189500 -0.254161
v 1.482835 -1.217357 -0.261276
v 1.397470 -1.261820 -0.268524
v 1.902905 -1.267893 -0.000000
v 1.831895 -1.227377 -0.000000
v 1.751892 -1.203642 -0.000000
v 1.665725 -1.196834 -0.000000
v 1.576508 -1.206982 -0.000000
v 1.488486 -1.233631 -0.000000
v 1.406186 -1.276207 -0.000000
v 1.904282 -1.251935 0.263878
v 1.832690 -1.210035 0.257091
v 1.751795 -1.185626 0.251758
v 1.664337 -1.178782 0.250308
v 1.573307 -1.189500 0.254160
v 1.482835 -1.217357 0.261275
v 1.397470 -1.261820 0.268524
v 1.908285 -1.201605 0.520913
v 1.834774 -1.155870 0.504205
v 1.751624 -1.129832 0.492309
v 1.661281 -1.122933 0.489260
v 1.566014 -1.134933 0.496902
v 1.468403 -1.165981 0.512808
v 1.372203 -1.216246 0.531698
v 1.914210 -1.111604 0.762484
v 1.837415 -1.061162 0.730310
v 1.751522 -1.033570 0.710311
v 1.658225 -1.026745 0.705501
v 1.558305 -1.039988 0.716615
v 1.450637 -1.074770 0.743320
v 1.334803 -1.133512 0.781804
v 1.111602 -1.914211 -0.762485
v 1.201604 -1.908286 -0.520914
v 1.251934 -1.904283 -0.263879
v 1.267891 -1.902905 -0.000000
v 1.251934 -1.904283 0.263878
v 1.201604 -1.908286 0.520913
v 1.111602 -1.914211 0.762484
v 1.061161 -1.837416 -0.730310
v 1.155869 -1.834775 -0.504206
v 1.210034 -1.832691 -0.257091
v 1.227376 -1.831896 -0.000000
v 1.210034 -1.832691 0.257091
v 1.155868 -1.834775 0.504205
v 1.061160 -1.837416 0.730310
v 1.033569 -1.751522 -0.710312
v 1.129830 -1.751624 -0.492309
v 1.185625 -1.751796 -0.251759
v 1.203640 -1.751893 -0.000000
v 1.185625 -1.751796 0.251758
v 1.129830 -1.751625 0.492309
v 1.033568 -1.751523 0.710311
v 1.026744 -1.658225 -0.705501
v 1.122932 -1.661281 -0.489260
v 1.178781 -1.664337 -0.250308
v 1.196833 -1.665726 -0.000000
v 1.178781 -1.664337 0.250307
v 1.122932 -1.661281 0.489260
v 1.026744 -1.658226 0.705501
v 1.039987 -1.558305 -0.716615
v 1.134932 -1.566015 -0.496902
v 1.189499 -1.573308 -0.254161
v 1.206981 -1.576509 -0.000000
v 1.189499 -1.573308 0.254160
v 1.134932 -1.566015 0.496902
v 1.039986 -1.558305 0.716615
v 1.074769 -1.450637 -0.743321
v 1.165980 -1.468404 -0.512809
v 1.217356 -1.482836 -0.261276
v 1.233630 -1.488486 -0.000000
v 1.217356 -1.482836 0.261275
v 1.165980 -1.468404 0.512808
v 1.074769 -1.450638 0.743320
v 1.133511 -1.334804 -0.781804
v 1.216245 -1.372203 -0.531699
v 1.261819 -1.397471 -0.268524
v 1.276206 -1.406186 -0.000000
v 1.261819 -1.397471 0.268523
v 1.216244 -1.372203 0.531698
v 1.133510 -1.334804 0.781804
v 1.914211 1.111602 0.762485
v 1.837416 1.061160 0.730310
v 1.751523 1.033568 0.710312
v 1.658225 1.026744 0.705501
v 1.558305 1.039986 0.716615
v 1.450637 1.074769 0.743321
v 1.334804 1.133510 0.781804
v 1.908286 1.201604 0.520914
v 1.834775 1.155868 0.504206
v 1.751624 1.129830 0.492309
v 1.661281 1.122932 0.489260
v 1.566015 1.134932 0.496902
v 1.468404 1.165980 0.512808
v 1.372203 1.216244 0.531699
v 1.904283 1.251934 0.263879
v 1.832691 1.210034 0.257091
v 1.751796 1.185625 0.251759
v 1.664337 1.178781 0.250308
v 1.573308 1.189499 0.254161
v 1.482836 1.217356 0.261276
v 1.397471 1.261819 0.268524
v 1.902905 1.267891 0.000000
v 1.831896 1.227376 0.000000
v 1.751893 1.203640 0.000000
v 1.665726 1.196833 0.000000
v 1.576509 1.206981 0.000000
v 1.488486 1.233630 0.000000
v 1.406186 1.276206 0.000000
v 1.904283 1.251934 -0.263878
v 1.832691 1.210034 -0.257091
v 1.751796 1.185625 -0.251758
v 1.664337 1.178781 -0.250308
v 1.573308 1.189499 -0.254160
v 1.482836 1.217357 -0.261275
v 1.397470 1.261819 -0.268524
v 1.908286 1.201604 -0.520913
v 1.834775 1.155869 -0.504205
v 1.751624 1.129830 -0.492309
v 1.661281 1.122932 -0.489260
v 1.566015 1.134932 -0.496902
v 1.468404 1.165980 -0.512808
v 1.372203 1.216245 -0.531698
v 1.914211 1.111603 -0.762484
v 1.837416 1.061161 -0.730310
v 1.751523 1.033569 -0.710311
v 1.658225 1.026744 -0.705501
v 1.558305 1.039987 -0.716615
v 1.450637 1.074769 -0.743320
v 1.334804 1.133511 -0.781804
v 1.111603 1.914210 0.762485
v 1.201605 1.908285 0.520914
v 1.251935 1.904282 0.263879
v 1.267892 1.902905 0.000000
v 1.251935 1.904282 -0.263878
v 1.201604 1.908285 -0.520913
v 1.111603 1.914210 -0.762484
v 1.061161 1.837415 0.730310
v 1.155869 1.834774 0.504206
v 1.210035 1.832690 0.257091
v 1.227377 1.831895 0.000000
v 1.210035 1.832690 -0.257091
v 1.155869 1.834774 -0.504205
v 1.061161 1.837415 -0.730310
v 1.033569 1.751522 0.710312
v 1.129831 1.751624 0.492309
v 1.185626 1.751795 0.251759
v 1.203641 1.751892 0.000000
v 1.185626 1.751795 -0.251758
v 1.129831 1.751624 -0.492309
v 1.033569 1.751522 -0.710311
v 1.026745 1.658224 0.705501
v 1.122933 1.661280 0.489260
v 1.178782 1.664336 0.250308
v 1.196834 1.665725 0.000000
v 1.178782 1.664337 -0.250307
v 1.122933 1.661281 -0.489260
v 1.026745 1.658225 -0.705501
v 1.039987 1.558304 0.716615
v 1.134933 1.566014 0.496902
v 1.189500 1.573307 0.254161
v 1.206982 1.576508 0.000000
v 1.189499 1.573307 -0.254160
v 1.134933 1.566015 -0.496902
v 1.039987 1.558305 -0.716615
v 1.074769 1.450637 0.743321
v 1.165981 1.468403 0.512809
v 1.217357 1.482835 0.261276
v 1.233631 1.488486 0.000000
v 1.217357 1.482835 -0.261275
v 1.165981 1.468403 -0.512808
v 1.074770 1.450637 -0.743320
v 1.133512 1.334803 0.781804
v 1.216245 1.372203 0.531699
v 1.261820 1.397470 0.268524
v 1.276207 1.406185 0.000000
v 1.261820 1.397470 -0.268523
v 1.216245 1.372203 -0.531698
v 1.133511 1.334804 -0.781804
v -1.999588 -0.755659 1.894951
v -1.999564 -0.514685 1.895063
v -1.999547 -0.260616 1.895149
v -1.999542 -0.000000 1.895184
v -1.999547 0.260617 1.895149
v -1.999564 0.514686 1.895063
v -1.999588 0.755659 1.894951
v -2.032852 -0.756496 1.823735
v -2.032654 -0.515315 1.824628
v -2.032525 -0.260953 1.825317
v -2.032478 -0.000000 1.825593
v -2.032524 0.260953 1.825317
v -2.032654 0.515315 1.824628
v -2.032852 0.756496 1.823735
v -2.053986 -0.758768 1.740704
v -2.053319 -0.517024 1.743719
v -2.052881 -0.261865 1.746044
v -2.052724 -0.000000 1.746976
v -2.052881 0.261866 1.746044
v -2.053319 0.517024 1.743719
v -2.053986 0.758768 1.740704
v -2.063468 -0.763193 1.646493
v -2.061885 -0.520352 1.653640
v -2.060848 -0.263643 1.659151
v -2.060475 -0.000000 1.661359
v -2.060848 0.263643 1.659151
v -2.061885 0.520352 1.653640
v -2.063468 0.763193 1.646494
v -2.061578 -0.770353 1.541764
v -2.058500 -0.525527 1.556190
v -2.056507 -0.266336 1.567059
v -2.055798 -0.000000 1.571326
v -2.056507 0.266336 1.567059
v -2.058500 0.525527 1.556191
v -2.061578 0.770353 1.541765
v -2.047815 -0.780290 1.427295
v -2.042572 -0.531532 1.455157
v -2.039341 -0.269047 1.474593
v -2.038234 -0.000000 1.481686
v -2.039341 0.269047 1.474593
v -2.042572 0.531532 1.455157
v -2.047814 0.780291 1.427295
v -2.020978 -0.791258 1.305723
v -2.013167 -0.536185 1.355944
v -2.008662 -0.270534 1.387317
v -2.007195 -0.000000 1.397803
v -2.008662 0.270535 1.387317
v -2.013167 0.536186 1.355944
v -2.020978 0.791258 1.305723
v -1.999588 -0.755658 -1.894951
v -2.032852 -0.756495 -1.823735
v -2.053986 -0.758767 -1.740704
v -2.063468 -0.763192 -1.646493
v -2.061578 -0.770352 -1.541765
v -2.047815 -0.780290 -1.427295
v -2.020978 -0.791257 -1.305723
v -1.999564 -0.514685 -1.895063
v -2.032654 -0.515314 -1.824628
v -2.053319 -0.517023 -1.743719
v -2.061885 -0.520351 -1.653640
v -2.058500 -0.525526 -1.556191
v -2.042572 -0.531531 -1.455157
v -2.013167 -0.536185 -1.355945
v -1.999547 -0.260616 -1.895149
v -2.032524 -0.260952 -1.825317
v -2.052881 -0.261865 -1.746044
v -2.060847 -0.263642 -1.659151
v -2.056506 -0.266335 -1.567059
v -2.039340 -0.269046 -1.474593
v -2.008662 -0.270534 -1.387317
v -1.999541 0.000001 -1.895183
v -2.032478 0.000001 -1.825593
v -2.052723 0.000001 -1.746976
v -2.060475 0.000001 -1.661359
v -2.055798 0.000001 -1.571327
v -2.038234 0.000001 -1.481687
v -2.007195 0.000001 -1.397803
v -1.999547 0.260617 -1.895149
v -2.032524 0.260954 -1.825317
v -2.052881 0.261866 -1.746044
v -2.060847 0.263644 -1.659151
v -2.056506 0.266337 -1.567059
v -2.039340 0.269048 -1.474592
v -2.008662 0.270535 -1.387317
v -1.999563 0.514686 -1.895063
v -2.032654 0.515316 -1.824628
v -2.053318 0.517025 -1.743719
v -2.061885 0.520353 -1.653640
v -2.058499 0.525528 -1.556191
v -2.042572 0.531533 -1.455157
v -2.013166 0.536186 -1.355944
v -1.999588 0.755660 -1.894951
v -2.032851 0.756497 -1.823735
v -2.053986 0.758769 -1.740704
v -2.063468 0.763194 -1.646493
v -2.061578 0.770354 -1.541765
v -2.047814 0.780291 -1.427295
v -2.020978 0.791259 -1.305723
v -1.894951 -0.755658 -1.999588
v -1.895063 -0.514685 -1.999564
v -1.895149 -0.260616 -1.999547
v -1.895183 0.000001 -1.999542
v -1.895148 0.260617 -1.999547
v -1.895062 0.514686 -1.999564
v -1.894950 0.755660 -1.999588
v -1.823735 -0.756495 -2.032852
v -1.824628 -0.515314 -2.032654
v -1.825317 -0.260952 -2.032525
v -1.825593 0.000001 -2.032478
v -1.825317 0.260954 -2.032525
v -1.824628 0.515316 -2.032654
v -1.823734 0.756497 -2.032852
v -1.740704 -0.758768 -2.053987
v -1.743719 -0.517023 -2.053319
v -1.746044 -0.261865 -2.052881
v -1.746975 0.000001 -2.052724
v -1.746044 0.261866 -2.052881
v -1.743719 0.517025 -2.053319
v -1.740703 0.758769 -2.053986
v -1.646493 -0.763193 -2.063468
v -1.653639 -0.520351 -2.061885
v -1.659151 -0.263642 -2.060848
v -1.661358 0.000001 -2.060475
v -1.659150 0.263644 -2.060848
v -1.653639 0.520353 -2.061885
v -1.646493 0.763194 -2.063468
v -1.541764 -0.770352 -2.061579
v -1.556190 -0.525527 -2.058500
v -1.567058 -0.266336 -2.056507
v -1.571326 0.000001 -2.055798
v -1.567059 0.266337 -2.056507
v -1.556190 0.525528 -2.058500
v -1.541764 0.770353 -2.061578
v -1.427295 -0.780290 -2.047815
v -1.455157 -0.531532 -2.042573
v -1.474592 -0.269047 -2.039341
v -1.481686 0.000001 -2.038234
v -1.474592 0.269048 -2.039341
v -1.455156 0.531533 -2.042572
v -1.427294 0.780291 -2.047814
v -1.305723 -0.791258 -2.020979
v -1.355944 -0.536185 -2.013167
v -1.387316 -0.270534 -2.008662
v -1.397803 0.000000 -2.007195
v -1.387316 0.270535 -2.008662
v -1.355944 0.536186 -2.013167
v -1.305722 0.791258 -2.020978
v 1.894951 -0.755659 -1.999588
v 1.823735 -0.756496 -2.032852
v 1.740704 -0.758768 -2.053987
v 1.646493 -0.763193 -2.063468
v 1.541765 -0.770353 -2.061579
v 1.427295 -0.780290 -2.047815
v 1.305723 -0.791258 -2.020979
v 1.895063 -0.514685 -1.999564
v 1.824628 -0.515315 -2.032655
v 1.743719 -0.517024 -2.053319
v 1.653640 -0.520352 -2.061885
v 1.556191 -0.525527 -2.058500
v 1.455157 -0.531532 -2.042573
v 1.355945 -0.536185 -2.013167
v 1.895149 -0.260616 -1.999548
v 1.825317 -0.260953 -2.032525
v 1.746044 -0.261865 -2.052881
v 1.659151 -0.263643 -2.060848
v 1.567059 -0.266336 -2.056507
v 1.474593 -0.269047 -2.039341
v 1.387317 -0.270534 -2.008662
v 1.895183 0.000000 -1.999542
v 1.825593 0.000000 -2.032478
v 1.746976 0.000000 -2.052724
v 1.661359 0.000000 -2.060475
v 1.571327 0.000000 -2.055798
v 1.481687 0.000000 -2.038234
v 1.397803 0.000000 -2.007195
v 1.895149 0.260617 -1.999547
v 1.825317 0.260953 -2.032525
v 1.746044 0.261866 -2.052881
v 1.659151 0.263643 -2.060848
v 1.567059 0.266337 -2.056507
v 1.474593 0.269048 -2.039341
v 1.387317 0.270535 -2.008662
v 1.895063 0.514686 -1.999564
v 1.824628 0.515315 -2.032654
v 1.743719 0.517024 -2.053319
v 1.653640 0.520352 -2.061885
v 1.556191 0.525528 -2.058500
v 1.455157 0.531533 -2.042573
v 1.355944 0.536186 -2.013167
v 1.894951 0.755659 -1.999588
v 1.823735 0.756497 -2.032852
v 1.740704 0.758769 -2.053986
v 1.646494 0.763194 -2.063468
v 1.541765 0.770353 -2.061578
v 1.427295 0.780291 -2.047815
v 1.305723 0.791258 -2.020978
v 1.999588 0.755659 -1.894951
v 2.032852 0.756496 -1.823735
v 2.053986 0.758768 -1.740704
v 2.063468 0.763193 -1.646493
v 2.061578 0.770353 -1.541765
v 2.047815 0.780290 -1.427295
v 2.020978 0.791258 -1.305723
v 1.999564 0.514686 -1.895063
v 2.032655 0.515315 -1.824628
v 2.053319 0.517024 -1.743719
v 2.061885 0.520352 -1.653640
v 2.058500 0.525527 -1.556190
v 2.042572 0.531532 -1.455157
v 2.013167 0.536186 -1.355944
v 1.999547 0.260617 -1.895149
v 2.032525 0.260953 -1.825317
v 2.052881 0.261866 -1.746044
v 2.060848 0.263643 -1.659151
v 2.056507 0.266336 -1.567059
v 2.039341 0.269047 -1.474593
v 2.008662 0.270534 -1.387317
v 1.999542 0.000000 -1.895183
v 2.032478 0.000000 -1.825593
v 2.052724 0.000000 -1.746976
v 2.060475 0.000000 -1.661359
v 2.055798 0.000000 -1.571327
v 2.038234 0.000000 -1.481687
v 2.007195 0.000000 -1.397803
v 1.999547 -0.260616 -1.895149
v 2.032525 -0.260953 -1.825317
v 2.052881 -0.261865 -1.746044
v 2.060848 -0.263643 -1.659151
v 2.056506 -0.266336 -1.567059
v 2.039341 -0.269047 -1.474592
v 2.008662 -0.270535 -1.387317
v 1.999564 -0.514685 -1.895063
v 2.032654 -0.515315 -1.824628
v 2.053319 -0.517024 -1.743719
v 2.061885 -0.520352 -1.653640
v 2.058500 -0.525527 -1.556191
v 2.042572 -0.531532 -1.455157
v 2.013167 -0.536186 -1.355945
v 1.999588 -0.755659 -1.894951
v 2.032852 -0.756496 -1.823735
v 2.053986 -0.758768 -1.740704
v 2.063468 -0.763193 -1.646494
v 2.061578 -0.770353 -1.541765
v 2.047814 -0.780291 -1.427295
v 2.020978 -0.791258 -1.305723
v 1.999588 0.755658 1.894951
v 1.999563 0.514684 1.895063
v 1.999547 0.260615 1.895149
v 1.999541 -0.000001 1.895184
v 1.999547 -0.260618 1.895149
v 1.999563 -0.514687 1.895063
v 1.999588 -0.755661 1.894951
v 2.032852 0.756495 1.823735
v 2.032654 0.515314 1.824628
v 2.032524 0.260952 1.825317
v 2.032478 -0.000001 1.825593
v 2.032524 -0.260954 1.825317
v 2.032654 -0.515316 1.824628
v 2.032851 -0.756498 1.823735
v 2.053986 0.758767 1.740704
v 2.053318 0.517023 1.743719
v 2.052881 0.261864 1.746044
v 2.052723 -0.000001 1.746976
v 2.052881 -0.261867 1.746044
v 2.053318 -0.517025 1.743719
v 2.053985 -0.758770 1.740704
v 2.063468 0.763192 1.646494
v 2.061885 0.520351 1.653640
v 2.060848 0.263642 1.659151
v 2.060475 -0.000001 1.661359
v 2.060847 -0.263644 1.659151
v 2.061885 -0.520353 1.653640
v 2.063468 -0.763195 1.646493
v 2.061578 0.770352 1.541765
v 2.058500 0.525526 1.556191
v 2.056507 0.266335 1.567059
v 2.055798 -0.000001 1.571326
v 2.056506 -0.266337 1.567059
v 2.058499 -0.525529 1.556190
v 2.061577 -0.770354 1.541765
v 2.047815 0.780289 1.427295
v 2.042572 0.531531 1.455157
v 2.039341 0.269046 1.474593
v 2.038234 -0.000001 1.481686
v 2.039340 -0.269048 1.474593
v 2.042572 -0.531533 1.455157
v 2.047814 -0.780292 1.427295
v 2.020978 0.791257 1.305723
v 2.013167 0.536185 1.355944
v 2.008662 0.270533 1.387317
v 2.007195 -0.000001 1.397803
v 2.008662 -0.270536 1.387317
v 2.013166 -0.536187 1.355944
v 2.020978 -0.791259 1.305723
v 1.894951 0.755658 1.999588
v 1.823735 0.756495 2.032852
v 1.740704 0.758767 2.053987
v 1.646493 0.763192 2.063468
v 1.541765 0.770352 2.061579
v 1.427295 0.780289 2.047815
v 1.305722 0.791257 2.020979
v 1.895063 0.514684 1.999564
v 1.824628 0.515314 2.032654
v 1.743719 0.517023 2.053319
v 1.653640 0.520351 2.061885
v 1.556190 0.525526 2.058500
v 1.455156 0.531531 2.042573
v 1.355944 0.536184 2.013167
v 1.895149 0.260615 1.999547
v 1.825317 0.260952 2.032525
v 1.746044 0.261864 2.052881
v 1.659151 0.263642 2.060848
v 1.567059 0.266335 2.056507
v 1.474592 0.269046 2.039341
v 1.387317 0.270533 2.008662
v 1.895183 -0.000001 1.999542
v 1.825593 -0.000001 2.032478
v 1.746975 -0.000001 2.052724
v 1.661358 -0.000001 2.060475
v 1.571326 -0.000001 2.055798
v 1.481686 -0.000001 2.038234
v 1.397802 -0.000001 2.007195
v 1.895148 -0.260618 1.999547
v 1.825317 -0.260954 2.032525
v 1.746044 -0.261867 2.052881
v 1.659151 -0.263644 2.060848
v 1.567058 -0.266338 2.056507
v 1.474592 -0.269048 2.039341
v 1.387316 -0.270536 2.008662
v 1.895062 -0.514687 1.999564
v 1.824628 -0.515316 2.032654
v 1.743719 -0.517025 2.053319
v 1.653639 -0.520353 2.061885
v 1.556190 -0.525529 2.058500
v 1.455156 -0.531533 2.042573
v 1.355944 -0.536187 2.013167
v 1.894951 -0.755661 1.999588
v 1.823734 -0.756498 2.032852
v 1.740703 -0.758770 2.053986
v 1.646492 -0.763195 2.063468
v 1.541764 -0.770354 2.061578
v 1.427294 -0.780292 2.047815
v 1.305722 -0.791259 2.020978
v -1.894951 0.755659 1.999588
v -1.895063 0.514686 1.999564
v -1.895149 0.260617 1.999547
v -1.895183 -0.000000 1.999542
v -1.895149 -0.260616 1.999547
v -1.895063 -0.514685 1.999564
v -1.894951 -0.755659 1.999588
v -1.823735 0.756496 2.032852
v -1.824628 0.515315 2.032654
v -1.825317 0.260953 2.032525
v -1.825593 -0.000000 2.032478
v -1.825317 -0.260953 2.032525
v -1.824628 -0.515315 2.032654
v -1.823735 -0.756496 2.032852
v -1.740704 0.758768 2.053987
v -1.743719 0.517024 2.053319
v -1.746044 0.261866 2.052881
v -1.746976 -0.000000 2.052724
v -1.746044 -0.261866 2.052881
v -1.743719 -0.517024 2.053319
v -1.740704 -0.758768 2.053986
v -1.646493 0.763193 2.063468
v -1.653640 0.520352 2.061885
v -1.659151 0.263643 2.060848
v -1.661359 -0.000000 2.060475
v -1.659151 -0.263643 2.060848
v -1.653640 -0.520352 2.061885
v -1.646493 -0.763193 2.063468
v -1.541765 0.770353 2.061579
v -1.556190 0.525527 2.058500
v -1.567059 0.266336 2.056507
v -1.571327 -0.000000 2.055798
v -1.567059 -0.266336 2.056507
v -1.556191 -0.525527 2.058500
v -1.541765 -0.770353 2.061578
v -1.427295 0.780290 2.047815
v -1.455157 0.531532 2.042573
v -1.474593 0.269047 2.039341
v -1.481686 -0.000000 2.038234
v -1.474593 -0.269047 2.039341
v -1.455157 -0.531532 2.042572
v -1.427295 -0.780291 2.047814
v -1.305723 0.791258 2.020979
v -1.355944 0.536185 2.013167
v -1.387317 0.270534 2.008662
v -1.397803 -0.000000 2.007195
v -1.387317 -0.270535 2.008662
v -1.355944 -0.536186 2.013167
v -1.305723 -0.791258 2.020978
v 1.914211 0.762484 -1.111603
v 1.837416 0.730309 -1.061161
v 1.751522 0.710311 -1.033569
v 1.658225 0.705501 -1.026744
v 1.558305 0.716615 -1.039987
v 1.450637 0.743320 -1.074769
v 1.334804 0.781804 -1.133512
v 1.908286 0.520913 -1.201604
v 1.834775 0.504205 -1.155869
v 1.751624 0.492309 -1.129831
v 1.661281 0.489260 -1.122933
v 1.566015 0.496902 -1.134932
v 1.468404 0.512808 -1.165981
v 1.372203 0.531698 -1.216245
v 1.904282 0.263878 -1.251935
v 1.832691 0.257091 -1.210034
v 1.751796 0.251758 -1.185626
v 1.664337 0.250308 -1.178782
v 1.573308 0.254160 -1.189499
v 1.482836 0.261275 -1.217357
v 1.397470 0.268524 -1.261820
v 1.902905 0.000000 -1.267892
v 1.831895 0.000000 -1.227377
v 1.751892 0.000000 -1.203641
v 1.665726 0.000000 -1.196834
v 1.576509 0.000000 -1.206981
v 1.488486 0.000000 -1.233631
v 1.406186 0.000000 -1.276207
v 1.904282 -0.263878 -1.251935
v 1.832691 -0.257091 -1.210034
v 1.751796 -0.251758 -1.185626
v 1.664337 -0.250308 -1.178782
v 1.573308 -0.254160 -1.189499
v 1.482836 -0.261275 -1.217357
v 1.397470 -0.268524 -1.261820
v 1.908286 -0.520914 -1.201605
v 1.834775 -0.504205 -1.155870
v 1.751624 -0.492309 -1.129831
v 1.661281 -0.489260 -1.122933
v 1.566015 -0.496902 -1.134933
v 1.468403 -0.512808 -1.165981
v 1.372203 -0.531698 -1.216246
v 1.914210 -0.762484 -1.111603
v 1.837415 -0.730310 -1.061161
v 1.751522 -0.710311 -1.033569
v 1.658225 -0.705501 -1.026745
v 1.558305 -0.716615 -1.039987
v 1.450637 -0.743320 -1.074769
v 1.334804 -0.781804 -1.133511
v 1.111603 0.762485 -1.914211
v 1.201605 0.520914 -1.908286
v 1.251935 0.263879 -1.904283
v 1.267892 0.000000 -1.902905
v 1.251935 -0.263878 -1.904283
v 1.201604 -0.520913 -1.908286
v 1.111603 -0.762484 -1.914211
v 1.061161 0.730310 -1.837416
v 1.155869 0.504206 -1.834775
v 1.210035 0.257091 -1.832691
v 1.227377 0.000000 -1.831896
v 1.210035 -0.257091 -1.832691
v 1.155869 -0.504205 -1.834775
v 1.061161 -0.730310 -1.837416
v 1.033569 0.710312 -1.751522
v 1.129831 0.492309 -1.751624
v 1.185626 0.251759 -1.751796
v 1.203641 0.000000 -1.751893
v 1.185626 -0.251758 -1.751796
v 1.129831 -0.492309 -1.751625
v 1.033569 -0.710311 -1.751523
v 1.026745 0.705501 -1.658225
v 1.122933 0.489260 -1.661281
v 1.178782 0.250308 -1.664337
v 1.196834 0.000000 -1.665726
v 1.178782 -0.250307 -1.664337
v 1.122933 -0.489260 -1.661281
v 1.026745 -0.705501 -1.658226
v 1.039987 0.716615 -1.558305
v 1.134933 0.496902 -1.566015
v 1.189499 0.254161 -1.573308
v 1.206982 0.000000 -1.576509
v 1.189499 -0.254160 -1.573308
v 1.134933 -0.496902 -1.566015
v 1.039987 -0.716615 -1.558305
v 1.074769 0.743321 -1.450637
v 1.165981 0.512808 -1.468404
v 1.217357 0.261276 -1.482836
v 1.233631 0.000000 -1.488486
v 1.217357 -0.261275 -1.482836
v 1.165981 -0.512808 -1.468404
v 1.074769 -0.743320 -1.450637
v 1.133512 0.781804 -1.334804
v 1.216245 0.531698 -1.372203
v 1.261820 0.268524 -1.397471
v 1.276207 0.000000 -1.406186
v 1.261820 -0.268524 -1.397471
v 1.216245 -0.531698 -1.372203
v 1.133511 -0.781804 -1.334804
v -1.914210 -0.762484 -1.111603
v -1.837416 -0.730309 -1.061161
v -1.751522 -0.710311 -1.033569
v -1.658225 -0.705501 -1.026745
v -1.558305 -0.716614 -1.039987
v -1.450637 -0.743320 -1.074769
v -1.334804 -0.781804 -1.133512
v -1.908286 -0.520913 -1.201605
v -1.834775 -0.504205 -1.155869
v -1.751624 -0.492308 -1.129831
v -1.661281 -0.489259 -1.122933
v -1.566015 -0.496902 -1.134933
v -1.468403 -0.512808 -1.165981
v -1.372203 -0.531698 -1.216245
v -1.904282 -0.263878 -1.251935
v -1.832691 -0.257090 -1.210034
v -1.751796 -0.251758 -1.185626
v -1.664337 -0.250307 -1.178782
v -1.573308 -0.254160 -1.189499
v -1.482835 -0.261275 -1.217357
v -1.397470 -0.268523 -1.261820
v -1.902905 0.000001 -1.267892
v -1.831895 0.000001 -1.227377
v -1.751892 0.000001 -1.203641
v -1.665726 0.000000 -1.196834
v -1.576509 0.000000 -1.206981
v -1.488486 0.000000 -1.233631
v -1.406186 0.000000 -1.276207
v -1.904282 0.263879 -1.251935
v -1.832691 0.257092 -1.210034
v -1.751795 0.251759 -1.185626
v -1.664337 0.250308 -1.178782
v -1.573307 0.254161 -1.189499
v -1.482835 0.261276 -1.217357
v -1.397470 0.268524 -1.261820
v -1.908285 0.520914 -1.201604
v -1.834774 0.504206 -1.155869
v -1.751624 0.492309 -1.129831
v -1.661281 0.489260 -1.122933
v -1.566014 0.496902 -1.134933
v -1.468403 0.512809 -1.165981
v -1.372203 0.531699 -1.216245
v -1.914210 0.762485 -1.111603
v -1.837415 0.730310 -1.061161
v -1.751522 0.710312 -1.033569
v -1.658225 0.705501 -1.026744
v -1.558305 0.716615 -1.039987
v -1.450637 0.743321 -1.074769
v -1.334803 0.781804 -1.133511
v -1.111603 -0.762484 -1.914211
v -1.201604 -0.520913 -1.908287
v -1.251934 -0.263878 -1.904283
v -1.267892 0.000000 -1.902905
v -1.251934 0.263879 -1.904283
v -1.201604 0.520914 -1.908286
v -1.111603 0.762485 -1.914211
v -1.061161 -0.730309 -1.837416
v -1.155869 -0.504205 -1.834775
v -1.210034 -0.257091 -1.832691
v -1.227376 0.000000 -1.831896
v -1.210034 0.257091 -1.832691
v -1.155869 0.504206 -1.834775
v -1.061160 0.730310 -1.837416
v -1.033569 -0.710311 -1.751523
v -1.129831 -0.492309 -1.751625
v -1.185625 -0.251758 -1.751796
v -1.203641 0.000000 -1.751893
v -1.185625 0.251759 -1.751796
v -1.129830 0.492309 -1.751624
v -1.033569 0.710312 -1.751523
v -1.026744 -0.705501 -1.658226
v -1.122932 -0.489260 -1.661281
v -1.178782 -0.250307 -1.664337
v -1.196833 0.000000 -1.665726
v -1.178782 0.250308 -1.664337
v -1.122932 0.489260 -1.661281
v -1.026744 0.705501 -1.658225
v -1.039987 -0.716615 -1.558305
v -1.134932 -0.496902 -1.566015
v -1.189499 -0.254160 -1.573308
v -1.206981 0.000000 -1.576509
v -1.189499 0.254161 -1.573308
v -1.134932 0.496902 -1.566015
v -1.039986 0.716615 -1.558305
v -1.074769 -0.743320 -1.450638
v -1.165981 -0.512808 -1.468404
v -1.217357 -0.261275 -1.482836
v -1.233630 0.000000 -1.488486
v -1.217356 0.261276 -1.482836
v -1.165980 0.512809 -1.468404
v -1.074769 0.743321 -1.450637
v -1.133511 -0.781804 -1.334804
v -1.216245 -0.531698 -1.372204
v -1.261819 -0.268523 -1.397471
v -1.276206 0.000000 -1.406186
v -1.261819 0.268524 -1.397471
v -1.216244 0.531699 -1.372203
v -1.133510 0.781805 -1.334804
v 1.111603 0.762483 1.914211
v 1.061161 0.730309 1.837416
v 1.033569 0.710310 1.751523
v 1.026744 0.705500 1.658225
v 1.039987 0.716614 1.558306
v 1.074769 0.743319 1.450638
v 1.133511 0.781803 1.334805
v 1.201604 0.520912 1.908286
v 1.155869 0.504204 1.834775
v 1.129831 0.492308 1.751625
v 1.122932 0.489259 1.661281
v 1.134932 0.496901 1.566015
v 1.165981 0.512807 1.468404
v 1.216245 0.531697 1.372204
v 1.251934 0.263877 1.904283
v 1.210034 0.257090 1.832691
v 1.185625 0.251757 1.751796
v 1.178782 0.250307 1.664337
v 1.189499 0.254159 1.573308
v 1.217357 0.261274 1.482836
v 1.261819 0.268523 1.397471
v 1.267892 -0.000001 1.902905
v 1.227376 -0.000001 1.831896
v 1.203641 -0.000001 1.751893
v 1.196833 -0.000001 1.665726
v 1.206981 -0.000001 1.576509
v 1.233630 -0.000001 1.488486
v 1.276207 -0.000001 1.406186
v 1.251934 -0.263879 1.904283
v 1.210034 -0.257092 1.832691
v 1.185625 -0.251759 1.751796
v 1.178781 -0.250309 1.664337
v 1.189499 -0.254161 1.573308
v 1.217357 -0.261276 1.482836
v 1.261819 -0.268525 1.397470
v 1.201604 -0.520915 1.908286
v 1.155869 -0.504206 1.834775
v 1.129830 -0.492310 1.751624
v 1.122932 -0.489261 1.661281
v 1.134932 -0.496903 1.566015
v 1.165980 -0.512809 1.468404
v 1.216245 -0.531699 1.372203
v 1.111603 -0.762486 1.914211
v 1.061160 -0.730311 1.837416
v 1.033568 -0.710312 1.751523
v 1.026744 -0.705502 1.658225
v 1.039987 -0.716616 1.558305
v 1.074769 -0.743321 1.450637
v 1.133511 -0.781805 1.334804
v 1.914211 0.762483 1.111603
v 1.908286 0.520912 1.201605
v 1.904282 0.263877 1.251935
v 1.902905 -0.000001 1.267892
v 1.904282 -0.263879 1.251935
v 1.908285 -0.520914 1.201604
v 1.914210 -0.762486 1.111603
v 1.837416 0.730309 1.061161
v 1.834775 0.504204 1.155870
v 1.832691 0.257090 1.210035
v 1.831895 -0.000001 1.227377
v 1.832690 -0.257092 1.210035
v 1.834774 -0.504206 1.155869
v 1.837415 -0.730311 1.061161
v 1.751522 0.710310 1.033569
v 1.751624 0.492308 1.129831
v 1.751796 0.251757 1.185626
v 1.751892 -0.000001 1.203641
v 1.751795 -0.251759 1.185626
v 1.751624 -0.492310 1.129831
v 1.751522 -0.710312 1.033569
v 1.658225 0.705500 1.026745
v 1.661281 0.489259 1.122933
v 1.664337 0.250307 1.178782
v 1.665726 -0.000001 1.196834
v 1.664337 -0.250309 1.178782
v 1.661281 -0.489261 1.122933
v 1.658225 -0.705502 1.026744
v 1.558305 0.716614 1.039987
v 1.566015 0.496901 1.134933
v 1.573307 0.254159 1.189499
v 1.576509 -0.000001 1.206981
v 1.573307 -0.254161 1.189499
v 1.566014 -0.496903 1.134933
v 1.558304 -0.716616 1.039987
v 1.450637 0.743319 1.074769
v 1.468404 0.512807 1.165981
v 1.482835 0.261274 1.217357
v 1.488486 -0.000001 1.233631
v 1.482835 -0.261276 1.217357
v 1.468403 -0.512809 1.165981
v 1.450637 -0.743321 1.074769
v 1.334804 0.781803 1.133512
v 1.372203 0.531697 1.216245
v 1.397470 0.268523 1.261820
v 1.406186 -0.000001 1.276207
v 1.397470 -0.268524 1.261820
v 1.372203 -0.531699 1.216245
v 1.334804 -0.781805 1.133511
v -1.111603 0.762484 1.914211
v -1.201605 0.520913 1.908287
v -1.251935 0.263878 1.904283
v -1.267892 -0.000000 1.902905
v -1.251935 -0.263879 1.904283
v -1.201605 -0.520914 1.908286
v -1.111603 -0.762485 1.914211
v -1.061161 0.730309 1.837416
v -1.155869 0.504205 1.834775
v -1.210035 0.257091 1.832691
v -1.227377 -0.000000 1.831896
v -1.210035 -0.257091 1.832691
v -1.155869 -0.504206 1.834775
v -1.061161 -0.730310 1.837416
v -1.033569 0.710311 1.751523
v -1.129831 0.492309 1.751625
v -1.185626 0.251758 1.751796
v -1.203641 -0.000000 1.751893
v -1.185626 -0.251759 1.751796
v -1.129831 -0.492309 1.751624
v -1.033569 -0.710312 1.751523
v -1.026745 0.705501 1.658226
v -1.122933 0.489260 1.661281
v -1.178782 0.250307 1.664337
v -1.196834 -0.000000 1.665726
v -1.178782 -0.250308 1.664337
v -1.122933 -0.489260 1.661281
v -1.026745 -0.705501 1.658225
v -1.039987 0.716615 1.558305
v -1.134933 0.496902 1.566015
v -1.189499 0.254160 1.573308
v -1.206982 -0.000000 1.576509
v -1.189499 -0.254161 1.573308
v -1.134933 -0.496902 1.566015
v -1.039987 -0.716615 1.558305
v -1.074769 0.743320 1.450638
v -1.165981 0.512808 1.468404
v -1.217357 0.261275 1.482836
v -1.233631 -0.000000 1.488486
v -1.217357 -0.261276 1.482836
v -1.165981 -0.512808 1.468404
v -1.074770 -0.743321 1.450637
v -1.133511 0.781804 1.334804
v -1.216245 0.531698 1.372204
v -1.261820 0.268523 1.397471
v -1.276207 -0.000000 1.406186
v -1.261820 -0.268524 1.397471
v -1.216245 -0.531699 1.372203
v -1.133511 -0.781804 1.334804
v -1.914210 0.762485 1.111603
v -1.837416 0.730310 1.061161
v -1.751522 0.710311 1.033569
v -1.658225 0.705501 1.026745
v -1.558305 0.716615 1.039987
v -1.450637 0.743320 1.074769
v -1.334804 0.781804 1.133512
v -1.908286 0.520914 1.201605
v -1.834775 0.504205 1.155869
v -1.751624 0.492309 1.129831
v -1.661281 0.489260 1.122933
v -1.566015 0.496902 1.134933
v -1.468404 0.512808 1.165981
v -1.372203 0.531698 1.216245
v -1.904282 0.263878 1.251935
v -1.832691 0.257091 1.210034
v -1.751796 0.251758 1.185626
v -1.664337 0.250308 1.178782
v -1.573308 0.254160 1.189499
v -1.482836 0.261275 1.217357
v -1.397470 0.268524 1.261820
v -1.902905 -0.000000 1.267892
v -1.831895 -0.000000 1.227377
v -1.751892 -0.000000 1.203641
v -1.665726 -0.000000 1.196834
v -1.576509 -0.000000 1.206981
v -1.488486 -0.000000 1.233631
v -1.406186 -0.000000 1.276207
v -1.904282 -0.263878 1.251935
v -1.832691 -0.257091 1.210034
v -1.751796 -0.251758 1.185626
v -1.664337 -0.250308 1.178782
v -1.573308 -0.254160 1.189499
v -1.482836 -0.261276 1.217357
v -1.397470 -0.268524 1.261820
v -1.908286 -0.520913 1.201604
v -1.834775 -0.504205 1.155869
v -1.751624 -0.492309 1.129831
v -1.661281 -0.489260 1.122933
v -1.566015 -0.496902 1.134933
v -1.468404 -0.512808 1.165981
v -1.372203 -0.531698 1.216245
v -1.914211 -0.762484 1.111603
v -1.837416 -0.730309 1.061161
v -1.751523 -0.710311 1.033569
v -1.658225 -0.705501 1.026744
v -1.558305 -0.716615 1.039987
v -1.450637 -0.743320 1.074769
v -1.334804 -0.781804 1.133511
vn 0.4215 -0.0105 -0.9068
vn 0.4219 -0.0333 -0.9060
vn 0.4221 -0.0773 -0.9032
vn 0.4211 -0.1518 -0.8942
vn 0.4156 -0.2586 -0.8720
vn 0.4024 -0.4024 -0.8222
vn 0.2518 -0.0087 -0.9677
vn 0.2555 -0.0311 -0.9663
vn 0.2588 -0.0746 -0.9630
vn 0.2610 -0.1491 -0.9538
vn 0.2611 -0.2611 -0.9293
vn 0.2586 -0.4156 -0.8720
vn 0.1219 -0.0032 -0.9925
vn 0.1316 -0.0256 -0.9910
vn 0.1397 -0.0697 -0.9877
vn 0.1454 -0.1454 -0.9786
vn 0.1491 -0.2610 -0.9538
vn 0.1518 -0.4211 -0.8942
vn 0.0292 0.0087 -0.9995
vn 0.0469 -0.0144 -0.9988
vn 0.0607 -0.0607 -0.9963
vn 0.0697 -0.1397 -0.9877
vn 0.0746 -0.2588 -0.9630
vn 0.0773 -0.4221 -0.9032
vn -0.0328 0.0314 -0.9990
vn -0.0047 0.0047 -1.0000
vn 0.0144 -0.0469 -0.9988
vn 0.0256 -0.1316 -0.9910
vn 0.0311 -0.2555 -0.9663
vn 0.0333 -0.4219 -0.9060
vn -0.0698 0.0698 -0.9951
vn -0.0314 0.0328 -0.9990
vn -0.0087 -0.0292 -0.9995
vn 0.0032 -0.1219 -0.9925
vn 0.0087 -0.2518 -0.9677
vn 0.0105 -0.4215 -0.9068
vn 0.6147 -0.0014 -0.7888
vn 0.6145 -0.0108 -0.7889
vn 0.6141 -0.0340 -0.7885
vn 0.6130 -0.0787 -0.7862
vn 0.6087 -0.1537 -0.7784
vn 0.5972 -0.2561 -0.7601
vn 0.5722 -0.3867 -0.7232
vn 0.5283 -0.5283 -0.6647
vn 0.3867 -0.5722 -0.7232
vn 0.2561 -0.5972 -0.7601
vn 0.1537 -0.6087 -0.7784
vn 0.0787 -0.6129 -0.7862
vn 0.0340 -0.6141 -0.7885
vn 0.0108 -0.6145 -0.7889
vn 0.0014 -0.6147 -0.7888
vn 0.0014 -0.4215 -0.9068
vn 0.0002 -0.2486 -0.9686
vn -0.0046 -0.1121 -0.9937
vn -0.0159 -0.0097 -0.9998
vn -0.0384 0.0670 -0.9970
vn -0.0811 0.1235 -0.9890
vn -0.1694 0.1694 -0.9709
vn -0.1235 0.0811 -0.9890
vn -0.0670 0.0384 -0.9970
vn 0.0097 0.0159 -0.9998
vn 0.1121 0.0046 -0.9937
vn 0.2486 -0.0002 -0.9686
vn 0.4215 -0.0014 -0.9068
vn 0.4025 0.4025 -0.8222
vn 0.4156 0.2586 -0.8720
vn 0.4211 0.1518 -0.8942
vn 0.4221 0.0773 -0.9032
vn 0.4219 0.0333 -0.9060
vn 0.4215 0.0105 -0.9068
vn 0.2586 0.4156 -0.8720
vn 0.2611 0.2611 -0.9293
vn 0.2610 0.1491 -0.9538
vn 0.2588 0.0746 -0.9630
vn 0.2555 0.0311 -0.9663
vn 0.2518 0.0087 -0.9677
vn 0.1518 0.4211 -0.8942
vn 0.1491 0.2610 -0.9538
vn 0.1454 0.1454 -0.9786
vn 0.1397 0.0697 -0.9877
vn 0.1316 0.0255 -0.9910
vn 0.1219 0.0032 -0.9925
vn 0.0773 0.4221 -0.9032
vn 0.0746 0.2588 -0.9630
vn 0.0697 0.1397 -0.9877
vn 0.0607 0.0607 -0.9963
vn 0.0469 0.0144 -0.9988
vn 0.0292 -0.0087 -0.9995
vn 0.0333 0.4219 -0.9060
vn 0.0311 0.2555 -0.9663
vn 0.0255 0.1316 -0.9910
vn 0.0144 0.0469 -0.9988
vn -0.0047 -0.0047 -1.0000
vn -0.0328 -0.0314 -0.9990
vn 0.0105 0.4215 -0.9068
vn 0.0087 0.2518 -0.9677
vn 0.0032 0.1219 -0.9925
vn -0.0087 0.0292 -0.9995
vn -0.0314 -0.0328 -0.9990
vn -0.0698 -0.0698 -0.9951
vn 0.5283 0.5283 -0.6647
vn 0.5722 0.3867 -0.7232
vn 0.5972 0.2560 -0.7601
vn 0.6087 0.1537 -0.7784
vn 0.6130 0.0787 -0.7862
vn 0.6141 0.0340 -0.7885
vn 0.6145 0.0108 -0.7889
vn 0.6147 0.0014 -0.7888
vn 0.4215 0.0014 -0.9068
vn 0.2486 0.0002 -0.9686
vn 0.1121 -0.0046 -0.9937
vn 0.0097 -0.0159 -0.9998
vn -0.0670 -0.0384 -0.9970
vn -0.1235 -0.0811 -0.9890
vn -0.1694 -0.1694 -0.9709
vn -0.0811 -0.1235 -0.9890
vn -0.0384 -0.0670 -0.9970
vn -0.0159 0.0097 -0.9998
vn -0.0046 0.1121 -0.9937
vn 0.0002 0.2486 -0.9686
vn 0.0014 0.4215 -0.9068
vn 0.0014 0.6147 -0.7888
vn 0.0108 0.6145 -0.7889
vn 0.0340 0.6141 -0.7885
vn 0.0787 0.6130 -0.7862
vn 0.1537 0.6087 -0.7784
vn 0.2560 0.5972 -0.7601
vn 0.3867 0.5722 -0.7232
vn 0.0698 0.0698 -0.9951
vn 0.0314 0.0328 -0.9990
vn 0.0087 -0.0292 -0.9995
vn -0.0032 -0.1219 -0.9925
vn -0.0087 -0.2518 -0.9677
vn -0.0105 -0.4215 -0.9068
vn 0.0328 0.0314 -0.9990
vn 0.0047 0.0047 -1.0000
vn -0.0144 -0.0469 -0.9988
vn -0.0255 -0.1316 -0.9910
vn -0.0311 -0.2555 -0.9663
vn -0.0333 -0.4219 -0.9060
vn -0.0292 0.0087 -0.9995
vn -0.0469 -0.0144 -0.9988
vn -0.0607 -0.0607 -0.9963
vn -0.0697 -0.1397 -0.9877
vn -0.0746 -0.2588 -0.9630
vn -0.0773 -0.4221 -0.9032
vn -0.1219 -0.0032 -0.9925
vn -0.1316 -0.0255 -0.9910
vn -0.1397 -0.0697 -0.9877
vn -0.1454 -0.1454 -0.9786
vn -0.1491 -0.2610 -0.9538
vn -0.1518 -0.4211 -0.8942
vn -0.2518 -0.0087 -0.9677
vn -0.2555 -0.0311 -0.9663
vn -0.2588 -0.0746 -0.9630
vn -0.2610 -0.1491 -0.9538
vn -0.2611 -0.2611 -0.9293
vn -0.2586 -0.4156 -0.8720
vn -0.4215 -0.0105 -0.9068
vn -0.4219 -0.0333 -0.9060
vn -0.4221 -0.0773 -0.9032
vn -0.4211 -0.1518 -0.8942
vn -0.4156 -0.2586 -0.8720
vn -0.4025 -0.4025 -0.8222
vn 0.1694 0.1694 -0.9709
vn 0.0811 0.1235 -0.9890
vn 0.0384 0.0670 -0.9970
vn 0.0159 -0.0097 -0.9998
vn 0.0046 -0.1121 -0.9937
vn -0.0002 -0.2486 -0.9686
vn -0.0014 -0.4215 -0.9068
vn -0.0014 -0.6147 -0.7888
vn -0.0108 -0.6145 -0.7889
vn -0.0340 -0.6141 -0.7885
vn -0.0787 -0.6129 -0.7862
vn -0.1537 -0.6087 -0.7784
vn -0.2560 -0.5972 -0.7601
vn -0.3867 -0.5722 -0.7232
vn -0.5283 -0.5283 -0.6647
vn -0.5722 -0.3867 -0.7232
vn -0.5972 -0.2561 -0.7601
vn -0.6087 -0.1537 -0.7784
vn -0.6130 -0.0787 -0.7862
vn -0.6141 -0.0340 -0.7885
vn -0.6145 -0.0108 -0.7889
vn -0.6147 -0.0014 -0.7888
vn -0.4215 -0.0014 -0.9068
vn -0.2486 -0.0002 -0.9686
vn -0.1121 0.0046 -0.9937
vn -0.0097 0.0159 -0.9998
vn 0.0670 0.0384 -0.9970
vn 0.1235 0.0811 -0.9890
vn -0.0105 0.4215 -0.9068
vn -0.0087 0.2518 -0.9677
vn -0.0032 0.1219 -0.9925
vn 0.0087 0.0292 -0.9995
vn 0.0314 -0.0328 -0.9990
vn 0.0698 -0.0698 -0.9951
vn -0.0333 0.4219 -0.9060
vn -0.0311 0.2555 -0.9663
vn -0.0255 0.1316 -0.9910
vn -0.0144 0.0469 -0.9988
vn 0.0047 -0.0047 -1.0000
vn 0.0328 -0.0314 -0.9990
vn -0.0773 0.4221 -0.9032
vn -0.0746 0.2588 -0.9630
vn -0.0697 0.1397 -0.9877
vn -0.0607 0.0607 -0.9963
vn -0.0469 0.0144 -0.9988
vn -0.0292 -0.0087 -0.9995
vn -0.1518 0.4211 -0.8942
vn -0.1491 0.2610 -0.9538
vn -0.1454 0.1454 -0.9786
vn -0.1397 0.0697 -0.9877
vn -0.1316 0.0255 -0.9910
vn -0.1219 0.0032 -0.9925
vn -0.2586 0.4156 -0.8720
vn -0.2611 0.2611 -0.9293
vn -0.2610 0.1491 -0.9538
vn -0.2588 0.0746 -0.9630
vn -0.2555 0.0311 -0.9663
vn -0.2518 0.0087 -0.9677
vn -0.4025 0.4024 -0.8222
vn -0.4156 0.2586 -0.8720
vn -0.4211 0.1518 -0.8942
vn -0.4221 0.0773 -0.9032
vn -0.4219 0.0333 -0.9060
vn -0.4215 0.0105 -0.9068
vn -0.0014 0.6147 -0.7888
vn -0.0014 0.4215 -0.9068
vn -0.0002 0.2486 -0.9686
vn 0.0046 0.1121 -0.9937
vn 0.0159 0.0097 -0.9998
vn 0.0384 -0.0670 -0.9970
vn 0.0811 -0.1235 -0.9890
vn 0.1694 -0.1694 -0.9709
vn 0.1235 -0.0811 -0.9890
vn 0.0670 -0.0384 -0.9970
vn -0.0097 -0.0159 -0.9998
vn -0.1121 -0.0046 -0.9937
vn -0.2486 0.0002 -0.9686
vn -0.4215 0.0014 -0.9068
vn -0.6147 0.0014 -0.7888
vn -0.6145 0.0108 -0.7889
vn -0.6141 0.0340 -0.7885
vn -0.6130 0.0787 -0.7862
vn -0.6087 0.1537 -0.7784
vn -0.5972 0.2561 -0.7601
vn -0.5722 0.3867 -0.7232
vn -0.5283 0.5283 -0.6647
vn -0.3867 0.5722 -0.7232
vn -0.2561 0.5972 -0.7601
vn -0.1537 0.6087 -0.7784
vn -0.0787 0.6130 -0.7862
vn -0.0340 0.6141 -0.7885
vn -0.0108 0.6145 -0.7889
vn -0.0105 0.4215 0.9068
vn -0.0333 0.4219 0.9060
vn -0.0773 0.4221 0.9032
vn -0.1518 0.4211 0.8942
vn -0.2586 0.4156 0.8720
vn -0.4024 0.4024 0.8222
vn -0.0087 0.2518 0.9677
vn -0.0311 0.2555 0.9663
vn -0.0746 0.2588 0.9630
vn -0.1491 0.2610 0.9538
vn -0.2611 0.2611 0.9293
vn -0.4156 0.2586 0.8720
vn -0.0032 0.1219 0.9925
vn -0.0256 0.1316 0.9910
vn -0.0697 0.1397 0.9877
vn -0.1454 0.1454 0.9786
vn -0.2610 0.1491 0.9538
vn -0.4211 0.1518 0.8942
vn 0.0087 0.0292 0.9995
vn -0.0144 0.0469 0.9988
vn -0.0607 0.0607 0.9963
vn -0.1397 0.0697 0.9877
vn -0.2588 0.0746 0.9630
vn -0.4221 0.0773 0.9032
vn 0.0314 -0.0328 0.9990
vn 0.0047 -0.0047 1.0000
vn -0.0469 0.0144 0.9988
vn -0.1316 0.0256 0.9910
vn -0.2555 0.0311 0.9663
vn -0.4219 0.0333 0.9060
vn 0.0698 -0.0698 0.9951
vn 0.0328 -0.0314 0.9990
vn -0.0292 -0.0087 0.9995
vn -0.1219 0.0032 0.9925
vn -0.2518 0.0087 0.9677
vn -0.4215 0.0105 0.9068
vn -0.0014 0.6147 0.7888
vn -0.0108 0.6145 0.7889
vn -0.0340 0.6141 0.7885
vn -0.0787 0.6130 0.7862
vn -0.1537 0.6087 0.7784
vn -0.2561 0.5972 0.7601
vn -0.3867 0.5722 0.7232
vn -0.5283 0.5283 0.6647
vn -0.5722 0.3867 0.7232
vn -0.5972 0.2561 0.7601
vn -0.6087 0.1537 0.7784
vn -0.6130 0.0787 0.7862
vn -0.6141 0.0340 0.7885
vn -0.6145 0.0108 0.7889
vn -0.6147 0.0014 0.7888
vn -0.4215 0.0014 0.9068
vn -0.2486 0.0002 0.9686
vn -0.1121 -0.0046 0.9937
vn -0.0097 -0.0159 0.9998
vn 0.0670 -0.0384 0.9970
vn 0.1235 -0.0811 0.9890
vn 0.1694 -0.1694 0.9709
vn 0.0811 -0.1235 0.9890
vn 0.0384 -0.0670 0.9970
vn 0.0159 0.0097 0.9998
vn 0.0046 0.1121 0.9937
vn -0.0002 0.2486 0.9686
vn -0.0014 0.4215 0.9068
vn 0.4024 0.4024 0.8222
vn 0.2586 0.4156 0.8720
vn 0.1518 0.4211 0.8942
vn 0.0773 0.4221 0.9032
vn 0.0333 0.4219 0.9060
vn 0.0105 0.4215 0.9068
vn 0.4156 0.2586 0.8720
vn 0.2611 0.2611 0.9293
vn 0.1491 0.2610 0.9538
vn 0.0746 0.2588 0.9630
vn 0.0311 0.2555 0.9663
vn 0.0087 0.2518 0.9677
vn 0.4211 0.1518 0.8942
vn 0.2610 0.1491 0.9538
vn 0.1454 0.1454 0.9786
vn 0.0697 0.1397 0.9877
vn 0.0255 0.1316 0.9910
vn 0.0032 0.1219 0.9925
vn 0.4221 0.0773 0.9032
vn 0.2588 0.0746 0.9630
vn 0.1397 0.0697 0.9877
vn 0.0607 0.0607 0.9963
vn 0.0144 0.0469 0.9988
vn -0.0087 0.0292 0.9995
vn 0.4219 0.0333 0.9060
vn 0.2555 0.0311 0.9663
vn 0.1316 0.0255 0.9910
vn 0.0469 0.0144 0.9988
vn -0.0047 -0.0047 1.0000
vn -0.0314 -0.0328 0.9990
vn 0.4215 0.0105 0.9068
vn 0.2518 0.0087 0.9677
vn 0.1219 0.0032 0.9925
vn 0.0292 -0.0087 0.9995
vn -0.0328 -0.0314 0.9990
vn -0.0698 -0.0698 0.9951
vn 0.5283 0.5283 0.6647
vn 0.3867 0.5722 0.7232
vn 0.2561 0.5972 0.7601
vn 0.1537 0.6087 0.7784
vn 0.0787 0.6129 0.7862
vn 0.0340 0.6141 0.7885
vn 0.0108 0.6145 0.7889
vn 0.0014 0.6147 0.7888
vn 0.0014 0.4215 0.9068
vn 0.0002 0.2486 0.9686
vn -0.0046 0.1121 0.9937
vn -0.0159 0.0097 0.9998
vn -0.0384 -0.0670 0.9970
vn -0.0811 -0.1235 0.9890
vn -0.1694 -0.1694 0.9709
vn -0.1235 -0.0811 0.9890
vn -0.0670 -0.0384 0.9970
vn 0.0097 -0.0159 0.9998
vn 0.1121 -0.0046 0.9937
vn 0.2486 0.0002 0.9686
vn 0.4215 0.0014 0.9068
vn 0.6147 0.0014 0.7888
vn 0.6145 0.0108 0.7889
vn 0.6141 0.0340 0.7885
vn 0.6129 0.0787 0.7862
vn 0.6087 0.1537 0.7784
vn 0.5972 0.2561 0.7601
vn 0.5722 0.3867 0.7232
vn 0.0698 0.0698 0.9951
vn 0.0328 0.0314 0.9990
vn -0.0292 0.0087 0.9995
vn -0.1219 -0.0032 0.9925
vn -0.2518 -0.0087 0.9677
vn -0.4215 -0.0105 0.9068
vn 0.0314 0.0328 0.9990
vn 0.0047 0.0047 1.0000
vn -0.0469 -0.0144 0.9988
vn -0.1316 -0.0255 0.9910
vn -0.2555 -0.0311 0.9663
vn -0.4219 -0.0333 0.9060
vn 0.0087 -0.0292 0.9995
vn -0.0144 -0.0469 0.9988
vn -0.0607 -0.0607 0.9963
vn -0.1397 -0.0697 0.9877
vn -0.2588 -0.0746 0.9630
vn -0.4221 -0.0773 0.9032
vn -0.0032 -0.1219 0.9925
vn -0.0255 -0.1316 0.9910
vn -0.0697 -0.1397 0.9877
vn -0.1454 -0.1454 0.9786
vn -0.2610 -0.1491 0.9538
vn -0.4211 -0.1518 0.8942
vn -0.0087 -0.2518 0.9677
vn -0.0311 -0.2555 0.9663
vn -0.0746 -0.2588 0.9630
vn -0.1491 -0.2610 0.9538
vn -0.2611 -0.2611 0.9293
vn -0.4156 -0.2586 0.8720
vn -0.0105 -0.4215 0.9068
vn -0.0333 -0.4219 0.9060
vn -0.0773 -0.4221 0.9032
vn -0.1518 -0.4211 0.8942
vn -0.2586 -0.4156 0.8720
vn -0.4024 -0.4025 0.8222
vn 0.1694 0.1694 0.9709
vn 0.1235 0.0811 0.9890
vn 0.0670 0.0384 0.9970
vn -0.0097 0.0159 0.9998
vn -0.1121 0.0046 0.9937
vn -0.2486 -0.0002 0.9686
vn -0.4215 -0.0014 0.9068
vn -0.6147 -0.0014 0.7888
vn -0.6145 -0.0108 0.7889
vn -0.6141 -0.0340 0.7885
vn -0.6130 -0.0787 0.7862
vn -0.6087 -0.1537 0.7784
vn -0.5972 -0.2561 0.7601
vn -0.5722 -0.3867 0.7232
vn -0.5283 -0.5283 0.6647
vn -0.3867 -0.5722 0.7232
vn -0.2561 -0.5972 0.7601
vn -0.1537 -0.6087 0.7784
vn -0.0787 -0.6130 0.7862
vn -0.0340 -0.6141 0.7885
vn -0.0108 -0.6145 0.7889
vn -0.0014 -0.6147 0.7888
vn -0.0014 -0.4215 0.9068
vn -0.0002 -0.2486 0.9686
vn 0.0046 -0.1121 0.9937
vn 0.0159 -0.0097 0.9998
vn 0.0384 0.0670 0.9970
vn 0.0811 0.1235 0.9890
vn 0.4215 -0.0105 0.9068
vn 0.2518 -0.0087 0.9677
vn 0.1219 -0.0032 0.9925
vn 0.0292 0.0087 0.9995
vn -0.0328 0.0314 0.9990
vn -0.0698 0.0698 0.9951
vn 0.4219 -0.0333 0.9060
vn 0.2555 -0.0311 0.9663
vn 0.1316 -0.0255 0.9910
vn 0.0469 -0.0144 0.9988
vn -0.0047 0.0047 1.0000
vn -0.0314 0.0328 0.9990
vn 0.4221 -0.0773 0.9032
vn 0.2588 -0.0746 0.9630
vn 0.1397 -0.0697 0.9877
vn 0.0607 -0.0607 0.9963
vn 0.0144 -0.0469 0.9988
vn -0.0087 -0.0292 0.9995
vn 0.4211 -0.1518 0.8942
vn 0.2610 -0.1491 0.9538
vn 0.1454 -0.1454 0.9786
vn 0.0697 -0.1397 0.9877
vn 0.0255 -0.1316 0.9910
vn 0.0032 -0.1219 0.9925
vn 0.4156 -0.2586 0.8720
vn 0.2611 -0.2611 0.9293
vn 0.1491 -0.2610 0.9538
vn 0.0746 -0.2588 0.9630
vn 0.0311 -0.2555 0.9663
vn 0.0087 -0.2518 0.9677
vn 0.4024 -0.4025 0.8222
vn 0.2586 -0.4156 0.8720
vn 0.1518 -0.4211 0.8942
vn 0.0773 -0.4221 0.9032
vn 0.0333 -0.4219 0.9060
vn 0.0105 -0.4215 0.9068
vn 0.6147 -0.0014 0.7888
vn 0.4215 -0.0014 0.9068
vn 0.2486 -0.0002 0.9686
vn 0.1121 0.0046 0.9937
vn 0.0097 0.0159 0.9998
vn -0.0670 0.0384 0.9970
vn -0.1235 0.0811 0.9890
vn -0.1694 0.1694 0.9709
vn -0.0811 0.1235 0.9890
vn -0.0384 0.0670 0.9970
vn -0.0159 -0.0097 0.9998
vn -0.0046 -0.1121 0.9937
vn 0.0002 -0.2486 0.9686
vn 0.0014 -0.4215 0.9068
vn 0.0014 -0.6147 0.7888
vn 0.0108 -0.6145 0.7889
vn 0.0340 -0.6141 0.7885
vn 0.0787 -0.6130 0.7862
vn 0.1537 -0.6087 0.7784
vn 0.2561 -0.5972 0.7601
vn 0.3867 -0.5722 0.7232
vn 0.5283 -0.5283 0.6647
vn 0.5722 -0.3867 0.7232
vn 0.5972 -0.2561 0.7601
vn 0.6087 -0.1537 0.7784
vn 0.6130 -0.0787 0.7862
vn 0.6141 -0.0340 0.7885
vn 0.6145 -0.0108 0.7889
vn 0.9068 0.4215 0.0105
vn 0.9060 0.4219 0.0333
vn 0.9032 0.4221 0.0773
vn 0.8942 0.4211 0.1518
vn 0.8720 0.4156 0.2586
vn 0.8222 0.4025 0.4024
vn 0.9677 0.2518 0.0087
vn 0.9663 0.2555 0.0311
vn 0.9630 0.2588 0.0746
vn 0.9538 0.2610 0.1491
vn 0.9293 0.2611 0.2611
vn 0.8720 0.2586 0.4156
vn 0.9925 0.1219 0.0032
vn 0.9910 0.1316 0.0255
vn 0.9877 0.1397 0.0697
vn 0.9786 0.1454 0.1454
vn 0.9538 0.1491 0.2610
vn 0.8942 0.1518 0.4211
vn 0.9995 0.0292 -0.0087
vn 0.9988 0.0469 0.0144
vn 0.9963 0.0607 0.0607
vn 0.9877 0.0697 0.1397
vn 0.9630 0.0746 0.2588
vn 0.9032 0.0773 0.4221
vn 0.9990 -0.0328 -0.0314
vn 1.0000 -0.0047 -0.0047
vn 0.9988 0.0144 0.0469
vn 0.9910 0.0255 0.1316
vn 0.9663 0.0311 0.2555
vn 0.9060 0.0333 0.4219
vn 0.9951 -0.0698 -0.0698
vn 0.9990 -0.0314 -0.0328
vn 0.9995 -0.0087 0.0292
vn 0.9925 0.0032 0.1219
vn 0.9677 0.0087 0.2518
vn 0.9068 0.0105 0.4215
vn 0.7888 0.6147 0.0014
vn 0.7889 0.6145 0.0108
vn 0.7885 0.6141 0.0340
vn 0.7862 0.6130 0.0787
vn 0.7784 0.6087 0.1537
vn 0.7601 0.5972 0.2561
vn 0.7232 0.5722 0.3867
vn 0.6647 0.5283 0.5283
vn 0.7232 0.3867 0.5722
vn 0.7601 0.2561 0.5972
vn 0.7784 0.1537 0.6087
vn 0.7862 0.0787 0.6129
vn 0.7885 0.0340 0.6141
vn 0.7889 0.0108 0.6145
vn 0.7888 0.0014 0.6147
vn 0.9068 0.0014 0.4215
vn 0.9686 0.0002 0.2486
vn 0.9937 -0.0046 0.1121
vn 0.9998 -0.0159 0.0097
vn 0.9970 -0.0384 -0.0670
vn 0.9890 -0.0811 -0.1235
vn 0.9709 -0.1694 -0.1694
vn 0.9890 -0.1235 -0.0811
vn 0.9970 -0.0670 -0.0384
vn 0.9998 0.0097 -0.0159
vn 0.9937 0.1121 -0.0046
vn 0.9686 0.2486 0.0002
vn 0.9068 0.4215 0.0014
vn 0.8222 0.4025 -0.4025
vn 0.8720 0.4156 -0.2586
vn 0.8942 0.4211 -0.1518
vn 0.9032 0.4221 -0.0773
vn 0.9060 0.4219 -0.0333
vn 0.9068 0.4215 -0.0105
vn 0.8720 0.2586 -0.4156
vn 0.9293 0.2611 -0.2611
vn 0.9538 0.2610 -0.1491
vn 0.9630 0.2588 -0.0746
vn 0.9663 0.2555 -0.0311
vn 0.9677 0.2518 -0.0087
vn 0.8942 0.1518 -0.4211
vn 0.9538 0.1491 -0.2610
vn 0.9786 0.1454 -0.1454
vn 0.9877 0.1397 -0.0697
vn 0.9910 0.1316 -0.0256
vn 0.9925 0.1219 -0.0032
vn 0.9032 0.0773 -0.4221
vn 0.9630 0.0746 -0.2588
vn 0.9877 0.0697 -0.1397
vn 0.9963 0.0607 -0.0607
vn 0.9988 0.0469 -0.0144
vn 0.9995 0.0292 0.0087
vn 0.9060 0.0333 -0.4219
vn 0.9663 0.0311 -0.2555
vn 0.9910 0.0256 -0.1316
vn 0.9988 0.0144 -0.0469
vn 1.0000 -0.0047 0.0047
vn 0.9990 -0.0328 0.0314
vn 0.9068 0.0105 -0.4215
vn 0.9677 0.0087 -0.2518
vn 0.9925 0.0032 -0.1219
vn 0.9995 -0.0087 -0.0292
vn 0.9990 -0.0314 0.0328
vn 0.9951 -0.0698 0.0698
vn 0.6647 0.5283 -0.5283
vn 0.7232 0.5722 -0.3867
vn 0.7601 0.5972 -0.2561
vn 0.7784 0.6087 -0.1537
vn 0.7862 0.6129 -0.0787
vn 0.7885 0.6141 -0.0340
vn 0.7889 0.6145 -0.0108
vn 0.7888 0.6147 -0.0014
vn 0.9068 0.4215 -0.0014
vn 0.9686 0.2486 -0.0002
vn 0.9937 0.1121 0.0046
vn 0.9998 0.0097 0.0159
vn 0.9970 -0.0670 0.0384
vn 0.9890 -0.1235 0.0811
vn 0.9709 -0.1694 0.1694
vn 0.9890 -0.0811 0.1235
vn 0.9970 -0.0384 0.0670
vn 0.9998 -0.0159 -0.0097
vn 0.9937 -0.0046 -0.1121
vn 0.9686 0.0002 -0.2486
vn 0.9068 0.0014 -0.4215
vn 0.7888 0.0014 -0.6147
vn 0.7889 0.0108 -0.6145
vn 0.7885 0.0340 -0.6141
vn 0.7862 0.0787 -0.6129
vn 0.7784 0.1537 -0.6087
vn 0.7601 0.2560 -0.5972
vn 0.7232 0.3867 -0.5722
vn 0.9951 0.0698 -0.0698
vn 0.9990 0.0314 -0.0328
vn 0.9995 0.0087 0.0292
vn 0.9925 -0.0032 0.1219
vn 0.9677 -0.0087 0.2518
vn 0.9068 -0.0105 0.4215
vn 0.9990 0.0328 -0.0314
vn 1.0000 0.0047 -0.0047
vn 0.9988 -0.0144 0.0469
vn 0.9910 -0.0255 0.1316
vn 0.9663 -0.0311 0.2555
vn 0.9060 -0.0333 0.4219
vn 0.9995 -0.0292 -0.0087
vn 0.9988 -0.0469 0.0144
vn 0.9963 -0.0607 0.0607
vn 0.9877 -0.0697 0.1397
vn 0.9630 -0.0746 0.2588
vn 0.9032 -0.0773 0.4221
vn 0.9925 -0.1219 0.0032
vn 0.9910 -0.1316 0.0255
vn 0.9877 -0.1397 0.0697
vn 0.9786 -0.1454 0.1454
vn 0.9538 -0.1491 0.2610
vn 0.8942 -0.1518 0.4211
vn 0.9677 -0.2518 0.0087
vn 0.9663 -0.2555 0.0311
vn 0.9630 -0.2588 0.0746
vn 0.9538 -0.2610 0.1491
vn 0.9293 -0.2611 0.2611
vn 0.8720 -0.2586 0.4156
vn 0.9068 -0.4215 0.0105
vn 0.9060 -0.4219 0.0333
vn 0.9032 -0.4221 0.0773
vn 0.8942 -0.4211 0.1518
vn 0.8720 -0.4156 0.2586
vn 0.8222 -0.4025 0.4024
vn 0.9709 0.1694 -0.1694
vn 0.9890 0.0811 -0.1235
vn 0.9970 0.0384 -0.0670
vn 0.9998 0.0159 0.0097
vn 0.9937 0.0046 0.1121
vn 0.9686 -0.0002 0.2486
vn 0.9068 -0.0014 0.4215
vn 0.7888 -0.0014 0.6147
vn 0.7889 -0.0108 0.6145
vn 0.7885 -0.0340 0.6141
vn 0.7862 -0.0787 0.6130
vn 0.7784 -0.1537 0.6087
vn 0.7601 -0.2561 0.5972
vn 0.7232 -0.3867 0.5722
vn 0.6647 -0.5283 0.5283
vn 0.7232 -0.5722 0.3867
vn 0.7601 -0.5972 0.2561
vn 0.7784 -0.6087 0.1537
vn 0.7862 -0.6129 0.0787
vn 0.7885 -0.6141 0.0340
vn 0.7889 -0.6145 0.0108
vn 0.7888 -0.6147 0.0014
vn 0.9068 -0.4215 0.0014
vn 0.9686 -0.2486 0.0002
vn 0.9937 -0.1121 -0.0046
vn 0.9998 -0.0097 -0.0159
vn 0.9970 0.0670 -0.0384
vn 0.9890 0.1235 -0.0811
vn 0.9068 -0.0105 -0.4215
vn 0.9677 -0.0087 -0.2518
vn 0.9925 -0.0032 -0.1219
vn 0.9995 0.0087 -0.0292
vn 0.9990 0.0314 0.0328
vn 0.9951 0.0698 0.0698
vn 0.9060 -0.0333 -0.4219
vn 0.9663 -0.0311 -0.2555
vn 0.9910 -0.0255 -0.1316
vn 0.9988 -0.0144 -0.0469
vn 1.0000 0.0047 0.0047
vn 0.9990 0.0328 0.0314
vn 0.9032 -0.0773 -0.4221
vn 0.9630 -0.0746 -0.2588
vn 0.9877 -0.0697 -0.1397
vn 0.9963 -0.0607 -0.0607
vn 0.9988 -0.0469 -0.0144
vn 0.9995 -0.0292 0.0087
vn 0.8942 -0.1518 -0.4211
vn 0.9538 -0.1491 -0.2610
vn 0.9786 -0.1454 -0.1454
vn 0.9877 -0.1397 -0.0697
vn 0.9910 -0.1316 -0.0255
vn 0.9925 -0.1219 -0.0032
vn 0.8720 -0.2586 -0.4156
vn 0.9293 -0.2611 -0.2611
vn 0.9538 -0.2610 -0.1491
vn 0.9630 -0.2588 -0.0746
vn 0.9663 -0.2555 -0.0311
vn 0.9677 -0.2518 -0.0087
vn 0.8222 -0.4025 -0.4024
vn 0.8720 -0.4156 -0.2586
vn 0.8942 -0.4211 -0.1518
vn 0.9032 -0.4221 -0.0773
vn 0.9060 -0.4219 -0.0333
vn 0.9068 -0.4215 -0.0105
vn 0.7888 -0.0014 -0.6147
vn 0.9068 -0.0014 -0.4215
vn 0.9686 -0.0002 -0.2486
vn 0.9937 0.0046 -0.1121
vn 0.9998 0.0159 -0.0097
vn 0.9970 0.0384 0.0670
vn 0.9890 0.0811 0.1235
vn 0.9709 0.1694 0.1694
vn 0.9890 0.1235 0.0811
vn 0.9970 0.0670 0.0384
vn 0.9998 -0.0097 0.0159
vn 0.9937 -0.1121 0.0046
vn 0.9686 -0.2486 -0.0002
vn 0.9068 -0.4215 -0.0014
vn 0.7888 -0.6147 -0.0014
vn 0.7889 -0.6145 -0.0108
vn 0.7885 -0.6141 -0.0340
vn 0.7862 -0.6129 -0.0787
vn 0.7784 -0.6087 -0.1537
vn 0.7601 -0.5972 -0.2561
vn 0.7232 -0.5722 -0.3867
vn 0.6647 -0.5283 -0.5283
vn 0.7232 -0.3867 -0.5722
vn 0.7601 -0.2561 -0.5972
vn 0.7784 -0.1537 -0.6087
vn 0.7862 -0.0787 -0.6130
vn 0.7885 -0.0340 -0.6141
vn 0.7889 -0.0108 -0.6145
vn 0.4215 -0.9068 0.0105
vn 0.4219 -0.9060 0.0333
vn 0.4221 -0.9032 0.0773
vn 0.4211 -0.8942 0.1518
vn 0.4156 -0.8720 0.2586
vn 0.4025 -0.8222 0.4024
vn 0.2518 -0.9677 0.0087
vn 0.2555 -0.9663 0.0311
vn 0.2588 -0.9630 0.0746
vn 0.2610 -0.9538 0.1491
vn 0.2611 -0.9293 0.2611
vn 0.2586 -0.8720 0.4156
vn 0.1219 -0.9925 0.0032
vn 0.1316 -0.9910 0.0255
vn 0.1397 -0.9877 0.0697
vn 0.1454 -0.9786 0.1454
vn 0.1491 -0.9538 0.2610
vn 0.1518 -0.8942 0.4211
vn 0.0292 -0.9995 -0.0087
vn 0.0469 -0.9988 0.0144
vn 0.0607 -0.9963 0.0607
vn 0.0697 -0.9877 0.1397
vn 0.0746 -0.9630 0.2588
vn 0.0773 -0.9032 0.4221
vn -0.0328 -0.9990 -0.0314
vn -0.0047 -1.0000 -0.0047
vn 0.0144 -0.9988 0.0469
vn 0.0255 -0.9910 0.1316
vn 0.0311 -0.9663 0.2555
vn 0.0333 -0.9060 0.4219
vn -0.0698 -0.9951 -0.0698
vn -0.0314 -0.9990 -0.0328
vn -0.0087 -0.9995 0.0292
vn 0.0032 -0.9925 0.1219
vn 0.0087 -0.9677 0.2518
vn 0.0105 -0.9068 0.4215
vn 0.6147 -0.7888 0.0014
vn 0.6145 -0.7889 0.0108
vn 0.6141 -0.7885 0.0340
vn 0.6130 -0.7862 0.0787
vn 0.6087 -0.7784 0.1537
vn 0.5972 -0.7601 0.2561
vn 0.5722 -0.7232 0.3867
vn 0.5283 -0.6647 0.5283
vn 0.3867 -0.7232 0.5722
vn 0.2561 -0.7601 0.5972
vn 0.1537 -0.7784 0.6087
vn 0.0787 -0.7862 0.6130
vn 0.0340 -0.7885 0.6141
vn 0.0108 -0.7889 0.6145
vn 0.0014 -0.7888 0.6147
vn 0.0014 -0.9068 0.4215
vn 0.0002 -0.9686 0.2486
vn -0.0046 -0.9937 0.1121
vn -0.0159 -0.9998 0.0097
vn -0.0384 -0.9970 -0.0670
vn -0.0811 -0.9890 -0.1235
vn -0.1694 -0.9709 -0.1694
vn -0.1235 -0.9890 -0.0811
vn -0.0670 -0.9970 -0.0384
vn 0.0097 -0.9998 -0.0159
vn 0.1121 -0.9937 -0.0046
vn 0.2486 -0.9686 0.0002
vn 0.4215 -0.9068 0.0014
vn 0.4024 -0.8222 -0.4025
vn 0.4156 -0.8720 -0.2586
vn 0.4211 -0.8942 -0.1518
vn 0.4221 -0.9032 -0.0773
vn 0.4219 -0.9060 -0.0333
vn 0.4215 -0.9068 -0.0105
vn 0.2586 -0.8720 -0.4156
vn 0.2611 -0.9293 -0.2611
vn 0.2610 -0.9538 -0.1491
vn 0.2588 -0.9630 -0.0746
vn 0.2555 -0.9663 -0.0311
vn 0.2518 -0.9677 -0.0087
vn 0.1518 -0.8942 -0.4211
vn 0.1491 -0.9538 -0.2610
vn 0.1454 -0.9786 -0.1454
vn 0.1397 -0.9877 -0.0697
vn 0.1316 -0.9910 -0.0255
vn 0.1219 -0.9925 -0.0032
vn 0.0773 -0.9032 -0.4221
vn 0.0746 -0.9630 -0.2588
vn 0.0697 -0.9877 -0.1397
vn 0.0607 -0.9963 -0.0607
vn 0.0469 -0.9988 -0.0144
vn 0.0292 -0.9995 0.0087
vn 0.0333 -0.9060 -0.4219
vn 0.0311 -0.9663 -0.2555
vn 0.0255 -0.9910 -0.1316
vn 0.0144 -0.9988 -0.0469
vn -0.0047 -1.0000 0.0047
vn -0.0328 -0.9990 0.0314
vn 0.0105 -0.9068 -0.4215
vn 0.0087 -0.9677 -0.2518
vn 0.0032 -0.9925 -0.1219
vn -0.0087 -0.9995 -0.0292
vn -0.0314 -0.9990 0.0328
vn -0.0698 -0.9951 0.0698
vn 0.5283 -0.6647 -0.5283
vn 0.5722 -0.7232 -0.3867
vn 0.5972 -0.7601 -0.2561
vn 0.6087 -0.7784 -0.1537
vn 0.6130 -0.7862 -0.0787
vn 0.6141 -0.7885 -0.0340
vn 0.6145 -0.7889 -0.0108
vn 0.6147 -0.7888 -0.0014
vn 0.4215 -0.9068 -0.0014
vn 0.2486 -0.9686 -0.0002
vn 0.1121 -0.9937 0.0046
vn 0.0097 -0.9998 0.0159
vn -0.0670 -0.9970 0.0384
vn -0.1235 -0.9890 0.0811
vn -0.1694 -0.9709 0.1694
vn -0.0811 -0.9890 0.1235
vn -0.0384 -0.9970 0.0670
vn -0.0159 -0.9998 -0.0097
vn -0.0046 -0.9937 -0.1121
vn 0.0002 -0.9686 -0.2486
vn 0.0014 -0.9068 -0.4215
vn 0.0014 -0.7888 -0.6147
vn 0.0108 -0.7889 -0.6145
vn 0.0340 -0.7885 -0.6141
vn 0.0787 -0.7862 -0.6130
vn 0.1537 -0.7784 -0.6087
vn 0.2561 -0.7601 -0.5972
vn 0.3867 -0.7232 -0.5722
vn 0.0698 -0.9951 -0.0698
vn 0.0314 -0.9990 -0.0328
vn 0.0087 -0.9995 0.0292
vn -0.0032 -0.9925 0.1219
vn -0.0087 -0.9677 0.2518
vn -0.0105 -0.9068 0.4215
vn 0.0328 -0.9990 -0.0314
vn 0.0047 -1.0000 -0.0047
vn -0.0144 -0.9988 0.0469
vn -0.0255 -0.9910 0.1316
vn -0.0311 -0.9663 0.2555
vn -0.0333 -0.9060 0.4219
vn -0.0292 -0.9995 -0.0087
vn -0.0469 -0.9988 0.0144
vn -0.0607 -0.9963 0.0607
vn -0.0697 -0.9877 0.1397
vn -0.0746 -0.9630 0.2588
vn -0.0773 -0.9032 0.4221
vn -0.1219 -0.9925 0.0032
vn -0.1316 -0.9910 0.0255
vn -0.1397 -0.9877 0.0697
vn -0.1454 -0.9786 0.1454
vn -0.1491 -0.9538 0.2610
vn -0.1518 -0.8942 0.4211
vn -0.2518 -0.9677 0.0087
vn -0.2555 -0.9663 0.0311
vn -0.2588 -0.9630 0.0746
vn -0.2610 -0.9538 0.1491
vn -0.2611 -0.9293 0.2611
vn -0.2586 -0.8720 0.4156
vn -0.4215 -0.9068 0.0105
vn -0.4219 -0.9060 0.0333
vn -0.4221 -0.9032 0.0773
vn -0.4211 -0.8942 0.1518
vn -0.4156 -0.8720 0.2586
vn -0.4025 -0.8222 0.4025
vn 0.1694 -0.9709 -0.1694
vn 0.0811 -0.9890 -0.1235
vn 0.0384 -0.9970 -0.0670
vn 0.0159 -0.9998 0.0097
vn 0.0046 -0.9937 0.1121
vn -0.0002 -0.9686 0.2486
vn -0.0014 -0.9068 0.4215
vn -0.0014 -0.7888 0.6147
vn -0.0108 -0.7889 0.6145
vn -0.0340 -0.7885 0.6141
vn -0.0787 -0.7862 0.6129
vn -0.1537 -0.7784 0.6087
vn -0.2561 -0.7601 0.5972
vn -0.3867 -0.7232 0.5722
vn -0.5283 -0.6647 0.5283
vn -0.5722 -0.7232 0.3867
vn -0.5972 -0.7601 0.2561
vn -0.6087 -0.7784 0.1537
vn -0.6130 -0.7862 0.0787
vn -0.6141 -0.7885 0.0340
vn -0.6145 -0.7889 0.0108
vn -0.6147 -0.7888 0.0014
vn -0.4215 -0.9068 0.0014
vn -0.2486 -0.9686 0.0002
vn -0.1121 -0.9937 -0.0046
vn -0.0097 -0.9998 -0.0159
vn 0.0670 -0.9970 -0.0384
vn 0.1235 -0.9890 -0.0811
vn -0.0105 -0.9068 -0.4215
vn -0.0087 -0.9677 -0.2518
vn -0.0032 -0.9925 -0.1219
vn 0.0087 -0.9995 -0.0292
vn 0.0314 -0.9990 0.0328
vn 0.0698 -0.9951 0.0698
vn -0.0333 -0.9060 -0.4219
vn -0.0311 -0.9663 -0.2555
vn -0.0255 -0.9910 -0.1316
vn -0.0144 -0.9988 -0.0469
vn 0.0047 -1.0000 0.0047
vn 0.0328 -0.9990 0.0314
vn -0.0773 -0.9032 -0.4221
vn -0.0746 -0.9630 -0.2588
vn -0.0697 -0.9877 -0.1397
vn -0.0607 -0.9963 -0.0607
vn -0.0469 -0.9988 -0.0144
vn -0.0292 -0.9995 0.0087
vn -0.1518 -0.8942 -0.4211
vn -0.1491 -0.9538 -0.2610
vn -0.1454 -0.9786 -0.1454
vn -0.1397 -0.9877 -0.0697
vn -0.1316 -0.9910 -0.0255
vn -0.1219 -0.9925 -0.0032
vn -0.2586 -0.8720 -0.4156
vn -0.2611 -0.9293 -0.2611
vn -0.2610 -0.9538 -0.1491
vn -0.2588 -0.9630 -0.0746
vn -0.2555 -0.9663 -0.0311
vn -0.2518 -0.9677 -0.0087
vn -0.4025 -0.8222 -0.4024
vn -0.4156 -0.8720 -0.2586
vn -0.4211 -0.8942 -0.1518
vn -0.4221 -0.9032 -0.0773
vn -0.4219 -0.9060 -0.0333
vn -0.4215 -0.9068 -0.0105
vn -0.0014 -0.7888 -0.6147
vn -0.0014 -0.9068 -0.4215
vn -0.0002 -0.9686 -0.2486
vn 0.0046 -0.9937 -0.1121
vn 0.0159 -0.9998 -0.0097
vn 0.0384 -0.9970 0.0670
vn 0.0811 -0.9890 0.1235
vn 0.1694 -0.9709 0.1694
vn 0.1235 -0.9890 0.0811
vn 0.0670 -0.9970 0.0384
vn -0.0097 -0.9998 0.0159
vn -0.1121 -0.9937 0.0046
vn -0.2486 -0.9686 -0.0002
vn -0.4215 -0.9068 -0.0014
vn -0.6147 -0.7888 -0.0014
vn -0.6145 -0.7889 -0.0108
vn -0.6141 -0.7885 -0.0340
vn -0.6130 -0.7862 -0.0787
vn -0.6087 -0.7784 -0.1537
vn -0.5972 -0.7601 -0.2561
vn -0.5722 -0.7232 -0.3867
vn -0.5283 -0.6647 -0.5283
vn -0.3867 -0.7232 -0.5722
vn -0.2560 -0.7601 -0.5972
vn -0.1537 -0.7784 -0.6087
vn -0.0787 -0.7862 -0.6130
vn -0.0340 -0.7885 -0.6141
vn -0.0108 -0.7889 -0.6145
vn -0.9068 -0.4215 0.0105
vn -0.9060 -0.4219 0.0333
vn -0.9032 -0.4221 0.0773
vn -0.8942 -0.4211 0.1518
vn -0.8720 -0.4156 0.2586
vn -0.8222 -0.4025 0.4025
vn -0.9677 -0.2518 0.0087
vn -0.9663 -0.2555 0.0311
vn -0.9630 -0.2588 0.0746
vn -0.9538 -0.2610 0.1491
vn -0.9293 -0.2611 0.2611
vn -0.8720 -0.2586 0.4156
vn -0.9925 -0.1219 0.0032
vn -0.9910 -0.1316 0.0256
vn -0.9877 -0.1397 0.0697
vn -0.9786 -0.1454 0.1454
vn -0.9538 -0.1491 0.2610
vn -0.8942 -0.1518 0.4211
vn -0.9995 -0.0292 -0.0087
vn -0.9988 -0.0469 0.0144
vn -0.9963 -0.0607 0.0607
vn -0.9877 -0.0697 0.1397
vn -0.9630 -0.0746 0.2588
vn -0.9032 -0.0773 0.4221
vn -0.9990 0.0328 -0.0314
vn -1.0000 0.0047 -0.0047
vn -0.9988 -0.0144 0.0469
vn -0.9910 -0.0256 0.1316
vn -0.9663 -0.0311 0.2555
vn -0.9060 -0.0333 0.4219
vn -0.9951 0.0698 -0.0698
vn -0.9990 0.0314 -0.0328
vn -0.9995 0.0087 0.0292
vn -0.9925 -0.0032 0.1219
vn -0.9677 -0.0087 0.2518
vn -0.9068 -0.0105 0.4215
vn -0.7888 -0.6147 0.0014
vn -0.7889 -0.6145 0.0108
vn -0.7885 -0.6141 0.0340
vn -0.7862 -0.6130 0.0787
vn -0.7784 -0.6087 0.1537
vn -0.7601 -0.5972 0.2561
vn -0.7232 -0.5722 0.3867
vn -0.6647 -0.5283 0.5283
vn -0.7232 -0.3867 0.5722
vn -0.7601 -0.2560 0.5972
vn -0.7784 -0.1537 0.6087
vn -0.7862 -0.0787 0.6129
vn -0.7885 -0.0340 0.6141
vn -0.7889 -0.0108 0.6145
vn -0.7888 -0.0014 0.6147
vn -0.9068 -0.0014 0.4215
vn -0.9686 -0.0002 0.2486
vn -0.9937 0.0046 0.1121
vn -0.9998 0.0159 0.0097
vn -0.9970 0.0384 -0.0670
vn -0.9890 0.0811 -0.1235
vn -0.9709 0.1694 -0.1694
vn -0.9890 0.1235 -0.0811
vn -0.9970 0.0670 -0.0384
vn -0.9998 -0.0097 -0.0159
vn -0.9937 -0.1121 -0.0046
vn -0.9686 -0.2486 0.0002
vn -0.9068 -0.4215 0.0014
vn -0.8222 -0.4024 -0.4025
vn -0.8720 -0.4156 -0.2586
vn -0.8942 -0.4211 -0.1518
vn -0.9032 -0.4221 -0.0773
vn -0.9060 -0.4219 -0.0333
vn -0.9068 -0.4215 -0.0105
vn -0.8720 -0.2586 -0.4156
vn -0.9293 -0.2611 -0.2611
vn -0.9538 -0.2610 -0.1491
vn -0.9630 -0.2588 -0.0746
vn -0.9663 -0.2555 -0.0311
vn -0.9677 -0.2518 -0.0087
vn -0.8942 -0.1518 -0.4211
vn -0.9538 -0.1491 -0.2610
vn -0.9786 -0.1454 -0.1454
vn -0.9877 -0.1397 -0.0697
vn -0.9910 -0.1316 -0.0256
vn -0.9925 -0.1219 -0.0032
vn -0.9032 -0.0773 -0.4221
vn -0.9630 -0.0746 -0.2588
vn -0.9877 -0.0697 -0.1397
vn -0.9963 -0.0607 -0.0607
vn -0.9988 -0.0469 -0.0144
vn -0.9995 -0.0292 0.0087
vn -0.9060 -0.0333 -0.4219
vn -0.9663 -0.0311 -0.2555
vn -0.9910 -0.0255 -0.1316
vn -0.9988 -0.0144 -0.0469
vn -1.0000 0.0047 0.0047
vn -0.9990 0.0328 0.0314
vn -0.9068 -0.0105 -0.4215
vn -0.9677 -0.0087 -0.2518
vn -0.9925 -0.0032 -0.1219
vn -0.9995 0.0087 -0.0292
vn -0.9990 0.0314 0.0328
vn -0.9951 0.0698 0.0698
vn -0.6647 -0.5283 -0.5283
vn -0.7232 -0.5722 -0.3867
vn -0.7601 -0.5972 -0.2560
vn -0.7784 -0.6087 -0.1537
vn -0.7862 -0.6129 -0.0787
vn -0.7885 -0.6141 -0.0340
vn -0.7889 -0.6145 -0.0108
vn -0.7888 -0.6147 -0.0014
vn -0.9068 -0.4215 -0.0014
vn -0.9686 -0.2486 -0.0002
vn -0.9937 -0.1121 0.0046
vn -0.9998 -0.0097 0.0159
vn -0.9970 0.0670 0.0384
vn -0.9890 0.1235 0.0811
vn -0.9709 0.1694 0.1694
vn -0.9890 0.0811 0.1235
vn -0.9970 0.0384 0.0670
vn -0.9998 0.0159 -0.0097
vn -0.9937 0.0046 -0.1121
vn -0.9686 -0.0002 -0.2486
vn -0.9068 -0.0014 -0.4215
vn -0.7888 -0.0014 -0.6147
vn -0.7889 -0.0108 -0.6145
vn -0.7885 -0.0340 -0.6141
vn -0.7862 -0.0787 -0.6129
vn -0.7784 -0.1537 -0.6087
vn -0.7601 -0.2561 -0.5972
vn -0.7232 -0.3867 -0.5722
vn -0.9951 -0.0698 -0.0698
vn -0.9990 -0.0314 -0.0328
vn -0.9995 -0.0087 0.0292
vn -0.9925 0.0032 0.1219
vn -0.9677 0.0087 0.2518
vn -0.9068 0.0105 0.4215
vn -0.9990 -0.0328 -0.0314
vn -1.0000 -0.0047 -0.0047
vn -0.9988 0.0144 0.0469
vn -0.9910 0.0255 0.1316
vn -0.9663 0.0311 0.2555
vn -0.9060 0.0333 0.4219
vn -0.9995 0.0292 -0.0087
vn -0.9988 0.0469 0.0144
vn -0.9963 0.0607 0.0607
vn -0.9877 0.0697 0.1397
vn -0.9630 0.0746 0.2588
vn -0.9032 0.0773 0.4221
vn -0.9925 0.1219 0.0032
vn -0.9910 0.1316 0.0255
vn -0.9877 0.1397 0.0697
vn -0.9786 0.1454 0.1454
vn -0.9538 0.1491 0.2610
vn -0.8942 0.1518 0.4211
vn -0.9677 0.2518 0.0087
vn -0.9663 0.2555 0.0311
vn -0.9630 0.2588 0.0746
vn -0.9538 0.2610 0.1491
vn -0.9293 0.2611 0.2611
vn -0.8720 0.2586 0.4156
vn -0.9068 0.4215 0.0105
vn -0.9060 0.4219 0.0333
vn -0.9032 0.4221 0.0773
vn -0.8942 0.4211 0.1518
vn -0.8720 0.4156 0.2586
vn -0.8222 0.4025 0.4025
vn -0.9709 -0.1694 -0.1694
vn -0.9890 -0.0811 -0.1235
vn -0.9970 -0.0384 -0.0670
vn -0.9998 -0.0159 0.0097
vn -0.9937 -0.0046 0.1121
vn -0.9686 0.0002 0.2486
vn -0.9068 0.0014 0.4215
vn -0.7888 0.0014 0.6147
vn -0.7889 0.0108 0.6145
vn -0.7885 0.0340 0.6141
vn -0.7862 0.0787 0.6130
vn -0.7784 0.1537 0.6087
vn -0.7601 0.2561 0.5972
vn -0.7232 0.3867 0.5722
vn -0.6647 0.5283 0.5283
vn -0.7232 0.5722 0.3867
vn -0.7601 0.5972 0.2561
vn -0.7784 0.6087 0.1537
vn -0.7862 0.6129 0.0787
vn -0.7885 0.6141 0.0340
vn -0.7889 0.6145 0.0108
vn -0.7888 0.6147 0.0014
vn -0.9068 0.4215 0.0014
vn -0.9686 0.2486 0.0002
vn -0.9937 0.1121 -0.0046
vn -0.9998 0.0097 -0.0159
vn -0.9970 -0.0670 -0.0384
vn -0.9890 -0.1235 -0.0811
vn -0.9068 0.0105 -0.4215
vn -0.9677 0.0087 -0.2518
vn -0.9925 0.0032 -0.1219
vn -0.9995 -0.0087 -0.0292
vn -0.9990 -0.0314 0.0328
vn -0.9951 -0.0698 0.0698
vn -0.9060 0.0333 -0.4219
vn -0.9663 0.0311 -0.2555
vn -0.9910 0.0255 -0.1316
vn -0.9988 0.0144 -0.0469
vn -1.0000 -0.0047 0.0047
vn -0.9990 -0.0328 0.0314
vn -0.9032 0.0773 -0.4221
vn -0.9630 0.0746 -0.2588
vn -0.9877 0.0697 -0.1397
vn -0.9963 0.0607 -0.0607
vn -0.9988 0.0469 -0.0144
vn -0.9995 0.0292 0.0087
vn -0.8942 0.1518 -0.4211
vn -0.9538 0.1491 -0.2610
vn -0.9786 0.1454 -0.1454
vn -0.9877 0.1397 -0.0697
vn -0.9910 0.1316 -0.0255
vn -0.9925 0.1219 -0.0032
vn -0.8720 0.2586 -0.4156
vn -0.9293 0.2611 -0.2611
vn -0.9538 0.2610 -0.1491
vn -0.9630 0.2588 -0.0746
vn -0.9663 0.2555 -0.0311
vn -0.9677 0.2518 -0.0087
vn -0.8222 0.4025 -0.4024
vn -0.8720 0.4156 -0.2586
vn -0.8942 0.4211 -0.1518
vn -0.9032 0.4221 -0.0773
vn -0.9060 0.4219 -0.0333
vn -0.9068 0.4215 -0.0105
vn -0.7888 0.0014 -0.6147
vn -0.9068 0.0014 -0.4215
vn -0.9686 0.0002 -0.2486
vn -0.9937 -0.0046 -0.1121
vn -0.9998 -0.0159 -0.0097
vn -0.9970 -0.0384 0.0670
vn -0.9890 -0.0811 0.1235
vn -0.9709 -0.1694 0.1694
vn -0.9890 -0.1235 0.0811
vn -0.9970 -0.0670 0.0384
vn -0.9998 0.0097 0.0159
vn -0.9937 0.1121 0.0046
vn -0.9686 0.2486 -0.0002
vn -0.9068 0.4215 -0.0014
vn -0.7888 0.6147 -0.0014
vn -0.7889 0.6145 -0.0108
vn -0.7885 0.6141 -0.0340
vn -0.7862 0.6129 -0.0787
vn -0.7784 0.6087 -0.1537
vn -0.7601 0.5972 -0.2561
vn -0.7232 0.5722 -0.3867
vn -0.6647 0.5283 -0.5283
vn -0.7232 0.3867 -0.5722
vn -0.7601 0.2560 -0.5972
vn -0.7784 0.1537 -0.6087
vn -0.7862 0.0787 -0.6129
vn -0.7885 0.0340 -0.6141
vn -0.7889 0.0108 -0.6145
vn 0.4215 0.9068 -0.0105
vn 0.4219 0.9060 -0.0333
vn 0.4221 0.9032 -0.0773
vn 0.4211 0.8942 -0.1518
vn 0.4156 0.8720 -0.2586
vn 0.4025 0.8222 -0.4024
vn 0.2518 0.9677 -0.0087
vn 0.2555 0.9663 -0.0311
vn 0.2588 0.9630 -0.0746
vn 0.2610 0.9538 -0.1491
vn 0.2611 0.9293 -0.2611
vn 0.2586 0.8720 -0.4156
vn 0.1219 0.9925 -0.0032
vn 0.1316 0.9910 -0.0255
vn 0.1397 0.9877 -0.0697
vn 0.1454 0.9786 -0.1454
vn 0.1491 0.9538 -0.2610
vn 0.1518 0.8942 -0.4211
vn 0.0292 0.9995 0.0087
vn 0.0469 0.9988 -0.0144
vn 0.0607 0.9963 -0.0607
vn 0.0697 0.9877 -0.1397
vn 0.0746 0.9630 -0.2588
vn 0.0773 0.9032 -0.4221
vn -0.0328 0.9990 0.0314
vn -0.0047 1.0000 0.0047
vn 0.0144 0.9988 -0.0469
vn 0.0255 0.9910 -0.1316
vn 0.0311 0.9663 -0.2555
vn 0.0333 0.9060 -0.4219
vn -0.0698 0.9951 0.0698
vn -0.0314 0.9990 0.0328
vn -0.0087 0.9995 -0.0292
vn 0.0032 0.9925 -0.1219
vn 0.0087 0.9677 -0.2518
vn 0.0105 0.9068 -0.4215
vn 0.6147 0.7888 -0.0014
vn 0.6145 0.7889 -0.0108
vn 0.6141 0.7885 -0.0340
vn 0.6130 0.7862 -0.0787
vn 0.6087 0.7784 -0.1537
vn 0.5972 0.7601 -0.2561
vn 0.5722 0.7232 -0.3867
vn 0.5283 0.6647 -0.5283
vn 0.3867 0.7232 -0.5722
vn 0.2560 0.7601 -0.5972
vn 0.1537 0.7784 -0.6087
vn 0.0787 0.7862 -0.6130
vn 0.0340 0.7885 -0.6141
vn 0.0108 0.7889 -0.6145
vn 0.0014 0.7888 -0.6147
vn 0.0014 0.9068 -0.4215
vn 0.0002 0.9686 -0.2486
vn -0.0046 0.9937 -0.1121
vn -0.0159 0.9998 -0.0097
vn -0.0384 0.9970 0.0670
vn -0.0811 0.9890 0.1235
vn -0.1694 0.9709 0.1694
vn -0.1235 0.9890 0.0811
vn -0.0670 0.9970 0.0384
vn 0.0097 0.9998 0.0159
vn 0.1121 0.9937 0.0046
vn 0.2486 0.9686 -0.0002
vn 0.4215 0.9068 -0.0014
vn 0.4024 0.8222 0.4025
vn 0.4156 0.8720 0.2586
vn 0.4211 0.8942 0.1518
vn 0.4221 0.9032 0.0773
vn 0.4219 0.9060 0.0333
vn 0.4215 0.9068 0.0105
vn 0.2586 0.8720 0.4156
vn 0.2611 0.9293 0.2611
vn 0.2610 0.9538 0.1491
vn 0.2588 0.9630 0.0746
vn 0.2555 0.9663 0.0311
vn 0.2518 0.9677 0.0087
vn 0.1518 0.8942 0.4211
vn 0.1491 0.9538 0.2610
vn 0.1454 0.9786 0.1454
vn 0.1397 0.9877 0.0697
vn 0.1316 0.9910 0.0255
vn 0.1219 0.9925 0.0032
vn 0.0773 0.9032 0.4221
vn 0.0746 0.9630 0.2588
vn 0.0697 0.9877 0.1397
vn 0.0607 0.9963 0.0607
vn 0.0469 0.9988 0.0144
vn 0.0292 0.9995 -0.0087
vn 0.0333 0.9060 0.4219
vn 0.0311 0.9663 0.2555
vn 0.0255 0.9910 0.1316
vn 0.0144 0.9988 0.0469
vn -0.0047 1.0000 -0.0047
vn -0.0328 0.9990 -0.0314
vn 0.0105 0.9068 0.4215
vn 0.0087 0.9677 0.2518
vn 0.0032 0.9925 0.1219
vn -0.0087 0.9995 0.0292
vn -0.0314 0.9990 -0.0328
vn -0.0698 0.9951 -0.0698
vn 0.5283 0.6647 0.5283
vn 0.5722 0.7232 0.3867
vn 0.5972 0.7601 0.2561
vn 0.6087 0.7784 0.1537
vn 0.6129 0.7862 0.0787
vn 0.6141 0.7885 0.0340
vn 0.6145 0.7889 0.0108
vn 0.6147 0.7888 0.0014
vn 0.4215 0.9068 0.0014
vn 0.2486 0.9686 0.0002
vn 0.1121 0.9937 -0.0046
vn 0.0097 0.9998 -0.0159
vn -0.0670 0.9970 -0.0384
vn -0.1235 0.9890 -0.0811
vn -0.1694 0.9709 -0.1694
vn -0.0811 0.9890 -0.1235
vn -0.0384 0.9970 -0.0670
vn -0.0159 0.9998 0.0097
vn -0.0046 0.9937 0.1121
vn 0.0002 0.9686 0.2486
vn 0.0014 0.9068 0.4215
vn 0.0014 0.7888 0.6147
vn 0.0108 0.7889 0.6145
vn 0.0340 0.7885 0.6141
vn 0.0787 0.7862 0.6129
vn 0.1537 0.7784 0.6087
vn 0.2561 0.7601 0.5972
vn 0.3867 0.7232 0.5722
vn 0.0698 0.9951 0.0698
vn 0.0314 0.9990 0.0328
vn 0.0087 0.9995 -0.0292
vn -0.0032 0.9925 -0.1219
vn -0.0087 0.9677 -0.2518
vn -0.0105 0.9068 -0.4215
vn 0.0328 0.9990 0.0314
vn 0.0047 1.0000 0.0047
vn -0.0144 0.9988 -0.0469
vn -0.0255 0.9910 -0.1316
vn -0.0311 0.9663 -0.2555
vn -0.0333 0.9060 -0.4219
vn -0.0292 0.9995 0.0087
vn -0.0469 0.9988 -0.0144
vn -0.0607 0.9963 -0.0607
vn -0.0697 0.9877 -0.1397
vn -0.0746 0.9630 -0.2588
vn -0.0773 0.9032 -0.4221
vn -0.1219 0.9925 -0.0032
vn -0.1316 0.9910 -0.0255
vn -0.1397 0.9877 -0.0697
vn -0.1454 0.9786 -0.1454
vn -0.1491 0.9538 -0.2610
vn -0.1518 0.8942 -0.4211
vn -0.2518 0.9677 -0.0087
vn -0.2555 0.9663 -0.0311
vn -0.2588 0.9630 -0.0746
vn -0.2610 0.9538 -0.1491
vn -0.2611 0.9293 -0.2611
vn -0.2586 0.8720 -0.4156
vn -0.4215 0.9068 -0.0105
vn -0.4219 0.9060 -0.0333
vn -0.4221 0.9032 -0.0773
vn -0.4211 0.8942 -0.1518
vn -0.4156 0.8720 -0.2586
vn -0.4025 0.8222 -0.4025
vn 0.1694 0.9709 0.1694
vn 0.0811 0.9890 0.1235
vn 0.0384 0.9970 0.0670
vn 0.0159 0.9998 -0.0097
vn 0.0046 0.9937 -0.1121
vn -0.0002 0.9686 -0.2486
vn -0.0014 0.9068 -0.4215
vn -0.0014 0.7888 -0.6147
vn -0.0108 0.7889 -0.6145
vn -0.0340 0.7885 -0.6141
vn -0.0787 0.7862 -0.6130
vn -0.1537 0.7784 -0.6087
vn -0.2561 0.7601 -0.5972
vn -0.3867 0.7232 -0.5722
vn -0.5283 0.6647 -0.5283
vn -0.5722 0.7232 -0.3867
vn -0.5972 0.7601 -0.2561
vn -0.6087 0.7784 -0.1537
vn -0.6130 0.7862 -0.0787
vn -0.6141 0.7885 -0.0340
vn -0.6145 0.7889 -0.0108
vn -0.6147 0.7888 -0.0014
vn -0.4215 0.9068 -0.0014
vn -0.2486 0.9686 -0.0002
vn -0.1121 0.9937 0.0046
vn -0.0097 0.9998 0.0159
vn 0.0670 0.9970 0.0384
vn 0.1235 0.9890 0.0811
vn -0.0105 0.9068 0.4215
vn -0.0087 0.9677 0.2518
vn -0.0032 0.9925 0.1219
vn 0.0087 0.9995 0.0292
vn 0.0314 0.9990 -0.0328
vn 0.0698 0.9951 -0.0698
vn -0.0333 0.9060 0.4219
vn -0.0311 0.9663 0.2555
vn -0.0255 0.9910 0.1316
vn -0.0144 0.9988 0.0469
vn 0.0047 1.0000 -0.0047
vn 0.0328 0.9990 -0.0314
vn -0.0773 0.9032 0.4221
vn -0.0746 0.9630 0.2588
vn -0.0697 0.9877 0.1397
vn -0.0607 0.9963 0.0607
vn -0.0469 0.9988 0.0144
vn -0.0292 0.9995 -0.0087
vn -0.1518 0.8942 0.4211
vn -0.1491 0.9538 0.2610
vn -0.1454 0.9786 0.1454
vn -0.1397 0.9877 0.0697
vn -0.1316 0.9910 0.0255
vn -0.1219 0.9925 0.0032
vn -0.2586 0.8720 0.4156
vn -0.2611 0.9293 0.2611
vn -0.2610 0.9538 0.1491
vn -0.2588 0.9630 0.0746
vn -0.2555 0.9663 0.0311
vn -0.2518 0.9677 0.0087
vn -0.4024 0.8222 0.4025
vn -0.4156 0.8720 0.2586
vn -0.4211 0.8942 0.1518
vn -0.4221 0.9032 0.0773
vn -0.4219 0.9060 0.0333
vn -0.4215 0.9068 0.0105
vn -0.0014 0.7888 0.6147
vn -0.0014 0.9068 0.4215
vn -0.0002 0.9686 0.2486
vn 0.0046 0.9937 0.1121
vn 0.0159 0.9998 0.0097
vn 0.0384 0.9970 -0.0670
vn 0.0811 0.9890 -0.1235
vn 0.1694 0.9709 -0.1694
vn 0.1235 0.9890 -0.0811
vn 0.0670 0.9970 -0.0384
vn -0.0097 0.9998 -0.0159
vn -0.1121 0.9937 -0.0046
vn -0.2486 0.9686 0.0002
vn -0.4215 0.9068 0.0014
vn -0.6147 0.7888 0.0014
vn -0.6145 0.7889 0.0108
vn -0.6141 0.7885 0.0340
vn -0.6129 0.7862 0.0787
vn -0.6087 0.7784 0.1537
vn -0.5972 0.7601 0.2560
vn -0.5722 0.7232 0.3867
vn -0.5283 0.6647 0.5283
vn -0.3867 0.7232 0.5722
vn -0.2561 0.7601 0.5972
vn -0.1537 0.7784 0.6087
vn -0.0787 0.7862 0.6130
vn -0.0340 0.7885 0.6141
vn -0.0108 0.7889 0.6145
vn 0.0005 -0.9056 0.4242
vn 0.0004 -0.9047 0.4261
vn 0.0002 -0.9041 0.4274
vn -0.0002 -0.9041 0.4274
vn -0.0004 -0.9047 0.4261
vn -0.0005 -0.9056 0.4242
vn 0.0003 -0.9690 0.2471
vn 0.0004 -0.9687 0.2481
vn 0.0002 -0.9685 0.2490
vn -0.0002 -0.9685 0.2491
vn -0.0004 -0.9687 0.2481
vn -0.0003 -0.9690 0.2471
vn -0.0026 -0.9952 0.0974
vn -0.0014 -0.9957 0.0930
vn -0.0005 -0.9959 0.0907
vn 0.0005 -0.9959 0.0907
vn 0.0014 -0.9957 0.0930
vn 0.0026 -0.9952 0.0974
vn -0.0107 -0.9996 -0.0267
vn -0.0072 -0.9991 -0.0410
vn -0.0026 -0.9988 -0.0495
vn 0.0026 -0.9988 -0.0495
vn 0.0072 -0.9991 -0.0410
vn 0.0107 -0.9996 -0.0267
vn -0.0286 -0.9900 -0.1385
vn -0.0197 -0.9853 -0.1694
vn -0.0073 -0.9822 -0.1874
vn 0.0073 -0.9822 -0.1874
vn 0.0197 -0.9853 -0.1694
vn 0.0286 -0.9900 -0.1385
vn -0.0639 -0.9660 -0.2506
vn -0.0435 -0.9505 -0.3077
vn -0.0155 -0.9406 -0.3393
vn 0.0155 -0.9406 -0.3393
vn 0.0435 -0.9505 -0.3077
vn 0.0639 -0.9660 -0.2506
vn 0.0001 -0.7885 0.6151
vn 0.0001 -0.7881 0.6156
vn 0.0001 -0.7877 0.6160
vn -0.0000 -0.7875 0.6163
vn -0.0001 -0.7877 0.6160
vn -0.0001 -0.7881 0.6155
vn -0.0001 -0.7885 0.6151
vn -0.0004 -0.9064 0.4224
vn 0.0002 -0.9690 0.2470
vn 0.0040 -0.9946 0.1038
vn 0.0139 -0.9999 -0.0093
vn 0.0345 -0.9941 -0.1028
vn 0.0746 -0.9799 -0.1850
vn 0.1572 -0.9493 -0.2721
vn 0.1275 -0.9095 -0.3956
vn 0.0825 -0.8750 -0.4770
vn 0.0281 -0.8552 -0.5176
vn -0.0281 -0.8552 -0.5176
vn -0.0825 -0.8750 -0.4770
vn -0.1275 -0.9095 -0.3956
vn -0.1572 -0.9493 -0.2721
vn -0.0746 -0.9799 -0.1850
vn -0.0345 -0.9941 -0.1028
vn -0.0139 -0.9999 -0.0093
vn -0.0040 -0.9946 0.1038
vn -0.0002 -0.9690 0.2470
vn 0.0004 -0.9064 0.4224
vn -0.0005 -0.4242 0.9056
vn -0.0004 -0.4261 0.9047
vn -0.0002 -0.4274 0.9041
vn 0.0002 -0.4274 0.9041
vn 0.0004 -0.4261 0.9047
vn 0.0005 -0.4242 0.9056
vn -0.0003 -0.2471 0.9690
vn -0.0004 -0.2481 0.9687
vn -0.0002 -0.2491 0.9685
vn 0.0002 -0.2491 0.9685
vn 0.0004 -0.2481 0.9687
vn 0.0003 -0.2471 0.9690
vn 0.0026 -0.0974 0.9952
vn 0.0014 -0.0930 0.9957
vn 0.0005 -0.0907 0.9959
vn -0.0005 -0.0907 0.9959
vn -0.0014 -0.0930 0.9957
vn -0.0026 -0.0974 0.9952
vn 0.0107 0.0267 0.9996
vn 0.0072 0.0410 0.9991
vn 0.0026 0.0495 0.9988
vn -0.0026 0.0495 0.9988
vn -0.0072 0.0410 0.9991
vn -0.0107 0.0267 0.9996
vn 0.0286 0.1385 0.9900
vn 0.0197 0.1694 0.9853
vn 0.0073 0.1874 0.9822
vn -0.0073 0.1874 0.9822
vn -0.0197 0.1694 0.9853
vn -0.0286 0.1385 0.9899
vn 0.0639 0.2506 0.9660
vn 0.0435 0.3077 0.9505
vn 0.0155 0.3393 0.9406
vn -0.0155 0.3393 0.9406
vn -0.0435 0.3077 0.9505
vn -0.0639 0.2506 0.9660
vn -0.0001 -0.6151 0.7885
vn -0.0001 -0.6155 0.7881
vn -0.0001 -0.6160 0.7877
vn -0.0000 -0.6163 0.7875
vn 0.0001 -0.6160 0.7877
vn 0.0001 -0.6156 0.7881
vn 0.0001 -0.6151 0.7885
vn 0.0004 -0.4225 0.9064
vn -0.0002 -0.2470 0.9690
vn -0.0040 -0.1038 0.9946
vn -0.0139 0.0093 0.9999
vn -0.0345 0.1028 0.9941
vn -0.0746 0.1850 0.9799
vn -0.1572 0.2721 0.9493
vn -0.1275 0.3956 0.9095
vn -0.0825 0.4770 0.8750
vn -0.0281 0.5176 0.8552
vn 0.0281 0.5176 0.8552
vn 0.0825 0.4770 0.8750
vn 0.1275 0.3956 0.9095
vn 0.1572 0.2721 0.9493
vn 0.0746 0.1850 0.9799
vn 0.0345 0.1028 0.9941
vn 0.0139 0.0093 0.9999
vn 0.0040 -0.1038 0.9946
vn 0.0002 -0.2470 0.9690
vn -0.0004 -0.4225 0.9064
vn -0.3080 -0.5818 -0.7528
vn -0.1783 -0.5297 -0.8292
vn -0.0573 -0.5016 -0.8632
vn 0.0573 -0.5016 -0.8632
vn 0.1783 -0.5297 -0.8292
vn 0.3080 -0.5818 -0.7528
vn -0.3726 -0.3438 -0.8620
vn -0.2105 -0.3075 -0.9280
vn -0.0668 -0.2880 -0.9553
vn 0.0668 -0.2880 -0.9553
vn 0.2105 -0.3075 -0.9280
vn 0.3726 -0.3438 -0.8620
vn -0.4032 -0.0853 -0.9111
vn -0.2255 -0.0807 -0.9709
vn -0.0712 -0.0788 -0.9943
vn 0.0712 -0.0788 -0.9943
vn 0.2255 -0.0807 -0.9709
vn 0.4032 -0.0853 -0.9111
vn -0.3999 0.1552 -0.9033
vn -0.2242 0.1316 -0.9656
vn -0.0708 0.1162 -0.9907
vn 0.0708 0.1162 -0.9907
vn 0.2242 0.1316 -0.9656
vn 0.3999 0.1552 -0.9033
vn -0.3745 0.3527 -0.8575
vn -0.2121 0.3156 -0.9249
vn -0.0675 0.2939 -0.9535
vn 0.0675 0.2939 -0.9535
vn 0.2121 0.3156 -0.9249
vn 0.3745 0.3527 -0.8575
vn -0.3448 0.5013 -0.7936
vn -0.1981 0.4757 -0.8570
vn -0.0637 0.4620 -0.8846
vn 0.0637 0.4620 -0.8846
vn 0.1981 0.4757 -0.8570
vn 0.3448 0.5013 -0.7936
vn -0.3126 -0.8262 -0.4687
vn -0.2204 -0.7762 -0.5908
vn -0.1326 -0.7285 -0.6721
vn -0.0435 -0.7013 -0.7115
vn 0.0435 -0.7013 -0.7116
vn 0.1326 -0.7285 -0.6721
vn 0.2204 -0.7762 -0.5908
vn 0.3126 -0.8262 -0.4687
vn 0.4570 -0.6324 -0.6255
vn 0.5570 -0.3786 -0.7392
vn 0.6034 -0.0904 -0.7923
vn 0.5968 0.1746 -0.7832
vn 0.5571 0.3853 -0.7356
vn 0.5105 0.5266 -0.6798
vn 0.4864 0.5951 -0.6397
vn 0.3272 0.6154 -0.7171
vn 0.1899 0.6235 -0.7584
vn 0.0615 0.6265 -0.7770
vn -0.0615 0.6265 -0.7770
vn -0.1899 0.6235 -0.7584
vn -0.3272 0.6154 -0.7171
vn -0.4864 0.5951 -0.6397
vn -0.5105 0.5266 -0.6798
vn -0.5571 0.3853 -0.7356
vn -0.5968 0.1746 -0.7832
vn -0.6034 -0.0904 -0.7923
vn -0.5570 -0.3786 -0.7392
vn -0.4570 -0.6324 -0.6255
vn -0.3080 0.7528 0.5818
vn -0.3726 0.8620 0.3438
vn -0.4032 0.9111 0.0853
vn -0.3999 0.9033 -0.1553
vn -0.3745 0.8575 -0.3527
vn -0.3448 0.7936 -0.5013
vn -0.1783 0.8292 0.5297
vn -0.2105 0.9280 0.3075
vn -0.2255 0.9709 0.0808
vn -0.2242 0.9656 -0.1316
vn -0.2121 0.9249 -0.3156
vn -0.1981 0.8570 -0.4757
vn -0.0573 0.8632 0.5016
vn -0.0668 0.9553 0.2880
vn -0.0712 0.9943 0.0788
vn -0.0708 0.9907 -0.1162
vn -0.0675 0.9535 -0.2938
vn -0.0637 0.8846 -0.4620
vn 0.0573 0.8632 0.5016
vn 0.0668 0.9553 0.2881
vn 0.0712 0.9943 0.0788
vn 0.0708 0.9907 -0.1162
vn 0.0675 0.9535 -0.2938
vn 0.0637 0.8846 -0.4620
vn 0.1783 0.8292 0.5297
vn 0.2105 0.9280 0.3075
vn 0.2255 0.9709 0.0807
vn 0.2242 0.9656 -0.1316
vn 0.2121 0.9249 -0.3156
vn 0.1981 0.8570 -0.4757
vn 0.3080 0.7528 0.5818
vn 0.3726 0.8620 0.3438
vn 0.4032 0.9111 0.0853
vn 0.3999 0.9033 -0.1553
vn 0.3745 0.8575 -0.3527
vn 0.3448 0.7936 -0.5013
vn -0.3126 0.4687 0.8262
vn -0.4570 0.6255 0.6324
vn -0.5570 0.7392 0.3786
vn -0.6034 0.7923 0.0904
vn -0.5968 0.7832 -0.1746
vn -0.5571 0.7356 -0.3853
vn -0.5105 0.6798 -0.5266
vn -0.4864 0.6397 -0.5951
vn -0.3272 0.7171 -0.6154
vn -0.1899 0.7584 -0.6235
vn -0.0615 0.7770 -0.6265
vn 0.0615 0.7770 -0.6265
vn 0.1899 0.7584 -0.6235
vn 0.3272 0.7171 -0.6154
vn 0.4864 0.6397 -0.5951
vn 0.5105 0.6798 -0.5266
vn 0.5571 0.7356 -0.3853
vn 0.5968 0.7832 -0.1746
vn 0.6034 0.7923 0.0904
vn 0.5570 0.7392 0.3786
vn 0.4570 0.6255 0.6324
vn 0.3126 0.4687 0.8262
vn 0.2204 0.5908 0.7762
vn 0.1326 0.6721 0.7285
vn 0.0435 0.7116 0.7013
vn -0.0435 0.7115 0.7013
vn -0.1326 0.6721 0.7285
vn -0.2204 0.5908 0.7762
vn 0.0005 0.9056 -0.4242
vn 0.0004 0.9047 -0.4261
vn 0.0002 0.9041 -0.4274
vn -0.0002 0.9041 -0.4274
vn -0.0004 0.9047 -0.4261
vn -0.0005 0.9056 -0.4242
vn 0.0003 0.9690 -0.2471
vn 0.0004 0.9687 -0.2481
vn 0.0002 0.9685 -0.2490
vn -0.0002 0.9685 -0.2490
vn -0.0004 0.9687 -0.2481
vn -0.0003 0.9690 -0.2471
vn -0.0026 0.9952 -0.0974
vn -0.0014 0.9957 -0.0930
vn -0.0005 0.9959 -0.0907
vn 0.0005 0.9959 -0.0907
vn 0.0014 0.9957 -0.0930
vn 0.0026 0.9952 -0.0974
vn -0.0107 0.9996 0.0267
vn -0.0072 0.9991 0.0410
vn -0.0026 0.9988 0.0495
vn 0.0026 0.9988 0.0495
vn 0.0072 0.9991 0.0410
vn 0.0107 0.9996 0.0267
vn -0.0286 0.9899 0.1385
vn -0.0197 0.9853 0.1694
vn -0.0073 0.9822 0.1874
vn 0.0073 0.9822 0.1874
vn 0.0197 0.9853 0.1694
vn 0.0286 0.9900 0.1385
vn -0.0639 0.9660 0.2506
vn -0.0435 0.9505 0.3077
vn -0.0155 0.9406 0.3393
vn 0.0155 0.9406 0.3393
vn 0.0435 0.9505 0.3077
vn 0.0639 0.9660 0.2506
vn 0.0001 0.7885 -0.6151
vn 0.0001 0.7881 -0.6156
vn 0.0001 0.7877 -0.6160
vn -0.0000 0.7875 -0.6163
vn -0.0001 0.7877 -0.6160
vn -0.0001 0.7881 -0.6156
vn -0.0001 0.7885 -0.6151
vn -0.0004 0.9064 -0.4224
vn 0.0002 0.9690 -0.2470
vn 0.0040 0.9946 -0.1038
vn 0.0139 0.9999 0.0093
vn 0.0345 0.9941 0.1028
vn 0.0746 0.9799 0.1850
vn 0.1572 0.9493 0.2721
vn 0.1275 0.9095 0.3956
vn 0.0825 0.8750 0.4770
vn 0.0281 0.8552 0.5176
vn -0.0281 0.8552 0.5176
vn -0.0825 0.8750 0.4770
vn -0.1275 0.9095 0.3956
vn -0.1572 0.9493 0.2721
vn -0.0746 0.9799 0.1850
vn -0.0345 0.9941 0.1029
vn -0.0139 0.9999 0.0093
vn -0.0040 0.9946 -0.1038
vn -0.0002 0.9690 -0.2470
vn 0.0004 0.9064 -0.4224
vn 0.0005 0.4242 -0.9056
vn 0.0003 0.2471 -0.9690
vn -0.0026 0.0974 -0.9952
vn -0.0107 -0.0267 -0.9996
vn -0.0286 -0.1385 -0.9900
vn -0.0639 -0.2506 -0.9660
vn 0.0004 0.4261 -0.9047
vn 0.0004 0.2481 -0.9687
vn -0.0014 0.0930 -0.9957
vn -0.0072 -0.0410 -0.9991
vn -0.0197 -0.1694 -0.9853
vn -0.0435 -0.3077 -0.9505
vn 0.0002 0.4274 -0.9041
vn 0.0002 0.2491 -0.9685
vn -0.0005 0.0907 -0.9959
vn -0.0026 -0.0495 -0.9988
vn -0.0073 -0.1874 -0.9822
vn -0.0155 -0.3393 -0.9406
vn -0.0002 0.4274 -0.9041
vn -0.0002 0.2490 -0.9685
vn 0.0005 0.0907 -0.9959
vn 0.0026 -0.0495 -0.9988
vn 0.0073 -0.1874 -0.9822
vn 0.0155 -0.3393 -0.9406
vn -0.0004 0.4261 -0.9047
vn -0.0004 0.2481 -0.9687
vn 0.0014 0.0930 -0.9957
vn 0.0072 -0.0410 -0.9991
vn 0.0197 -0.1694 -0.9853
vn 0.0435 -0.3077 -0.9505
vn -0.0005 0.4242 -0.9056
vn -0.0003 0.2471 -0.9690
vn 0.0026 0.0974 -0.9952
vn 0.0107 -0.0267 -0.9996
vn 0.0286 -0.1385 -0.9900
vn 0.0639 -0.2506 -0.9660
vn 0.0001 0.6151 -0.7885
vn 0.0004 0.4225 -0.9064
vn -0.0002 0.2470 -0.9690
vn -0.0040 0.1038 -0.9946
vn -0.0139 -0.0093 -0.9999
vn -0.0345 -0.1028 -0.9941
vn -0.0746 -0.1850 -0.9799
vn -0.1572 -0.2721 -0.9493
vn -0.1275 -0.3956 -0.9095
vn -0.0825 -0.4770 -0.8750
vn -0.0281 -0.5176 -0.8552
vn 0.0281 -0.5176 -0.8552
vn 0.0824 -0.4770 -0.8750
vn 0.1275 -0.3956 -0.9095
vn 0.1572 -0.2721 -0.9493
vn 0.0746 -0.1850 -0.9799
vn 0.0345 -0.1028 -0.9941
vn 0.0139 -0.0093 -0.9999
vn 0.0040 0.1038 -0.9946
vn 0.0002 0.2470 -0.9690
vn -0.0004 0.4225 -0.9064
vn -0.0001 0.6151 -0.7885
vn -0.0001 0.6156 -0.7881
vn -0.0001 0.6160 -0.7877
vn -0.0000 0.6163 -0.7875
vn 0.0001 0.6160 -0.7877
vn 0.0001 0.6156 -0.7881
vn -0.3080 0.5818 0.7528
vn -0.1783 0.5297 0.8292
vn -0.0573 0.5016 0.8632
vn 0.0573 0.5016 0.8632
vn 0.1783 0.5297 0.8292
vn 0.3080 0.5818 0.7528
vn -0.3726 0.3438 0.8620
vn -0.2105 0.3075 0.9280
vn -0.0668 0.2880 0.9553
vn 0.0668 0.2880 0.9553
vn 0.2105 0.3075 0.9280
vn 0.3726 0.3438 0.8620
vn -0.4032 0.0853 0.9111
vn -0.2255 0.0807 0.9709
vn -0.0712 0.0788 0.9943
vn 0.0712 0.0788 0.9943
vn 0.2255 0.0807 0.9709
vn 0.4032 0.0853 0.9111
vn -0.3999 -0.1552 0.9033
vn -0.2242 -0.1316 0.9656
vn -0.0708 -0.1162 0.9907
vn 0.0708 -0.1162 0.9907
vn 0.2242 -0.1316 0.9656
vn 0.3999 -0.1553 0.9033
vn -0.3745 -0.3527 0.8575
vn -0.2121 -0.3156 0.9249
vn -0.0675 -0.2939 0.9535
vn 0.0675 -0.2939 0.9535
vn 0.2121 -0.3156 0.9249
vn 0.3745 -0.3527 0.8575
vn -0.3448 -0.5013 0.7936
vn -0.1981 -0.4757 0.8570
vn -0.0637 -0.4620 0.8846
vn 0.0637 -0.4620 0.8846
vn 0.1981 -0.4757 0.8570
vn 0.3448 -0.5013 0.7936
vn -0.3126 0.8262 0.4687
vn -0.2204 0.7762 0.5908
vn -0.1326 0.7285 0.6721
vn -0.0435 0.7013 0.7116
vn 0.0435 0.7013 0.7116
vn 0.1326 0.7285 0.6721
vn 0.2204 0.7762 0.5908
vn 0.3126 0.8262 0.4687
vn 0.4570 0.6324 0.6255
vn 0.5570 0.3786 0.7392
vn 0.6034 0.0904 0.7923
vn 0.5968 -0.1746 0.7832
vn 0.5571 -0.3853 0.7356
vn 0.5105 -0.5266 0.6798
vn 0.4864 -0.5951 0.6397
vn 0.3272 -0.6154 0.7171
vn 0.1899 -0.6235 0.7584
vn 0.0615 -0.6265 0.7770
vn -0.0615 -0.6265 0.7770
vn -0.1899 -0.6235 0.7584
vn -0.3272 -0.6154 0.7171
vn -0.4864 -0.5951 0.6397
vn -0.5105 -0.5265 0.6798
vn -0.5571 -0.3853 0.7356
vn -0.5968 -0.1746 0.7832
vn -0.6034 0.0904 0.7923
vn -0.5570 0.3786 0.7392
vn -0.4570 0.6324 0.6255
vn -0.3080 -0.7528 -0.5818
vn -0.3726 -0.8620 -0.3438
vn -0.4032 -0.9111 -0.0853
vn -0.3999 -0.9033 0.1553
vn -0.3745 -0.8575 0.3527
vn -0.3448 -0.7936 0.5013
vn -0.1783 -0.8292 -0.5297
vn -0.2105 -0.9280 -0.3075
vn -0.2255 -0.9709 -0.0807
vn -0.2242 -0.9656 0.1316
vn -0.2121 -0.9249 0.3156
vn -0.1981 -0.8570 0.4757
vn -0.0573 -0.8632 -0.5016
vn -0.0668 -0.9553 -0.2881
vn -0.0712 -0.9943 -0.0788
vn -0.0708 -0.9907 0.1162
vn -0.0675 -0.9535 0.2938
vn -0.0637 -0.8846 0.4620
vn 0.0573 -0.8632 -0.5016
vn 0.0668 -0.9553 -0.2881
vn 0.0712 -0.9943 -0.0788
vn 0.0708 -0.9907 0.1162
vn 0.0675 -0.9535 0.2938
vn 0.0637 -0.8846 0.4620
vn 0.1783 -0.8292 -0.5297
vn 0.2105 -0.9280 -0.3075
vn 0.2255 -0.9709 -0.0807
vn 0.2242 -0.9656 0.1316
vn 0.2121 -0.9249 0.3156
vn 0.1981 -0.8570 0.4757
vn 0.3080 -0.7528 -0.5818
vn 0.3726 -0.8620 -0.3438
vn 0.4032 -0.9111 -0.0853
vn 0.3999 -0.9033 0.1553
vn 0.3745 -0.8575 0.3527
vn 0.3448 -0.7936 0.5013
vn -0.3126 -0.4687 -0.8262
vn -0.4570 -0.6255 -0.6324
vn -0.5570 -0.7392 -0.3786
vn -0.6034 -0.7923 -0.0904
vn -0.5968 -0.7832 0.1746
vn -0.5571 -0.7356 0.3853
vn -0.5105 -0.6798 0.5266
vn -0.4864 -0.6397 0.5951
vn -0.3272 -0.7171 0.6154
vn -0.1899 -0.7584 0.6235
vn -0.0615 -0.7770 0.6265
vn 0.0615 -0.7770 0.6265
vn 0.1899 -0.7584 0.6235
vn 0.3272 -0.7171 0.6154
vn 0.4864 -0.6397 0.5951
vn 0.5105 -0.6798 0.5266
vn 0.5571 -0.7356 0.3853
vn 0.5968 -0.7832 0.1746
vn 0.6034 -0.7923 -0.0904
vn 0.5570 -0.7392 -0.3786
vn 0.4570 -0.6255 -0.6324
vn 0.3126 -0.4687 -0.8262
vn 0.2204 -0.5908 -0.7762
vn 0.1326 -0.6721 -0.7285
vn 0.0435 -0.7116 -0.7013
vn -0.0435 -0.7116 -0.7013
vn -0.1326 -0.6721 -0.7285
vn -0.2204 -0.5908 -0.7762
vn 0.0005 -0.9056 -0.4242
vn 0.0003 -0.9690 -0.2471
vn -0.0026 -0.9952 -0.0974
vn -0.0107 -0.9996 0.0267
vn -0.0286 -0.9900 0.1385
vn -0.0639 -0.9660 0.2506
vn 0.0004 -0.9047 -0.4261
vn 0.0004 -0.9687 -0.2481
vn -0.0014 -0.9957 -0.0930
vn -0.0072 -0.9991 0.0410
vn -0.0197 -0.9853 0.1694
vn -0.0435 -0.9505 0.3077
vn 0.0002 -0.9041 -0.4274
vn 0.0002 -0.9685 -0.2491
vn -0.0005 -0.9959 -0.0907
vn -0.0026 -0.9988 0.0495
vn -0.0073 -0.9823 0.1874
vn -0.0155 -0.9406 0.3393
vn -0.0002 -0.9041 -0.4274
vn -0.0002 -0.9685 -0.2491
vn 0.0005 -0.9959 -0.0907
vn 0.0026 -0.9988 0.0495
vn 0.0073 -0.9823 0.1874
vn 0.0155 -0.9406 0.3393
vn -0.0004 -0.9047 -0.4261
vn -0.0004 -0.9687 -0.2481
vn 0.0014 -0.9957 -0.0930
vn 0.0072 -0.9991 0.0410
vn 0.0197 -0.9853 0.1694
vn 0.0435 -0.9505 0.3077
vn -0.0005 -0.9056 -0.4242
vn -0.0003 -0.9690 -0.2471
vn 0.0026 -0.9952 -0.0974
vn 0.0107 -0.9996 0.0267
vn 0.0286 -0.9900 0.1385
vn 0.0639 -0.9660 0.2506
vn 0.0001 -0.7885 -0.6151
vn 0.0004 -0.9064 -0.4224
vn -0.0002 -0.9690 -0.2470
vn -0.0040 -0.9946 -0.1038
vn -0.0139 -0.9999 0.0093
vn -0.0345 -0.9941 0.1028
vn -0.0746 -0.9799 0.1850
vn -0.1572 -0.9493 0.2721
vn -0.1275 -0.9095 0.3956
vn -0.0825 -0.8750 0.4770
vn -0.0281 -0.8552 0.5176
vn 0.0281 -0.8552 0.5176
vn 0.0824 -0.8750 0.4770
vn 0.1275 -0.9095 0.3956
vn 0.1572 -0.9493 0.2721
vn 0.0746 -0.9799 0.1850
vn 0.0345 -0.9941 0.1028
vn 0.0139 -0.9999 0.0093
vn 0.0040 -0.9946 -0.1038
vn 0.0002 -0.9690 -0.2470
vn -0.0004 -0.9064 -0.4224
vn -0.0001 -0.7885 -0.6151
vn -0.0001 -0.7881 -0.6156
vn -0.0001 -0.7877 -0.6160
vn -0.0000 -0.7875 -0.6163
vn 0.0001 -0.7877 -0.6160
vn 0.0001 -0.7881 -0.6156
vn 0.0005 -0.4242 -0.9056
vn 0.0004 -0.4261 -0.9047
vn 0.0002 -0.4274 -0.9041
vn -0.0002 -0.4274 -0.9041
vn -0.0004 -0.4261 -0.9047
vn -0.0005 -0.4242 -0.9056
vn 0.0003 -0.2471 -0.9690
vn 0.0004 -0.2481 -0.9687
vn 0.0002 -0.2491 -0.9685
vn -0.0002 -0.2491 -0.9685
vn -0.0004 -0.2481 -0.9687
vn -0.0003 -0.2471 -0.9690
vn -0.0026 -0.0974 -0.9952
vn -0.0014 -0.0930 -0.9957
vn -0.0005 -0.0907 -0.9959
vn 0.0005 -0.0907 -0.9959
vn 0.0014 -0.0930 -0.9957
vn 0.0026 -0.0974 -0.9952
vn -0.0107 0.0267 -0.9996
vn -0.0072 0.0410 -0.9991
vn -0.0026 0.0495 -0.9988
vn 0.0026 0.0495 -0.9988
vn 0.0072 0.0410 -0.9991
vn 0.0107 0.0267 -0.9996
vn -0.0286 0.1385 -0.9900
vn -0.0197 0.1694 -0.9853
vn -0.0073 0.1874 -0.9822
vn 0.0073 0.1874 -0.9822
vn 0.0197 0.1694 -0.9853
vn 0.0286 0.1385 -0.9900
vn -0.0639 0.2506 -0.9660
vn -0.0435 0.3077 -0.9505
vn -0.0155 0.3393 -0.9406
vn 0.0155 0.3393 -0.9406
vn 0.0435 0.3077 -0.9505
vn 0.0639 0.2506 -0.9660
vn 0.0001 -0.6151 -0.7885
vn 0.0001 -0.6155 -0.7881
vn 0.0001 -0.6160 -0.7877
vn -0.0000 -0.6163 -0.7875
vn -0.0001 -0.6160 -0.7877
vn -0.0001 -0.6155 -0.7881
vn -0.0001 -0.6151 -0.7885
vn -0.0004 -0.4224 -0.9064
vn 0.0002 -0.2470 -0.9690
vn 0.0040 -0.1038 -0.9946
vn 0.0139 0.0093 -0.9999
vn 0.0345 0.1028 -0.9941
vn 0.0746 0.1850 -0.9799
vn 0.1572 0.2721 -0.9493
vn 0.1275 0.3956 -0.9095
vn 0.0824 0.4770 -0.8750
vn 0.0281 0.5176 -0.8552
vn -0.0281 0.5176 -0.8552
vn -0.0824 0.4770 -0.8750
vn -0.1275 0.3956 -0.9095
vn -0.1572 0.2721 -0.9493
vn -0.0746 0.1850 -0.9799
vn -0.0345 0.1028 -0.9941
vn -0.0139 0.0093 -0.9999
vn -0.0040 -0.1038 -0.9946
vn -0.0002 -0.2470 -0.9690
vn 0.0004 -0.4224 -0.9064
vn -0.3080 0.7528 -0.5818
vn -0.1783 0.8292 -0.5297
vn -0.0573 0.8632 -0.5016
vn 0.0573 0.8632 -0.5016
vn 0.1783 0.8292 -0.5297
vn 0.3080 0.7528 -0.5818
vn -0.3726 0.8620 -0.3438
vn -0.2105 0.9280 -0.3075
vn -0.0668 0.9553 -0.2880
vn 0.0668 0.9553 -0.2880
vn 0.2105 0.9280 -0.3075
vn 0.3726 0.8620 -0.3438
vn -0.4032 0.9111 -0.0853
vn -0.2255 0.9709 -0.0807
vn -0.0712 0.9943 -0.0788
vn 0.0712 0.9943 -0.0788
vn 0.2255 0.9709 -0.0807
vn 0.4032 0.9111 -0.0853
vn -0.3999 0.9033 0.1552
vn -0.2242 0.9656 0.1316
vn -0.0708 0.9907 0.1162
vn 0.0708 0.9907 0.1162
vn 0.2242 0.9656 0.1316
vn 0.3999 0.9033 0.1552
vn -0.3745 0.8575 0.3527
vn -0.2121 0.9249 0.3156
vn -0.0675 0.9535 0.2938
vn 0.0675 0.9535 0.2938
vn 0.2121 0.9249 0.3156
vn 0.3745 0.8575 0.3527
vn -0.3448 0.7936 0.5013
vn -0.1981 0.8570 0.4757
vn -0.0637 0.8846 0.4620
vn 0.0637 0.8846 0.4620
vn 0.1981 0.8570 0.4757
vn 0.3448 0.7936 0.5013
vn -0.3126 0.4687 -0.8262
vn -0.2204 0.5908 -0.7762
vn -0.1326 0.6721 -0.7285
vn -0.0435 0.7115 -0.7013
vn 0.0435 0.7115 -0.7013
vn 0.1326 0.6721 -0.7285
vn 0.2204 0.5908 -0.7762
vn 0.3126 0.4687 -0.8262
vn 0.4570 0.6255 -0.6324
vn 0.5570 0.7392 -0.3786
vn 0.6034 0.7923 -0.0904
vn 0.5968 0.7832 0.1746
vn 0.5571 0.7356 0.3853
vn 0.5105 0.6798 0.5266
vn 0.4864 0.6397 0.5951
vn 0.3272 0.7171 0.6154
vn 0.1899 0.7584 0.6235
vn 0.0615 0.7770 0.6265
vn -0.0615 0.7770 0.6265
vn -0.1899 0.7584 0.6235
vn -0.3272 0.7171 0.6154
vn -0.4864 0.6397 0.5951
vn -0.5105 0.6798 0.5266
vn -0.5571 0.7356 0.3853
vn -0.5968 0.7832 0.1746
vn -0.6034 0.7923 -0.0904
vn -0.5570 0.7392 -0.3786
vn -0.4570 0.6255 -0.6324
vn -0.3080 -0.5818 0.7528
vn -0.3726 -0.3438 0.8620
vn -0.4032 -0.0853 0.9111
vn -0.3999 0.1553 0.9033
vn -0.3745 0.3527 0.8575
vn -0.3448 0.5013 0.7936
vn -0.1783 -0.5297 0.8292
vn -0.2105 -0.3075 0.9280
vn -0.2255 -0.0807 0.9709
vn -0.2242 0.1316 0.9656
vn -0.2121 0.3156 0.9249
vn -0.1981 0.4757 0.8570
vn -0.0573 -0.5016 0.8632
vn -0.0668 -0.2881 0.9553
vn -0.0712 -0.0788 0.9943
vn -0.0708 0.1162 0.9907
vn -0.0675 0.2938 0.9535
vn -0.0637 0.4620 0.8846
vn 0.0573 -0.5016 0.8632
vn 0.0668 -0.2881 0.9553
vn 0.0712 -0.0788 0.9943
vn 0.0708 0.1162 0.9907
vn 0.0675 0.2939 0.9535
vn 0.0637 0.4620 0.8846
vn 0.1783 -0.5297 0.8292
vn 0.2105 -0.3075 0.9280
vn 0.2255 -0.0807 0.9709
vn 0.2242 0.1316 0.9656
vn 0.2121 0.3156 0.9249
vn 0.1981 0.4757 0.8570
vn 0.3080 -0.5818 0.7528
vn 0.3726 -0.3438 0.8620
vn 0.4032 -0.0853 0.9111
vn 0.3999 0.1553 0.9033
vn 0.3745 0.3527 0.8575
vn 0.3448 0.5013 0.7936
vn -0.3126 -0.8262 0.4687
vn -0.4570 -0.6324 0.6255
vn -0.5570 -0.3786 0.7392
vn -0.6034 -0.0904 0.7923
vn -0.5968 0.1746 0.7832
vn -0.5571 0.3853 0.7356
vn -0.5105 0.5266 0.6798
vn -0.4864 0.5951 0.6397
vn -0.3272 0.6154 0.7171
vn -0.1899 0.6235 0.7584
vn -0.0615 0.6265 0.7770
vn 0.0615 0.6265 0.7770
vn 0.1899 0.6235 0.7584
vn 0.3272 0.6154 0.7171
vn 0.4864 0.5951 0.6397
vn 0.5105 0.5266 0.6798
vn 0.5571 0.3853 0.7356
vn 0.5968 0.1746 0.7832
vn 0.6034 -0.0904 0.7923
vn 0.5570 -0.3786 0.7392
vn 0.4570 -0.6324 0.6255
vn 0.3126 -0.8262 0.4687
vn 0.2204 -0.7762 0.5908
vn 0.1326 -0.7285 0.6721
vn 0.0435 -0.7013 0.7116
vn -0.0435 -0.7013 0.7116
vn -0.1326 -0.7285 0.6721
vn -0.2204 -0.7762 0.5908
vn 0.0005 0.9056 0.4242
vn 0.0003 0.9690 0.2471
vn -0.0026 0.9952 0.0974
vn -0.0107 0.9996 -0.0267
vn -0.0286 0.9900 -0.1385
vn -0.0639 0.9660 -0.2506
vn 0.0004 0.9047 0.4261
vn 0.0004 0.9687 0.2481
vn -0.0014 0.9957 0.0930
vn -0.0072 0.9991 -0.0410
vn -0.0197 0.9854 -0.1694
vn -0.0435 0.9505 -0.3077
vn 0.0002 0.9041 0.4274
vn 0.0002 0.9685 0.2491
vn -0.0005 0.9959 0.0907
vn -0.0026 0.9988 -0.0495
vn -0.0073 0.9822 -0.1874
vn -0.0155 0.9406 -0.3393
vn -0.0002 0.9041 0.4274
vn -0.0002 0.9685 0.2491
vn 0.0005 0.9959 0.0907
vn 0.0026 0.9988 -0.0495
vn 0.0073 0.9823 -0.1874
vn 0.0155 0.9406 -0.3393
vn -0.0004 0.9047 0.4261
vn -0.0004 0.9687 0.2481
vn 0.0014 0.9957 0.0930
vn 0.0072 0.9991 -0.0410
vn 0.0197 0.9854 -0.1694
vn 0.0435 0.9505 -0.3077
vn -0.0005 0.9056 0.4242
vn -0.0003 0.9690 0.2471
vn 0.0026 0.9952 0.0974
vn 0.0107 0.9996 -0.0267
vn 0.0286 0.9900 -0.1385
vn 0.0639 0.9660 -0.2506
vn 0.0001 0.7885 0.6151
vn 0.0004 0.9064 0.4225
vn -0.0002 0.9690 0.2470
vn -0.0040 0.9946 0.1038
vn -0.0139 0.9999 -0.0093
vn -0.0345 0.9941 -0.1028
vn -0.0746 0.9799 -0.1850
vn -0.1572 0.9493 -0.2721
vn -0.1275 0.9095 -0.3956
vn -0.0825 0.8750 -0.4770
vn -0.0281 0.8552 -0.5176
vn 0.0281 0.8552 -0.5176
vn 0.0825 0.8750 -0.4770
vn 0.1275 0.9095 -0.3956
vn 0.1572 0.9493 -0.2721
vn 0.0746 0.9799 -0.1850
vn 0.0345 0.9941 -0.1028
vn 0.0139 0.9999 -0.0093
vn 0.0040 0.9946 0.1038
vn 0.0002 0.9690 0.2470
vn -0.0004 0.9064 0.4225
vn -0.0001 0.7885 0.6151
vn -0.0001 0.7881 0.6156
vn -0.0001 0.7877 0.6160
vn -0.0000 0.7875 0.6163
vn 0.0001 0.7877 0.6160
vn 0.0001 0.7881 0.6156
vn -0.0005 0.4242 0.9056
vn -0.0003 0.2471 0.9690
vn 0.0026 0.0974 0.9952
vn 0.0107 -0.0267 0.9996
vn 0.0286 -0.1385 0.9900
vn 0.0639 -0.2506 0.9660
vn -0.0004 0.4261 0.9047
vn -0.0004 0.2481 0.9687
vn 0.0014 0.0930 0.9957
vn 0.0072 -0.0410 0.9991
vn 0.0197 -0.1694 0.9853
vn 0.0435 -0.3077 0.9505
vn -0.0002 0.4274 0.9041
vn -0.0002 0.2491 0.9685
vn 0.0005 0.0907 0.9959
vn 0.0026 -0.0495 0.9988
vn 0.0073 -0.1874 0.9822
vn 0.0155 -0.3393 0.9406
vn 0.0002 0.4274 0.9041
vn 0.0002 0.2491 0.9685
vn -0.0005 0.0907 0.9959
vn -0.0026 -0.0495 0.9988
vn -0.0073 -0.1874 0.9822
vn -0.0155 -0.3393 0.9406
vn 0.0004 0.4261 0.9047
vn 0.0004 0.2481 0.9687
vn -0.0014 0.0930 0.9957
vn -0.0072 -0.0410 0.9991
vn -0.0197 -0.1694 0.9853
vn -0.0435 -0.3077 0.9505
vn 0.0005 0.4242 0.9056
vn 0.0003 0.2471 0.9690
vn -0.0026 0.0974 0.9952
vn -0.0107 -0.0267 0.9996
vn -0.0286 -0.1385 0.9900
vn -0.0639 -0.2506 0.9660
vn -0.0001 0.6151 0.7885
vn -0.0004 0.4224 0.9064
vn 0.0002 0.2470 0.9690
vn 0.0040 0.1038 0.9946
vn 0.0139 -0.0093 0.9999
vn 0.0345 -0.1028 0.9941
vn 0.0746 -0.1850 0.9799
vn 0.1572 -0.2721 0.9493
vn 0.1275 -0.3956 0.9095
vn 0.0825 -0.4770 0.8750
vn 0.0281 -0.5176 0.8552
vn -0.0281 -0.5176 0.8552
vn -0.0825 -0.4770 0.8750
vn -0.1275 -0.3956 0.9095
vn -0.1572 -0.2721 0.9493
vn -0.0746 -0.1850 0.9799
vn -0.0345 -0.1028 0.9941
vn -0.0139 -0.0093 0.9999
vn -0.0040 0.1038 0.9946
vn -0.0002 0.2470 0.9690
vn 0.0004 0.4224 0.9064
vn 0.0001 0.6151 0.7885
vn 0.0001 0.6156 0.7881
vn 0.0001 0.6160 0.7877
vn -0.0000 0.6163 0.7875
vn -0.0001 0.6160 0.7877
vn -0.0001 0.6156 0.7881
vn 0.3080 -0.7528 0.5818
vn 0.3726 -0.8620 0.3438
vn 0.4032 -0.9111 0.0853
vn 0.3999 -0.9033 -0.1553
vn 0.3745 -0.8575 -0.3527
vn 0.3448 -0.7936 -0.5013
vn 0.1783 -0.8292 0.5297
vn 0.2105 -0.9280 0.3075
vn 0.2255 -0.9709 0.0807
vn 0.2242 -0.9656 -0.1316
vn 0.2121 -0.9249 -0.3156
vn 0.1981 -0.8570 -0.4757
vn 0.0573 -0.8632 0.5016
vn 0.0668 -0.9553 0.2881
vn 0.0712 -0.9943 0.0788
vn 0.0708 -0.9907 -0.1162
vn 0.0675 -0.9535 -0.2938
vn 0.0637 -0.8846 -0.4620
vn -0.0573 -0.8632 0.5016
vn -0.0668 -0.9553 0.2881
vn -0.0712 -0.9943 0.0788
vn -0.0708 -0.9907 -0.1162
vn -0.0675 -0.9535 -0.2939
vn -0.0637 -0.8846 -0.4620
vn -0.1783 -0.8292 0.5297
vn -0.2105 -0.9280 0.3075
vn -0.2255 -0.9709 0.0807
vn -0.2242 -0.9656 -0.1316
vn -0.2121 -0.9249 -0.3156
vn -0.1981 -0.8570 -0.4757
vn -0.3080 -0.7528 0.5818
vn -0.3726 -0.8620 0.3438
vn -0.4032 -0.9111 0.0853
vn -0.3999 -0.9033 -0.1552
vn -0.3745 -0.8575 -0.3527
vn -0.3448 -0.7936 -0.5013
vn 0.3126 -0.4687 0.8262
vn 0.4570 -0.6255 0.6324
vn 0.5570 -0.7392 0.3786
vn 0.6034 -0.7923 0.0904
vn 0.5968 -0.7832 -0.1746
vn 0.5571 -0.7356 -0.3853
vn 0.5105 -0.6798 -0.5266
vn 0.4864 -0.6397 -0.5951
vn 0.3272 -0.7171 -0.6154
vn 0.1899 -0.7584 -0.6235
vn 0.0615 -0.7770 -0.6265
vn -0.0615 -0.7770 -0.6265
vn -0.1899 -0.7584 -0.6235
vn -0.3272 -0.7171 -0.6154
vn -0.4864 -0.6397 -0.5951
vn -0.5105 -0.6798 -0.5266
vn -0.5571 -0.7356 -0.3853
vn -0.5968 -0.7832 -0.1746
vn -0.6034 -0.7923 0.0904
vn -0.5570 -0.7392 0.3786
vn -0.4570 -0.6255 0.6324
vn -0.3126 -0.4687 0.8262
vn -0.2204 -0.5908 0.7762
vn -0.1326 -0.6721 0.7285
vn -0.0435 -0.7116 0.7013
vn 0.0435 -0.7116 0.7013
vn 0.1326 -0.6721 0.7285
vn 0.2204 -0.5908 0.7762
vn 0.3080 0.5818 -0.7528
vn 0.1783 0.5297 -0.8292
vn 0.0573 0.5016 -0.8632
vn -0.0573 0.5016 -0.8632
vn -0.1783 0.5297 -0.8292
vn -0.3080 0.5818 -0.7528
vn 0.3726 0.3438 -0.8620
vn 0.2105 0.3075 -0.9280
vn 0.0668 0.2881 -0.9553
vn -0.0668 0.2881 -0.9553
vn -0.2105 0.3075 -0.9280
vn -0.3726 0.3438 -0.8620
vn 0.4032 0.0853 -0.9111
vn 0.2255 0.0807 -0.9709
vn 0.0712 0.0788 -0.9943
vn -0.0712 0.0788 -0.9943
vn -0.2255 0.0807 -0.9709
vn -0.4032 0.0853 -0.9111
vn 0.3999 -0.1552 -0.9033
vn 0.2242 -0.1316 -0.9656
vn 0.0708 -0.1162 -0.9907
vn -0.0708 -0.1162 -0.9907
vn -0.2242 -0.1316 -0.9656
vn -0.3999 -0.1552 -0.9033
vn 0.3745 -0.3527 -0.8575
vn 0.2121 -0.3156 -0.9249
vn 0.0675 -0.2938 -0.9535
vn -0.0675 -0.2938 -0.9535
vn -0.2121 -0.3156 -0.9249
vn -0.3745 -0.3527 -0.8575
vn 0.3448 -0.5013 -0.7936
vn 0.1981 -0.4757 -0.8570
vn 0.0637 -0.4620 -0.8846
vn -0.0637 -0.4620 -0.8846
vn -0.1981 -0.4757 -0.8570
vn -0.3448 -0.5013 -0.7936
vn 0.3126 0.8262 -0.4687
vn 0.2204 0.7762 -0.5908
vn 0.1326 0.7285 -0.6721
vn 0.0435 0.7013 -0.7116
vn -0.0435 0.7013 -0.7116
vn -0.1326 0.7285 -0.6721
vn -0.2204 0.7762 -0.5908
vn -0.3126 0.8262 -0.4687
vn -0.4570 0.6324 -0.6255
vn -0.5570 0.3786 -0.7392
vn -0.6034 0.0904 -0.7923
vn -0.5968 -0.1746 -0.7832
vn -0.5571 -0.3853 -0.7356
vn -0.5105 -0.5265 -0.6798
vn -0.4864 -0.5951 -0.6397
vn -0.3272 -0.6154 -0.7171
vn -0.1899 -0.6235 -0.7584
vn -0.0615 -0.6265 -0.7770
vn 0.0615 -0.6265 -0.7770
vn 0.1899 -0.6235 -0.7584
vn 0.3272 -0.6154 -0.7171
vn 0.4864 -0.5951 -0.6397
vn 0.5105 -0.5266 -0.6798
vn 0.5571 -0.3853 -0.7356
vn 0.5968 -0.1746 -0.7832
vn 0.6034 0.0904 -0.7923
vn 0.5570 0.3786 -0.7392
vn 0.4570 0.6324 -0.6255
vn -0.4242 0.9056 -0.0005
vn -0.4261 0.9047 -0.0004
vn -0.4274 0.9041 -0.0002
vn -0.4274 0.9041 0.0002
vn -0.4261 0.9047 0.0004
vn -0.4242 0.9056 0.0005
vn -0.2471 0.9690 -0.0003
vn -0.2481 0.9687 -0.0004
vn -0.2490 0.9685 -0.0002
vn -0.2491 0.9685 0.0002
vn -0.2481 0.9687 0.0004
vn -0.2471 0.9690 0.0003
vn -0.0974 0.9952 0.0026
vn -0.0930 0.9957 0.0014
vn -0.0907 0.9959 0.0005
vn -0.0907 0.9959 -0.0005
vn -0.0930 0.9957 -0.0014
vn -0.0974 0.9952 -0.0026
vn 0.0267 0.9996 0.0107
vn 0.0410 0.9991 0.0072
vn 0.0495 0.9988 0.0026
vn 0.0495 0.9988 -0.0026
vn 0.0410 0.9991 -0.0072
vn 0.0267 0.9996 -0.0107
vn 0.1385 0.9899 0.0286
vn 0.1694 0.9853 0.0197
vn 0.1874 0.9822 0.0073
vn 0.1874 0.9822 -0.0073
vn 0.1694 0.9853 -0.0197
vn 0.1385 0.9900 -0.0286
vn 0.2506 0.9660 0.0639
vn 0.3077 0.9505 0.0435
vn 0.3393 0.9406 0.0155
vn 0.3393 0.9406 -0.0155
vn 0.3077 0.9505 -0.0435
vn 0.2506 0.9660 -0.0639
vn -0.6151 0.7885 -0.0001
vn -0.6155 0.7881 -0.0001
vn -0.6160 0.7877 -0.0001
vn -0.6163 0.7875 -0.0000
vn -0.6160 0.7877 0.0001
vn -0.6155 0.7881 0.0001
vn -0.6151 0.7885 0.0001
vn -0.4225 0.9064 0.0004
vn -0.2470 0.9690 -0.0002
vn -0.1038 0.9946 -0.0040
vn 0.0093 0.9999 -0.0139
vn 0.1028 0.9941 -0.0345
vn 0.1850 0.9799 -0.0746
vn 0.2721 0.9493 -0.1572
vn 0.3956 0.9095 -0.1275
vn 0.4770 0.8750 -0.0825
vn 0.5176 0.8552 -0.0281
vn 0.5176 0.8552 0.0281
vn 0.4770 0.8750 0.0825
vn 0.3956 0.9095 0.1275
vn 0.2721 0.9493 0.1572
vn 0.1850 0.9799 0.0746
vn 0.1028 0.9941 0.0345
vn 0.0093 0.9999 0.0139
vn -0.1038 0.9946 0.0040
vn -0.2470 0.9690 0.0002
vn -0.4225 0.9064 -0.0004
vn -0.9056 0.4242 0.0005
vn -0.9047 0.4261 0.0004
vn -0.9041 0.4274 0.0002
vn -0.9041 0.4274 -0.0002
vn -0.9047 0.4261 -0.0004
vn -0.9056 0.4242 -0.0005
vn -0.9690 0.2471 0.0003
vn -0.9687 0.2481 0.0004
vn -0.9685 0.2491 0.0002
vn -0.9685 0.2491 -0.0002
vn -0.9687 0.2481 -0.0004
vn -0.9690 0.2471 -0.0003
vn -0.9952 0.0974 -0.0026
vn -0.9957 0.0930 -0.0014
vn -0.9959 0.0907 -0.0005
vn -0.9959 0.0907 0.0005
vn -0.9957 0.0930 0.0014
vn -0.9952 0.0974 0.0026
vn -0.9996 -0.0267 -0.0107
vn -0.9991 -0.0410 -0.0072
vn -0.9988 -0.0495 -0.0026
vn -0.9988 -0.0495 0.0026
vn -0.9991 -0.0410 0.0072
vn -0.9996 -0.0267 0.0107
vn -0.9900 -0.1385 -0.0286
vn -0.9853 -0.1694 -0.0197
vn -0.9822 -0.1874 -0.0073
vn -0.9822 -0.1874 0.0073
vn -0.9853 -0.1694 0.0197
vn -0.9900 -0.1385 0.0286
vn -0.9660 -0.2506 -0.0639
vn -0.9505 -0.3077 -0.0435
vn -0.9406 -0.3393 -0.0155
vn -0.9406 -0.3393 0.0155
vn -0.9505 -0.3077 0.0435
vn -0.9660 -0.2506 0.0639
vn -0.7885 0.6151 0.0001
vn -0.7881 0.6156 0.0001
vn -0.7877 0.6160 0.0001
vn -0.7875 0.6163 -0.0000
vn -0.7877 0.6160 -0.0001
vn -0.7881 0.6156 -0.0001
vn -0.7885 0.6151 -0.0001
vn -0.9064 0.4224 -0.0004
vn -0.9690 0.2470 0.0002
vn -0.9946 0.1038 0.0040
vn -0.9999 -0.0093 0.0139
vn -0.9941 -0.1028 0.0345
vn -0.9799 -0.1850 0.0746
vn -0.9493 -0.2721 0.1572
vn -0.9095 -0.3956 0.1275
vn -0.8750 -0.4770 0.0824
vn -0.8552 -0.5176 0.0281
vn -0.8552 -0.5176 -0.0281
vn -0.8750 -0.4770 -0.0824
vn -0.9095 -0.3956 -0.1275
vn -0.9493 -0.2721 -0.1572
vn -0.9799 -0.1850 -0.0746
vn -0.9941 -0.1028 -0.0345
vn -0.9999 -0.0093 -0.0139
vn -0.9946 0.1038 -0.0040
vn -0.9690 0.2470 -0.0002
vn -0.9064 0.4224 0.0004
vn -0.9056 -0.4242 0.0005
vn -0.9690 -0.2471 0.0003
vn -0.9952 -0.0974 -0.0026
vn -0.9996 0.0267 -0.0107
vn -0.9900 0.1385 -0.0286
vn -0.9660 0.2506 -0.0639
vn -0.9047 -0.4261 0.0004
vn -0.9687 -0.2481 0.0004
vn -0.9957 -0.0930 -0.0014
vn -0.9991 0.0410 -0.0072
vn -0.9853 0.1694 -0.0197
vn -0.9505 0.3077 -0.0435
vn -0.9041 -0.4274 0.0002
vn -0.9685 -0.2490 0.0002
vn -0.9959 -0.0907 -0.0005
vn -0.9988 0.0495 -0.0026
vn -0.9822 0.1874 -0.0073
vn -0.9406 0.3393 -0.0155
vn -0.9041 -0.4274 -0.0002
vn -0.9685 -0.2490 -0.0002
vn -0.9959 -0.0907 0.0005
vn -0.9988 0.0495 0.0026
vn -0.9822 0.1874 0.0073
vn -0.9406 0.3393 0.0155
vn -0.9047 -0.4261 -0.0004
vn -0.9687 -0.2481 -0.0004
vn -0.9957 -0.0930 0.0014
vn -0.9991 0.0410 0.0072
vn -0.9853 0.1694 0.0197
vn -0.9505 0.3077 0.0435
vn -0.9056 -0.4242 -0.0005
vn -0.9690 -0.2471 -0.0003
vn -0.9952 -0.0974 0.0026
vn -0.9996 0.0267 0.0107
vn -0.9900 0.1385 0.0286
vn -0.9660 0.2506 0.0639
vn -0.7885 -0.6151 0.0001
vn -0.9064 -0.4225 0.0004
vn -0.9690 -0.2470 -0.0002
vn -0.9946 -0.1038 -0.0040
vn -0.9999 0.0093 -0.0139
vn -0.9941 0.1028 -0.0345
vn -0.9799 0.1850 -0.0746
vn -0.9493 0.2721 -0.1572
vn -0.9095 0.3956 -0.1275
vn -0.8750 0.4770 -0.0825
vn -0.8552 0.5176 -0.0281
vn -0.8552 0.5176 0.0281
vn -0.8750 0.4770 0.0825
vn -0.9095 0.3956 0.1275
vn -0.9493 0.2721 0.1572
vn -0.9799 0.1850 0.0746
vn -0.9941 0.1028 0.0345
vn -0.9999 0.0093 0.0139
vn -0.9946 -0.1038 0.0040
vn -0.9690 -0.2470 0.0002
vn -0.9064 -0.4225 -0.0004
vn -0.7885 -0.6151 -0.0001
vn -0.7881 -0.6155 -0.0001
vn -0.7877 -0.6160 -0.0001
vn -0.7875 -0.6163 -0.0000
vn -0.7877 -0.6160 0.0001
vn -0.7881 -0.6155 0.0001
vn -0.4242 -0.9056 0.0005
vn -0.4261 -0.9047 0.0004
vn -0.4274 -0.9041 0.0002
vn -0.4274 -0.9041 -0.0002
vn -0.4261 -0.9047 -0.0004
vn -0.4242 -0.9056 -0.0005
vn -0.2471 -0.9690 0.0003
vn -0.2481 -0.9687 0.0004
vn -0.2491 -0.9685 0.0002
vn -0.2491 -0.9685 -0.0002
vn -0.2481 -0.9687 -0.0004
vn -0.2471 -0.9690 -0.0003
vn -0.0974 -0.9952 -0.0026
vn -0.0930 -0.9957 -0.0014
vn -0.0907 -0.9959 -0.0005
vn -0.0907 -0.9959 0.0005
vn -0.0930 -0.9957 0.0014
vn -0.0974 -0.9952 0.0026
vn 0.0267 -0.9996 -0.0107
vn 0.0410 -0.9991 -0.0072
vn 0.0495 -0.9988 -0.0026
vn 0.0495 -0.9988 0.0026
vn 0.0410 -0.9991 0.0072
vn 0.0267 -0.9996 0.0107
vn 0.1385 -0.9900 -0.0286
vn 0.1694 -0.9853 -0.0197
vn 0.1874 -0.9822 -0.0073
vn 0.1874 -0.9822 0.0073
vn 0.1694 -0.9853 0.0197
vn 0.1385 -0.9900 0.0286
vn 0.2506 -0.9660 -0.0639
vn 0.3077 -0.9505 -0.0435
vn 0.3393 -0.9406 -0.0155
vn 0.3393 -0.9406 0.0155
vn 0.3077 -0.9505 0.0435
vn 0.2506 -0.9660 0.0639
vn -0.6151 -0.7885 0.0001
vn -0.6156 -0.7881 0.0001
vn -0.6160 -0.7877 0.0001
vn -0.6163 -0.7875 -0.0000
vn -0.6160 -0.7877 -0.0001
vn -0.6156 -0.7881 -0.0001
vn -0.6151 -0.7885 -0.0001
vn -0.4224 -0.9064 -0.0004
vn -0.2470 -0.9690 0.0002
vn -0.1038 -0.9946 0.0040
vn 0.0093 -0.9999 0.0139
vn 0.1028 -0.9941 0.0345
vn 0.1850 -0.9799 0.0746
vn 0.2721 -0.9493 0.1572
vn 0.3956 -0.9095 0.1275
vn 0.4770 -0.8750 0.0824
vn 0.5176 -0.8552 0.0281
vn 0.5176 -0.8552 -0.0281
vn 0.4770 -0.8750 -0.0824
vn 0.3956 -0.9095 -0.1275
vn 0.2721 -0.9493 -0.1572
vn 0.1850 -0.9799 -0.0746
vn 0.1028 -0.9941 -0.0345
vn 0.0093 -0.9999 -0.0139
vn -0.1038 -0.9946 -0.0040
vn -0.2470 -0.9690 -0.0002
vn -0.4224 -0.9064 0.0004
vn 0.4242 -0.9056 0.0005
vn 0.2471 -0.9690 0.0003
vn 0.0974 -0.9952 -0.0026
vn -0.0267 -0.9996 -0.0107
vn -0.1385 -0.9900 -0.0286
vn -0.2506 -0.9660 -0.0639
vn 0.4261 -0.9047 0.0004
vn 0.2481 -0.9687 0.0004
vn 0.0930 -0.9957 -0.0014
vn -0.0410 -0.9991 -0.0072
vn -0.1694 -0.9853 -0.0197
vn -0.3077 -0.9505 -0.0435
vn 0.4274 -0.9041 0.0002
vn 0.2490 -0.9685 0.0002
vn 0.0907 -0.9959 -0.0005
vn -0.0495 -0.9988 -0.0026
vn -0.1874 -0.9822 -0.0073
vn -0.3393 -0.9406 -0.0155
vn 0.4274 -0.9041 -0.0002
vn 0.2490 -0.9685 -0.0002
vn 0.0907 -0.9959 0.0005
vn -0.0495 -0.9988 0.0026
vn -0.1874 -0.9822 0.0073
vn -0.3393 -0.9406 0.0155
vn 0.4261 -0.9047 -0.0004
vn 0.2481 -0.9687 -0.0004
vn 0.0930 -0.9957 0.0014
vn -0.0410 -0.9991 0.0072
vn -0.1694 -0.9853 0.0197
vn -0.3077 -0.9505 0.0435
vn 0.4242 -0.9056 -0.0005
vn 0.2471 -0.9690 -0.0003
vn 0.0974 -0.9952 0.0026
vn -0.0267 -0.9996 0.0107
vn -0.1385 -0.9900 0.0286
vn -0.2506 -0.9660 0.0639
vn 0.6151 -0.7885 0.0001
vn 0.4224 -0.9064 0.0004
vn 0.2470 -0.9690 -0.0002
vn 0.1038 -0.9946 -0.0040
vn -0.0093 -0.9999 -0.0139
vn -0.1028 -0.9941 -0.0345
vn -0.1850 -0.9799 -0.0746
vn -0.2721 -0.9493 -0.1572
vn -0.3956 -0.9095 -0.1275
vn -0.4770 -0.8750 -0.0825
vn -0.5176 -0.8552 -0.0281
vn -0.5176 -0.8552 0.0281
vn -0.4770 -0.8750 0.0824
vn -0.3956 -0.9095 0.1275
vn -0.2721 -0.9493 0.1572
vn -0.1850 -0.9799 0.0746
vn -0.1028 -0.9941 0.0345
vn -0.0093 -0.9999 0.0139
vn 0.1038 -0.9946 0.0040
vn 0.2470 -0.9690 0.0002
vn 0.4224 -0.9064 -0.0004
vn 0.6151 -0.7885 -0.0001
vn 0.6156 -0.7881 -0.0001
vn 0.6160 -0.7877 -0.0001
vn 0.6163 -0.7875 -0.0000
vn 0.6160 -0.7877 0.0001
vn 0.6156 -0.7881 0.0001
vn 0.9056 -0.4242 0.0005
vn 0.9047 -0.4261 0.0004
vn 0.9041 -0.4274 0.0002
vn 0.9041 -0.4274 -0.0002
vn 0.9047 -0.4261 -0.0004
vn 0.9056 -0.4242 -0.0005
vn 0.9690 -0.2471 0.0003
vn 0.9687 -0.2481 0.0004
vn 0.9685 -0.2491 0.0002
vn 0.9685 -0.2491 -0.0002
vn 0.9687 -0.2481 -0.0004
vn 0.9690 -0.2471 -0.0003
vn 0.9952 -0.0974 -0.0026
vn 0.9957 -0.0930 -0.0014
vn 0.9959 -0.0907 -0.0005
vn 0.9959 -0.0907 0.0005
vn 0.9957 -0.0930 0.0014
vn 0.9952 -0.0974 0.0026
vn 0.9996 0.0267 -0.0107
vn 0.9991 0.0410 -0.0072
vn 0.9988 0.0495 -0.0026
vn 0.9988 0.0495 0.0026
vn 0.9991 0.0410 0.0072
vn 0.9996 0.0267 0.0107
vn 0.9900 0.1385 -0.0286
vn 0.9853 0.1694 -0.0197
vn 0.9822 0.1874 -0.0073
vn 0.9822 0.1874 0.0073
vn 0.9853 0.1694 0.0197
vn 0.9900 0.1385 0.0286
vn 0.9660 0.2506 -0.0639
vn 0.9505 0.3077 -0.0435
vn 0.9406 0.3393 -0.0155
vn 0.9406 0.3393 0.0155
vn 0.9505 0.3077 0.0435
vn 0.9660 0.2506 0.0639
vn 0.7885 -0.6151 0.0001
vn 0.7881 -0.6156 0.0001
vn 0.7877 -0.6160 0.0001
vn 0.7875 -0.6163 -0.0000
vn 0.7877 -0.6160 -0.0001
vn 0.7881 -0.6155 -0.0001
vn 0.7885 -0.6151 -0.0001
vn 0.9064 -0.4225 -0.0004
vn 0.9690 -0.2470 0.0002
vn 0.9946 -0.1038 0.0040
vn 0.9999 0.0093 0.0139
vn 0.9941 0.1028 0.0345
vn 0.9799 0.1850 0.0746
vn 0.9493 0.2721 0.1572
vn 0.9095 0.3956 0.1275
vn 0.8750 0.4770 0.0824
vn 0.8552 0.5176 0.0281
vn 0.8552 0.5176 -0.0281
vn 0.8750 0.4770 -0.0824
vn 0.9095 0.3956 -0.1275
vn 0.9493 0.2721 -0.1572
vn 0.9799 0.1850 -0.0746
vn 0.9941 0.1028 -0.0345
vn 0.9999 0.0093 -0.0139
vn 0.9946 -0.1038 -0.0040
vn 0.9690 -0.2470 -0.0002
vn 0.9064 -0.4225 0.0004
vn 0.9056 0.4242 0.0005
vn 0.9690 0.2471 0.0003
vn 0.9952 0.0974 -0.0026
vn 0.9996 -0.0267 -0.0107
vn 0.9900 -0.1385 -0.0286
vn 0.9660 -0.2506 -0.0639
vn 0.9047 0.4261 0.0004
vn 0.9687 0.2481 0.0004
vn 0.9957 0.0930 -0.0014
vn 0.9991 -0.0410 -0.0072
vn 0.9853 -0.1694 -0.0197
vn 0.9505 -0.3077 -0.0435
vn 0.9041 0.4274 0.0002
vn 0.9685 0.2490 0.0002
vn 0.9959 0.0907 -0.0005
vn 0.9988 -0.0495 -0.0026
vn 0.9822 -0.1874 -0.0073
vn 0.9406 -0.3393 -0.0155
vn 0.9041 0.4274 -0.0002
vn 0.9685 0.2490 -0.0002
vn 0.9959 0.0907 0.0005
vn 0.9988 -0.0495 0.0026
vn 0.9822 -0.1874 0.0073
vn 0.9406 -0.3393 0.0155
vn 0.9047 0.4261 -0.0004
vn 0.9687 0.2481 -0.0004
vn 0.9957 0.0930 0.0014
vn 0.9991 -0.0410 0.0072
vn 0.9853 -0.1694 0.0197
vn 0.9505 -0.3077 0.0435
vn 0.9056 0.4242 -0.0005
vn 0.9690 0.2471 -0.0003
vn 0.9952 0.0974 0.0026
vn 0.9996 -0.0267 0.0107
vn 0.9900 -0.1385 0.0286
vn 0.9660 -0.2506 0.0639
vn 0.7885 0.6151 0.0001
vn 0.9064 0.4225 0.0004
vn 0.9690 0.2470 -0.0002
vn 0.9946 0.1038 -0.0040
vn 0.9999 -0.0093 -0.0139
vn 0.9941 -0.1028 -0.0345
vn 0.9799 -0.1850 -0.0746
vn 0.9493 -0.2721 -0.1572
vn 0.9095 -0.3956 -0.1275
vn 0.8750 -0.4770 -0.0825
vn 0.8552 -0.5176 -0.0281
vn 0.8552 -0.5176 0.0281
vn 0.8750 -0.4770 0.0825
vn 0.9095 -0.3956 0.1275
vn 0.9493 -0.2721 0.1572
vn 0.9799 -0.1850 0.0746
vn 0.9941 -0.1028 0.0345
vn 0.9999 -0.0093 0.0139
vn 0.9946 0.1038 0.0040
vn 0.9690 0.2470 0.0002
vn 0.9064 0.4224 -0.0004
vn 0.7885 0.6151 -0.0001
vn 0.7881 0.6155 -0.0001
vn 0.7877 0.6160 -0.0001
vn 0.7875 0.6163 -0.0000
vn 0.7877 0.6160 0.0001
vn 0.7881 0.6156 0.0001
vn 0.4242 0.9056 -0.0005
vn 0.2471 0.9690 -0.0003
vn 0.0974 0.9952 0.0026
vn -0.0267 0.9996 0.0107
vn -0.1385 0.9900 0.0286
vn -0.2506 0.9660 0.0639
vn 0.4261 0.9047 -0.0004
vn 0.2481 0.9687 -0.0004
vn 0.0930 0.9957 0.0014
vn -0.0410 0.9991 0.0072
vn -0.1694 0.9853 0.0197
vn -0.3077 0.9505 0.0435
vn 0.4274 0.9041 -0.0002
vn 0.2491 0.9685 -0.0002
vn 0.0907 0.9959 0.0005
vn -0.0495 0.9988 0.0026
vn -0.1874 0.9823 0.0073
vn -0.3393 0.9406 0.0155
vn 0.4274 0.9041 0.0002
vn 0.2491 0.9685 0.0002
vn 0.0907 0.9959 -0.0005
vn -0.0495 0.9988 -0.0026
vn -0.1874 0.9823 -0.0073
vn -0.3393 0.9406 -0.0155
vn 0.4261 0.9047 0.0004
vn 0.2481 0.9687 0.0004
vn 0.0930 0.9957 -0.0014
vn -0.0410 0.9991 -0.0072
vn -0.1694 0.9853 -0.0197
vn -0.3077 0.9505 -0.0435
vn 0.4242 0.9056 0.0005
vn 0.2471 0.9690 0.0003
vn 0.0974 0.9952 -0.0026
vn -0.0267 0.9996 -0.0107
vn -0.1385 0.9900 -0.0286
vn -0.2506 0.9660 -0.0639
vn 0.6151 0.7885 -0.0001
vn 0.4225 0.9064 -0.0004
vn 0.2470 0.9690 0.0002
vn 0.1038 0.9946 0.0040
vn -0.0093 0.9999 0.0139
vn -0.1028 0.9941 0.0345
vn -0.1850 0.9799 0.0746
vn -0.2721 0.9493 0.1572
vn -0.3956 0.9095 0.1275
vn -0.4770 0.8750 0.0824
vn -0.5176 0.8552 0.0281
vn -0.5176 0.8552 -0.0281
vn -0.4770 0.8750 -0.0824
vn -0.3956 0.9095 -0.1275
vn -0.2721 0.9493 -0.1572
vn -0.1850 0.9799 -0.0746
vn -0.1029 0.9941 -0.0345
vn -0.0093 0.9999 -0.0139
vn 0.1038 0.9946 -0.0040
vn 0.2470 0.9690 -0.0002
vn 0.4224 0.9064 0.0004
vn 0.6151 0.7885 0.0001
vn 0.6156 0.7881 0.0001
vn 0.6160 0.7877 0.0001
vn 0.6163 0.7875 -0.0000
vn 0.6160 0.7877 -0.0001
vn 0.6156 0.7881 -0.0001
vn 0.7528 -0.5818 -0.3080
vn 0.8292 -0.5297 -0.1783
vn 0.8632 -0.5016 -0.0573
vn 0.8632 -0.5016 0.0573
vn 0.8292 -0.5297 0.1783
vn 0.7528 -0.5818 0.3080
vn 0.8620 -0.3438 -0.3726
vn 0.9280 -0.3075 -0.2105
vn 0.9553 -0.2881 -0.0668
vn 0.9553 -0.2881 0.0668
vn 0.9280 -0.3075 0.2105
vn 0.8620 -0.3438 0.3726
vn 0.9111 -0.0853 -0.4032
vn 0.9709 -0.0807 -0.2255
vn 0.9943 -0.0788 -0.0712
vn 0.9943 -0.0788 0.0712
vn 0.9709 -0.0807 0.2255
vn 0.9111 -0.0853 0.4032
vn 0.9033 0.1552 -0.3999
vn 0.9656 0.1316 -0.2242
vn 0.9907 0.1162 -0.0708
vn 0.9907 0.1162 0.0708
vn 0.9656 0.1316 0.2242
vn 0.9033 0.1552 0.3999
vn 0.8575 0.3527 -0.3745
vn 0.9249 0.3156 -0.2121
vn 0.9535 0.2938 -0.0675
vn 0.9535 0.2939 0.0675
vn 0.9249 0.3156 0.2121
vn 0.8575 0.3527 0.3745
vn 0.7936 0.5013 -0.3448
vn 0.8570 0.4757 -0.1981
vn 0.8846 0.4620 -0.0637
vn 0.8846 0.4620 0.0637
vn 0.8570 0.4757 0.1981
vn 0.7936 0.5013 0.3448
vn 0.4687 -0.8262 -0.3126
vn 0.5908 -0.7762 -0.2204
vn 0.6721 -0.7285 -0.1326
vn 0.7116 -0.7013 -0.0435
vn 0.7116 -0.7013 0.0435
vn 0.6721 -0.7285 0.1326
vn 0.5908 -0.7762 0.2204
vn 0.4687 -0.8262 0.3126
vn 0.6255 -0.6324 0.4570
vn 0.7392 -0.3786 0.5570
vn 0.7923 -0.0904 0.6034
vn 0.7832 0.1746 0.5968
vn 0.7356 0.3853 0.5571
vn 0.6798 0.5265 0.5105
vn 0.6397 0.5951 0.4864
vn 0.7171 0.6154 0.3272
vn 0.7584 0.6235 0.1899
vn 0.7770 0.6265 0.0615
vn 0.7770 0.6265 -0.0615
vn 0.7584 0.6235 -0.1899
vn 0.7171 0.6154 -0.3272
vn 0.6397 0.5951 -0.4864
vn 0.6798 0.5266 -0.5105
vn 0.7356 0.3853 -0.5571
vn 0.7832 0.1746 -0.5968
vn 0.7923 -0.0904 -0.6034
vn 0.7392 -0.3786 -0.5570
vn 0.6255 -0.6324 -0.4570
vn -0.5818 0.7528 -0.3080
vn -0.3438 0.8620 -0.3726
vn -0.0853 0.9111 -0.4032
vn 0.1553 0.9033 -0.3999
vn 0.3527 0.8575 -0.3745
vn 0.5013 0.7936 -0.3448
vn -0.5297 0.8292 -0.1783
vn -0.3075 0.9280 -0.2105
vn -0.0807 0.9709 -0.2255
vn 0.1316 0.9656 -0.2242
vn 0.3156 0.9249 -0.2121
vn 0.4756 0.8570 -0.1981
vn -0.5016 0.8632 -0.0573
vn -0.2881 0.9553 -0.0668
vn -0.0788 0.9943 -0.0712
vn 0.1162 0.9907 -0.0708
vn 0.2939 0.9535 -0.0675
vn 0.4620 0.8846 -0.0637
vn -0.5016 0.8632 0.0573
vn -0.2881 0.9553 0.0668
vn -0.0788 0.9943 0.0712
vn 0.1162 0.9907 0.0708
vn 0.2939 0.9535 0.0675
vn 0.4620 0.8846 0.0637
vn -0.5297 0.8292 0.1783
vn -0.3075 0.9280 0.2105
vn -0.0807 0.9709 0.2255
vn 0.1316 0.9656 0.2242
vn 0.3156 0.9249 0.2121
vn 0.4757 0.8570 0.1981
vn -0.5818 0.7528 0.3080
vn -0.3438 0.8620 0.3726
vn -0.0853 0.9111 0.4032
vn 0.1553 0.9033 0.3999
vn 0.3527 0.8575 0.3745
vn 0.5013 0.7936 0.3448
vn -0.8262 0.4687 -0.3126
vn -0.6324 0.6255 -0.4570
vn -0.3786 0.7392 -0.5570
vn -0.0904 0.7923 -0.6034
vn 0.1746 0.7832 -0.5968
vn 0.3853 0.7356 -0.5571
vn 0.5266 0.6798 -0.5105
vn 0.5951 0.6397 -0.4864
vn 0.6154 0.7171 -0.3272
vn 0.6235 0.7584 -0.1899
vn 0.6265 0.7770 -0.0615
vn 0.6265 0.7770 0.0615
vn 0.6235 0.7584 0.1899
vn 0.6154 0.7171 0.3272
vn 0.5951 0.6397 0.4864
vn 0.5265 0.6798 0.5105
vn 0.3853 0.7356 0.5571
vn 0.1746 0.7832 0.5968
vn -0.0904 0.7923 0.6034
vn -0.3786 0.7392 0.5570
vn -0.6324 0.6255 0.4570
vn -0.8262 0.4687 0.3126
vn -0.7762 0.5908 0.2204
vn -0.7285 0.6721 0.1326
vn -0.7013 0.7116 0.0435
vn -0.7013 0.7116 -0.0435
vn -0.7285 0.6721 -0.1326
vn -0.7762 0.5908 -0.2204
vn 0.7528 0.5818 -0.3080
vn 0.8620 0.3438 -0.3726
vn 0.9111 0.0853 -0.4032
vn 0.9033 -0.1553 -0.3999
vn 0.8575 -0.3527 -0.3745
vn 0.7936 -0.5013 -0.3448
vn 0.8292 0.5297 -0.1783
vn 0.9280 0.3075 -0.2105
vn 0.9709 0.0807 -0.2255
vn 0.9656 -0.1316 -0.2242
vn 0.9249 -0.3156 -0.2121
vn 0.8570 -0.4757 -0.1981
vn 0.8632 0.5016 -0.0573
vn 0.9553 0.2881 -0.0668
vn 0.9943 0.0788 -0.0712
vn 0.9907 -0.1162 -0.0708
vn 0.9535 -0.2938 -0.0675
vn 0.8846 -0.4620 -0.0637
vn 0.8632 0.5016 0.0573
vn 0.9553 0.2881 0.0668
vn 0.9943 0.0788 0.0712
vn 0.9907 -0.1162 0.0708
vn 0.9535 -0.2938 0.0675
vn 0.8846 -0.4620 0.0637
vn 0.8292 0.5297 0.1783
vn 0.9280 0.3075 0.2105
vn 0.9709 0.0807 0.2255
vn 0.9656 -0.1316 0.2242
vn 0.9249 -0.3156 0.2121
vn 0.8570 -0.4757 0.1981
vn 0.7528 0.5818 0.3080
vn 0.8620 0.3438 0.3726
vn 0.9111 0.0853 0.4032
vn 0.9033 -0.1553 0.3999
vn 0.8575 -0.3527 0.3745
vn 0.7936 -0.5013 0.3448
vn 0.4687 0.8262 -0.3126
vn 0.6255 0.6324 -0.4570
vn 0.7392 0.3786 -0.5570
vn 0.7923 0.0904 -0.6034
vn 0.7832 -0.1746 -0.5968
vn 0.7356 -0.3853 -0.5571
vn 0.6798 -0.5265 -0.5105
vn 0.6397 -0.5951 -0.4864
vn 0.7171 -0.6154 -0.3272
vn 0.7584 -0.6235 -0.1899
vn 0.7770 -0.6265 -0.0615
vn 0.7770 -0.6265 0.0615
vn 0.7584 -0.6235 0.1899
vn 0.7171 -0.6154 0.3272
vn 0.6397 -0.5951 0.4864
vn 0.6798 -0.5266 0.5105
vn 0.7356 -0.3853 0.5571
vn 0.7832 -0.1746 0.5968
vn 0.7923 0.0904 0.6034
vn 0.7392 0.3786 0.5570
vn 0.6255 0.6324 0.4570
vn 0.4687 0.8262 0.3126
vn 0.5908 0.7762 0.2204
vn 0.6721 0.7285 0.1326
vn 0.7116 0.7013 0.0435
vn 0.7116 0.7013 -0.0435
vn 0.6721 0.7285 -0.1326
vn 0.5908 0.7762 -0.2204
vn -0.5818 -0.7528 -0.3080
vn -0.5297 -0.8292 -0.1783
vn -0.5016 -0.8632 -0.0573
vn -0.5016 -0.8632 0.0573
vn -0.5297 -0.8292 0.1783
vn -0.5818 -0.7528 0.3080
vn -0.3438 -0.8620 -0.3726
vn -0.3075 -0.9280 -0.2105
vn -0.2881 -0.9553 -0.0668
vn -0.2881 -0.9553 0.0668
vn -0.3075 -0.9280 0.2105
vn -0.3438 -0.8620 0.3726
vn -0.0853 -0.9111 -0.4032
vn -0.0807 -0.9709 -0.2255
vn -0.0788 -0.9943 -0.0712
vn -0.0788 -0.9943 0.0712
vn -0.0807 -0.9709 0.2255
vn -0.0853 -0.9111 0.4032
vn 0.1552 -0.9033 -0.3999
vn 0.1316 -0.9656 -0.2242
vn 0.1162 -0.9907 -0.0708
vn 0.1162 -0.9907 0.0708
vn 0.1316 -0.9656 0.2242
vn 0.1552 -0.9033 0.3999
vn 0.3527 -0.8575 -0.3745
vn 0.3156 -0.9249 -0.2121
vn 0.2938 -0.9535 -0.0675
vn 0.2939 -0.9535 0.0675
vn 0.3156 -0.9249 0.2121
vn 0.3527 -0.8575 0.3745
vn 0.5013 -0.7936 -0.3448
vn 0.4757 -0.8570 -0.1981
vn 0.4620 -0.8846 -0.0637
vn 0.4620 -0.8846 0.0637
vn 0.4757 -0.8570 0.1981
vn 0.5013 -0.7936 0.3448
vn -0.8262 -0.4687 -0.3126
vn -0.7762 -0.5908 -0.2204
vn -0.7285 -0.6721 -0.1326
vn -0.7013 -0.7115 -0.0435
vn -0.7013 -0.7116 0.0435
vn -0.7285 -0.6721 0.1326
vn -0.7762 -0.5908 0.2204
vn -0.8262 -0.4687 0.3126
vn -0.6324 -0.6255 0.4570
vn -0.3786 -0.7392 0.5570
vn -0.0904 -0.7923 0.6034
vn 0.1746 -0.7832 0.5968
vn 0.3853 -0.7356 0.5571
vn 0.5265 -0.6798 0.5105
vn 0.5951 -0.6397 0.4864
vn 0.6154 -0.7171 0.3272
vn 0.6235 -0.7584 0.1899
vn 0.6265 -0.7770 0.0615
vn 0.6265 -0.7770 -0.0615
vn 0.6235 -0.7584 -0.1899
vn 0.6154 -0.7171 -0.3272
vn 0.5951 -0.6397 -0.4864
vn 0.5265 -0.6798 -0.5105
vn 0.3853 -0.7356 -0.5571
vn 0.1746 -0.7832 -0.5968
vn -0.0904 -0.7923 -0.6034
vn -0.3786 -0.7392 -0.5570
vn -0.6324 -0.6255 -0.4570
vn 0.5818 0.7528 0.3080
vn 0.3438 0.8620 0.3726
vn 0.0853 0.9111 0.4032
vn -0.1552 0.9033 0.3999
vn -0.3527 0.8575 0.3745
vn -0.5013 0.7936 0.3448
vn 0.5297 0.8292 0.1783
vn 0.3075 0.9280 0.2105
vn 0.0807 0.9709 0.2255
vn -0.1316 0.9656 0.2242
vn -0.3156 0.9249 0.2121
vn -0.4757 0.8570 0.1981
vn 0.5016 0.8632 0.0573
vn 0.2881 0.9553 0.0668
vn 0.0788 0.9943 0.0712
vn -0.1162 0.9907 0.0708
vn -0.2938 0.9535 0.0675
vn -0.4620 0.8846 0.0637
vn 0.5016 0.8632 -0.0573
vn 0.2881 0.9553 -0.0668
vn 0.0788 0.9943 -0.0712
vn -0.1162 0.9907 -0.0708
vn -0.2938 0.9535 -0.0675
vn -0.4620 0.8846 -0.0637
vn 0.5297 0.8292 -0.1783
vn 0.3075 0.9280 -0.2104
vn 0.0808 0.9709 -0.2255
vn -0.1316 0.9656 -0.2242
vn -0.3156 0.9249 -0.2121
vn -0.4757 0.8570 -0.1981
vn 0.5818 0.7528 -0.3080
vn 0.3438 0.8620 -0.3726
vn 0.0853 0.9111 -0.4032
vn -0.1552 0.9033 -0.3999
vn -0.3527 0.8575 -0.3745
vn -0.5013 0.7936 -0.3448
vn 0.8262 0.4687 0.3126
vn 0.6324 0.6255 0.4570
vn 0.3786 0.7392 0.5570
vn 0.0904 0.7923 0.6034
vn -0.1746 0.7832 0.5968
vn -0.3853 0.7356 0.5571
vn -0.5266 0.6798 0.5105
vn -0.5951 0.6397 0.4864
vn -0.6154 0.7171 0.3272
vn -0.6235 0.7584 0.1899
vn -0.6265 0.7770 0.0615
vn -0.6265 0.7770 -0.0615
vn -0.6235 0.7584 -0.1899
vn -0.6154 0.7171 -0.3272
vn -0.5951 0.6397 -0.4864
vn -0.5266 0.6798 -0.5105
vn -0.3853 0.7356 -0.5571
vn -0.1746 0.7832 -0.5968
vn 0.0904 0.7923 -0.6034
vn 0.3786 0.7392 -0.5570
vn 0.6324 0.6255 -0.4570
vn 0.8262 0.4687 -0.3126
vn 0.7762 0.5908 -0.2204
vn 0.7285 0.6721 -0.1326
vn 0.7013 0.7116 -0.0435
vn 0.7013 0.7116 0.0435
vn 0.7285 0.6721 0.1326
vn 0.7762 0.5908 0.2204
vn -0.7528 -0.5818 0.3080
vn -0.8292 -0.5297 0.1783
vn -0.8632 -0.5016 0.0573
vn -0.8632 -0.5016 -0.0573
vn -0.8292 -0.5297 -0.1783
vn -0.7528 -0.5818 -0.3080
vn -0.8620 -0.3438 0.3726
vn -0.9280 -0.3075 0.2105
vn -0.9553 -0.2881 0.0668
vn -0.9553 -0.2881 -0.0668
vn -0.9280 -0.3075 -0.2105
vn -0.8620 -0.3438 -0.3726
vn -0.9111 -0.0853 0.4032
vn -0.9709 -0.0807 0.2255
vn -0.9943 -0.0788 0.0712
vn -0.9943 -0.0788 -0.0712
vn -0.9709 -0.0807 -0.2255
vn -0.9111 -0.0853 -0.4032
vn -0.9033 0.1553 0.3999
vn -0.9656 0.1316 0.2242
vn -0.9907 0.1162 0.0708
vn -0.9907 0.1162 -0.0708
vn -0.9656 0.1316 -0.2242
vn -0.9033 0.1552 -0.3999
vn -0.8575 0.3527 0.3745
vn -0.9249 0.3156 0.2121
vn -0.9535 0.2938 0.0675
vn -0.9535 0.2938 -0.0675
vn -0.9249 0.3156 -0.2121
vn -0.8575 0.3527 -0.3745
vn -0.7936 0.5013 0.3448
vn -0.8570 0.4757 0.1981
vn -0.8846 0.4620 0.0637
vn -0.8846 0.4620 -0.0637
vn -0.8570 0.4757 -0.1981
vn -0.7936 0.5013 -0.3448
vn -0.4687 -0.8262 0.3126
vn -0.5908 -0.7762 0.2204
vn -0.6721 -0.7285 0.1326
vn -0.7116 -0.7013 0.0435
vn -0.7116 -0.7013 -0.0435
vn -0.6721 -0.7285 -0.1326
vn -0.5908 -0.7762 -0.2204
vn -0.4687 -0.8262 -0.3126
vn -0.6255 -0.6324 -0.4570
vn -0.7392 -0.3786 -0.5570
vn -0.7923 -0.0904 -0.6034
vn -0.7832 0.1746 -0.5968
vn -0.7356 0.3853 -0.5571
vn -0.6798 0.5265 -0.5105
vn -0.6397 0.5951 -0.4864
vn -0.7171 0.6154 -0.3272
vn -0.7584 0.6235 -0.1899
vn -0.7770 0.6265 -0.0615
vn -0.7770 0.6265 0.0615
vn -0.7584 0.6235 0.1899
vn -0.7171 0.6154 0.3272
vn -0.6397 0.5951 0.4864
vn -0.6798 0.5265 0.5105
vn -0.7356 0.3853 0.5571
vn -0.7832 0.1746 0.5968
vn -0.7923 -0.0904 0.6034
vn -0.7392 -0.3786 0.5570
vn -0.6255 -0.6324 0.4570
vn 0.5818 -0.7528 -0.3080
vn 0.3438 -0.8620 -0.3726
vn 0.0853 -0.9111 -0.4032
vn -0.1552 -0.9033 -0.3999
vn -0.3527 -0.8575 -0.3745
vn -0.5013 -0.7936 -0.3448
vn 0.5297 -0.8292 -0.1783
vn 0.3075 -0.9280 -0.2105
vn 0.0807 -0.9709 -0.2255
vn -0.1316 -0.9656 -0.2242
vn -0.3156 -0.9249 -0.2121
vn -0.4757 -0.8570 -0.1981
vn 0.5016 -0.8632 -0.0573
vn 0.2881 -0.9553 -0.0668
vn 0.0788 -0.9943 -0.0712
vn -0.1162 -0.9907 -0.0708
vn -0.2938 -0.9535 -0.0675
vn -0.4620 -0.8846 -0.0637
vn 0.5016 -0.8632 0.0573
vn 0.2881 -0.9553 0.0668
vn 0.0788 -0.9943 0.0712
vn -0.1162 -0.9907 0.0708
vn -0.2939 -0.9535 0.0675
vn -0.4620 -0.8846 0.0637
vn 0.5297 -0.8292 0.1783
vn 0.3075 -0.9280 0.2105
vn 0.0807 -0.9709 0.2255
vn -0.1316 -0.9656 0.2242
vn -0.3156 -0.9249 0.2121
vn -0.4757 -0.8570 0.1981
vn 0.5818 -0.7528 0.3080
vn 0.3438 -0.8620 0.3726
vn 0.0853 -0.9111 0.4032
vn -0.1553 -0.9033 0.3999
vn -0.3527 -0.8575 0.3745
vn -0.5013 -0.7936 0.3448
vn 0.8262 -0.4687 -0.3126
vn 0.6324 -0.6255 -0.4570
vn 0.3786 -0.7392 -0.5570
vn 0.0904 -0.7923 -0.6034
vn -0.1746 -0.7832 -0.5968
vn -0.3853 -0.7356 -0.5571
vn -0.5265 -0.6798 -0.5105
vn -0.5951 -0.6397 -0.4864
vn -0.6154 -0.7171 -0.3272
vn -0.6235 -0.7584 -0.1899
vn -0.6265 -0.7770 -0.0615
vn -0.6265 -0.7770 0.0615
vn -0.6235 -0.7584 0.1899
vn -0.6154 -0.7171 0.3272
vn -0.5951 -0.6397 0.4864
vn -0.5266 -0.6798 0.5105
vn -0.3853 -0.7356 0.5571
vn -0.1746 -0.7832 0.5968
vn 0.0904 -0.7923 0.6034
vn 0.3786 -0.7392 0.5570
vn 0.6324 -0.6255 0.4570
vn 0.8262 -0.4687 0.3126
vn 0.7762 -0.5908 0.2204
vn 0.7285 -0.6721 0.1326
vn 0.7013 -0.7116 0.0435
vn 0.7013 -0.7116 -0.0435
vn 0.7285 -0.6721 -0.1326
vn 0.7762 -0.5908 -0.2204
vn -0.7528 0.5818 -0.3080
vn -0.8292 0.5297 -0.1783
vn -0.8632 0.5016 -0.0573
vn -0.8632 0.5016 0.0573
vn -0.8292 0.5297 0.1783
vn -0.7528 0.5818 0.3080
vn -0.8620 0.3438 -0.3726
vn -0.9280 0.3075 -0.2105
vn -0.9553 0.2881 -0.0668
vn -0.9553 0.2881 0.0668
vn -0.9280 0.3075 0.2105
vn -0.8620 0.3438 0.3726
vn -0.9111 0.0853 -0.4032
vn -0.9709 0.0807 -0.2255
vn -0.9943 0.0788 -0.0712
vn -0.9943 0.0788 0.0712
vn -0.9709 0.0807 0.2255
vn -0.9111 0.0853 0.4032
vn -0.9033 -0.1552 -0.3999
vn -0.9656 -0.1316 -0.2242
vn -0.9907 -0.1162 -0.0708
vn -0.9907 -0.1162 0.0708
vn -0.9656 -0.1316 0.2242
vn -0.9033 -0.1552 0.3999
vn -0.8575 -0.3527 -0.3745
vn -0.9249 -0.3156 -0.2121
vn -0.9535 -0.2938 -0.0675
vn -0.9535 -0.2939 0.0675
vn -0.9249 -0.3156 0.2121
vn -0.8575 -0.3527 0.3745
vn -0.7936 -0.5013 -0.3448
vn -0.8570 -0.4757 -0.1981
vn -0.8846 -0.4620 -0.0637
vn -0.8846 -0.4620 0.0637
vn -0.8570 -0.4757 0.1981
vn -0.7936 -0.5013 0.3448
vn -0.4687 0.8262 -0.3126
vn -0.5908 0.7762 -0.2204
vn -0.6721 0.7285 -0.1326
vn -0.7116 0.7013 -0.0435
vn -0.7116 0.7013 0.0435
vn -0.6721 0.7285 0.1326
vn -0.5908 0.7762 0.2204
vn -0.4687 0.8262 0.3126
vn -0.6255 0.6324 0.4570
vn -0.7392 0.3786 0.5570
vn -0.7923 0.0904 0.6034
vn -0.7832 -0.1746 0.5968
vn -0.7356 -0.3853 0.5571
vn -0.6798 -0.5265 0.5105
vn -0.6397 -0.5951 0.4864
vn -0.7171 -0.6154 0.3272
vn -0.7584 -0.6235 0.1899
vn -0.7770 -0.6265 0.0615
vn -0.7770 -0.6265 -0.0615
vn -0.7584 -0.6235 -0.1899
vn -0.7171 -0.6154 -0.3272
vn -0.6397 -0.5951 -0.4864
vn -0.6798 -0.5266 -0.5105
vn -0.7356 -0.3853 -0.5571
vn -0.7832 -0.1746 -0.5968
vn -0.7923 0.0904 -0.6034
vn -0.7392 0.3786 -0.5570
vn -0.6255 0.6324 -0.4570
vn -0.9056 -0.0005 0.4242
vn -0.9047 -0.0004 0.4261
vn -0.9041 -0.0002 0.4274
vn -0.9041 0.0002 0.4274
vn -0.9047 0.0004 0.4261
vn -0.9056 0.0005 0.4242
vn -0.9690 -0.0003 0.2471
vn -0.9687 -0.0004 0.2481
vn -0.9685 -0.0002 0.2491
vn -0.9685 0.0002 0.2491
vn -0.9687 0.0004 0.2481
vn -0.9690 0.0003 0.2471
vn -0.9952 0.0026 0.0974
vn -0.9957 0.0014 0.0930
vn -0.9959 0.0005 0.0907
vn -0.9959 -0.0005 0.0907
vn -0.9957 -0.0014 0.0930
vn -0.9952 -0.0026 0.0974
vn -0.9996 0.0107 -0.0267
vn -0.9991 0.0072 -0.0410
vn -0.9988 0.0026 -0.0495
vn -0.9988 -0.0026 -0.0495
vn -0.9991 -0.0072 -0.0410
vn -0.9996 -0.0107 -0.0267
vn -0.9900 0.0286 -0.1385
vn -0.9853 0.0197 -0.1694
vn -0.9822 0.0073 -0.1874
vn -0.9822 -0.0073 -0.1874
vn -0.9853 -0.0197 -0.1694
vn -0.9899 -0.0286 -0.1385
vn -0.9660 0.0639 -0.2506
vn -0.9505 0.0435 -0.3077
vn -0.9406 0.0155 -0.3393
vn -0.9406 -0.0155 -0.3393
vn -0.9505 -0.0435 -0.3077
vn -0.9660 -0.0639 -0.2506
vn -0.7885 -0.0001 0.6151
vn -0.7881 -0.0001 0.6155
vn -0.7877 -0.0001 0.6160
vn -0.7875 -0.0000 0.6163
vn -0.7877 0.0001 0.6160
vn -0.7881 0.0001 0.6155
vn -0.7885 0.0001 0.6151
vn -0.9064 0.0004 0.4225
vn -0.9690 -0.0002 0.2470
vn -0.9946 -0.0040 0.1038
vn -0.9999 -0.0139 -0.0093
vn -0.9941 -0.0345 -0.1028
vn -0.9799 -0.0746 -0.1850
vn -0.9493 -0.1572 -0.2721
vn -0.9095 -0.1275 -0.3956
vn -0.8750 -0.0825 -0.4770
vn -0.8552 -0.0281 -0.5176
vn -0.8552 0.0281 -0.5176
vn -0.8750 0.0825 -0.4770
vn -0.9095 0.1275 -0.3956
vn -0.9493 0.1572 -0.2721
vn -0.9799 0.0746 -0.1850
vn -0.9941 0.0345 -0.1028
vn -0.9999 0.0139 -0.0093
vn -0.9946 0.0040 0.1038
vn -0.9690 0.0002 0.2470
vn -0.9064 -0.0004 0.4225
vn -0.9056 -0.0005 -0.4242
vn -0.9690 -0.0003 -0.2471
vn -0.9952 0.0026 -0.0974
vn -0.9996 0.0107 0.0267
vn -0.9900 0.0286 0.1385
vn -0.9660 0.0639 0.2506
vn -0.9047 -0.0004 -0.4261
vn -0.9687 -0.0004 -0.2481
vn -0.9957 0.0014 -0.0930
vn -0.9991 0.0072 0.0410
vn -0.9853 0.0197 0.1694
vn -0.9505 0.0435 0.3077
vn -0.9041 -0.0002 -0.4274
vn -0.9685 -0.0002 -0.2491
vn -0.9959 0.0005 -0.0907
vn -0.9988 0.0026 0.0495
vn -0.9822 0.0073 0.1874
vn -0.9406 0.0155 0.3393
vn -0.9041 0.0002 -0.4274
vn -0.9685 0.0002 -0.2491
vn -0.9959 -0.0005 -0.0907
vn -0.9988 -0.0026 0.0495
vn -0.9822 -0.0073 0.1874
vn -0.9406 -0.0155 0.3393
vn -0.9047 0.0004 -0.4261
vn -0.9687 0.0004 -0.2481
vn -0.9957 -0.0014 -0.0930
vn -0.9991 -0.0072 0.0410
vn -0.9853 -0.0197 0.1694
vn -0.9505 -0.0435 0.3077
vn -0.9056 0.0005 -0.4242
vn -0.9690 0.0003 -0.2471
vn -0.9952 -0.0026 -0.0974
vn -0.9996 -0.0107 0.0267
vn -0.9900 -0.0286 0.1385
vn -0.9660 -0.0639 0.2506
vn -0.7885 -0.0001 -0.6151
vn -0.9064 -0.0004 -0.4225
vn -0.9690 0.0002 -0.2470
vn -0.9946 0.0040 -0.1038
vn -0.9999 0.0139 0.0093
vn -0.9941 0.0345 0.1028
vn -0.9799 0.0746 0.1850
vn -0.9493 0.1572 0.2721
vn -0.9095 0.1275 0.3956
vn -0.8750 0.0825 0.4770
vn -0.8552 0.0281 0.5176
vn -0.8552 -0.0281 0.5176
vn -0.8750 -0.0824 0.4770
vn -0.9095 -0.1275 0.3956
vn -0.9493 -0.1572 0.2721
vn -0.9799 -0.0746 0.1850
vn -0.9941 -0.0345 0.1028
vn -0.9999 -0.0139 0.0093
vn -0.9946 -0.0040 -0.1038
vn -0.9690 -0.0002 -0.2470
vn -0.9064 0.0004 -0.4224
vn -0.7885 0.0001 -0.6151
vn -0.7881 0.0001 -0.6156
vn -0.7877 0.0001 -0.6160
vn -0.7875 -0.0000 -0.6163
vn -0.7877 -0.0001 -0.6160
vn -0.7881 -0.0001 -0.6156
vn -0.4242 -0.0005 -0.9056
vn -0.4261 -0.0004 -0.9047
vn -0.4274 -0.0002 -0.9041
vn -0.4274 0.0002 -0.9041
vn -0.4261 0.0004 -0.9047
vn -0.4242 0.0005 -0.9056
vn -0.2471 -0.0003 -0.9690
vn -0.2481 -0.0004 -0.9687
vn -0.2490 -0.0002 -0.9685
vn -0.2490 0.0002 -0.9685
vn -0.2481 0.0004 -0.9687
vn -0.2471 0.0003 -0.9690
vn -0.0974 0.0026 -0.9952
vn -0.0930 0.0014 -0.9957
vn -0.0907 0.0005 -0.9959
vn -0.0907 -0.0005 -0.9959
vn -0.0930 -0.0014 -0.9957
vn -0.0974 -0.0026 -0.9952
vn 0.0267 0.0107 -0.9996
vn 0.0410 0.0072 -0.9991
vn 0.0495 0.0026 -0.9988
vn 0.0495 -0.0026 -0.9988
vn 0.0410 -0.0072 -0.9991
vn 0.0267 -0.0107 -0.9996
vn 0.1385 0.0286 -0.9900
vn 0.1694 0.0197 -0.9853
vn 0.1874 0.0073 -0.9822
vn 0.1874 -0.0073 -0.9822
vn 0.1694 -0.0197 -0.9853
vn 0.1385 -0.0286 -0.9899
vn 0.2506 0.0639 -0.9660
vn 0.3077 0.0435 -0.9505
vn 0.3393 0.0155 -0.9406
vn 0.3393 -0.0155 -0.9406
vn 0.3077 -0.0435 -0.9505
vn 0.2506 -0.0639 -0.9660
vn -0.6151 -0.0001 -0.7885
vn -0.6155 -0.0001 -0.7881
vn -0.6160 -0.0001 -0.7877
vn -0.6163 -0.0000 -0.7875
vn -0.6160 0.0001 -0.7877
vn -0.6155 0.0001 -0.7881
vn -0.6151 0.0001 -0.7885
vn -0.4225 0.0004 -0.9064
vn -0.2470 -0.0002 -0.9690
vn -0.1038 -0.0040 -0.9946
vn 0.0093 -0.0139 -0.9999
vn 0.1028 -0.0345 -0.9941
vn 0.1850 -0.0746 -0.9799
vn 0.2721 -0.1572 -0.9493
vn 0.3956 -0.1275 -0.9095
vn 0.4770 -0.0825 -0.8750
vn 0.5176 -0.0281 -0.8552
vn 0.5176 0.0281 -0.8552
vn 0.4770 0.0825 -0.8750
vn 0.3956 0.1275 -0.9095
vn 0.2721 0.1572 -0.9493
vn 0.1850 0.0746 -0.9799
vn 0.1028 0.0345 -0.9941
vn 0.0093 0.0139 -0.9999
vn -0.1038 0.0040 -0.9946
vn -0.2470 0.0002 -0.9690
vn -0.4225 -0.0004 -0.9064
vn 0.4242 -0.0005 -0.9056
vn 0.2471 -0.0003 -0.9690
vn 0.0974 0.0026 -0.9952
vn -0.0267 0.0107 -0.9996
vn -0.1385 0.0286 -0.9900
vn -0.2506 0.0639 -0.9660
vn 0.4261 -0.0004 -0.9047
vn 0.2481 -0.0004 -0.9687
vn 0.0930 0.0014 -0.9957
vn -0.0410 0.0072 -0.9991
vn -0.1694 0.0197 -0.9853
vn -0.3077 0.0435 -0.9505
vn 0.4274 -0.0002 -0.9041
vn 0.2491 -0.0002 -0.9685
vn 0.0907 0.0005 -0.9959
vn -0.0495 0.0026 -0.9988
vn -0.1874 0.0073 -0.9822
vn -0.3393 0.0155 -0.9406
vn 0.4274 0.0002 -0.9041
vn 0.2490 0.0002 -0.9685
vn 0.0907 -0.0005 -0.9959
vn -0.0495 -0.0026 -0.9988
vn -0.1874 -0.0073 -0.9822
vn -0.3393 -0.0155 -0.9406
vn 0.4261 0.0004 -0.9047
vn 0.2481 0.0004 -0.9687
vn 0.0930 -0.0014 -0.9957
vn -0.0410 -0.0072 -0.9991
vn -0.1694 -0.0197 -0.9853
vn -0.3077 -0.0435 -0.9505
vn 0.4242 0.0005 -0.9056
vn 0.2471 0.0003 -0.9690
vn 0.0974 -0.0026 -0.9952
vn -0.0267 -0.0107 -0.9996
vn -0.1385 -0.0286 -0.9900
vn -0.2506 -0.0639 -0.9660
vn 0.6151 -0.0001 -0.7885
vn 0.4225 -0.0004 -0.9064
vn 0.2470 0.0002 -0.9690
vn 0.1038 0.0040 -0.9946
vn -0.0093 0.0139 -0.9999
vn -0.1028 0.0345 -0.9941
vn -0.1850 0.0746 -0.9799
vn -0.2721 0.1572 -0.9493
vn -0.3956 0.1275 -0.9095
vn -0.4770 0.0825 -0.8750
vn -0.5176 0.0281 -0.8552
vn -0.5176 -0.0281 -0.8552
vn -0.4770 -0.0825 -0.8750
vn -0.3956 -0.1275 -0.9095
vn -0.2721 -0.1572 -0.9493
vn -0.1850 -0.0746 -0.9799
vn -0.1028 -0.0345 -0.9941
vn -0.0093 -0.0139 -0.9999
vn 0.1038 -0.0040 -0.9946
vn 0.2470 -0.0002 -0.9690
vn 0.4225 0.0004 -0.9064
vn 0.6151 0.0001 -0.7885
vn 0.6155 0.0001 -0.7881
vn 0.6160 0.0001 -0.7877
vn 0.6163 -0.0000 -0.7875
vn 0.6160 -0.0001 -0.7877
vn 0.6155 -0.0001 -0.7881
vn 0.9056 0.0005 -0.4242
vn 0.9690 0.0003 -0.2471
vn 0.9952 -0.0026 -0.0974
vn 0.9996 -0.0107 0.0267
vn 0.9900 -0.0286 0.1385
vn 0.9660 -0.0639 0.2506
vn 0.9047 0.0004 -0.4261
vn 0.9687 0.0004 -0.2481
vn 0.9957 -0.0014 -0.0930
vn 0.9991 -0.0072 0.0410
vn 0.9853 -0.0197 0.1694
vn 0.9505 -0.0435 0.3077
vn 0.9041 0.0002 -0.4274
vn 0.9685 0.0002 -0.2491
vn 0.9959 -0.0005 -0.0907
vn 0.9988 -0.0026 0.0495
vn 0.9822 -0.0073 0.1874
vn 0.9406 -0.0155 0.3393
vn 0.9041 -0.0002 -0.4274
vn 0.9685 -0.0002 -0.2491
vn 0.9959 0.0005 -0.0907
vn 0.9988 0.0026 0.0495
vn 0.9823 0.0073 0.1874
vn 0.9406 0.0155 0.3393
vn 0.9047 -0.0004 -0.4261
vn 0.9687 -0.0004 -0.2481
vn 0.9957 0.0014 -0.0930
vn 0.9991 0.0072 0.0410
vn 0.9853 0.0197 0.1694
vn 0.9505 0.0435 0.3077
vn 0.9056 -0.0005 -0.4242
vn 0.9690 -0.0003 -0.2471
vn 0.9952 0.0026 -0.0974
vn 0.9996 0.0107 0.0267
vn 0.9899 0.0286 0.1385
vn 0.9660 0.0639 0.2506
vn 0.7885 0.0001 -0.6151
vn 0.9064 0.0004 -0.4225
vn 0.9690 -0.0002 -0.2470
vn 0.9946 -0.0040 -0.1038
vn 0.9999 -0.0139 0.0093
vn 0.9941 -0.0345 0.1028
vn 0.9799 -0.0746 0.1850
vn 0.9493 -0.1572 0.2721
vn 0.9095 -0.1275 0.3956
vn 0.8750 -0.0825 0.4770
vn 0.8552 -0.0281 0.5176
vn 0.8552 0.0281 0.5176
vn 0.8750 0.0824 0.4770
vn 0.9095 0.1275 0.3956
vn 0.9493 0.1572 0.2721
vn 0.9799 0.0746 0.1850
vn 0.9941 0.0345 0.1028
vn 0.9999 0.0139 0.0093
vn 0.9946 0.0040 -0.1038
vn 0.9690 0.0002 -0.2470
vn 0.9064 -0.0004 -0.4225
vn 0.7885 -0.0001 -0.6151
vn 0.7881 -0.0001 -0.6155
vn 0.7877 -0.0001 -0.6160
vn 0.7875 -0.0000 -0.6163
vn 0.7877 0.0001 -0.6160
vn 0.7881 0.0001 -0.6155
vn 0.9056 0.0005 0.4242
vn 0.9047 0.0004 0.4261
vn 0.9041 0.0002 0.4274
vn 0.9041 -0.0002 0.4274
vn 0.9047 -0.0004 0.4261
vn 0.9056 -0.0005 0.4242
vn 0.9690 0.0003 0.2471
vn 0.9687 0.0004 0.2481
vn 0.9685 0.0002 0.2491
vn 0.9685 -0.0002 0.2491
vn 0.9687 -0.0004 0.2481
vn 0.9690 -0.0003 0.2471
vn 0.9952 -0.0026 0.0974
vn 0.9957 -0.0014 0.0930
vn 0.9959 -0.0005 0.0907
vn 0.9959 0.0005 0.0907
vn 0.9957 0.0014 0.0930
vn 0.9952 0.0026 0.0974
vn 0.9996 -0.0107 -0.0267
vn 0.9991 -0.0072 -0.0410
vn 0.9988 -0.0026 -0.0495
vn 0.9988 0.0026 -0.0495
vn 0.9991 0.0072 -0.0410
vn 0.9996 0.0107 -0.0267
vn 0.9900 -0.0286 -0.1385
vn 0.9853 -0.0197 -0.1694
vn 0.9822 -0.0073 -0.1874
vn 0.9822 0.0073 -0.1874
vn 0.9853 0.0197 -0.1694
vn 0.9900 0.0286 -0.1385
vn 0.9660 -0.0639 -0.2506
vn 0.9505 -0.0435 -0.3077
vn 0.9406 -0.0155 -0.3393
vn 0.9406 0.0155 -0.3393
vn 0.9505 0.0435 -0.3077
vn 0.9660 0.0639 -0.2506
vn 0.7885 0.0001 0.6151
vn 0.7881 0.0001 0.6155
vn 0.7877 0.0001 0.6160
vn 0.7875 -0.0000 0.6163
vn 0.7877 -0.0001 0.6160
vn 0.7881 -0.0001 0.6156
vn 0.7885 -0.0001 0.6151
vn 0.9064 -0.0004 0.4224
vn 0.9690 0.0002 0.2470
vn 0.9946 0.0040 0.1038
vn 0.9999 0.0139 -0.0093
vn 0.9941 0.0345 -0.1028
vn 0.9799 0.0746 -0.1850
vn 0.9493 0.1572 -0.2721
vn 0.9095 0.1275 -0.3956
vn 0.8750 0.0824 -0.4770
vn 0.8552 0.0281 -0.5176
vn 0.8552 -0.0281 -0.5176
vn 0.8750 -0.0825 -0.4770
vn 0.9095 -0.1275 -0.3956
vn 0.9493 -0.1572 -0.2721
vn 0.9799 -0.0746 -0.1850
vn 0.9941 -0.0345 -0.1028
vn 0.9999 -0.0139 -0.0093
vn 0.9946 -0.0040 0.1038
vn 0.9690 -0.0002 0.2470
vn 0.9064 0.0004 0.4225
vn 0.4242 0.0005 0.9056
vn 0.2471 0.0003 0.9690
vn 0.0974 -0.0026 0.9952
vn -0.0267 -0.0107 0.9996
vn -0.1385 -0.0286 0.9900
vn -0.2506 -0.0639 0.9660
vn 0.4261 0.0004 0.9047
vn 0.2481 0.0004 0.9687
vn 0.0930 -0.0014 0.9957
vn -0.0410 -0.0072 0.9991
vn -0.1694 -0.0197 0.9853
vn -0.3077 -0.0435 0.9505
vn 0.4274 0.0002 0.9041
vn 0.2490 0.0002 0.9685
vn 0.0907 -0.0005 0.9959
vn -0.0495 -0.0026 0.9988
vn -0.1874 -0.0073 0.9822
vn -0.3393 -0.0155 0.9406
vn 0.4274 -0.0002 0.9041
vn 0.2490 -0.0002 0.9685
vn 0.0907 0.0005 0.9959
vn -0.0495 0.0026 0.9988
vn -0.1874 0.0073 0.9822
vn -0.3393 0.0155 0.9406
vn 0.4261 -0.0004 0.9047
vn 0.2481 -0.0004 0.9687
vn 0.0930 0.0014 0.9957
vn -0.0410 0.0072 0.9991
vn -0.1694 0.0197 0.9853
vn -0.3077 0.0435 0.9505
vn 0.4242 -0.0005 0.9056
vn 0.2471 -0.0003 0.9690
vn 0.0974 0.0026 0.9952
vn -0.0267 0.0107 0.9996
vn -0.1385 0.0286 0.9900
vn -0.2506 0.0639 0.9660
vn 0.6151 0.0001 0.7885
vn 0.4225 0.0004 0.9064
vn 0.2470 -0.0002 0.9690
vn 0.1038 -0.0040 0.9946
vn -0.0093 -0.0139 0.9999
vn -0.1028 -0.0345 0.9941
vn -0.1850 -0.0746 0.9799
vn -0.2721 -0.1572 0.9493
vn -0.3956 -0.1275 0.9095
vn -0.4770 -0.0825 0.8750
vn -0.5176 -0.0281 0.8552
vn -0.5176 0.0281 0.8552
vn -0.4770 0.0825 0.8750
vn -0.3956 0.1275 0.9095
vn -0.2721 0.1572 0.9493
vn -0.1850 0.0746 0.9799
vn -0.1028 0.0345 0.9941
vn -0.0093 0.0139 0.9999
vn 0.1038 0.0040 0.9946
vn 0.2470 0.0002 0.9690
vn 0.4225 -0.0004 0.9064
vn 0.6151 -0.0001 0.7885
vn 0.6155 -0.0001 0.7881
vn 0.6160 -0.0001 0.7877
vn 0.6163 -0.0000 0.7875
vn 0.6160 0.0001 0.7877
vn 0.6156 0.0001 0.7881
vn -0.4242 0.0005 0.9056
vn -0.4261 0.0004 0.9047
vn -0.4274 0.0002 0.9041
vn -0.4274 -0.0002 0.9041
vn -0.4261 -0.0004 0.9047
vn -0.4242 -0.0005 0.9056
vn -0.2471 0.0003 0.9690
vn -0.2481 0.0004 0.9687
vn -0.2490 0.0002 0.9685
vn -0.2490 -0.0002 0.9685
vn -0.2481 -0.0004 0.9687
vn -0.2471 -0.0003 0.9690
vn -0.0974 -0.0026 0.9952
vn -0.0930 -0.0014 0.9957
vn -0.0907 -0.0005 0.9959
vn -0.0907 0.0005 0.9959
vn -0.0930 0.0014 0.9957
vn -0.0974 0.0026 0.9952
vn 0.0267 -0.0107 0.9996
vn 0.0410 -0.0072 0.9991
vn 0.0495 -0.0026 0.9988
vn 0.0495 0.0026 0.9988
vn 0.0410 0.0072 0.9991
vn 0.0267 0.0107 0.9996
vn 0.1385 -0.0286 0.9900
vn 0.1694 -0.0197 0.9853
vn 0.1874 -0.0073 0.9822
vn 0.1874 0.0073 0.9822
vn 0.1694 0.0197 0.9853
vn 0.1385 0.0286 0.9899
vn 0.2506 -0.0639 0.9660
vn 0.3077 -0.0435 0.9505
vn 0.3393 -0.0155 0.9406
vn 0.3393 0.0155 0.9406
vn 0.3077 0.0435 0.9505
vn 0.2506 0.0639 0.9660
vn -0.6151 0.0001 0.7885
vn -0.6155 0.0001 0.7881
vn -0.6160 0.0001 0.7877
vn -0.6163 -0.0000 0.7875
vn -0.6160 -0.0001 0.7877
vn -0.6155 -0.0001 0.7881
vn -0.6151 -0.0001 0.7885
vn -0.4225 -0.0004 0.9064
vn -0.2470 0.0002 0.9690
vn -0.1038 0.0040 0.9946
vn 0.0093 0.0139 0.9999
vn 0.1028 0.0345 0.9941
vn 0.1850 0.0746 0.9799
vn 0.2721 0.1572 0.9493
vn 0.3956 0.1275 0.9095
vn 0.4770 0.0825 0.8750
vn 0.5176 0.0281 0.8552
vn 0.5176 -0.0281 0.8552
vn 0.4770 -0.0825 0.8750
vn 0.3956 -0.1275 0.9095
vn 0.2721 -0.1572 0.9493
vn 0.1850 -0.0746 0.9799
vn 0.1028 -0.0345 0.9941
vn 0.0093 -0.0139 0.9999
vn -0.1038 -0.0040 0.9946
vn -0.2470 -0.0002 0.9690
vn -0.4225 0.0004 0.9064
vn 0.5818 -0.3080 0.7528
vn 0.3438 -0.3726 0.8620
vn 0.0853 -0.4032 0.9111
vn -0.1552 -0.3999 0.9033
vn -0.3527 -0.3745 0.8575
vn -0.5013 -0.3448 0.7936
vn 0.5297 -0.1783 0.8292
vn 0.3075 -0.2105 0.9280
vn 0.0807 -0.2255 0.9709
vn -0.1316 -0.2242 0.9656
vn -0.3156 -0.2121 0.9249
vn -0.4757 -0.1981 0.8570
vn 0.5016 -0.0573 0.8632
vn 0.2881 -0.0668 0.9553
vn 0.0788 -0.0712 0.9943
vn -0.1162 -0.0708 0.9907
vn -0.2939 -0.0675 0.9535
vn -0.4620 -0.0637 0.8846
vn 0.5016 0.0573 0.8632
vn 0.2881 0.0668 0.9553
vn 0.0788 0.0712 0.9943
vn -0.1162 0.0708 0.9907
vn -0.2939 0.0675 0.9535
vn -0.4620 0.0637 0.8846
vn 0.5297 0.1783 0.8292
vn 0.3075 0.2105 0.9280
vn 0.0807 0.2255 0.9709
vn -0.1316 0.2242 0.9656
vn -0.3156 0.2121 0.9249
vn -0.4757 0.1981 0.8570
vn 0.5818 0.3080 0.7528
vn 0.3438 0.3726 0.8620
vn 0.0853 0.4032 0.9111
vn -0.1552 0.3999 0.9033
vn -0.3527 0.3745 0.8575
vn -0.5013 0.3448 0.7936
vn 0.8262 -0.3126 0.4687
vn 0.6324 -0.4570 0.6255
vn 0.3786 -0.5570 0.7392
vn 0.0904 -0.6034 0.7923
vn -0.1746 -0.5968 0.7832
vn -0.3853 -0.5571 0.7356
vn -0.5266 -0.5105 0.6798
vn -0.5951 -0.4864 0.6397
vn -0.6154 -0.3272 0.7171
vn -0.6235 -0.1899 0.7584
vn -0.6265 -0.0615 0.7770
vn -0.6265 0.0615 0.7770
vn -0.6235 0.1899 0.7584
vn -0.6154 0.3272 0.7171
vn -0.5951 0.4864 0.6397
vn -0.5266 0.5105 0.6798
vn -0.3853 0.5571 0.7356
vn -0.1746 0.5968 0.7832
vn 0.0904 0.6034 0.7923
vn 0.3786 0.5570 0.7392
vn 0.6324 0.4570 0.6255
vn 0.8262 0.3126 0.4687
vn 0.7762 0.2204 0.5908
vn 0.7285 0.1326 0.6721
vn 0.7013 0.0435 0.7116
vn 0.7013 -0.0435 0.7116
vn 0.7285 -0.1326 0.6721
vn 0.7762 -0.2204 0.5908
vn -0.7528 -0.3080 -0.5818
vn -0.8292 -0.1783 -0.5297
vn -0.8632 -0.0573 -0.5016
vn -0.8632 0.0573 -0.5016
vn -0.8292 0.1783 -0.5297
vn -0.7528 0.3080 -0.5818
vn -0.8620 -0.3726 -0.3438
vn -0.9280 -0.2105 -0.3075
vn -0.9553 -0.0668 -0.2881
vn -0.9553 0.0668 -0.2881
vn -0.9280 0.2105 -0.3075
vn -0.8620 0.3726 -0.3438
vn -0.9111 -0.4032 -0.0853
vn -0.9709 -0.2255 -0.0807
vn -0.9943 -0.0712 -0.0788
vn -0.9943 0.0712 -0.0788
vn -0.9709 0.2255 -0.0807
vn -0.9111 0.4032 -0.0853
vn -0.9033 -0.3999 0.1552
vn -0.9656 -0.2242 0.1316
vn -0.9907 -0.0708 0.1162
vn -0.9907 0.0708 0.1162
vn -0.9656 0.2242 0.1316
vn -0.9033 0.3999 0.1552
vn -0.8575 -0.3745 0.3527
vn -0.9249 -0.2121 0.3156
vn -0.9535 -0.0675 0.2939
vn -0.9535 0.0675 0.2939
vn -0.9249 0.2121 0.3156
vn -0.8575 0.3745 0.3527
vn -0.7936 -0.3448 0.5013
vn -0.8570 -0.1981 0.4757
vn -0.8846 -0.0637 0.4620
vn -0.8846 0.0637 0.4620
vn -0.8570 0.1981 0.4757
vn -0.7936 0.3448 0.5013
vn -0.4687 -0.3126 -0.8262
vn -0.5908 -0.2204 -0.7762
vn -0.6721 -0.1326 -0.7285
vn -0.7116 -0.0435 -0.7013
vn -0.7116 0.0435 -0.7013
vn -0.6721 0.1326 -0.7285
vn -0.5908 0.2204 -0.7762
vn -0.4687 0.3126 -0.8262
vn -0.6255 0.4570 -0.6324
vn -0.7392 0.5570 -0.3786
vn -0.7923 0.6034 -0.0904
vn -0.7832 0.5968 0.1746
vn -0.7356 0.5571 0.3853
vn -0.6798 0.5105 0.5266
vn -0.6397 0.4864 0.5951
vn -0.7171 0.3272 0.6154
vn -0.7584 0.1899 0.6235
vn -0.7770 0.0615 0.6265
vn -0.7770 -0.0615 0.6265
vn -0.7584 -0.1899 0.6235
vn -0.7171 -0.3272 0.6154
vn -0.6397 -0.4864 0.5951
vn -0.6798 -0.5105 0.5266
vn -0.7356 -0.5571 0.3853
vn -0.7832 -0.5968 0.1746
vn -0.7923 -0.6034 -0.0904
vn -0.7392 -0.5570 -0.3786
vn -0.6255 -0.4570 -0.6324
vn -0.5818 0.3080 0.7528
vn -0.3438 0.3726 0.8620
vn -0.0853 0.4032 0.9111
vn 0.1552 0.3999 0.9033
vn 0.3527 0.3745 0.8575
vn 0.5013 0.3448 0.7936
vn -0.5297 0.1783 0.8292
vn -0.3075 0.2105 0.9280
vn -0.0807 0.2255 0.9709
vn 0.1316 0.2242 0.9656
vn 0.3156 0.2121 0.9249
vn 0.4757 0.1981 0.8570
vn -0.5016 0.0573 0.8632
vn -0.2881 0.0668 0.9553
vn -0.0788 0.0712 0.9943
vn 0.1162 0.0708 0.9907
vn 0.2939 0.0675 0.9535
vn 0.4620 0.0637 0.8846
vn -0.5016 -0.0573 0.8632
vn -0.2881 -0.0668 0.9553
vn -0.0788 -0.0712 0.9943
vn 0.1162 -0.0708 0.9907
vn 0.2939 -0.0675 0.9535
vn 0.4620 -0.0637 0.8846
vn -0.5297 -0.1783 0.8292
vn -0.3075 -0.2105 0.9280
vn -0.0807 -0.2255 0.9709
vn 0.1316 -0.2242 0.9656
vn 0.3156 -0.2121 0.9249
vn 0.4757 -0.1981 0.8570
vn -0.5818 -0.3080 0.7528
vn -0.3438 -0.3726 0.8620
vn -0.0853 -0.4032 0.9111
vn 0.1553 -0.3999 0.9033
vn 0.3527 -0.3745 0.8575
vn 0.5013 -0.3448 0.7936
vn -0.8262 0.3126 0.4687
vn -0.6324 0.4570 0.6255
vn -0.3786 0.5570 0.7392
vn -0.0904 0.6034 0.7923
vn 0.1746 0.5968 0.7832
vn 0.3853 0.5571 0.7356
vn 0.5266 0.5105 0.6798
vn 0.5951 0.4864 0.6397
vn 0.6154 0.3272 0.7171
vn 0.6235 0.1899 0.7584
vn 0.6265 0.0615 0.7770
vn 0.6265 -0.0615 0.7770
vn 0.6235 -0.1899 0.7584
vn 0.6154 -0.3272 0.7171
vn 0.5951 -0.4864 0.6397
vn 0.5265 -0.5105 0.6798
vn 0.3853 -0.5571 0.7356
vn 0.1746 -0.5968 0.7832
vn -0.0904 -0.6034 0.7923
vn -0.3786 -0.5570 0.7392
vn -0.6324 -0.4570 0.6255
vn -0.8262 -0.3126 0.4687
vn -0.7762 -0.2204 0.5908
vn -0.7285 -0.1326 0.6721
vn -0.7013 -0.0435 0.7116
vn -0.7013 0.0435 0.7116
vn -0.7285 0.1326 0.6721
vn -0.7762 0.2204 0.5908
vn 0.7528 0.3080 -0.5818
vn 0.8292 0.1783 -0.5297
vn 0.8632 0.0573 -0.5016
vn 0.8632 -0.0573 -0.5016
vn 0.8292 -0.1783 -0.5297
vn 0.7528 -0.3080 -0.5818
vn 0.8620 0.3726 -0.3438
vn 0.9280 0.2105 -0.3075
vn 0.9553 0.0668 -0.2881
vn 0.9553 -0.0668 -0.2881
vn 0.9280 -0.2105 -0.3075
vn 0.8620 -0.3726 -0.3438
vn 0.9111 0.4032 -0.0853
vn 0.9709 0.2255 -0.0807
vn 0.9943 0.0712 -0.0788
vn 0.9943 -0.0712 -0.0788
vn 0.9709 -0.2255 -0.0807
vn 0.9111 -0.4032 -0.0853
vn 0.9033 0.3999 0.1552
vn 0.9656 0.2242 0.1316
vn 0.9907 0.0708 0.1162
vn 0.9907 -0.0708 0.1162
vn 0.9656 -0.2242 0.1316
vn 0.9033 -0.3999 0.1552
vn 0.8575 0.3745 0.3527
vn 0.9249 0.2121 0.3156
vn 0.9535 0.0675 0.2939
vn 0.9535 -0.0675 0.2938
vn 0.9249 -0.2121 0.3156
vn 0.8575 -0.3745 0.3527
vn 0.7936 0.3448 0.5013
vn 0.8570 0.1981 0.4757
vn 0.8846 0.0637 0.4620
vn 0.8846 -0.0637 0.4620
vn 0.8570 -0.1981 0.4757
vn 0.7936 -0.3448 0.5013
vn 0.4687 0.3126 -0.8262
vn 0.5908 0.2204 -0.7762
vn 0.6721 0.1326 -0.7285
vn 0.7115 0.0435 -0.7013
vn 0.7115 -0.0435 -0.7013
vn 0.6721 -0.1326 -0.7285
vn 0.5908 -0.2204 -0.7762
vn 0.4687 -0.3126 -0.8262
vn 0.6255 -0.4570 -0.6324
vn 0.7392 -0.5570 -0.3786
vn 0.7923 -0.6034 -0.0904
vn 0.7832 -0.5968 0.1746
vn 0.7356 -0.5571 0.3853
vn 0.6798 -0.5105 0.5265
vn 0.6397 -0.4864 0.5951
vn 0.7171 -0.3272 0.6154
vn 0.7584 -0.1899 0.6235
vn 0.7770 -0.0615 0.6265
vn 0.7770 0.0615 0.6265
vn 0.7584 0.1899 0.6235
vn 0.7171 0.3272 0.6154
vn 0.6397 0.4864 0.5951
vn 0.6798 0.5105 0.5266
vn 0.7356 0.5571 0.3853
vn 0.7832 0.5968 0.1746
vn 0.7923 0.6034 -0.0904
vn 0.7392 0.5570 -0.3786
vn 0.6255 0.4570 -0.6324
vn -0.7528 -0.3080 0.5818
vn -0.8620 -0.3726 0.3438
vn -0.9111 -0.4032 0.0853
vn -0.9033 -0.3999 -0.1553
vn -0.8575 -0.3745 -0.3527
vn -0.7936 -0.3448 -0.5013
vn -0.8292 -0.1783 0.5297
vn -0.9280 -0.2105 0.3075
vn -0.9709 -0.2255 0.0807
vn -0.9656 -0.2242 -0.1316
vn -0.9249 -0.2121 -0.3156
vn -0.8570 -0.1981 -0.4757
vn -0.8632 -0.0573 0.5016
vn -0.9553 -0.0668 0.2881
vn -0.9943 -0.0712 0.0788
vn -0.9907 -0.0708 -0.1162
vn -0.9535 -0.0675 -0.2939
vn -0.8846 -0.0637 -0.4620
vn -0.8632 0.0573 0.5016
vn -0.9553 0.0668 0.2881
vn -0.9943 0.0712 0.0788
vn -0.9907 0.0708 -0.1162
vn -0.9535 0.0675 -0.2939
vn -0.8846 0.0637 -0.4620
vn -0.8292 0.1783 0.5297
vn -0.9280 0.2105 0.3075
vn -0.9709 0.2255 0.0807
vn -0.9656 0.2242 -0.1316
vn -0.9249 0.2121 -0.3156
vn -0.8570 0.1981 -0.4757
vn -0.7528 0.3080 0.5818
vn -0.8620 0.3726 0.3438
vn -0.9111 0.4032 0.0853
vn -0.9033 0.3999 -0.1553
vn -0.8575 0.3745 -0.3527
vn -0.7936 0.3448 -0.5013
vn -0.4687 -0.3126 0.8262
vn -0.6255 -0.4570 0.6324
vn -0.7392 -0.5570 0.3786
vn -0.7923 -0.6034 0.0904
vn -0.7832 -0.5968 -0.1746
vn -0.7356 -0.5571 -0.3853
vn -0.6798 -0.5105 -0.5266
vn -0.6397 -0.4864 -0.5951
vn -0.7171 -0.3272 -0.6154
vn -0.7584 -0.1899 -0.6235
vn -0.7770 -0.0615 -0.6265
vn -0.7770 0.0615 -0.6265
vn -0.7584 0.1899 -0.6235
vn -0.7171 0.3272 -0.6154
vn -0.6397 0.4864 -0.5951
vn -0.6798 0.5105 -0.5266
vn -0.7356 0.5571 -0.3853
vn -0.7832 0.5968 -0.1746
vn -0.7923 0.6034 0.0904
vn -0.7392 0.5570 0.3786
vn -0.6255 0.4570 0.6324
vn -0.4687 0.3126 0.8262
vn -0.5908 0.2204 0.7762
vn -0.6721 0.1326 0.7285
vn -0.7115 0.0435 0.7013
vn -0.7115 -0.0435 0.7013
vn -0.6721 -0.1326 0.7285
vn -0.5908 -0.2204 0.7762
vn 0.5818 -0.3080 -0.7528
vn 0.5297 -0.1783 -0.8292
vn 0.5016 -0.0573 -0.8632
vn 0.5016 0.0573 -0.8632
vn 0.5297 0.1783 -0.8292
vn 0.5818 0.3080 -0.7528
vn 0.3438 -0.3726 -0.8620
vn 0.3075 -0.2105 -0.9280
vn 0.2881 -0.0668 -0.9553
vn 0.2881 0.0668 -0.9553
vn 0.3075 0.2105 -0.9280
vn 0.3438 0.3726 -0.8620
vn 0.0853 -0.4032 -0.9111
vn 0.0807 -0.2255 -0.9709
vn 0.0788 -0.0712 -0.9943
vn 0.0788 0.0712 -0.9943
vn 0.0807 0.2255 -0.9709
vn 0.0853 0.4032 -0.9111
vn -0.1552 -0.3999 -0.9033
vn -0.1316 -0.2242 -0.9656
vn -0.1162 -0.0708 -0.9907
vn -0.1162 0.0708 -0.9907
vn -0.1316 0.2242 -0.9656
vn -0.1552 0.3999 -0.9033
vn -0.3527 -0.3745 -0.8575
vn -0.3156 -0.2121 -0.9249
vn -0.2939 -0.0675 -0.9535
vn -0.2939 0.0675 -0.9535
vn -0.3156 0.2121 -0.9249
vn -0.3527 0.3745 -0.8575
vn -0.5013 -0.3448 -0.7936
vn -0.4757 -0.1981 -0.8570
vn -0.4620 -0.0637 -0.8846
vn -0.4620 0.0637 -0.8846
vn -0.4757 0.1981 -0.8570
vn -0.5013 0.3448 -0.7936
vn 0.8262 -0.3126 -0.4687
vn 0.7762 -0.2204 -0.5908
vn 0.7285 -0.1326 -0.6721
vn 0.7013 -0.0435 -0.7116
vn 0.7013 0.0435 -0.7116
vn 0.7285 0.1326 -0.6721
vn 0.7762 0.2204 -0.5908
vn 0.8262 0.3126 -0.4687
vn 0.6324 0.4570 -0.6255
vn 0.3786 0.5570 -0.7392
vn 0.0904 0.6034 -0.7923
vn -0.1746 0.5968 -0.7832
vn -0.3853 0.5571 -0.7356
vn -0.5266 0.5105 -0.6798
vn -0.5951 0.4864 -0.6397
vn -0.6154 0.3272 -0.7171
vn -0.6235 0.1899 -0.7584
vn -0.6265 0.0615 -0.7770
vn -0.6265 -0.0615 -0.7770
vn -0.6235 -0.1899 -0.7584
vn -0.6154 -0.3272 -0.7171
vn -0.5951 -0.4864 -0.6397
vn -0.5266 -0.5105 -0.6798
vn -0.3853 -0.5571 -0.7356
vn -0.1746 -0.5968 -0.7832
vn 0.0904 -0.6034 -0.7923
vn 0.3786 -0.5570 -0.7392
vn 0.6324 -0.4570 -0.6255
vn 0.7528 -0.3080 0.5818
vn 0.8292 -0.1783 0.5297
vn 0.8632 -0.0573 0.5016
vn 0.8632 0.0573 0.5016
vn 0.8292 0.1783 0.5297
vn 0.7528 0.3080 0.5818
vn 0.8620 -0.3726 0.3438
vn 0.9280 -0.2105 0.3075
vn 0.9553 -0.0668 0.2881
vn 0.9553 0.0668 0.2881
vn 0.9280 0.2105 0.3075
vn 0.8620 0.3726 0.3438
vn 0.9111 -0.4032 0.0853
vn 0.9709 -0.2255 0.0807
vn 0.9943 -0.0712 0.0788
vn 0.9943 0.0712 0.0788
vn 0.9709 0.2255 0.0807
vn 0.9111 0.4032 0.0853
vn 0.9033 -0.3999 -0.1552
vn 0.9656 -0.2242 -0.1316
vn 0.9907 -0.0708 -0.1162
vn 0.9907 0.0708 -0.1162
vn 0.9656 0.2242 -0.1316
vn 0.9033 0.3999 -0.1552
vn 0.8575 -0.3745 -0.3527
vn 0.9249 -0.2121 -0.3156
vn 0.9535 -0.0675 -0.2939
vn 0.9535 0.0675 -0.2939
vn 0.9249 0.2121 -0.3156
vn 0.8575 0.3745 -0.3527
vn 0.7936 -0.3448 -0.5013
vn 0.8570 -0.1981 -0.4757
vn 0.8846 -0.0637 -0.4620
vn 0.8846 0.0637 -0.4620
vn 0.8570 0.1981 -0.4757
vn 0.7936 0.3448 -0.5013
vn 0.4687 -0.3126 0.8262
vn 0.5908 -0.2204 0.7762
vn 0.6721 -0.1326 0.7285
vn 0.7116 -0.0435 0.7013
vn 0.7116 0.0435 0.7013
vn 0.6721 0.1326 0.7285
vn 0.5908 0.2204 0.7762
vn 0.4687 0.3126 0.8262
vn 0.6255 0.4570 0.6324
vn 0.7392 0.5570 0.3786
vn 0.7923 0.6034 0.0904
vn 0.7832 0.5968 -0.1746
vn 0.7356 0.5571 -0.3853
vn 0.6798 0.5105 -0.5265
vn 0.6397 0.4864 -0.5951
vn 0.7171 0.3272 -0.6154
vn 0.7584 0.1899 -0.6235
vn 0.7770 0.0615 -0.6265
vn 0.7770 -0.0615 -0.6265
vn 0.7584 -0.1899 -0.6235
vn 0.7171 -0.3272 -0.6154
vn 0.6397 -0.4864 -0.5951
vn 0.6798 -0.5105 -0.5266
vn 0.7356 -0.5571 -0.3853
vn 0.7832 -0.5968 -0.1746
vn 0.7923 -0.6034 0.0904
vn 0.7392 -0.5570 0.3786
vn 0.6255 -0.4570 0.6324
vn -0.5818 -0.3080 -0.7528
vn -0.3438 -0.3726 -0.8620
vn -0.0853 -0.4032 -0.9111
vn 0.1552 -0.3999 -0.9033
vn 0.3527 -0.3745 -0.8575
vn 0.5013 -0.3448 -0.7936
vn -0.5297 -0.1783 -0.8292
vn -0.3075 -0.2105 -0.9280
vn -0.0807 -0.2255 -0.9709
vn 0.1316 -0.2242 -0.9656
vn 0.3156 -0.2121 -0.9249
vn 0.4757 -0.1981 -0.8570
vn -0.5016 -0.0573 -0.8632
vn -0.2881 -0.0668 -0.9553
vn -0.0788 -0.0712 -0.9943
vn 0.1162 -0.0708 -0.9907
vn 0.2939 -0.0675 -0.9535
vn 0.4620 -0.0637 -0.8846
vn -0.5016 0.0573 -0.8632
vn -0.2881 0.0668 -0.9553
vn -0.0788 0.0712 -0.9943
vn 0.1162 0.0708 -0.9907
vn 0.2939 0.0675 -0.9535
vn 0.4620 0.0637 -0.8846
vn -0.5297 0.1783 -0.8292
vn -0.3075 0.2105 -0.9280
vn -0.0807 0.2255 -0.9709
vn 0.1316 0.2242 -0.9656
vn 0.3156 0.2121 -0.9249
vn 0.4757 0.1981 -0.8570
vn -0.5818 0.3080 -0.7528
vn -0.3438 0.3726 -0.8620
vn -0.0853 0.4032 -0.9111
vn 0.1553 0.3999 -0.9033
vn 0.3527 0.3745 -0.8575
vn 0.5013 0.3448 -0.7936
vn -0.8262 -0.3126 -0.4687
vn -0.6324 -0.4570 -0.6255
vn -0.3786 -0.5570 -0.7392
vn -0.0904 -0.6034 -0.7923
vn 0.1746 -0.5968 -0.7832
vn 0.3853 -0.5571 -0.7356
vn 0.5266 -0.5105 -0.6798
vn 0.5951 -0.4864 -0.6397
vn 0.6154 -0.3272 -0.7171
vn 0.6235 -0.1899 -0.7584
vn 0.6265 -0.0615 -0.7770
vn 0.6265 0.0615 -0.7770
vn 0.6235 0.1899 -0.7584
vn 0.6154 0.3272 -0.7171
vn 0.5951 0.4864 -0.6397
vn 0.5266 0.5105 -0.6798
vn 0.3853 0.5571 -0.7356
vn 0.1746 0.5968 -0.7832
vn -0.0904 0.6034 -0.7923
vn -0.3786 0.5570 -0.7392
vn -0.6324 0.4570 -0.6255
vn -0.8262 0.3126 -0.4687
vn -0.7762 0.2204 -0.5908
vn -0.7285 0.1326 -0.6721
vn -0.7013 0.0435 -0.7116
vn -0.7013 -0.0435 -0.7116
vn -0.7285 -0.1326 -0.6721
vn -0.7762 -0.2204 -0.5908
usemtl Material1
s 0
f 1073//1 1074//1 1081//1 1080//1
f 1074//2 1075//2 1082//2 1081//2
f 1075//3 1076//3 1083//3 1082//3
f 1076//4 1077//4 1084//4 1083//4
f 1077//5 1078//5 1085//5 1084//5
f 1078//6 1079//6 1086//6 1085//6
f 1080//7 1081//7 1088//7 1087//7
f 1081//8 1082//8 1089//8 1088//8
f 1082//9 1083//9 1090//9 1089//9
f 1083//10 1084//10 1091//10 1090//10
f 1084//11 1085//11 1092//11 1091//11
f 1085//12 1086//12 1093//12 1092//12
f 1087//13 1088//13 1095//13 1094//13
f 1088//14 1089//14 1096//14 1095//14
f 1089//15 1090//15 1097//15 1096//15
f 1090//16 1091//16 1098//16 1097//16
f 1091//17 1092//17 1099//17 1098//17
f 1092//18 1093//18 1100//18 1099//18
f 1094//19 1095//19 1102//19 1101//19
f 1095//20 1096//20 1103//20 1102//20
f 1096//21 1097//21 1104//21 1103//21
f 1097//22 1098//22 1105//22 1104//22
f 1098//23 1099//23 1106//23 1105//23
f 1099//24 1100//24 1107//24 1106//24
f 1101//25 1102//25 1109//25 1108//25
f 1102//26 1103//26 1110//26 1109//26
f 1103//27 1104//27 1111//27 1110//27
f 1104//28 1105//28 1112//28 1111//28
f 1105//29 1106//29 1113//29 1112//29
f 1106//30 1107//30 1114//30 1113//30
f 1108//31 1109//31 1116//31 1115//31
f 1109//32 1110//32 1117//32 1116//32
f 1110//33 1111//33 1118//33 1117//33
f 1111//34 1112//34 1119//34 1118//34
f 1112//35 1113//35 1120//35 1119//35
f 1113//36 1114//36 1121//36 1120//36
f 10//37 666//37 1073//37 751//37
f 666//38 665//38 1074//38 1073//38
f 665//39 664//39 1075//39 1074//39
f 664//40 663//40 1076//40 1075//40
f 663//41 662//41 1077//41 1076//41
f 662//42 661//42 1078//42 1077//42
f 661//43 660//43 1079//43 1078//43
f 660//44 2//44 681//44 1079//44
f 1079//45 681//45 682//45 1086//45
f 1086//46 682//46 683//46 1093//46
f 1093//47 683//47 684//47 1100//47
f 1100//48 684//48 685//48 1107//48
f 1107//49 685//49 686//49 1114//49
f 1114//50 686//50 687//50 1121//50
f 1121//51 687//51 15//51 233//51
f 1120//52 1121//52 233//52 234//52
f 1119//53 1120//53 234//53 235//53
f 1118//54 1119//54 235//54 236//54
f 1117//55 1118//55 236//55 237//55
f 1116//56 1117//56 237//56 238//56
f 1115//57 1116//57 238//57 239//57
f 757//58 1115//58 239//58 34//58
f 756//59 1108//59 1115//59 757//59
f 755//60 1101//60 1108//60 756//60
f 754//61 1094//61 1101//61 755//61
f 753//62 1087//62 1094//62 754//62
f 752//63 1080//63 1087//63 753//63
f 751//64 1073//64 1080//64 752//64
f 1122//65 1123//65 1130//65 1129//65
f 1123//66 1124//66 1131//66 1130//66
f 1124//67 1125//67 1132//67 1131//67
f 1125//68 1126//68 1133//68 1132//68
f 1126//69 1127//69 1134//69 1133//69
f 1127//70 1128//70 1135//70 1134//70
f 1129//71 1130//71 1137//71 1136//71
f 1130//72 1131//72 1138//72 1137//72
f 1131//73 1132//73 1139//73 1138//73
f 1132//74 1133//74 1140//74 1139//74
f 1133//75 1134//75 1141//75 1140//75
f 1134//76 1135//76 1142//76 1141//76
f 1136//77 1137//77 1144//77 1143//77
f 1137//78 1138//78 1145//78 1144//78
f 1138//79 1139//79 1146//79 1145//79
f 1139//80 1140//80 1147//80 1146//80
f 1140//81 1141//81 1148//81 1147//81
f 1141//82 1142//82 1149//82 1148//82
f 1143//83 1144//83 1151//83 1150//83
f 1144//84 1145//84 1152//84 1151//84
f 1145//85 1146//85 1153//85 1152//85
f 1146//86 1147//86 1154//86 1153//86
f 1147//87 1148//87 1155//87 1154//87
f 1148//88 1149//88 1156//88 1155//88
f 1150//89 1151//89 1158//89 1157//89
f 1151//90 1152//90 1159//90 1158//90
f 1152//91 1153//91 1160//91 1159//91
f 1153//92 1154//92 1161//92 1160//92
f 1154//93 1155//93 1162//93 1161//93
f 1155//94 1156//94 1163//94 1162//94
f 1157//95 1158//95 1165//95 1164//95
f 1158//96 1159//96 1166//96 1165//96
f 1159//97 1160//97 1167//97 1166//97
f 1160//98 1161//98 1168//98 1167//98
f 1161//99 1162//99 1169//99 1168//99
f 1162//100 1163//100 1170//100 1169//100
f 1//101 79//101 1122//101 93//101
f 79//102 80//102 1123//102 1122//102
f 80//103 81//103 1124//103 1123//103
f 81//104 82//104 1125//104 1124//104
f 82//105 83//105 1126//105 1125//105
f 83//106 84//106 1127//106 1126//106
f 84//107 85//107 1128//107 1127//107
f 85//108 9//108 226//108 1128//108
f 1128//109 226//109 227//109 1135//109
f 1135//110 227//110 228//110 1142//110
f 1142//111 228//111 229//111 1149//111
f 1149//112 229//112 230//112 1156//112
f 1156//113 230//113 231//113 1163//113
f 1163//114 231//114 232//114 1170//114
f 1170//115 232//115 33//115 652//115
f 1169//116 1170//116 652//116 651//116
f 1168//117 1169//117 651//117 650//117
f 1167//118 1168//118 650//118 649//118
f 1166//119 1167//119 649//119 648//119
f 1165//120 1166//120 648//120 647//120
f 1164//121 1165//121 647//121 646//121
f 99//122 1164//122 646//122 11//122
f 98//123 1157//123 1164//123 99//123
f 97//124 1150//124 1157//124 98//124
f 96//125 1143//125 1150//125 97//125
f 95//126 1136//126 1143//126 96//126
f 94//127 1129//127 1136//127 95//127
f 93//128 1122//128 1129//128 94//128
f 1171//129 1172//129 1179//129 1178//129
f 1172//130 1173//130 1180//130 1179//130
f 1173//131 1174//131 1181//131 1180//131
f 1174//132 1175//132 1182//132 1181//132
f 1175//133 1176//133 1183//133 1182//133
f 1176//134 1177//134 1184//134 1183//134
f 1178//135 1179//135 1186//135 1185//135
f 1179//136 1180//136 1187//136 1186//136
f 1180//137 1181//137 1188//137 1187//137
f 1181//138 1182//138 1189//138 1188//138
f 1182//139 1183//139 1190//139 1189//139
f 1183//140 1184//140 1191//140 1190//140
f 1185//141 1186//141 1193//141 1192//141
f 1186//142 1187//142 1194//142 1193//142
f 1187//143 1188//143 1195//143 1194//143
f 1188//144 1189//144 1196//144 1195//144
f 1189//145 1190//145 1197//145 1196//145
f 1190//146 1191//146 1198//146 1197//146
f 1192//147 1193//147 1200//147 1199//147
f 1193//148 1194//148 1201//148 1200//148
f 1194//149 1195//149 1202//149 1201//149
f 1195//150 1196//150 1203//150 1202//150
f 1196//151 1197//151 1204//151 1203//151
f 1197//152 1198//152 1205//152 1204//152
f 1199//153 1200//153 1207//153 1206//153
f 1200//154 1201//154 1208//154 1207//154
f 1201//155 1202//155 1209//155 1208//155
f 1202//156 1203//156 1210//156 1209//156
f 1203//157 1204//157 1211//157 1210//157
f 1204//158 1205//158 1212//158 1211//158
f 1206//159 1207//159 1214//159 1213//159
f 1207//160 1208//160 1215//160 1214//160
f 1208//161 1209//161 1216//161 1215//161
f 1209//162 1210//162 1217//162 1216//162
f 1210//163 1211//163 1218//163 1217//163
f 1211//164 1212//164 1219//164 1218//164
f 36//165 771//165 1171//165 253//165
f 771//166 770//166 1172//166 1171//166
f 770//167 769//167 1173//167 1172//167
f 769//168 768//168 1174//168 1173//168
f 768//169 767//169 1175//169 1174//169
f 767//170 766//170 1176//170 1175//170
f 766//171 765//171 1177//171 1176//171
f 765//172 16//172 127//172 1177//172
f 1177//173 127//173 126//173 1184//173
f 1184//174 126//174 125//174 1191//174
f 1191//175 125//175 124//175 1198//175
f 1198//176 124//176 123//176 1205//176
f 1205//177 123//177 122//177 1212//177
f 1212//178 122//178 121//178 1219//178
f 1219//179 121//179 3//179 142//179
f 1218//180 1219//180 142//180 143//180
f 1217//181 1218//181 143//181 144//181
f 1216//182 1217//182 144//182 145//182
f 1215//183 1216//183 145//183 146//183
f 1214//184 1215//184 146//184 147//184
f 1213//185 1214//185 147//185 148//185
f 247//186 1213//186 148//186 19//186
f 248//187 1206//187 1213//187 247//187
f 249//188 1199//188 1206//188 248//188
f 250//189 1192//189 1199//189 249//189
f 251//190 1185//190 1192//190 250//190
f 252//191 1178//191 1185//191 251//191
f 253//192 1171//192 1178//192 252//192
f 1220//193 1221//193 1228//193 1227//193
f 1221//194 1222//194 1229//194 1228//194
f 1222//195 1223//195 1230//195 1229//195
f 1223//196 1224//196 1231//196 1230//196
f 1224//197 1225//197 1232//197 1231//197
f 1225//198 1226//198 1233//198 1232//198
f 1227//199 1228//199 1235//199 1234//199
f 1228//200 1229//200 1236//200 1235//200
f 1229//201 1230//201 1237//201 1236//201
f 1230//202 1231//202 1238//202 1237//202
f 1231//203 1232//203 1239//203 1238//203
f 1232//204 1233//204 1240//204 1239//204
f 1234//205 1235//205 1242//205 1241//205
f 1235//206 1236//206 1243//206 1242//206
f 1236//207 1237//207 1244//207 1243//207
f 1237//208 1238//208 1245//208 1244//208
f 1238//209 1239//209 1246//209 1245//209
f 1239//210 1240//210 1247//210 1246//210
f 1241//211 1242//211 1249//211 1248//211
f 1242//212 1243//212 1250//212 1249//212
f 1243//213 1244//213 1251//213 1250//213
f 1244//214 1245//214 1252//214 1251//214
f 1245//215 1246//215 1253//215 1252//215
f 1246//216 1247//216 1254//216 1253//216
f 1248//217 1249//217 1256//217 1255//217
f 1249//218 1250//218 1257//218 1256//218
f 1250//219 1251//219 1258//219 1257//219
f 1251//220 1252//220 1259//220 1258//220
f 1252//221 1253//221 1260//221 1259//221
f 1253//222 1254//222 1261//222 1260//222
f 1255//223 1256//223 1263//223 1262//223
f 1256//224 1257//224 1264//224 1263//224
f 1257//225 1258//225 1265//225 1264//225
f 1258//226 1259//226 1266//226 1265//226
f 1259//227 1260//227 1267//227 1266//227
f 1260//228 1261//228 1268//228 1267//228
f 12//229 758//229 1220//229 680//229
f 758//230 759//230 1221//230 1220//230
f 759//231 760//231 1222//231 1221//231
f 760//232 761//232 1223//232 1222//232
f 761//233 762//233 1224//233 1223//233
f 762//234 763//234 1225//234 1224//234
f 763//235 764//235 1226//235 1225//235
f 764//236 35//236 463//236 1226//236
f 1226//237 463//237 462//237 1233//237
f 1233//238 462//238 461//238 1240//238
f 1240//239 461//239 460//239 1247//239
f 1247//240 460//240 459//240 1254//240
f 1254//241 459//241 458//241 1261//241
f 1261//242 458//242 457//242 1268//242
f 1268//243 457//243 20//243 708//243
f 1267//244 1268//244 708//244 707//244
f 1266//245 1267//245 707//245 706//245
f 1265//246 1266//246 706//246 705//246
f 1264//247 1265//247 705//247 704//247
f 1263//248 1264//248 704//248 703//248
f 1262//249 1263//249 703//249 702//249
f 674//250 1262//250 702//250 4//250
f 675//251 1255//251 1262//251 674//251
f 676//252 1248//252 1255//252 675//252
f 677//253 1241//253 1248//253 676//253
f 678//254 1234//254 1241//254 677//254
f 679//255 1227//255 1234//255 678//255
f 680//256 1220//256 1227//256 679//256
f 1269//257 1270//257 1277//257 1276//257
f 1270//258 1271//258 1278//258 1277//258
f 1271//259 1272//259 1279//259 1278//259
f 1272//260 1273//260 1280//260 1279//260
f 1273//261 1274//261 1281//261 1280//261
f 1274//262 1275//262 1282//262 1281//262
f 1276//263 1277//263 1284//263 1283//263
f 1277//264 1278//264 1285//264 1284//264
f 1278//265 1279//265 1286//265 1285//265
f 1279//266 1280//266 1287//266 1286//266
f 1280//267 1281//267 1288//267 1287//267
f 1281//268 1282//268 1289//268 1288//268
f 1283//269 1284//269 1291//269 1290//269
f 1284//270 1285//270 1292//270 1291//270
f 1285//271 1286//271 1293//271 1292//271
f 1286//272 1287//272 1294//272 1293//272
f 1287//273 1288//273 1295//273 1294//273
f 1288//274 1289//274 1296//274 1295//274
f 1290//275 1291//275 1298//275 1297//275
f 1291//276 1292//276 1299//276 1298//276
f 1292//277 1293//277 1300//277 1299//277
f 1293//278 1294//278 1301//278 1300//278
f 1294//279 1295//279 1302//279 1301//279
f 1295//280 1296//280 1303//280 1302//280
f 1297//281 1298//281 1305//281 1304//281
f 1298//282 1299//282 1306//282 1305//282
f 1299//283 1300//283 1307//283 1306//283
f 1300//284 1301//284 1308//284 1307//284
f 1301//285 1302//285 1309//285 1308//285
f 1302//286 1303//286 1310//286 1309//286
f 1304//287 1305//287 1312//287 1311//287
f 1305//288 1306//288 1313//288 1312//288
f 1306//289 1307//289 1314//289 1313//289
f 1307//290 1308//290 1315//290 1314//290
f 1308//291 1309//291 1316//291 1315//291
f 1309//292 1310//292 1317//292 1316//292
f 28//293 736//293 1269//293 772//293
f 736//294 735//294 1270//294 1269//294
f 735//295 734//295 1271//295 1270//295
f 734//296 733//296 1272//296 1271//296
f 733//297 732//297 1273//297 1272//297
f 732//298 731//298 1274//298 1273//298
f 731//299 730//299 1275//299 1274//299
f 730//300 8//300 744//300 1275//300
f 1275//301 744//301 745//301 1282//301
f 1282//302 745//302 746//302 1289//302
f 1289//303 746//303 747//303 1296//303
f 1296//304 747//304 748//304 1303//304
f 1303//305 748//305 749//305 1310//305
f 1310//306 749//306 750//306 1317//306
f 1317//307 750//307 32//307 548//307
f 1316//308 1317//308 548//308 549//308
f 1315//309 1316//309 549//309 550//309
f 1314//310 1315//310 550//310 551//310
f 1313//311 1314//311 551//311 552//311
f 1312//312 1313//312 552//312 553//312
f 1311//313 1312//313 553//313 554//313
f 778//314 1311//314 554//314 38//314
f 777//315 1304//315 1311//315 778//315
f 776//316 1297//316 1304//316 777//316
f 775//317 1290//317 1297//317 776//317
f 774//318 1283//318 1290//318 775//318
f 773//319 1276//319 1283//319 774//319
f 772//320 1269//320 1276//320 773//320
f 1318//321 1319//321 1326//321 1325//321
f 1319//322 1320//322 1327//322 1326//322
f 1320//323 1321//323 1328//323 1327//323
f 1321//324 1322//324 1329//324 1328//324
f 1322//325 1323//325 1330//325 1329//325
f 1323//326 1324//326 1331//326 1330//326
f 1325//327 1326//327 1333//327 1332//327
f 1326//328 1327//328 1334//328 1333//328
f 1327//329 1328//329 1335//329 1334//329
f 1328//330 1329//330 1336//330 1335//330
f 1329//331 1330//331 1337//331 1336//331
f 1330//332 1331//332 1338//332 1337//332
f 1332//333 1333//333 1340//333 1339//333
f 1333//334 1334//334 1341//334 1340//334
f 1334//335 1335//335 1342//335 1341//335
f 1335//336 1336//336 1343//336 1342//336
f 1336//337 1337//337 1344//337 1343//337
f 1337//338 1338//338 1345//338 1344//338
f 1339//339 1340//339 1347//339 1346//339
f 1340//340 1341//340 1348//340 1347//340
f 1341//341 1342//341 1349//341 1348//341
f 1342//342 1343//342 1350//342 1349//342
f 1343//343 1344//343 1351//343 1350//343
f 1344//344 1345//344 1352//344 1351//344
f 1346//345 1347//345 1354//345 1353//345
f 1347//346 1348//346 1355//346 1354//346
f 1348//347 1349//347 1356//347 1355//347
f 1349//348 1350//348 1357//348 1356//348
f 1350//349 1351//349 1358//349 1357//349
f 1351//350 1352//350 1359//350 1358//350
f 1353//351 1354//351 1361//351 1360//351
f 1354//352 1355//352 1362//352 1361//352
f 1355//353 1356//353 1363//353 1362//353
f 1356//354 1357//354 1364//354 1363//354
f 1357//355 1358//355 1365//355 1364//355
f 1358//356 1359//356 1366//356 1365//356
f 5//357 191//357 1318//357 177//357
f 191//358 192//358 1319//358 1318//358
f 192//359 193//359 1320//359 1319//359
f 193//360 194//360 1321//360 1320//360
f 194//361 195//361 1322//361 1321//361
f 195//362 196//362 1323//362 1322//362
f 196//363 197//363 1324//363 1323//363
f 197//364 27//364 254//364 1324//364
f 1324//365 254//365 255//365 1331//365
f 1331//366 255//366 256//366 1338//366
f 1338//367 256//367 257//367 1345//367
f 1345//368 257//368 258//368 1352//368
f 1352//369 258//369 259//369 1359//369
f 1359//370 259//370 260//370 1366//370
f 1366//371 260//371 37//371 981//371
f 1365//372 1366//372 981//372 980//372
f 1364//373 1365//373 980//373 979//373
f 1363//374 1364//374 979//374 978//374
f 1362//375 1363//375 978//375 977//375
f 1361//376 1362//376 977//376 976//376
f 1360//377 1361//377 976//377 975//377
f 183//378 1360//378 975//378 25//378
f 182//379 1353//379 1360//379 183//379
f 181//380 1346//380 1353//380 182//380
f 180//381 1339//381 1346//381 181//381
f 179//382 1332//382 1339//382 180//382
f 178//383 1325//383 1332//383 179//383
f 177//384 1318//384 1325//384 178//384
f 1367//385 1368//385 1375//385 1374//385
f 1368//386 1369//386 1376//386 1375//386
f 1369//387 1370//387 1377//387 1376//387
f 1370//388 1371//388 1378//388 1377//388
f 1371//389 1372//389 1379//389 1378//389
f 1372//390 1373//390 1380//390 1379//390
f 1374//391 1375//391 1382//391 1381//391
f 1375//392 1376//392 1383//392 1382//392
f 1376//393 1377//393 1384//393 1383//393
f 1377//394 1378//394 1385//394 1384//394
f 1378//395 1379//395 1386//395 1385//395
f 1379//396 1380//396 1387//396 1386//396
f 1381//397 1382//397 1389//397 1388//397
f 1382//398 1383//398 1390//398 1389//398
f 1383//399 1384//399 1391//399 1390//399
f 1384//400 1385//400 1392//400 1391//400
f 1385//401 1386//401 1393//401 1392//401
f 1386//402 1387//402 1394//402 1393//402
f 1388//403 1389//403 1396//403 1395//403
f 1389//404 1390//404 1397//404 1396//404
f 1390//405 1391//405 1398//405 1397//405
f 1391//406 1392//406 1399//406 1398//406
f 1392//407 1393//407 1400//407 1399//407
f 1393//408 1394//408 1401//408 1400//408
f 1395//409 1396//409 1403//409 1402//409
f 1396//410 1397//410 1404//410 1403//410
f 1397//411 1398//411 1405//411 1404//411
f 1398//412 1399//412 1406//412 1405//412
f 1399//413 1400//413 1407//413 1406//413
f 1400//414 1401//414 1408//414 1407//414
f 1402//415 1403//415 1410//415 1409//415
f 1403//416 1404//416 1411//416 1410//416
f 1404//417 1405//417 1412//417 1411//417
f 1405//418 1406//418 1413//418 1412//418
f 1406//419 1407//419 1414//419 1413//419
f 1407//420 1408//420 1415//420 1414//420
f 40//421 281//421 1367//421 792//421
f 281//422 280//422 1368//422 1367//422
f 280//423 279//423 1369//423 1368//423
f 279//424 278//424 1370//424 1369//424
f 278//425 277//425 1371//425 1370//425
f 277//426 276//426 1372//426 1371//426
f 276//427 275//427 1373//427 1372//427
f 275//428 31//428 218//428 1373//428
f 1373//429 218//429 217//429 1380//429
f 1380//430 217//430 216//430 1387//430
f 1387//431 216//431 215//431 1394//431
f 1394//432 215//432 214//432 1401//432
f 1401//433 214//433 213//433 1408//433
f 1408//434 213//434 212//434 1415//434
f 1415//435 212//435 7//435 205//435
f 1414//436 1415//436 205//436 206//436
f 1413//437 1414//437 206//437 207//437
f 1412//438 1413//438 207//438 208//438
f 1411//439 1412//439 208//439 209//439
f 1410//440 1411//440 209//440 210//440
f 1409//441 1410//441 210//441 211//441
f 786//442 1409//442 211//442 30//442
f 787//443 1402//443 1409//443 786//443
f 788//444 1395//444 1402//444 787//444
f 789//445 1388//445 1395//445 788//445
f 790//446 1381//446 1388//446 789//446
f 791//447 1374//447 1381//447 790//447
f 792//448 1367//448 1374//448 791//448
f 1416//449 1417//449 1424//449 1423//449
f 1417//450 1418//450 1425//450 1424//450
f 1418//451 1419//451 1426//451 1425//451
f 1419//452 1420//452 1427//452 1426//452
f 1420//453 1421//453 1428//453 1427//453
f 1421//454 1422//454 1429//454 1428//454
f 1423//455 1424//455 1431//455 1430//455
f 1424//456 1425//456 1432//456 1431//456
f 1425//457 1426//457 1433//457 1432//457
f 1426//458 1427//458 1434//458 1433//458
f 1427//459 1428//459 1435//459 1434//459
f 1428//460 1429//460 1436//460 1435//460
f 1430//461 1431//461 1438//461 1437//461
f 1431//462 1432//462 1439//462 1438//462
f 1432//463 1433//463 1440//463 1439//463
f 1433//464 1434//464 1441//464 1440//464
f 1434//465 1435//465 1442//465 1441//465
f 1435//466 1436//466 1443//466 1442//466
f 1437//467 1438//467 1445//467 1444//467
f 1438//468 1439//468 1446//468 1445//468
f 1439//469 1440//469 1447//469 1446//469
f 1440//470 1441//470 1448//470 1447//470
f 1441//471 1442//471 1449//471 1448//471
f 1442//472 1443//472 1450//472 1449//472
f 1444//473 1445//473 1452//473 1451//473
f 1445//474 1446//474 1453//474 1452//474
f 1446//475 1447//475 1454//475 1453//475
f 1447//476 1448//476 1455//476 1454//476
f 1448//477 1449//477 1456//477 1455//477
f 1449//478 1450//478 1457//478 1456//478
f 1451//479 1452//479 1459//479 1458//479
f 1452//480 1453//480 1460//480 1459//480
f 1453//481 1454//481 1461//481 1460//481
f 1454//482 1455//482 1462//482 1461//482
f 1455//483 1456//483 1463//483 1462//483
f 1456//484 1457//484 1464//484 1463//484
f 26//485 779//485 1416//485 729//485
f 779//486 780//486 1417//486 1416//486
f 780//487 781//487 1418//487 1417//487
f 781//488 782//488 1419//488 1418//488
f 782//489 783//489 1420//489 1419//489
f 783//490 784//490 1421//490 1420//490
f 784//491 785//491 1422//491 1421//491
f 785//492 39//492 274//492 1422//492
f 1422//493 274//493 273//493 1429//493
f 1429//494 273//494 272//494 1436//494
f 1436//495 272//495 271//495 1443//495
f 1443//496 271//496 270//496 1450//496
f 1450//497 270//497 269//497 1457//497
f 1457//498 269//498 268//498 1464//498
f 1464//499 268//499 29//499 743//499
f 1463//500 1464//500 743//500 742//500
f 1462//501 1463//501 742//501 741//501
f 1461//502 1462//502 741//502 740//502
f 1460//503 1461//503 740//503 739//503
f 1459//504 1460//504 739//504 738//504
f 1458//505 1459//505 738//505 737//505
f 723//506 1458//506 737//506 6//506
f 724//507 1451//507 1458//507 723//507
f 725//508 1444//508 1451//508 724//508
f 726//509 1437//509 1444//509 725//509
f 727//510 1430//510 1437//510 726//510
f 728//511 1423//511 1430//511 727//511
f 729//512 1416//512 1423//512 728//512
f 1465//513 1466//513 1473//513 1472//513
f 1466//514 1467//514 1474//514 1473//514
f 1467//515 1468//515 1475//515 1474//515
f 1468//516 1469//516 1476//516 1475//516
f 1469//517 1470//517 1477//517 1476//517
f 1470//518 1471//518 1478//518 1477//518
f 1472//519 1473//519 1480//519 1479//519
f 1473//520 1474//520 1481//520 1480//520
f 1474//521 1475//521 1482//521 1481//521
f 1475//522 1476//522 1483//522 1482//522
f 1476//523 1477//523 1484//523 1483//523
f 1477//524 1478//524 1485//524 1484//524
f 1479//525 1480//525 1487//525 1486//525
f 1480//526 1481//526 1488//526 1487//526
f 1481//527 1482//527 1489//527 1488//527
f 1482//528 1483//528 1490//528 1489//528
f 1483//529 1484//529 1491//529 1490//529
f 1484//530 1485//530 1492//530 1491//530
f 1486//531 1487//531 1494//531 1493//531
f 1487//532 1488//532 1495//532 1494//532
f 1488//533 1489//533 1496//533 1495//533
f 1489//534 1490//534 1497//534 1496//534
f 1490//535 1491//535 1498//535 1497//535
f 1491//536 1492//536 1499//536 1498//536
f 1493//537 1494//537 1501//537 1500//537
f 1494//538 1495//538 1502//538 1501//538
f 1495//539 1496//539 1503//539 1502//539
f 1496//540 1497//540 1504//540 1503//540
f 1497//541 1498//541 1505//541 1504//541
f 1498//542 1499//542 1506//542 1505//542
f 1500//543 1501//543 1508//543 1507//543
f 1501//544 1502//544 1509//544 1508//544
f 1502//545 1503//545 1510//545 1509//545
f 1503//546 1504//546 1511//546 1510//546
f 1504//547 1505//547 1512//547 1511//547
f 1505//548 1506//548 1513//548 1512//548
f 14//549 120//549 1465//549 793//549
f 120//550 119//550 1466//550 1465//550
f 119//551 118//551 1467//551 1466//551
f 118//552 117//552 1468//552 1467//552
f 117//553 116//553 1469//553 1468//553
f 116//554 115//554 1470//554 1469//554
f 115//555 114//555 1471//555 1470//555
f 114//556 5//556 177//556 1471//556
f 1471//557 177//557 178//557 1478//557
f 1478//558 178//558 179//558 1485//558
f 1485//559 179//559 180//559 1492//559
f 1492//560 180//560 181//560 1499//560
f 1499//561 181//561 182//561 1506//561
f 1506//562 182//562 183//562 1513//562
f 1513//563 183//563 25//563 289//563
f 1512//564 1513//564 289//564 290//564
f 1511//565 1512//565 290//565 291//565
f 1510//566 1511//566 291//566 292//566
f 1509//567 1510//567 292//567 293//567
f 1508//568 1509//568 293//568 294//568
f 1507//569 1508//569 294//569 295//569
f 799//570 1507//570 295//570 42//570
f 798//571 1500//571 1507//571 799//571
f 797//572 1493//572 1500//572 798//572
f 796//573 1486//573 1493//573 797//573
f 795//574 1479//574 1486//574 796//574
f 794//575 1472//575 1479//575 795//575
f 793//576 1465//576 1472//576 794//576
f 1514//577 1515//577 1522//577 1521//577
f 1515//578 1516//578 1523//578 1522//578
f 1516//579 1517//579 1524//579 1523//579
f 1517//580 1518//580 1525//580 1524//580
f 1518//581 1519//581 1526//581 1525//581
f 1519//582 1520//582 1527//582 1526//582
f 1521//583 1522//583 1529//583 1528//583
f 1522//584 1523//584 1530//584 1529//584
f 1523//585 1524//585 1531//585 1530//585
f 1524//586 1525//586 1532//586 1531//586
f 1525//587 1526//587 1533//587 1532//587
f 1526//588 1527//588 1534//588 1533//588
f 1528//589 1529//589 1536//589 1535//589
f 1529//590 1530//590 1537//590 1536//590
f 1530//591 1531//591 1538//591 1537//591
f 1531//592 1532//592 1539//592 1538//592
f 1532//593 1533//593 1540//593 1539//593
f 1533//594 1534//594 1541//594 1540//594
f 1535//595 1536//595 1543//595 1542//595
f 1536//596 1537//596 1544//596 1543//596
f 1537//597 1538//597 1545//597 1544//597
f 1538//598 1539//598 1546//598 1545//598
f 1539//599 1540//599 1547//599 1546//599
f 1540//600 1541//600 1548//600 1547//600
f 1542//601 1543//601 1550//601 1549//601
f 1543//602 1544//602 1551//602 1550//602
f 1544//603 1545//603 1552//603 1551//603
f 1545//604 1546//604 1553//604 1552//604
f 1546//605 1547//605 1554//605 1553//605
f 1547//606 1548//606 1555//606 1554//606
f 1549//607 1550//607 1557//607 1556//607
f 1550//608 1551//608 1558//608 1557//608
f 1551//609 1552//609 1559//609 1558//609
f 1552//610 1553//610 1560//610 1559//610
f 1553//611 1554//611 1561//611 1560//611
f 1554//612 1555//612 1562//612 1561//612
f 1//613 107//613 1514//613 79//613
f 107//614 108//614 1515//614 1514//614
f 108//615 109//615 1516//615 1515//615
f 109//616 110//616 1517//616 1516//616
f 110//617 111//617 1518//617 1517//617
f 111//618 112//618 1519//618 1518//618
f 112//619 113//619 1520//619 1519//619
f 113//620 13//620 282//620 1520//620
f 1520//621 282//621 283//621 1527//621
f 1527//622 283//622 284//622 1534//622
f 1534//623 284//623 285//623 1541//623
f 1541//624 285//624 286//624 1548//624
f 1548//625 286//625 287//625 1555//625
f 1555//626 287//626 288//626 1562//626
f 1562//627 288//627 41//627 673//627
f 1561//628 1562//628 673//628 672//628
f 1560//629 1561//629 672//629 671//629
f 1559//630 1560//630 671//630 670//630
f 1558//631 1559//631 670//631 669//631
f 1557//632 1558//632 669//632 668//632
f 1556//633 1557//633 668//633 667//633
f 85//634 1556//634 667//634 9//634
f 84//635 1549//635 1556//635 85//635
f 83//636 1542//636 1549//636 84//636
f 82//637 1535//637 1542//637 83//637
f 81//638 1528//638 1535//638 82//638
f 80//639 1521//639 1528//639 81//639
f 79//640 1514//640 1521//640 80//640
f 1563//641 1564//641 1571//641 1570//641
f 1564//642 1565//642 1572//642 1571//642
f 1565//643 1566//643 1573//643 1572//643
f 1566//644 1567//644 1574//644 1573//644
f 1567//645 1568//645 1575//645 1574//645
f 1568//646 1569//646 1576//646 1575//646
f 1570//647 1571//647 1578//647 1577//647
f 1571//648 1572//648 1579//648 1578//648
f 1572//649 1573//649 1580//649 1579//649
f 1573//650 1574//650 1581//650 1580//650
f 1574//651 1575//651 1582//651 1581//651
f 1575//652 1576//652 1583//652 1582//652
f 1577//653 1578//653 1585//653 1584//653
f 1578//654 1579//654 1586//654 1585//654
f 1579//655 1580//655 1587//655 1586//655
f 1580//656 1581//656 1588//656 1587//656
f 1581//657 1582//657 1589//657 1588//657
f 1582//658 1583//658 1590//658 1589//658
f 1584//659 1585//659 1592//659 1591//659
f 1585//660 1586//660 1593//660 1592//660
f 1586//661 1587//661 1594//661 1593//661
f 1587//662 1588//662 1595//662 1594//662
f 1588//663 1589//663 1596//663 1595//663
f 1589//664 1590//664 1597//664 1596//664
f 1591//665 1592//665 1599//665 1598//665
f 1592//666 1593//666 1600//666 1599//666
f 1593//667 1594//667 1601//667 1600//667
f 1594//668 1595//668 1602//668 1601//668
f 1595//669 1596//669 1603//669 1602//669
f 1596//670 1597//670 1604//670 1603//670
f 1598//671 1599//671 1606//671 1605//671
f 1599//672 1600//672 1607//672 1606//672
f 1600//673 1601//673 1608//673 1607//673
f 1601//674 1602//674 1609//674 1608//674
f 1602//675 1603//675 1610//675 1609//675
f 1603//676 1604//676 1611//676 1610//676
f 44//677 526//677 1563//677 813//677
f 526//678 525//678 1564//678 1563//678
f 525//679 524//679 1565//679 1564//679
f 524//680 523//680 1566//680 1565//680
f 523//681 522//681 1567//681 1566//681
f 522//682 521//682 1568//682 1567//682
f 521//683 520//683 1569//683 1568//683
f 520//684 26//684 729//684 1569//684
f 1569//685 729//685 728//685 1576//685
f 1576//686 728//686 727//686 1583//686
f 1583//687 727//687 726//687 1590//687
f 1590//688 726//688 725//688 1597//688
f 1597//689 725//689 724//689 1604//689
f 1604//690 724//690 723//690 1611//690
f 1611//691 723//691 6//691 695//691
f 1610//692 1611//692 695//692 696//692
f 1609//693 1610//693 696//693 697//693
f 1608//694 1609//694 697//694 698//694
f 1607//695 1608//695 698//695 699//695
f 1606//696 1607//696 699//696 700//696
f 1605//697 1606//697 700//697 701//697
f 807//698 1605//698 701//698 18//698
f 808//699 1598//699 1605//699 807//699
f 809//700 1591//700 1598//700 808//700
f 810//701 1584//701 1591//701 809//701
f 811//702 1577//702 1584//702 810//702
f 812//703 1570//703 1577//703 811//703
f 813//704 1563//704 1570//704 812//704
f 1612//705 1613//705 1620//705 1619//705
f 1613//706 1614//706 1621//706 1620//706
f 1614//707 1615//707 1622//707 1621//707
f 1615//708 1616//708 1623//708 1622//708
f 1616//709 1617//709 1624//709 1623//709
f 1617//710 1618//710 1625//710 1624//710
f 1619//711 1620//711 1627//711 1626//711
f 1620//712 1621//712 1628//712 1627//712
f 1621//713 1622//713 1629//713 1628//713
f 1622//714 1623//714 1630//714 1629//714
f 1623//715 1624//715 1631//715 1630//715
f 1624//716 1625//716 1632//716 1631//716
f 1626//717 1627//717 1634//717 1633//717
f 1627//718 1628//718 1635//718 1634//718
f 1628//719 1629//719 1636//719 1635//719
f 1629//720 1630//720 1637//720 1636//720
f 1630//721 1631//721 1638//721 1637//721
f 1631//722 1632//722 1639//722 1638//722
f 1633//723 1634//723 1641//723 1640//723
f 1634//724 1635//724 1642//724 1641//724
f 1635//725 1636//725 1643//725 1642//725
f 1636//726 1637//726 1644//726 1643//726
f 1637//727 1638//727 1645//727 1644//727
f 1638//728 1639//728 1646//728 1645//728
f 1640//729 1641//729 1648//729 1647//729
f 1641//730 1642//730 1649//730 1648//730
f 1642//731 1643//731 1650//731 1649//731
f 1643//732 1644//732 1651//732 1650//732
f 1644//733 1645//733 1652//733 1651//733
f 1645//734 1646//734 1653//734 1652//734
f 1647//735 1648//735 1655//735 1654//735
f 1648//736 1649//736 1656//736 1655//736
f 1649//737 1650//737 1657//737 1656//737
f 1650//738 1651//738 1658//738 1657//738
f 1651//739 1652//739 1659//739 1658//739
f 1652//740 1653//740 1660//740 1659//740
f 10//741 800//741 1612//741 666//741
f 800//742 801//742 1613//742 1612//742
f 801//743 802//743 1614//743 1613//743
f 802//744 803//744 1615//744 1614//744
f 803//745 804//745 1616//745 1615//745
f 804//746 805//746 1617//746 1616//746
f 805//747 806//747 1618//747 1617//747
f 806//748 43//748 302//748 1618//748
f 1618//749 302//749 301//749 1625//749
f 1625//750 301//750 300//750 1632//750
f 1632//751 300//751 299//751 1639//751
f 1639//752 299//752 298//752 1646//752
f 1646//753 298//753 297//753 1653//753
f 1653//754 297//754 296//754 1660//754
f 1660//755 296//755 17//755 694//755
f 1659//756 1660//756 694//756 693//756
f 1658//757 1659//757 693//757 692//757
f 1657//758 1658//758 692//758 691//758
f 1656//759 1657//759 691//759 690//759
f 1655//760 1656//760 690//760 689//760
f 1654//761 1655//761 689//761 688//761
f 660//762 1654//762 688//762 2//762
f 661//763 1647//763 1654//763 660//763
f 662//764 1640//764 1647//764 661//764
f 663//765 1633//765 1640//765 662//765
f 664//766 1626//766 1633//766 663//766
f 665//767 1619//767 1626//767 664//767
f 666//768 1612//768 1619//768 665//768
f 1661//769 1662//769 1669//769 1668//769
f 1662//770 1663//770 1670//770 1669//770
f 1663//771 1664//771 1671//771 1670//771
f 1664//772 1665//772 1672//772 1671//772
f 1665//773 1666//773 1673//773 1672//773
f 1666//774 1667//774 1674//774 1673//774
f 1668//775 1669//775 1676//775 1675//775
f 1669//776 1670//776 1677//776 1676//776
f 1670//777 1671//777 1678//777 1677//777
f 1671//778 1672//778 1679//778 1678//778
f 1672//779 1673//779 1680//779 1679//779
f 1673//780 1674//780 1681//780 1680//780
f 1675//781 1676//781 1683//781 1682//781
f 1676//782 1677//782 1684//782 1683//782
f 1677//783 1678//783 1685//783 1684//783
f 1678//784 1679//784 1686//784 1685//784
f 1679//785 1680//785 1687//785 1686//785
f 1680//786 1681//786 1688//786 1687//786
f 1682//787 1683//787 1690//787 1689//787
f 1683//788 1684//788 1691//788 1690//788
f 1684//789 1685//789 1692//789 1691//789
f 1685//790 1686//790 1693//790 1692//790
f 1686//791 1687//791 1694//791 1693//791
f 1687//792 1688//792 1695//792 1694//792
f 1689//793 1690//793 1697//793 1696//793
f 1690//794 1691//794 1698//794 1697//794
f 1691//795 1692//795 1699//795 1698//795
f 1692//796 1693//796 1700//796 1699//796
f 1693//797 1694//797 1701//797 1700//797
f 1694//798 1695//798 1702//798 1701//798
f 1696//799 1697//799 1704//799 1703//799
f 1697//800 1698//800 1705//800 1704//800
f 1698//801 1699//801 1706//801 1705//801
f 1699//802 1700//802 1707//802 1706//802
f 1700//803 1701//803 1708//803 1707//803
f 1701//804 1702//804 1709//804 1708//804
f 18//805 701//805 1661//805 814//805
f 701//806 700//806 1662//806 1661//806
f 700//807 699//807 1663//807 1662//807
f 699//808 698//808 1664//808 1663//808
f 698//809 697//809 1665//809 1664//809
f 697//810 696//810 1666//810 1665//810
f 696//811 695//811 1667//811 1666//811
f 695//812 6//812 737//812 1667//812
f 1667//813 737//813 738//813 1674//813
f 1674//814 738//814 739//814 1681//814
f 1681//815 739//815 740//815 1688//815
f 1688//816 740//816 741//816 1695//816
f 1695//817 741//817 742//817 1702//817
f 1702//818 742//818 743//818 1709//818
f 1709//819 743//819 29//819 317//819
f 1708//820 1709//820 317//820 318//820
f 1707//821 1708//821 318//821 319//821
f 1706//822 1707//822 319//822 320//822
f 1705//823 1706//823 320//823 321//823
f 1704//824 1705//824 321//824 322//824
f 1703//825 1704//825 322//825 323//825
f 820//826 1703//826 323//826 46//826
f 819//827 1696//827 1703//827 820//827
f 818//828 1689//828 1696//828 819//828
f 817//829 1682//829 1689//829 818//829
f 816//830 1675//830 1682//830 817//830
f 815//831 1668//831 1675//831 816//831
f 814//832 1661//832 1668//832 815//832
f 1710//833 1711//833 1718//833 1717//833
f 1711//834 1712//834 1719//834 1718//834
f 1712//835 1713//835 1720//835 1719//835
f 1713//836 1714//836 1721//836 1720//836
f 1714//837 1715//837 1722//837 1721//837
f 1715//838 1716//838 1723//838 1722//838
f 1717//839 1718//839 1725//839 1724//839
f 1718//840 1719//840 1726//840 1725//840
f 1719//841 1720//841 1727//841 1726//841
f 1720//842 1721//842 1728//842 1727//842
f 1721//843 1722//843 1729//843 1728//843
f 1722//844 1723//844 1730//844 1729//844
f 1724//845 1725//845 1732//845 1731//845
f 1725//846 1726//846 1733//846 1732//846
f 1726//847 1727//847 1734//847 1733//847
f 1727//848 1728//848 1735//848 1734//848
f 1728//849 1729//849 1736//849 1735//849
f 1729//850 1730//850 1737//850 1736//850
f 1731//851 1732//851 1739//851 1738//851
f 1732//852 1733//852 1740//852 1739//852
f 1733//853 1734//853 1741//853 1740//853
f 1734//854 1735//854 1742//854 1741//854
f 1735//855 1736//855 1743//855 1742//855
f 1736//856 1737//856 1744//856 1743//856
f 1738//857 1739//857 1746//857 1745//857
f 1739//858 1740//858 1747//858 1746//858
f 1740//859 1741//859 1748//859 1747//859
f 1741//860 1742//860 1749//860 1748//860
f 1742//861 1743//861 1750//861 1749//861
f 1743//862 1744//862 1751//862 1750//862
f 1745//863 1746//863 1753//863 1752//863
f 1746//864 1747//864 1754//864 1753//864
f 1747//865 1748//865 1755//865 1754//865
f 1748//866 1749//866 1756//866 1755//866
f 1749//867 1750//867 1757//867 1756//867
f 1750//868 1751//868 1758//868 1757//868
f 2//869 688//869 1710//869 681//869
f 688//870 689//870 1711//870 1710//870
f 689//871 690//871 1712//871 1711//871
f 690//872 691//872 1713//872 1712//872
f 691//873 692//873 1714//873 1713//873
f 692//874 693//874 1715//874 1714//874
f 693//875 694//875 1716//875 1715//875
f 694//876 17//876 310//876 1716//876
f 1716//877 310//877 311//877 1723//877
f 1723//878 311//878 312//878 1730//878
f 1730//879 312//879 313//879 1737//879
f 1737//880 313//880 314//880 1744//880
f 1744//881 314//881 315//881 1751//881
f 1751//882 315//882 316//882 1758//882
f 1758//883 316//883 45//883 939//883
f 1757//884 1758//884 939//884 938//884
f 1756//885 1757//885 938//885 937//885
f 1755//886 1756//886 937//886 936//886
f 1754//887 1755//887 936//887 935//887
f 1753//888 1754//888 935//888 934//888
f 1752//889 1753//889 934//889 933//889
f 687//890 1752//890 933//890 15//890
f 686//891 1745//891 1752//891 687//891
f 685//892 1738//892 1745//892 686//892
f 684//893 1731//893 1738//893 685//893
f 683//894 1724//894 1731//894 684//894
f 682//895 1717//895 1724//895 683//895
f 681//896 1710//896 1717//896 682//896
f 1759//897 1760//897 1767//897 1766//897
f 1760//898 1761//898 1768//898 1767//898
f 1761//899 1762//899 1769//899 1768//899
f 1762//900 1763//900 1770//900 1769//900
f 1763//901 1764//901 1771//901 1770//901
f 1764//902 1765//902 1772//902 1771//902
f 1766//903 1767//903 1774//903 1773//903
f 1767//904 1768//904 1775//904 1774//904
f 1768//905 1769//905 1776//905 1775//905
f 1769//906 1770//906 1777//906 1776//906
f 1770//907 1771//907 1778//907 1777//907
f 1771//908 1772//908 1779//908 1778//908
f 1773//909 1774//909 1781//909 1780//909
f 1774//910 1775//910 1782//910 1781//910
f 1775//911 1776//911 1783//911 1782//911
f 1776//912 1777//912 1784//912 1783//912
f 1777//913 1778//913 1785//913 1784//913
f 1778//914 1779//914 1786//914 1785//914
f 1780//915 1781//915 1788//915 1787//915
f 1781//916 1782//916 1789//916 1788//916
f 1782//917 1783//917 1790//917 1789//917
f 1783//918 1784//918 1791//918 1790//918
f 1784//919 1785//919 1792//919 1791//919
f 1785//920 1786//920 1793//920 1792//920
f 1787//921 1788//921 1795//921 1794//921
f 1788//922 1789//922 1796//922 1795//922
f 1789//923 1790//923 1797//923 1796//923
f 1790//924 1791//924 1798//924 1797//924
f 1791//925 1792//925 1799//925 1798//925
f 1792//926 1793//926 1800//926 1799//926
f 1794//927 1795//927 1802//927 1801//927
f 1795//928 1796//928 1803//928 1802//928
f 1796//929 1797//929 1804//929 1803//929
f 1797//930 1798//930 1805//930 1804//930
f 1798//931 1799//931 1806//931 1805//931
f 1799//932 1800//932 1807//932 1806//932
f 48//933 617//933 1759//933 834//933
f 617//934 616//934 1760//934 1759//934
f 616//935 615//935 1761//935 1760//935
f 615//936 614//936 1762//936 1761//936
f 614//937 613//937 1763//937 1762//937
f 613//938 612//938 1764//938 1763//938
f 612//939 611//939 1765//939 1764//939
f 611//940 30//940 211//940 1765//940
f 1765//941 211//941 210//941 1772//941
f 1772//942 210//942 209//942 1779//942
f 1779//943 209//943 208//943 1786//943
f 1786//944 208//944 207//944 1793//944
f 1793//945 207//945 206//945 1800//945
f 1800//946 206//946 205//946 1807//946
f 1807//947 205//947 7//947 163//947
f 1806//948 1807//948 163//948 164//948
f 1805//949 1806//949 164//949 165//949
f 1804//950 1805//950 165//950 166//950
f 1803//951 1804//951 166//951 167//951
f 1802//952 1803//952 167//952 168//952
f 1801//953 1802//953 168//953 169//953
f 828//954 1801//954 169//954 22//954
f 829//955 1794//955 1801//955 828//955
f 830//956 1787//956 1794//956 829//956
f 831//957 1780//957 1787//957 830//957
f 832//958 1773//958 1780//958 831//958
f 833//959 1766//959 1773//959 832//959
f 834//960 1759//960 1766//960 833//960
f 1808//961 1809//961 1816//961 1815//961
f 1809//962 1810//962 1817//962 1816//962
f 1810//963 1811//963 1818//963 1817//963
f 1811//964 1812//964 1819//964 1818//964
f 1812//965 1813//965 1820//965 1819//965
f 1813//966 1814//966 1821//966 1820//966
f 1815//967 1816//967 1823//967 1822//967
f 1816//968 1817//968 1824//968 1823//968
f 1817//969 1818//969 1825//969 1824//969
f 1818//970 1819//970 1826//970 1825//970
f 1819//971 1820//971 1827//971 1826//971
f 1820//972 1821//972 1828//972 1827//972
f 1822//973 1823//973 1830//973 1829//973
f 1823//974 1824//974 1831//974 1830//974
f 1824//975 1825//975 1832//975 1831//975
f 1825//976 1826//976 1833//976 1832//976
f 1826//977 1827//977 1834//977 1833//977
f 1827//978 1828//978 1835//978 1834//978
f 1829//979 1830//979 1837//979 1836//979
f 1830//980 1831//980 1838//980 1837//980
f 1831//981 1832//981 1839//981 1838//981
f 1832//982 1833//982 1840//982 1839//982
f 1833//983 1834//983 1841//983 1840//983
f 1834//984 1835//984 1842//984 1841//984
f 1836//985 1837//985 1844//985 1843//985
f 1837//986 1838//986 1845//986 1844//986
f 1838//987 1839//987 1846//987 1845//987
f 1839//988 1840//988 1847//988 1846//988
f 1840//989 1841//989 1848//989 1847//989
f 1841//990 1842//990 1849//990 1848//990
f 1843//991 1844//991 1851//991 1850//991
f 1844//992 1845//992 1852//992 1851//992
f 1845//993 1846//993 1853//993 1852//993
f 1846//994 1847//994 1854//994 1853//994
f 1847//995 1848//995 1855//995 1854//995
f 1848//996 1849//996 1856//996 1855//996
f 16//997 821//997 1808//997 127//997
f 821//998 822//998 1809//998 1808//998
f 822//999 823//999 1810//999 1809//999
f 823//1000 824//1000 1811//1000 1810//1000
f 824//1001 825//1001 1812//1001 1811//1001
f 825//1002 826//1002 1813//1002 1812//1002
f 826//1003 827//1003 1814//1003 1813//1003
f 827//1004 47//1004 330//1004 1814//1004
f 1814//1005 330//1005 329//1005 1821//1005
f 1821//1006 329//1006 328//1006 1828//1006
f 1828//1007 328//1007 327//1007 1835//1007
f 1835//1008 327//1008 326//1008 1842//1008
f 1842//1009 326//1009 325//1009 1849//1009
f 1849//1010 325//1010 324//1010 1856//1010
f 1856//1011 324//1011 21//1011 162//1011
f 1855//1012 1856//1012 162//1012 161//1012
f 1854//1013 1855//1013 161//1013 160//1013
f 1853//1014 1854//1014 160//1014 159//1014
f 1852//1015 1853//1015 159//1015 158//1015
f 1851//1016 1852//1016 158//1016 157//1016
f 1850//1017 1851//1017 157//1017 156//1017
f 121//1018 1850//1018 156//1018 3//1018
f 122//1019 1843//1019 1850//1019 121//1019
f 123//1020 1836//1020 1843//1020 122//1020
f 124//1021 1829//1021 1836//1021 123//1021
f 125//1022 1822//1022 1829//1022 124//1022
f 126//1023 1815//1023 1822//1023 125//1023
f 127//1024 1808//1024 1815//1024 126//1024
f 1857//1025 1858//1025 1865//1025 1864//1025
f 1858//1026 1859//1026 1866//1026 1865//1026
f 1859//1027 1860//1027 1867//1027 1866//1027
f 1860//1028 1861//1028 1868//1028 1867//1028
f 1861//1029 1862//1029 1869//1029 1868//1029
f 1862//1030 1863//1030 1870//1030 1869//1030
f 1864//1031 1865//1031 1872//1031 1871//1031
f 1865//1032 1866//1032 1873//1032 1872//1032
f 1866//1033 1867//1033 1874//1033 1873//1033
f 1867//1034 1868//1034 1875//1034 1874//1034
f 1868//1035 1869//1035 1876//1035 1875//1035
f 1869//1036 1870//1036 1877//1036 1876//1036
f 1871//1037 1872//1037 1879//1037 1878//1037
f 1872//1038 1873//1038 1880//1038 1879//1038
f 1873//1039 1874//1039 1881//1039 1880//1039
f 1874//1040 1875//1040 1882//1040 1881//1040
f 1875//1041 1876//1041 1883//1041 1882//1041
f 1876//1042 1877//1042 1884//1042 1883//1042
f 1878//1043 1879//1043 1886//1043 1885//1043
f 1879//1044 1880//1044 1887//1044 1886//1044
f 1880//1045 1881//1045 1888//1045 1887//1045
f 1881//1046 1882//1046 1889//1046 1888//1046
f 1882//1047 1883//1047 1890//1047 1889//1047
f 1883//1048 1884//1048 1891//1048 1890//1048
f 1885//1049 1886//1049 1893//1049 1892//1049
f 1886//1050 1887//1050 1894//1050 1893//1050
f 1887//1051 1888//1051 1895//1051 1894//1051
f 1888//1052 1889//1052 1896//1052 1895//1052
f 1889//1053 1890//1053 1897//1053 1896//1053
f 1890//1054 1891//1054 1898//1054 1897//1054
f 1892//1055 1893//1055 1900//1055 1899//1055
f 1893//1056 1894//1056 1901//1056 1900//1056
f 1894//1057 1895//1057 1902//1057 1901//1057
f 1895//1058 1896//1058 1903//1058 1902//1058
f 1896//1059 1897//1059 1904//1059 1903//1059
f 1897//1060 1898//1060 1905//1060 1904//1060
f 22//1061 169//1061 1857//1061 835//1061
f 169//1062 168//1062 1858//1062 1857//1062
f 168//1063 167//1063 1859//1063 1858//1063
f 167//1064 166//1064 1860//1064 1859//1064
f 166//1065 165//1065 1861//1065 1860//1065
f 165//1066 164//1066 1862//1066 1861//1066
f 164//1067 163//1067 1863//1067 1862//1067
f 163//1068 7//1068 212//1068 1863//1068
f 1863//1069 212//1069 213//1069 1870//1069
f 1870//1070 213//1070 214//1070 1877//1070
f 1877//1071 214//1071 215//1071 1884//1071
f 1884//1072 215//1072 216//1072 1891//1072
f 1891//1073 216//1073 217//1073 1898//1073
f 1898//1074 217//1074 218//1074 1905//1074
f 1905//1075 218//1075 31//1075 345//1075
f 1904//1076 1905//1076 345//1076 346//1076
f 1903//1077 1904//1077 346//1077 347//1077
f 1902//1078 1903//1078 347//1078 348//1078
f 1901//1079 1902//1079 348//1079 349//1079
f 1900//1080 1901//1080 349//1080 350//1080
f 1899//1081 1900//1081 350//1081 351//1081
f 841//1082 1899//1082 351//1082 50//1082
f 840//1083 1892//1083 1899//1083 841//1083
f 839//1084 1885//1084 1892//1084 840//1084
f 838//1085 1878//1085 1885//1085 839//1085
f 837//1086 1871//1086 1878//1086 838//1086
f 836//1087 1864//1087 1871//1087 837//1087
f 835//1088 1857//1088 1864//1088 836//1088
f 1906//1089 1907//1089 1914//1089 1913//1089
f 1907//1090 1908//1090 1915//1090 1914//1090
f 1908//1091 1909//1091 1916//1091 1915//1091
f 1909//1092 1910//1092 1917//1092 1916//1092
f 1910//1093 1911//1093 1918//1093 1917//1093
f 1911//1094 1912//1094 1919//1094 1918//1094
f 1913//1095 1914//1095 1921//1095 1920//1095
f 1914//1096 1915//1096 1922//1096 1921//1096
f 1915//1097 1916//1097 1923//1097 1922//1097
f 1916//1098 1917//1098 1924//1098 1923//1098
f 1917//1099 1918//1099 1925//1099 1924//1099
f 1918//1100 1919//1100 1926//1100 1925//1100
f 1920//1101 1921//1101 1928//1101 1927//1101
f 1921//1102 1922//1102 1929//1102 1928//1102
f 1922//1103 1923//1103 1930//1103 1929//1103
f 1923//1104 1924//1104 1931//1104 1930//1104
f 1924//1105 1925//1105 1932//1105 1931//1105
f 1925//1106 1926//1106 1933//1106 1932//1106
f 1927//1107 1928//1107 1935//1107 1934//1107
f 1928//1108 1929//1108 1936//1108 1935//1108
f 1929//1109 1930//1109 1937//1109 1936//1109
f 1930//1110 1931//1110 1938//1110 1937//1110
f 1931//1111 1932//1111 1939//1111 1938//1111
f 1932//1112 1933//1112 1940//1112 1939//1112
f 1934//1113 1935//1113 1942//1113 1941//1113
f 1935//1114 1936//1114 1943//1114 1942//1114
f 1936//1115 1937//1115 1944//1115 1943//1115
f 1937//1116 1938//1116 1945//1116 1944//1116
f 1938//1117 1939//1117 1946//1117 1945//1117
f 1939//1118 1940//1118 1947//1118 1946//1118
f 1941//1119 1942//1119 1949//1119 1948//1119
f 1942//1120 1943//1120 1950//1120 1949//1120
f 1943//1121 1944//1121 1951//1121 1950//1121
f 1944//1122 1945//1122 1952//1122 1951//1122
f 1945//1123 1946//1123 1953//1123 1952//1123
f 1946//1124 1947//1124 1954//1124 1953//1124
f 3//1125 156//1125 1906//1125 142//1125
f 156//1126 157//1126 1907//1126 1906//1126
f 157//1127 158//1127 1908//1127 1907//1127
f 158//1128 159//1128 1909//1128 1908//1128
f 159//1129 160//1129 1910//1129 1909//1129
f 160//1130 161//1130 1911//1130 1910//1130
f 161//1131 162//1131 1912//1131 1911//1131
f 162//1132 21//1132 338//1132 1912//1132
f 1912//1133 338//1133 339//1133 1919//1133
f 1919//1134 339//1134 340//1134 1926//1134
f 1926//1135 340//1135 341//1135 1933//1135
f 1933//1136 341//1136 342//1136 1940//1136
f 1940//1137 342//1137 343//1137 1947//1137
f 1947//1138 343//1138 344//1138 1954//1138
f 1954//1139 344//1139 49//1139 988//1139
f 1953//1140 1954//1140 988//1140 987//1140
f 1952//1141 1953//1141 987//1141 986//1141
f 1951//1142 1952//1142 986//1142 985//1142
f 1950//1143 1951//1143 985//1143 984//1143
f 1949//1144 1950//1144 984//1144 983//1144
f 1948//1145 1949//1145 983//1145 982//1145
f 148//1146 1948//1146 982//1146 19//1146
f 147//1147 1941//1147 1948//1147 148//1147
f 146//1148 1934//1148 1941//1148 147//1148
f 145//1149 1927//1149 1934//1149 146//1149
f 144//1150 1920//1150 1927//1150 145//1150
f 143//1151 1913//1151 1920//1151 144//1151
f 142//1152 1906//1152 1913//1152 143//1152
f 1955//1153 1956//1153 1963//1153 1962//1153
f 1956//1154 1957//1154 1964//1154 1963//1154
f 1957//1155 1958//1155 1965//1155 1964//1155
f 1958//1156 1959//1156 1966//1156 1965//1156
f 1959//1157 1960//1157 1967//1157 1966//1157
f 1960//1158 1961//1158 1968//1158 1967//1158
f 1962//1159 1963//1159 1970//1159 1969//1159
f 1963//1160 1964//1160 1971//1160 1970//1160
f 1964//1161 1965//1161 1972//1161 1971//1161
f 1965//1162 1966//1162 1973//1162 1972//1162
f 1966//1163 1967//1163 1974//1163 1973//1163
f 1967//1164 1968//1164 1975//1164 1974//1164
f 1969//1165 1970//1165 1977//1165 1976//1165
f 1970//1166 1971//1166 1978//1166 1977//1166
f 1971//1167 1972//1167 1979//1167 1978//1167
f 1972//1168 1973//1168 1980//1168 1979//1168
f 1973//1169 1974//1169 1981//1169 1980//1169
f 1974//1170 1975//1170 1982//1170 1981//1170
f 1976//1171 1977//1171 1984//1171 1983//1171
f 1977//1172 1978//1172 1985//1172 1984//1172
f 1978//1173 1979//1173 1986//1173 1985//1173
f 1979//1174 1980//1174 1987//1174 1986//1174
f 1980//1175 1981//1175 1988//1175 1987//1175
f 1981//1176 1982//1176 1989//1176 1988//1176
f 1983//1177 1984//1177 1991//1177 1990//1177
f 1984//1178 1985//1178 1992//1178 1991//1178
f 1985//1179 1986//1179 1993//1179 1992//1179
f 1986//1180 1987//1180 1994//1180 1993//1180
f 1987//1181 1988//1181 1995//1181 1994//1181
f 1988//1182 1989//1182 1996//1182 1995//1182
f 1990//1183 1991//1183 1998//1183 1997//1183
f 1991//1184 1992//1184 1999//1184 1998//1184
f 1992//1185 1993//1185 2000//1185 1999//1185
f 1993//1186 1994//1186 2001//1186 2000//1186
f 1994//1187 1995//1187 2002//1187 2001//1187
f 1995//1188 1996//1188 2003//1188 2002//1188
f 52//1189 659//1189 1955//1189 855//1189
f 659//1190 658//1190 1956//1190 1955//1190
f 658//1191 657//1191 1957//1191 1956//1191
f 657//1192 656//1192 1958//1192 1957//1192
f 656//1193 655//1193 1959//1193 1958//1193
f 655//1194 654//1194 1960//1194 1959//1194
f 654//1195 653//1195 1961//1195 1960//1195
f 653//1196 32//1196 750//1196 1961//1196
f 1961//1197 750//1197 749//1197 1968//1197
f 1968//1198 749//1198 748//1198 1975//1198
f 1975//1199 748//1199 747//1199 1982//1199
f 1982//1200 747//1200 746//1200 1989//1200
f 1989//1201 746//1201 745//1201 1996//1201
f 1996//1202 745//1202 744//1202 2003//1202
f 2003//1203 744//1203 8//1203 716//1203
f 2002//1204 2003//1204 716//1204 717//1204
f 2001//1205 2002//1205 717//1205 718//1205
f 2000//1206 2001//1206 718//1206 719//1206
f 1999//1207 2000//1207 719//1207 720//1207
f 1998//1208 1999//1208 720//1208 721//1208
f 1997//1209 1998//1209 721//1209 722//1209
f 849//1210 1997//1210 722//1210 24//1210
f 850//1211 1990//1211 1997//1211 849//1211
f 851//1212 1983//1212 1990//1212 850//1212
f 852//1213 1976//1213 1983//1213 851//1213
f 853//1214 1969//1214 1976//1214 852//1214
f 854//1215 1962//1215 1969//1215 853//1215
f 855//1216 1955//1216 1962//1216 854//1216
f 2004//1217 2005//1217 2012//1217 2011//1217
f 2005//1218 2006//1218 2013//1218 2012//1218
f 2006//1219 2007//1219 2014//1219 2013//1219
f 2007//1220 2008//1220 2015//1220 2014//1220
f 2008//1221 2009//1221 2016//1221 2015//1221
f 2009//1222 2010//1222 2017//1222 2016//1222
f 2011//1223 2012//1223 2019//1223 2018//1223
f 2012//1224 2013//1224 2020//1224 2019//1224
f 2013//1225 2014//1225 2021//1225 2020//1225
f 2014//1226 2015//1226 2022//1226 2021//1226
f 2015//1227 2016//1227 2023//1227 2022//1227
f 2016//1228 2017//1228 2024//1228 2023//1228
f 2018//1229 2019//1229 2026//1229 2025//1229
f 2019//1230 2020//1230 2027//1230 2026//1230
f 2020//1231 2021//1231 2028//1231 2027//1231
f 2021//1232 2022//1232 2029//1232 2028//1232
f 2022//1233 2023//1233 2030//1233 2029//1233
f 2023//1234 2024//1234 2031//1234 2030//1234
f 2025//1235 2026//1235 2033//1235 2032//1235
f 2026//1236 2027//1236 2034//1236 2033//1236
f 2027//1237 2028//1237 2035//1237 2034//1237
f 2028//1238 2029//1238 2036//1238 2035//1238
f 2029//1239 2030//1239 2037//1239 2036//1239
f 2030//1240 2031//1240 2038//1240 2037//1240
f 2032//1241 2033//1241 2040//1241 2039//1241
f 2033//1242 2034//1242 2041//1242 2040//1242
f 2034//1243 2035//1243 2042//1243 2041//1243
f 2035//1244 2036//1244 2043//1244 2042//1244
f 2036//1245 2037//1245 2044//1245 2043//1245
f 2037//1246 2038//1246 2045//1246 2044//1246
f 2039//1247 2040//1247 2047//1247 2046//1247
f 2040//1248 2041//1248 2048//1248 2047//1248
f 2041//1249 2042//1249 2049//1249 2048//1249
f 2042//1250 2043//1250 2050//1250 2049//1250
f 2043//1251 2044//1251 2051//1251 2050//1251
f 2044//1252 2045//1252 2052//1252 2051//1252
f 20//1253 842//1253 2004//1253 708//1253
f 842//1254 843//1254 2005//1254 2004//1254
f 843//1255 844//1255 2006//1255 2005//1255
f 844//1256 845//1256 2007//1256 2006//1256
f 845//1257 846//1257 2008//1257 2007//1257
f 846//1258 847//1258 2009//1258 2008//1258
f 847//1259 848//1259 2010//1259 2009//1259
f 848//1260 51//1260 358//1260 2010//1260
f 2010//1261 358//1261 357//1261 2017//1261
f 2017//1262 357//1262 356//1262 2024//1262
f 2024//1263 356//1263 355//1263 2031//1263
f 2031//1264 355//1264 354//1264 2038//1264
f 2038//1265 354//1265 353//1265 2045//1265
f 2045//1266 353//1266 352//1266 2052//1266
f 2052//1267 352//1267 23//1267 715//1267
f 2051//1268 2052//1268 715//1268 714//1268
f 2050//1269 2051//1269 714//1269 713//1269
f 2049//1270 2050//1270 713//1270 712//1270
f 2048//1271 2049//1271 712//1271 711//1271
f 2047//1272 2048//1272 711//1272 710//1272
f 2046//1273 2047//1273 710//1273 709//1273
f 702//1274 2046//1274 709//1274 4//1274
f 703//1275 2039//1275 2046//1275 702//1275
f 704//1276 2032//1276 2039//1276 703//1276
f 705//1277 2025//1277 2032//1277 704//1277
f 706//1278 2018//1278 2025//1278 705//1278
f 707//1279 2011//1279 2018//1279 706//1279
f 708//1280 2004//1280 2011//1280 707//1280
f 2053//1281 2054//1281 2061//1281 2060//1281
f 2054//1282 2055//1282 2062//1282 2061//1282
f 2055//1283 2056//1283 2063//1283 2062//1283
f 2056//1284 2057//1284 2064//1284 2063//1284
f 2057//1285 2058//1285 2065//1285 2064//1285
f 2058//1286 2059//1286 2066//1286 2065//1286
f 2060//1287 2061//1287 2068//1287 2067//1287
f 2061//1288 2062//1288 2069//1288 2068//1288
f 2062//1289 2063//1289 2070//1289 2069//1289
f 2063//1290 2064//1290 2071//1290 2070//1290
f 2064//1291 2065//1291 2072//1291 2071//1291
f 2065//1292 2066//1292 2073//1292 2072//1292
f 2067//1293 2068//1293 2075//1293 2074//1293
f 2068//1294 2069//1294 2076//1294 2075//1294
f 2069//1295 2070//1295 2077//1295 2076//1295
f 2070//1296 2071//1296 2078//1296 2077//1296
f 2071//1297 2072//1297 2079//1297 2078//1297
f 2072//1298 2073//1298 2080//1298 2079//1298
f 2074//1299 2075//1299 2082//1299 2081//1299
f 2075//1300 2076//1300 2083//1300 2082//1300
f 2076//1301 2077//1301 2084//1301 2083//1301
f 2077//1302 2078//1302 2085//1302 2084//1302
f 2078//1303 2079//1303 2086//1303 2085//1303
f 2079//1304 2080//1304 2087//1304 2086//1304
f 2081//1305 2082//1305 2089//1305 2088//1305
f 2082//1306 2083//1306 2090//1306 2089//1306
f 2083//1307 2084//1307 2091//1307 2090//1307
f 2084//1308 2085//1308 2092//1308 2091//1308
f 2085//1309 2086//1309 2093//1309 2092//1309
f 2086//1310 2087//1310 2094//1310 2093//1310
f 2088//1311 2089//1311 2096//1311 2095//1311
f 2089//1312 2090//1312 2097//1312 2096//1312
f 2090//1313 2091//1313 2098//1313 2097//1313
f 2091//1314 2092//1314 2099//1314 2098//1314
f 2092//1315 2093//1315 2100//1315 2099//1315
f 2093//1316 2094//1316 2101//1316 2100//1316
f 13//1317 113//1317 2053//1317 373//1317
f 113//1318 112//1318 2054//1318 2053//1318
f 112//1319 111//1319 2055//1319 2054//1319
f 111//1320 110//1320 2056//1320 2055//1320
f 110//1321 109//1321 2057//1321 2056//1321
f 109//1322 108//1322 2058//1322 2057//1322
f 108//1323 107//1323 2059//1323 2058//1323
f 107//1324 1//1324 93//1324 2059//1324
f 2059//1325 93//1325 94//1325 2066//1325
f 2066//1326 94//1326 95//1326 2073//1326
f 2073//1327 95//1327 96//1327 2080//1327
f 2080//1328 96//1328 97//1328 2087//1328
f 2087//1329 97//1329 98//1329 2094//1329
f 2094//1330 98//1330 99//1330 2101//1330
f 2101//1331 99//1331 11//1331 947//1331
f 2100//1332 2101//1332 947//1332 948//1332
f 2099//1333 2100//1333 948//1333 949//1333
f 2098//1334 2099//1334 949//1334 950//1334
f 2097//1335 2098//1335 950//1335 951//1335
f 2096//1336 2097//1336 951//1336 952//1336
f 2095//1337 2096//1337 952//1337 953//1337
f 379//1338 2095//1338 953//1338 54//1338
f 378//1339 2088//1339 2095//1339 379//1339
f 377//1340 2081//1340 2088//1340 378//1340
f 376//1341 2074//1341 2081//1341 377//1341
f 375//1342 2067//1342 2074//1342 376//1342
f 374//1343 2060//1343 2067//1343 375//1343
f 373//1344 2053//1344 2060//1344 374//1344
f 2102//1345 2103//1345 2110//1345 2109//1345
f 2103//1346 2104//1346 2111//1346 2110//1346
f 2104//1347 2105//1347 2112//1347 2111//1347
f 2105//1348 2106//1348 2113//1348 2112//1348
f 2106//1349 2107//1349 2114//1349 2113//1349
f 2107//1350 2108//1350 2115//1350 2114//1350
f 2109//1351 2110//1351 2117//1351 2116//1351
f 2110//1352 2111//1352 2118//1352 2117//1352
f 2111//1353 2112//1353 2119//1353 2118//1353
f 2112//1354 2113//1354 2120//1354 2119//1354
f 2113//1355 2114//1355 2121//1355 2120//1355
f 2114//1356 2115//1356 2122//1356 2121//1356
f 2116//1357 2117//1357 2124//1357 2123//1357
f 2117//1358 2118//1358 2125//1358 2124//1358
f 2118//1359 2119//1359 2126//1359 2125//1359
f 2119//1360 2120//1360 2127//1360 2126//1360
f 2120//1361 2121//1361 2128//1361 2127//1361
f 2121//1362 2122//1362 2129//1362 2128//1362
f 2123//1363 2124//1363 2131//1363 2130//1363
f 2124//1364 2125//1364 2132//1364 2131//1364
f 2125//1365 2126//1365 2133//1365 2132//1365
f 2126//1366 2127//1366 2134//1366 2133//1366
f 2127//1367 2128//1367 2135//1367 2134//1367
f 2128//1368 2129//1368 2136//1368 2135//1368
f 2130//1369 2131//1369 2138//1369 2137//1369
f 2131//1370 2132//1370 2139//1370 2138//1370
f 2132//1371 2133//1371 2140//1371 2139//1371
f 2133//1372 2134//1372 2141//1372 2140//1372
f 2134//1373 2135//1373 2142//1373 2141//1373
f 2135//1374 2136//1374 2143//1374 2142//1374
f 2137//1375 2138//1375 2145//1375 2144//1375
f 2138//1376 2139//1376 2146//1376 2145//1376
f 2139//1377 2140//1377 2147//1377 2146//1377
f 2140//1378 2141//1378 2148//1378 2147//1378
f 2141//1379 2142//1379 2149//1379 2148//1379
f 2142//1380 2143//1380 2150//1380 2149//1380
f 5//1381 114//1381 2102//1381 191//1381
f 114//1382 115//1382 2103//1382 2102//1382
f 115//1383 116//1383 2104//1383 2103//1383
f 116//1384 117//1384 2105//1384 2104//1384
f 117//1385 118//1385 2106//1385 2105//1385
f 118//1386 119//1386 2107//1386 2106//1386
f 119//1387 120//1387 2108//1387 2107//1387
f 120//1388 14//1388 856//1388 2108//1388
f 2108//1389 856//1389 857//1389 2115//1389
f 2115//1390 857//1390 858//1390 2122//1390
f 2122//1391 858//1391 859//1391 2129//1391
f 2129//1392 859//1392 860//1392 2136//1392
f 2136//1393 860//1393 861//1393 2143//1393
f 2143//1394 861//1394 862//1394 2150//1394
f 2150//1395 862//1395 53//1395 372//1395
f 2149//1396 2150//1396 372//1396 371//1396
f 2148//1397 2149//1397 371//1397 370//1397
f 2147//1398 2148//1398 370//1398 369//1398
f 2146//1399 2147//1399 369//1399 368//1399
f 2145//1400 2146//1400 368//1400 367//1400
f 2144//1401 2145//1401 367//1401 366//1401
f 197//1402 2144//1402 366//1402 27//1402
f 196//1403 2137//1403 2144//1403 197//1403
f 195//1404 2130//1404 2137//1404 196//1404
f 194//1405 2123//1405 2130//1405 195//1405
f 193//1406 2116//1406 2123//1406 194//1406
f 192//1407 2109//1407 2116//1407 193//1407
f 191//1408 2102//1408 2109//1408 192//1408
f 2151//1409 2152//1409 2159//1409 2158//1409
f 2152//1410 2153//1410 2160//1410 2159//1410
f 2153//1411 2154//1411 2161//1411 2160//1411
f 2154//1412 2155//1412 2162//1412 2161//1412
f 2155//1413 2156//1413 2163//1413 2162//1413
f 2156//1414 2157//1414 2164//1414 2163//1414
f 2158//1415 2159//1415 2166//1415 2165//1415
f 2159//1416 2160//1416 2167//1416 2166//1416
f 2160//1417 2161//1417 2168//1417 2167//1417
f 2161//1418 2162//1418 2169//1418 2168//1418
f 2162//1419 2163//1419 2170//1419 2169//1419
f 2163//1420 2164//1420 2171//1420 2170//1420
f 2165//1421 2166//1421 2173//1421 2172//1421
f 2166//1422 2167//1422 2174//1422 2173//1422
f 2167//1423 2168//1423 2175//1423 2174//1423
f 2168//1424 2169//1424 2176//1424 2175//1424
f 2169//1425 2170//1425 2177//1425 2176//1425
f 2170//1426 2171//1426 2178//1426 2177//1426
f 2172//1427 2173//1427 2180//1427 2179//1427
f 2173//1428 2174//1428 2181//1428 2180//1428
f 2174//1429 2175//1429 2182//1429 2181//1429
f 2175//1430 2176//1430 2183//1430 2182//1430
f 2176//1431 2177//1431 2184//1431 2183//1431
f 2177//1432 2178//1432 2185//1432 2184//1432
f 2179//1433 2180//1433 2187//1433 2186//1433
f 2180//1434 2181//1434 2188//1434 2187//1434
f 2181//1435 2182//1435 2189//1435 2188//1435
f 2182//1436 2183//1436 2190//1436 2189//1436
f 2183//1437 2184//1437 2191//1437 2190//1437
f 2184//1438 2185//1438 2192//1438 2191//1438
f 2186//1439 2187//1439 2194//1439 2193//1439
f 2187//1440 2188//1440 2195//1440 2194//1440
f 2188//1441 2189//1441 2196//1441 2195//1441
f 2189//1442 2190//1442 2197//1442 2196//1442
f 2190//1443 2191//1443 2198//1443 2197//1443
f 2191//1444 2192//1444 2199//1444 2198//1444
f 56//1445 876//1445 2151//1445 393//1445
f 876//1446 875//1446 2152//1446 2151//1446
f 875//1447 874//1447 2153//1447 2152//1447
f 874//1448 873//1448 2154//1448 2153//1448
f 873//1449 872//1449 2155//1449 2154//1449
f 872//1450 871//1450 2156//1450 2155//1450
f 871//1451 870//1451 2157//1451 2156//1451
f 870//1452 12//1452 680//1452 2157//1452
f 2157//1453 680//1453 679//1453 2164//1453
f 2164//1454 679//1454 678//1454 2171//1454
f 2171//1455 678//1455 677//1455 2178//1455
f 2178//1456 677//1456 676//1456 2185//1456
f 2185//1457 676//1457 675//1457 2192//1457
f 2192//1458 675//1458 674//1458 2199//1458
f 2199//1459 674//1459 4//1459 709//1459
f 2198//1460 2199//1460 709//1460 710//1460
f 2197//1461 2198//1461 710//1461 711//1461
f 2196//1462 2197//1462 711//1462 712//1462
f 2195//1463 2196//1463 712//1463 713//1463
f 2194//1464 2195//1464 713//1464 714//1464
f 2193//1465 2194//1465 714//1465 715//1465
f 387//1466 2193//1466 715//1466 23//1466
f 388//1467 2186//1467 2193//1467 387//1467
f 389//1468 2179//1468 2186//1468 388//1468
f 390//1469 2172//1469 2179//1469 389//1469
f 391//1470 2165//1470 2172//1470 390//1470
f 392//1471 2158//1471 2165//1471 391//1471
f 393//1472 2151//1472 2158//1472 392//1472
f 2200//1473 2201//1473 2208//1473 2207//1473
f 2201//1474 2202//1474 2209//1474 2208//1474
f 2202//1475 2203//1475 2210//1475 2209//1475
f 2203//1476 2204//1476 2211//1476 2210//1476
f 2204//1477 2205//1477 2212//1477 2211//1477
f 2205//1478 2206//1478 2213//1478 2212//1478
f 2207//1479 2208//1479 2215//1479 2214//1479
f 2208//1480 2209//1480 2216//1480 2215//1480
f 2209//1481 2210//1481 2217//1481 2216//1481
f 2210//1482 2211//1482 2218//1482 2217//1482
f 2211//1483 2212//1483 2219//1483 2218//1483
f 2212//1484 2213//1484 2220//1484 2219//1484
f 2214//1485 2215//1485 2222//1485 2221//1485
f 2215//1486 2216//1486 2223//1486 2222//1486
f 2216//1487 2217//1487 2224//1487 2223//1487
f 2217//1488 2218//1488 2225//1488 2224//1488
f 2218//1489 2219//1489 2226//1489 2225//1489
f 2219//1490 2220//1490 2227//1490 2226//1490
f 2221//1491 2222//1491 2229//1491 2228//1491
f 2222//1492 2223//1492 2230//1492 2229//1492
f 2223//1493 2224//1493 2231//1493 2230//1493
f 2224//1494 2225//1494 2232//1494 2231//1494
f 2225//1495 2226//1495 2233//1495 2232//1495
f 2226//1496 2227//1496 2234//1496 2233//1496
f 2228//1497 2229//1497 2236//1497 2235//1497
f 2229//1498 2230//1498 2237//1498 2236//1498
f 2230//1499 2231//1499 2238//1499 2237//1499
f 2231//1500 2232//1500 2239//1500 2238//1500
f 2232//1501 2233//1501 2240//1501 2239//1501
f 2233//1502 2234//1502 2241//1502 2240//1502
f 2235//1503 2236//1503 2243//1503 2242//1503
f 2236//1504 2237//1504 2244//1504 2243//1504
f 2237//1505 2238//1505 2245//1505 2244//1505
f 2238//1506 2239//1506 2246//1506 2245//1506
f 2239//1507 2240//1507 2247//1507 2246//1507
f 2240//1508 2241//1508 2248//1508 2247//1508
f 28//1509 863//1509 2200//1509 736//1509
f 863//1510 864//1510 2201//1510 2200//1510
f 864//1511 865//1511 2202//1511 2201//1511
f 865//1512 866//1512 2203//1512 2202//1512
f 866//1513 867//1513 2204//1513 2203//1513
f 867//1514 868//1514 2205//1514 2204//1514
f 868//1515 869//1515 2206//1515 2205//1515
f 869//1516 55//1516 596//1516 2206//1516
f 2206//1517 596//1517 595//1517 2213//1517
f 2213//1518 595//1518 594//1518 2220//1518
f 2220//1519 594//1519 593//1519 2227//1519
f 2227//1520 593//1520 592//1520 2234//1520
f 2234//1521 592//1521 591//1521 2241//1521
f 2241//1522 591//1522 590//1522 2248//1522
f 2248//1523 590//1523 24//1523 722//1523
f 2247//1524 2248//1524 722//1524 721//1524
f 2246//1525 2247//1525 721//1525 720//1525
f 2245//1526 2246//1526 720//1526 719//1526
f 2244//1527 2245//1527 719//1527 718//1527
f 2243//1528 2244//1528 718//1528 717//1528
f 2242//1529 2243//1529 717//1529 716//1529
f 730//1530 2242//1530 716//1530 8//1530
f 731//1531 2235//1531 2242//1531 730//1531
f 732//1532 2228//1532 2235//1532 731//1532
f 733//1533 2221//1533 2228//1533 732//1533
f 734//1534 2214//1534 2221//1534 733//1534
f 735//1535 2207//1535 2214//1535 734//1535
f 736//1536 2200//1536 2207//1536 735//1536
f 2249//1537 2250//1537 2257//1537 2256//1537
f 2250//1538 2251//1538 2258//1538 2257//1538
f 2251//1539 2252//1539 2259//1539 2258//1539
f 2252//1540 2253//1540 2260//1540 2259//1540
f 2253//1541 2254//1541 2261//1541 2260//1541
f 2254//1542 2255//1542 2262//1542 2261//1542
f 2256//1543 2257//1543 2264//1543 2263//1543
f 2257//1544 2258//1544 2265//1544 2264//1544
f 2258//1545 2259//1545 2266//1545 2265//1545
f 2259//1546 2260//1546 2267//1546 2266//1546
f 2260//1547 2261//1547 2268//1547 2267//1547
f 2261//1548 2262//1548 2269//1548 2268//1548
f 2263//1549 2264//1549 2271//1549 2270//1549
f 2264//1550 2265//1550 2272//1550 2271//1550
f 2265//1551 2266//1551 2273//1551 2272//1551
f 2266//1552 2267//1552 2274//1552 2273//1552
f 2267//1553 2268//1553 2275//1553 2274//1553
f 2268//1554 2269//1554 2276//1554 2275//1554
f 2270//1555 2271//1555 2278//1555 2277//1555
f 2271//1556 2272//1556 2279//1556 2278//1556
f 2272//1557 2273//1557 2280//1557 2279//1557
f 2273//1558 2274//1558 2281//1558 2280//1558
f 2274//1559 2275//1559 2282//1559 2281//1559
f 2275//1560 2276//1560 2283//1560 2282//1560
f 2277//1561 2278//1561 2285//1561 2284//1561
f 2278//1562 2279//1562 2286//1562 2285//1562
f 2279//1563 2280//1563 2287//1563 2286//1563
f 2280//1564 2281//1564 2288//1564 2287//1564
f 2281//1565 2282//1565 2289//1565 2288//1565
f 2282//1566 2283//1566 2290//1566 2289//1566
f 2284//1567 2285//1567 2292//1567 2291//1567
f 2285//1568 2286//1568 2293//1568 2292//1568
f 2286//1569 2287//1569 2294//1569 2293//1569
f 2287//1570 2288//1570 2295//1570 2294//1570
f 2288//1571 2289//1571 2296//1571 2295//1571
f 2289//1572 2290//1572 2297//1572 2296//1572
f 29//1573 968//1573 2249//1573 317//1573
f 968//1574 969//1574 2250//1574 2249//1574
f 969//1575 970//1575 2251//1575 2250//1575
f 970//1576 971//1576 2252//1576 2251//1576
f 971//1576 972//1576 2253//1576 2252//1576
f 972//1577 973//1577 2254//1577 2253//1577
f 973//1578 974//1578 2255//1578 2254//1578
f 974//1579 30//1579 611//1579 2255//1579
f 2255//1580 611//1580 612//1580 2262//1580
f 2262//1581 612//1581 613//1581 2269//1581
f 2269//1582 613//1582 614//1582 2276//1582
f 2276//1583 614//1583 615//1583 2283//1583
f 2283//1584 615//1584 616//1584 2290//1584
f 2290//1585 616//1585 617//1585 2297//1585
f 2297//1586 617//1586 48//1586 946//1586
f 2296//1587 2297//1587 946//1587 945//1587
f 2295//1588 2296//1588 945//1588 944//1588
f 2294//1589 2295//1589 944//1589 943//1589
f 2293//1590 2294//1590 943//1590 942//1590
f 2292//1591 2293//1591 942//1591 941//1591
f 2291//1592 2292//1592 941//1592 940//1592
f 323//1593 2291//1593 940//1593 46//1593
f 322//1594 2284//1594 2291//1594 323//1594
f 321//1595 2277//1595 2284//1595 322//1595
f 320//1596 2270//1596 2277//1596 321//1596
f 319//1597 2263//1597 2270//1597 320//1597
f 318//1598 2256//1598 2263//1598 319//1598
f 317//1599 2249//1599 2256//1599 318//1599
f 2298//1600 2299//1600 2306//1600 2305//1600
f 2299//1601 2300//1601 2307//1601 2306//1601
f 2300//1602 2301//1602 2308//1602 2307//1602
f 2301//1603 2302//1603 2309//1603 2308//1603
f 2302//1604 2303//1604 2310//1604 2309//1604
f 2303//1605 2304//1605 2311//1605 2310//1605
f 2305//1606 2306//1606 2313//1606 2312//1606
f 2306//1607 2307//1607 2314//1607 2313//1607
f 2307//1608 2308//1608 2315//1608 2314//1608
f 2308//1609 2309//1609 2316//1609 2315//1609
f 2309//1610 2310//1610 2317//1610 2316//1610
f 2310//1611 2311//1611 2318//1611 2317//1611
f 2312//1612 2313//1612 2320//1612 2319//1612
f 2313//1613 2314//1613 2321//1613 2320//1613
f 2314//1614 2315//1614 2322//1614 2321//1614
f 2315//1615 2316//1615 2323//1615 2322//1615
f 2316//1616 2317//1616 2324//1616 2323//1616
f 2317//1617 2318//1617 2325//1617 2324//1617
f 2319//1618 2320//1618 2327//1618 2326//1618
f 2320//1619 2321//1619 2328//1619 2327//1619
f 2321//1620 2322//1620 2329//1620 2328//1620
f 2322//1621 2323//1621 2330//1621 2329//1621
f 2323//1622 2324//1622 2331//1622 2330//1622
f 2324//1623 2325//1623 2332//1623 2331//1623
f 2326//1624 2327//1624 2334//1624 2333//1624
f 2327//1625 2328//1625 2335//1625 2334//1625
f 2328//1626 2329//1626 2336//1626 2335//1626
f 2329//1627 2330//1627 2337//1627 2336//1627
f 2330//1628 2331//1628 2338//1628 2337//1628
f 2331//1629 2332//1629 2339//1629 2338//1629
f 2333//1630 2334//1630 2341//1630 2340//1630
f 2334//1631 2335//1631 2342//1631 2341//1631
f 2335//1632 2336//1632 2343//1632 2342//1632
f 2336//1633 2337//1633 2344//1633 2343//1633
f 2337//1634 2338//1634 2345//1634 2344//1634
f 2338//1635 2339//1635 2346//1635 2345//1635
f 30//1636 974//1636 2298//1636 786//1636
f 974//1637 973//1637 2299//1637 2298//1637
f 973//1638 972//1638 2300//1638 2299//1638
f 972//1639 971//1639 2301//1639 2300//1639
f 971//1639 970//1639 2302//1639 2301//1639
f 970//1640 969//1640 2303//1640 2302//1640
f 969//1641 968//1641 2304//1641 2303//1641
f 968//1642 29//1642 268//1642 2304//1642
f 2304//1643 268//1643 269//1643 2311//1643
f 2311//1644 269//1644 270//1644 2318//1644
f 2318//1645 270//1645 271//1645 2325//1645
f 2325//1646 271//1646 272//1646 2332//1646
f 2332//1647 272//1647 273//1647 2339//1647
f 2339//1648 273//1648 274//1648 2346//1648
f 2346//1649 274//1649 39//1649 1059//1649
f 2345//1650 2346//1650 1059//1650 1060//1650
f 2344//1651 2345//1651 1060//1651 1061//1651
f 2343//1652 2344//1652 1061//1652 1062//1652
f 2342//1653 2343//1653 1062//1653 1063//1653
f 2341//1654 2342//1654 1063//1654 1064//1654
f 2340//1655 2341//1655 1064//1655 1065//1655
f 792//1656 2340//1656 1065//1656 40//1656
f 791//1657 2333//1657 2340//1657 792//1657
f 790//1658 2326//1658 2333//1658 791//1658
f 789//1659 2319//1659 2326//1659 790//1659
f 788//1660 2312//1660 2319//1660 789//1660
f 787//1661 2305//1661 2312//1661 788//1661
f 786//1662 2298//1662 2305//1662 787//1662
f 2347//1663 2348//1663 2355//1663 2354//1663
f 2348//1664 2349//1664 2356//1664 2355//1664
f 2349//1665 2350//1665 2357//1665 2356//1665
f 2350//1666 2351//1666 2358//1666 2357//1666
f 2351//1667 2352//1667 2359//1667 2358//1667
f 2352//1668 2353//1668 2360//1668 2359//1668
f 2354//1669 2355//1669 2362//1669 2361//1669
f 2355//1670 2356//1670 2363//1670 2362//1670
f 2356//1671 2357//1671 2364//1671 2363//1671
f 2357//1672 2358//1672 2365//1672 2364//1672
f 2358//1673 2359//1673 2366//1673 2365//1673
f 2359//1674 2360//1674 2367//1674 2366//1674
f 2361//1675 2362//1675 2369//1675 2368//1675
f 2362//1676 2363//1676 2370//1676 2369//1676
f 2363//1677 2364//1677 2371//1677 2370//1677
f 2364//1678 2365//1678 2372//1678 2371//1678
f 2365//1679 2366//1679 2373//1679 2372//1679
f 2366//1680 2367//1680 2374//1680 2373//1680
f 2368//1681 2369//1681 2376//1681 2375//1681
f 2369//1682 2370//1682 2377//1682 2376//1682
f 2370//1683 2371//1683 2378//1683 2377//1683
f 2371//1684 2372//1684 2379//1684 2378//1684
f 2372//1685 2373//1685 2380//1685 2379//1685
f 2373//1686 2374//1686 2381//1686 2380//1686
f 2375//1687 2376//1687 2383//1687 2382//1687
f 2376//1688 2377//1688 2384//1688 2383//1688
f 2377//1689 2378//1689 2385//1689 2384//1689
f 2378//1690 2379//1690 2386//1690 2385//1690
f 2379//1691 2380//1691 2387//1691 2386//1691
f 2380//1692 2381//1692 2388//1692 2387//1692
f 2382//1693 2383//1693 2390//1693 2389//1693
f 2383//1694 2384//1694 2391//1694 2390//1694
f 2384//1695 2385//1695 2392//1695 2391//1695
f 2385//1696 2386//1696 2393//1696 2392//1696
f 2386//1697 2387//1697 2394//1697 2393//1697
f 2387//1698 2388//1698 2395//1698 2394//1698
f 46//1699 940//1699 2347//1699 905//1699
f 940//1700 941//1700 2348//1700 2347//1700
f 941//1701 942//1701 2349//1701 2348//1701
f 942//1702 943//1702 2350//1702 2349//1702
f 943//1703 944//1703 2351//1703 2350//1703
f 944//1704 945//1704 2352//1704 2351//1704
f 945//1705 946//1705 2353//1705 2352//1705
f 946//1706 48//1706 912//1706 2353//1706
f 2353//1707 912//1707 913//1707 2360//1707
f 2360//1708 913//1708 914//1708 2367//1708
f 2367//1709 914//1709 915//1709 2374//1709
f 2374//1710 915//1710 916//1710 2381//1710
f 2381//1711 916//1711 917//1711 2388//1711
f 2388//1712 917//1712 918//1712 2395//1712
f 2395//1713 918//1713 62//1713 435//1713
f 2394//1714 2395//1714 435//1714 434//1714
f 2393//1715 2394//1715 434//1715 433//1715
f 2392//1716 2393//1716 433//1716 432//1716
f 2391//1717 2392//1717 432//1717 431//1717
f 2390//1718 2391//1718 431//1718 430//1718
f 2389//1719 2390//1719 430//1719 429//1719
f 911//1720 2389//1720 429//1720 61//1720
f 910//1721 2382//1721 2389//1721 911//1721
f 909//1722 2375//1722 2382//1722 910//1722
f 908//1723 2368//1723 2375//1723 909//1723
f 907//1724 2361//1724 2368//1724 908//1724
f 906//1725 2354//1725 2361//1725 907//1725
f 905//1726 2347//1726 2354//1726 906//1726
f 2396//1727 2397//1727 2404//1727 2403//1727
f 2397//1728 2398//1728 2405//1728 2404//1728
f 2398//1729 2399//1729 2406//1729 2405//1729
f 2399//1730 2400//1730 2407//1730 2406//1730
f 2400//1731 2401//1731 2408//1731 2407//1731
f 2401//1732 2402//1732 2409//1732 2408//1732
f 2403//1733 2404//1733 2411//1733 2410//1733
f 2404//1734 2405//1734 2412//1734 2411//1734
f 2405//1735 2406//1735 2413//1735 2412//1735
f 2406//1736 2407//1736 2414//1736 2413//1736
f 2407//1737 2408//1737 2415//1737 2414//1737
f 2408//1738 2409//1738 2416//1738 2415//1738
f 2410//1739 2411//1739 2418//1739 2417//1739
f 2411//1740 2412//1740 2419//1740 2418//1740
f 2412//1741 2413//1741 2420//1741 2419//1741
f 2413//1742 2414//1742 2421//1742 2420//1742
f 2414//1743 2415//1743 2422//1743 2421//1743
f 2415//1744 2416//1744 2423//1744 2422//1744
f 2417//1745 2418//1745 2425//1745 2424//1745
f 2418//1746 2419//1746 2426//1746 2425//1746
f 2419//1747 2420//1747 2427//1747 2426//1747
f 2420//1748 2421//1748 2428//1748 2427//1748
f 2421//1749 2422//1749 2429//1749 2428//1749
f 2422//1750 2423//1750 2430//1750 2429//1750
f 2424//1751 2425//1751 2432//1751 2431//1751
f 2425//1752 2426//1752 2433//1752 2432//1752
f 2426//1753 2427//1753 2434//1753 2433//1753
f 2427//1754 2428//1754 2435//1754 2434//1754
f 2428//1755 2429//1755 2436//1755 2435//1755
f 2429//1756 2430//1756 2437//1756 2436//1756
f 2431//1757 2432//1757 2439//1757 2438//1757
f 2432//1758 2433//1758 2440//1758 2439//1758
f 2433//1759 2434//1759 2441//1759 2440//1759
f 2434//1760 2435//1760 2442//1760 2441//1760
f 2435//1761 2436//1761 2443//1761 2442//1761
f 2436//1762 2437//1762 2444//1762 2443//1762
f 39//1763 422//1763 2396//1763 1059//1763
f 422//1764 423//1764 2397//1764 2396//1764
f 423//1765 424//1765 2398//1765 2397//1765
f 424//1766 425//1766 2399//1766 2398//1766
f 425//1767 426//1767 2400//1767 2399//1767
f 426//1768 427//1768 2401//1768 2400//1768
f 427//1769 428//1769 2402//1769 2401//1769
f 428//1770 61//1770 429//1770 2402//1770
f 2402//1771 429//1771 430//1771 2409//1771
f 2409//1772 430//1772 431//1772 2416//1772
f 2416//1773 431//1773 432//1773 2423//1773
f 2423//1774 432//1774 433//1774 2430//1774
f 2430//1775 433//1775 434//1775 2437//1775
f 2437//1776 434//1776 435//1776 2444//1776
f 2444//1777 435//1777 62//1777 967//1777
f 2443//1778 2444//1778 967//1778 966//1778
f 2442//1779 2443//1779 966//1779 965//1779
f 2441//1780 2442//1780 965//1780 964//1780
f 2440//1781 2441//1781 964//1781 963//1781
f 2439//1782 2440//1782 963//1782 962//1782
f 2438//1783 2439//1783 962//1783 961//1783
f 1065//1784 2438//1784 961//1784 40//1784
f 1064//1785 2431//1785 2438//1785 1065//1785
f 1063//1786 2424//1786 2431//1786 1064//1786
f 1062//1787 2417//1787 2424//1787 1063//1787
f 1061//1788 2410//1788 2417//1788 1062//1788
f 1060//1789 2403//1789 2410//1789 1061//1789
f 1059//1790 2396//1790 2403//1790 1060//1790
f 2445//1791 2446//1791 2453//1791 2452//1791
f 2446//1792 2447//1792 2454//1792 2453//1792
f 2447//1793 2448//1793 2455//1793 2454//1793
f 2448//1794 2449//1794 2456//1794 2455//1794
f 2449//1795 2450//1795 2457//1795 2456//1795
f 2450//1796 2451//1796 2458//1796 2457//1796
f 2452//1797 2453//1797 2460//1797 2459//1797
f 2453//1798 2454//1798 2461//1798 2460//1798
f 2454//1799 2455//1799 2462//1799 2461//1799
f 2455//1800 2456//1800 2463//1800 2462//1800
f 2456//1801 2457//1801 2464//1801 2463//1801
f 2457//1802 2458//1802 2465//1802 2464//1802
f 2459//1803 2460//1803 2467//1803 2466//1803
f 2460//1804 2461//1804 2468//1804 2467//1804
f 2461//1805 2462//1805 2469//1805 2468//1805
f 2462//1806 2463//1806 2470//1806 2469//1806
f 2463//1807 2464//1807 2471//1807 2470//1807
f 2464//1808 2465//1808 2472//1808 2471//1808
f 2466//1809 2467//1809 2474//1809 2473//1809
f 2467//1810 2468//1810 2475//1810 2474//1810
f 2468//1811 2469//1811 2476//1811 2475//1811
f 2469//1812 2470//1812 2477//1812 2476//1812
f 2470//1813 2471//1813 2478//1813 2477//1813
f 2471//1814 2472//1814 2479//1814 2478//1814
f 2473//1815 2474//1815 2481//1815 2480//1815
f 2474//1816 2475//1816 2482//1816 2481//1816
f 2475//1817 2476//1817 2483//1817 2482//1817
f 2476//1818 2477//1818 2484//1818 2483//1818
f 2477//1819 2478//1819 2485//1819 2484//1819
f 2478//1820 2479//1820 2486//1820 2485//1820
f 2480//1821 2481//1821 2488//1821 2487//1821
f 2481//1822 2482//1822 2489//1822 2488//1822
f 2482//1823 2483//1823 2490//1823 2489//1823
f 2483//1824 2484//1824 2491//1824 2490//1824
f 2484//1825 2485//1825 2492//1825 2491//1825
f 2485//1826 2486//1826 2493//1826 2492//1826
f 11//1827 100//1827 2445//1827 947//1827
f 100//1828 101//1828 2446//1828 2445//1828
f 101//1829 102//1829 2447//1829 2446//1829
f 102//1830 103//1830 2448//1830 2447//1830
f 103//1830 104//1830 2449//1830 2448//1830
f 104//1831 105//1831 2450//1831 2449//1831
f 105//1832 106//1832 2451//1832 2450//1832
f 106//1833 12//1833 870//1833 2451//1833
f 2451//1834 870//1834 871//1834 2458//1834
f 2458//1835 871//1835 872//1835 2465//1835
f 2465//1836 872//1836 873//1836 2472//1836
f 2472//1837 873//1837 874//1837 2479//1837
f 2479//1838 874//1838 875//1838 2486//1838
f 2486//1839 875//1839 876//1839 2493//1839
f 2493//1840 876//1840 56//1840 1037//1840
f 2492//1841 2493//1841 1037//1841 1036//1841
f 2491//1842 2492//1842 1036//1842 1035//1842
f 2490//1843 2491//1843 1035//1843 1034//1843
f 2489//1844 2490//1844 1034//1844 1033//1844
f 2488//1845 2489//1845 1033//1845 1032//1845
f 2487//1846 2488//1846 1032//1846 1031//1846
f 953//1847 2487//1847 1031//1847 54//1847
f 952//1848 2480//1848 2487//1848 953//1848
f 951//1849 2473//1849 2480//1849 952//1849
f 950//1850 2466//1850 2473//1850 951//1850
f 949//1851 2459//1851 2466//1851 950//1851
f 948//1852 2452//1852 2459//1852 949//1852
f 947//1853 2445//1853 2452//1853 948//1853
f 2494//1854 2495//1854 2502//1854 2501//1854
f 2495//1855 2496//1855 2503//1855 2502//1855
f 2496//1856 2497//1856 2504//1856 2503//1856
f 2497//1857 2498//1857 2505//1857 2504//1857
f 2498//1858 2499//1858 2506//1858 2505//1858
f 2499//1859 2500//1859 2507//1859 2506//1859
f 2501//1860 2502//1860 2509//1860 2508//1860
f 2502//1861 2503//1861 2510//1861 2509//1861
f 2503//1862 2504//1862 2511//1862 2510//1862
f 2504//1863 2505//1863 2512//1863 2511//1863
f 2505//1864 2506//1864 2513//1864 2512//1864
f 2506//1865 2507//1865 2514//1865 2513//1865
f 2508//1866 2509//1866 2516//1866 2515//1866
f 2509//1867 2510//1867 2517//1867 2516//1867
f 2510//1868 2511//1868 2518//1868 2517//1868
f 2511//1869 2512//1869 2519//1869 2518//1869
f 2512//1870 2513//1870 2520//1870 2519//1870
f 2513//1871 2514//1871 2521//1871 2520//1871
f 2515//1872 2516//1872 2523//1872 2522//1872
f 2516//1873 2517//1873 2524//1873 2523//1873
f 2517//1874 2518//1874 2525//1874 2524//1874
f 2518//1875 2519//1875 2526//1875 2525//1875
f 2519//1876 2520//1876 2527//1876 2526//1876
f 2520//1877 2521//1877 2528//1877 2527//1877
f 2522//1878 2523//1878 2530//1878 2529//1878
f 2523//1879 2524//1879 2531//1879 2530//1879
f 2524//1880 2525//1880 2532//1880 2531//1880
f 2525//1881 2526//1881 2533//1881 2532//1881
f 2526//1882 2527//1882 2534//1882 2533//1882
f 2527//1883 2528//1883 2535//1883 2534//1883
f 2529//1884 2530//1884 2537//1884 2536//1884
f 2530//1885 2531//1885 2538//1885 2537//1885
f 2531//1886 2532//1886 2539//1886 2538//1886
f 2532//1887 2533//1887 2540//1887 2539//1887
f 2533//1888 2534//1888 2541//1888 2540//1888
f 2534//1889 2535//1889 2542//1889 2541//1889
f 11//1890 646//1890 2494//1890 100//1890
f 646//1891 647//1891 2495//1891 2494//1891
f 647//1892 648//1892 2496//1892 2495//1892
f 648//1893 649//1893 2497//1893 2496//1893
f 649//1894 650//1894 2498//1894 2497//1894
f 650//1895 651//1895 2499//1895 2498//1895
f 651//1896 652//1896 2500//1896 2499//1896
f 652//1897 33//1897 240//1897 2500//1897
f 2500//1898 240//1898 241//1898 2507//1898
f 2507//1899 241//1899 242//1899 2514//1899
f 2514//1900 242//1900 243//1900 2521//1900
f 2521//1901 243//1901 244//1901 2528//1901
f 2528//1902 244//1902 245//1902 2535//1902
f 2535//1903 245//1903 246//1903 2542//1903
f 2542//1904 246//1904 35//1904 764//1904
f 2541//1905 2542//1905 764//1905 763//1905
f 2540//1906 2541//1906 763//1906 762//1906
f 2539//1907 2540//1907 762//1907 761//1907
f 2538//1908 2539//1908 761//1908 760//1908
f 2537//1909 2538//1909 760//1909 759//1909
f 2536//1910 2537//1910 759//1910 758//1910
f 106//1911 2536//1911 758//1911 12//1911
f 105//1912 2529//1912 2536//1912 106//1912
f 104//1913 2522//1913 2529//1913 105//1913
f 103//1914 2515//1914 2522//1914 104//1914
f 102//1914 2508//1914 2515//1914 103//1914
f 101//1915 2501//1915 2508//1915 102//1915
f 100//1916 2494//1916 2501//1916 101//1916
f 2543//1917 2544//1917 2551//1917 2550//1917
f 2544//1918 2545//1918 2552//1918 2551//1918
f 2545//1919 2546//1919 2553//1919 2552//1919
f 2546//1920 2547//1920 2554//1920 2553//1920
f 2547//1921 2548//1921 2555//1921 2554//1921
f 2548//1922 2549//1922 2556//1922 2555//1922
f 2550//1923 2551//1923 2558//1923 2557//1923
f 2551//1924 2552//1924 2559//1924 2558//1924
f 2552//1925 2553//1925 2560//1925 2559//1925
f 2553//1926 2554//1926 2561//1926 2560//1926
f 2554//1927 2555//1927 2562//1927 2561//1927
f 2555//1928 2556//1928 2563//1928 2562//1928
f 2557//1929 2558//1929 2565//1929 2564//1929
f 2558//1930 2559//1930 2566//1930 2565//1930
f 2559//1931 2560//1931 2567//1931 2566//1931
f 2560//1932 2561//1932 2568//1932 2567//1932
f 2561//1933 2562//1933 2569//1933 2568//1933
f 2562//1934 2563//1934 2570//1934 2569//1934
f 2564//1935 2565//1935 2572//1935 2571//1935
f 2565//1936 2566//1936 2573//1936 2572//1936
f 2566//1937 2567//1937 2574//1937 2573//1937
f 2567//1938 2568//1938 2575//1938 2574//1938
f 2568//1939 2569//1939 2576//1939 2575//1939
f 2569//1940 2570//1940 2577//1940 2576//1940
f 2571//1941 2572//1941 2579//1941 2578//1941
f 2572//1942 2573//1942 2580//1942 2579//1942
f 2573//1943 2574//1943 2581//1943 2580//1943
f 2574//1944 2575//1944 2582//1944 2581//1944
f 2575//1945 2576//1945 2583//1945 2582//1945
f 2576//1946 2577//1946 2584//1946 2583//1946
f 2578//1947 2579//1947 2586//1947 2585//1947
f 2579//1948 2580//1948 2587//1948 2586//1948
f 2580//1949 2581//1949 2588//1949 2587//1949
f 2581//1950 2582//1950 2589//1950 2588//1950
f 2582//1951 2583//1951 2590//1951 2589//1951
f 2583//1952 2584//1952 2591//1952 2590//1952
f 54//1953 1031//1953 2543//1953 891//1953
f 1031//1954 1032//1954 2544//1954 2543//1954
f 1032//1955 1033//1955 2545//1955 2544//1955
f 1033//1956 1034//1956 2546//1956 2545//1956
f 1034//1957 1035//1957 2547//1957 2546//1957
f 1035//1958 1036//1958 2548//1958 2547//1958
f 1036//1959 1037//1959 2549//1959 2548//1959
f 1037//1960 56//1960 926//1960 2549//1960
f 2549//1961 926//1961 927//1961 2556//1961
f 2556//1962 927//1962 928//1962 2563//1962
f 2563//1963 928//1963 929//1963 2570//1963
f 2570//1964 929//1964 930//1964 2577//1964
f 2577//1965 930//1965 931//1965 2584//1965
f 2584//1966 931//1966 932//1966 2591//1966
f 2591//1967 932//1967 64//1967 449//1967
f 2590//1968 2591//1968 449//1968 448//1968
f 2589//1969 2590//1969 448//1969 447//1969
f 2588//1970 2589//1970 447//1970 446//1970
f 2587//1971 2588//1971 446//1971 445//1971
f 2586//1972 2587//1972 445//1972 444//1972
f 2585//1973 2586//1973 444//1973 443//1973
f 897//1974 2585//1974 443//1974 59//1974
f 896//1975 2578//1975 2585//1975 897//1975
f 895//1976 2571//1976 2578//1976 896//1976
f 894//1977 2564//1977 2571//1977 895//1977
f 893//1978 2557//1978 2564//1978 894//1978
f 892//1979 2550//1979 2557//1979 893//1979
f 891//1980 2543//1980 2550//1980 892//1980
f 2592//1981 2593//1981 2600//1981 2599//1981
f 2593//1982 2594//1982 2601//1982 2600//1982
f 2594//1983 2595//1983 2602//1983 2601//1983
f 2595//1984 2596//1984 2603//1984 2602//1984
f 2596//1985 2597//1985 2604//1985 2603//1985
f 2597//1986 2598//1986 2605//1986 2604//1986
f 2599//1987 2600//1987 2607//1987 2606//1987
f 2600//1988 2601//1988 2608//1988 2607//1988
f 2601//1989 2602//1989 2609//1989 2608//1989
f 2602//1990 2603//1990 2610//1990 2609//1990
f 2603//1991 2604//1991 2611//1991 2610//1991
f 2604//1992 2605//1992 2612//1992 2611//1992
f 2606//1993 2607//1993 2614//1993 2613//1993
f 2607//1994 2608//1994 2615//1994 2614//1994
f 2608//1995 2609//1995 2616//1995 2615//1995
f 2609//1996 2610//1996 2617//1996 2616//1996
f 2610//1997 2611//1997 2618//1997 2617//1997
f 2611//1998 2612//1998 2619//1998 2618//1998
f 2613//1999 2614//1999 2621//1999 2620//1999
f 2614//2000 2615//2000 2622//2000 2621//2000
f 2615//2001 2616//2001 2623//2001 2622//2001
f 2616//2002 2617//2002 2624//2002 2623//2002
f 2617//2003 2618//2003 2625//2003 2624//2003
f 2618//2004 2619//2004 2626//2004 2625//2004
f 2620//2005 2621//2005 2628//2005 2627//2005
f 2621//2006 2622//2006 2629//2006 2628//2006
f 2622//2007 2623//2007 2630//2007 2629//2007
f 2623//2008 2624//2008 2631//2008 2630//2008
f 2624//2009 2625//2009 2632//2009 2631//2009
f 2625//2010 2626//2010 2633//2010 2632//2010
f 2627//2011 2628//2011 2635//2011 2634//2011
f 2628//2012 2629//2012 2636//2012 2635//2012
f 2629//2013 2630//2013 2637//2013 2636//2013
f 2630//2014 2631//2014 2638//2014 2637//2014
f 2631//2015 2632//2015 2639//2015 2638//2015
f 2632//2016 2633//2016 2640//2016 2639//2016
f 33//2017 408//2017 2592//2017 240//2017
f 408//2018 409//2018 2593//2018 2592//2018
f 409//2019 410//2019 2594//2019 2593//2019
f 410//2020 411//2020 2595//2020 2594//2020
f 411//2021 412//2021 2596//2021 2595//2021
f 412//2022 413//2022 2597//2022 2596//2022
f 413//2023 414//2023 2598//2023 2597//2023
f 414//2024 59//2024 443//2024 2598//2024
f 2598//2025 443//2025 444//2025 2605//2025
f 2605//2026 444//2026 445//2026 2612//2026
f 2612//2027 445//2027 446//2027 2619//2027
f 2619//2028 446//2028 447//2028 2626//2028
f 2626//2029 447//2029 448//2029 2633//2029
f 2633//2030 448//2030 449//2030 2640//2030
f 2640//2031 449//2031 64//2031 477//2031
f 2639//2032 2640//2032 477//2032 476//2032
f 2638//2033 2639//2033 476//2033 475//2033
f 2637//2034 2638//2034 475//2034 474//2034
f 2636//2035 2637//2035 474//2035 473//2035
f 2635//2036 2636//2036 473//2036 472//2036
f 2634//2037 2635//2037 472//2037 471//2037
f 246//2038 2634//2038 471//2038 35//2038
f 245//2039 2627//2039 2634//2039 246//2039
f 244//2040 2620//2040 2627//2040 245//2040
f 243//2041 2613//2041 2620//2041 244//2041
f 242//2042 2606//2042 2613//2042 243//2042
f 241//2043 2599//2043 2606//2043 242//2043
f 240//2044 2592//2044 2599//2044 241//2044
f 2641//2045 2642//2045 2649//2045 2648//2045
f 2642//2046 2643//2046 2650//2046 2649//2046
f 2643//2047 2644//2047 2651//2047 2650//2047
f 2644//2048 2645//2048 2652//2048 2651//2048
f 2645//2049 2646//2049 2653//2049 2652//2049
f 2646//2050 2647//2050 2654//2050 2653//2050
f 2648//2051 2649//2051 2656//2051 2655//2051
f 2649//2052 2650//2052 2657//2052 2656//2052
f 2650//2053 2651//2053 2658//2053 2657//2053
f 2651//2054 2652//2054 2659//2054 2658//2054
f 2652//2055 2653//2055 2660//2055 2659//2055
f 2653//2056 2654//2056 2661//2056 2660//2056
f 2655//2057 2656//2057 2663//2057 2662//2057
f 2656//2058 2657//2058 2664//2058 2663//2058
f 2657//2059 2658//2059 2665//2059 2664//2059
f 2658//2060 2659//2060 2666//2060 2665//2060
f 2659//2061 2660//2061 2667//2061 2666//2061
f 2660//2062 2661//2062 2668//2062 2667//2062
f 2662//2063 2663//2063 2670//2063 2669//2063
f 2663//2064 2664//2064 2671//2064 2670//2064
f 2664//2065 2665//2065 2672//2065 2671//2065
f 2665//2066 2666//2066 2673//2066 2672//2066
f 2666//2067 2667//2067 2674//2067 2673//2067
f 2667//2068 2668//2068 2675//2068 2674//2068
f 2669//2069 2670//2069 2677//2069 2676//2069
f 2670//2070 2671//2070 2678//2070 2677//2070
f 2671//2071 2672//2071 2679//2071 2678//2071
f 2672//2072 2673//2072 2680//2072 2679//2072
f 2673//2073 2674//2073 2681//2073 2680//2073
f 2674//2074 2675//2074 2682//2074 2681//2074
f 2676//2075 2677//2075 2684//2075 2683//2075
f 2677//2076 2678//2076 2685//2076 2684//2076
f 2678//2077 2679//2077 2686//2077 2685//2077
f 2679//2078 2680//2078 2687//2078 2686//2078
f 2680//2079 2681//2079 2688//2079 2687//2079
f 2681//2080 2682//2080 2689//2080 2688//2080
f 15//2081 933//2081 2641//2081 576//2081
f 933//2082 934//2082 2642//2082 2641//2082
f 934//2083 935//2083 2643//2083 2642//2083
f 935//2084 936//2084 2644//2084 2643//2084
f 936//2085 937//2085 2645//2085 2644//2085
f 937//2086 938//2086 2646//2086 2645//2086
f 938//2087 939//2087 2647//2087 2646//2087
f 939//2088 45//2088 464//2088 2647//2088
f 2647//2089 464//2089 465//2089 2654//2089
f 2654//2090 465//2090 466//2090 2661//2090
f 2661//2091 466//2091 467//2091 2668//2091
f 2668//2092 467//2092 468//2092 2675//2092
f 2675//2093 468//2093 469//2093 2682//2093
f 2682//2094 469//2094 470//2094 2689//2094
f 2689//2095 470//2095 47//2095 827//2095
f 2688//2096 2689//2096 827//2096 826//2096
f 2687//2097 2688//2097 826//2097 825//2097
f 2686//2098 2687//2098 825//2098 824//2098
f 2685//2099 2686//2099 824//2099 823//2099
f 2684//2100 2685//2100 823//2100 822//2100
f 2683//2101 2684//2101 822//2101 821//2101
f 582//2102 2683//2102 821//2102 16//2102
f 581//2103 2676//2103 2683//2103 582//2103
f 580//2104 2669//2104 2676//2104 581//2104
f 579//2105 2662//2105 2669//2105 580//2105
f 578//2105 2655//2105 2662//2105 579//2105
f 577//2106 2648//2106 2655//2106 578//2106
f 576//2107 2641//2107 2648//2107 577//2107
f 2690//2108 2691//2108 2698//2108 2697//2108
f 2691//2109 2692//2109 2699//2109 2698//2109
f 2692//2110 2693//2110 2700//2110 2699//2110
f 2693//2111 2694//2111 2701//2111 2700//2111
f 2694//2112 2695//2112 2702//2112 2701//2112
f 2695//2113 2696//2113 2703//2113 2702//2113
f 2697//2114 2698//2114 2705//2114 2704//2114
f 2698//2115 2699//2115 2706//2115 2705//2115
f 2699//2116 2700//2116 2707//2116 2706//2116
f 2700//2117 2701//2117 2708//2117 2707//2117
f 2701//2118 2702//2118 2709//2118 2708//2118
f 2702//2119 2703//2119 2710//2119 2709//2119
f 2704//2120 2705//2120 2712//2120 2711//2120
f 2705//2121 2706//2121 2713//2121 2712//2121
f 2706//2122 2707//2122 2714//2122 2713//2122
f 2707//2123 2708//2123 2715//2123 2714//2123
f 2708//2124 2709//2124 2716//2124 2715//2124
f 2709//2125 2710//2125 2717//2125 2716//2125
f 2711//2126 2712//2126 2719//2126 2718//2126
f 2712//2127 2713//2127 2720//2127 2719//2127
f 2713//2128 2714//2128 2721//2128 2720//2128
f 2714//2129 2715//2129 2722//2129 2721//2129
f 2715//2130 2716//2130 2723//2130 2722//2130
f 2716//2131 2717//2131 2724//2131 2723//2131
f 2718//2132 2719//2132 2726//2132 2725//2132
f 2719//2133 2720//2133 2727//2133 2726//2133
f 2720//2134 2721//2134 2728//2134 2727//2134
f 2721//2135 2722//2135 2729//2135 2728//2135
f 2722//2136 2723//2136 2730//2136 2729//2136
f 2723//2137 2724//2137 2731//2137 2730//2137
f 2725//2138 2726//2138 2733//2138 2732//2138
f 2726//2139 2727//2139 2734//2139 2733//2139
f 2727//2140 2728//2140 2735//2140 2734//2140
f 2728//2141 2729//2141 2736//2141 2735//2141
f 2729//2142 2730//2142 2737//2142 2736//2142
f 2730//2143 2731//2143 2738//2143 2737//2143
f 15//2144 576//2144 2690//2144 233//2144
f 576//2145 577//2145 2691//2145 2690//2145
f 577//2146 578//2146 2692//2146 2691//2146
f 578//2147 579//2147 2693//2147 2692//2147
f 579//2147 580//2147 2694//2147 2693//2147
f 580//2148 581//2148 2695//2148 2694//2148
f 581//2149 582//2149 2696//2149 2695//2149
f 582//2150 16//2150 765//2150 2696//2150
f 2696//2151 765//2151 766//2151 2703//2151
f 2703//2152 766//2152 767//2152 2710//2152
f 2710//2153 767//2153 768//2153 2717//2153
f 2717//2154 768//2154 769//2154 2724//2154
f 2724//2155 769//2155 770//2155 2731//2155
f 2731//2156 770//2156 771//2156 2738//2156
f 2738//2157 771//2157 36//2157 568//2157
f 2737//2158 2738//2158 568//2158 567//2158
f 2736//2159 2737//2159 567//2159 566//2159
f 2735//2160 2736//2160 566//2160 565//2160
f 2734//2161 2735//2161 565//2161 564//2161
f 2733//2162 2734//2162 564//2162 563//2162
f 2732//2163 2733//2163 563//2163 562//2163
f 239//2164 2732//2164 562//2164 34//2164
f 238//2165 2725//2165 2732//2165 239//2165
f 237//2166 2718//2166 2725//2166 238//2166
f 236//2167 2711//2167 2718//2167 237//2167
f 235//2168 2704//2168 2711//2168 236//2168
f 234//2169 2697//2169 2704//2169 235//2169
f 233//2170 2690//2170 2697//2170 234//2170
f 2739//2171 2740//2171 2747//2171 2746//2171
f 2740//2172 2741//2172 2748//2172 2747//2172
f 2741//2173 2742//2173 2749//2173 2748//2173
f 2742//2174 2743//2174 2750//2174 2749//2174
f 2743//2175 2744//2175 2751//2175 2750//2175
f 2744//2176 2745//2176 2752//2176 2751//2176
f 2746//2177 2747//2177 2754//2177 2753//2177
f 2747//2178 2748//2178 2755//2178 2754//2178
f 2748//2179 2749//2179 2756//2179 2755//2179
f 2749//2180 2750//2180 2757//2180 2756//2180
f 2750//2181 2751//2181 2758//2181 2757//2181
f 2751//2182 2752//2182 2759//2182 2758//2182
f 2753//2183 2754//2183 2761//2183 2760//2183
f 2754//2184 2755//2184 2762//2184 2761//2184
f 2755//2185 2756//2185 2763//2185 2762//2185
f 2756//2186 2757//2186 2764//2186 2763//2186
f 2757//2187 2758//2187 2765//2187 2764//2187
f 2758//2188 2759//2188 2766//2188 2765//2188
f 2760//2189 2761//2189 2768//2189 2767//2189
f 2761//2190 2762//2190 2769//2190 2768//2190
f 2762//2191 2763//2191 2770//2191 2769//2191
f 2763//2192 2764//2192 2771//2192 2770//2192
f 2764//2193 2765//2193 2772//2193 2771//2193
f 2765//2194 2766//2194 2773//2194 2772//2194
f 2767//2195 2768//2195 2775//2195 2774//2195
f 2768//2196 2769//2196 2776//2196 2775//2196
f 2769//2197 2770//2197 2777//2197 2776//2197
f 2770//2198 2771//2198 2778//2198 2777//2198
f 2771//2199 2772//2199 2779//2199 2778//2199
f 2772//2200 2773//2200 2780//2200 2779//2200
f 2774//2201 2775//2201 2782//2201 2781//2201
f 2775//2202 2776//2202 2783//2202 2782//2202
f 2776//2203 2777//2203 2784//2203 2783//2203
f 2777//2204 2778//2204 2785//2204 2784//2204
f 2778//2205 2779//2205 2786//2205 2785//2205
f 2779//2206 2780//2206 2787//2206 2786//2206
f 34//2207 562//2207 2739//2207 898//2207
f 562//2208 563//2208 2740//2208 2739//2208
f 563//2209 564//2209 2741//2209 2740//2209
f 564//2210 565//2210 2742//2210 2741//2210
f 565//2211 566//2211 2743//2211 2742//2211
f 566//2212 567//2212 2744//2212 2743//2212
f 567//2213 568//2213 2745//2213 2744//2213
f 568//2214 36//2214 919//2214 2745//2214
f 2745//2215 919//2215 920//2215 2752//2215
f 2752//2216 920//2216 921//2216 2759//2216
f 2759//2217 921//2217 922//2217 2766//2217
f 2766//2218 922//2218 923//2218 2773//2218
f 2773//2219 923//2219 924//2219 2780//2219
f 2780//2220 924//2220 925//2220 2787//2220
f 2787//2221 925//2221 63//2221 134//2221
f 2786//2222 2787//2222 134//2222 133//2222
f 2785//2223 2786//2223 133//2223 132//2223
f 2784//2224 2785//2224 132//2224 131//2224
f 2783//2225 2784//2225 131//2225 130//2225
f 2782//2226 2783//2226 130//2226 129//2226
f 2781//2227 2782//2227 129//2227 128//2227
f 904//2228 2781//2228 128//2228 60//2228
f 903//2229 2774//2229 2781//2229 904//2229
f 902//2230 2767//2230 2774//2230 903//2230
f 901//2231 2760//2231 2767//2231 902//2231
f 900//2232 2753//2232 2760//2232 901//2232
f 899//2233 2746//2233 2753//2233 900//2233
f 898//2234 2739//2234 2746//2234 899//2234
f 2788//2235 2789//2235 2796//2235 2795//2235
f 2789//2236 2790//2236 2797//2236 2796//2236
f 2790//2237 2791//2237 2798//2237 2797//2237
f 2791//2238 2792//2238 2799//2238 2798//2238
f 2792//2239 2793//2239 2800//2239 2799//2239
f 2793//2240 2794//2240 2801//2240 2800//2240
f 2795//2241 2796//2241 2803//2241 2802//2241
f 2796//2242 2797//2242 2804//2242 2803//2242
f 2797//2243 2798//2243 2805//2243 2804//2243
f 2798//2244 2799//2244 2806//2244 2805//2244
f 2799//2245 2800//2245 2807//2245 2806//2245
f 2800//2246 2801//2246 2808//2246 2807//2246
f 2802//2247 2803//2247 2810//2247 2809//2247
f 2803//2248 2804//2248 2811//2248 2810//2248
f 2804//2249 2805//2249 2812//2249 2811//2249
f 2805//2250 2806//2250 2813//2250 2812//2250
f 2806//2251 2807//2251 2814//2251 2813//2251
f 2807//2252 2808//2252 2815//2252 2814//2252
f 2809//2253 2810//2253 2817//2253 2816//2253
f 2810//2254 2811//2254 2818//2254 2817//2254
f 2811//2255 2812//2255 2819//2255 2818//2255
f 2812//2256 2813//2256 2820//2256 2819//2256
f 2813//2257 2814//2257 2821//2257 2820//2257
f 2814//2258 2815//2258 2822//2258 2821//2258
f 2816//2259 2817//2259 2824//2259 2823//2259
f 2817//2260 2818//2260 2825//2260 2824//2260
f 2818//2261 2819//2261 2826//2261 2825//2261
f 2819//2262 2820//2262 2827//2262 2826//2262
f 2820//2263 2821//2263 2828//2263 2827//2263
f 2821//2264 2822//2264 2829//2264 2828//2264
f 2823//2265 2824//2265 2831//2265 2830//2265
f 2824//2266 2825//2266 2832//2266 2831//2266
f 2825//2267 2826//2267 2833//2267 2832//2267
f 2826//2268 2827//2268 2834//2268 2833//2268
f 2827//2269 2828//2269 2835//2269 2834//2269
f 2828//2270 2829//2270 2836//2270 2835//2270
f 45//2271 415//2271 2788//2271 464//2271
f 415//2272 416//2272 2789//2272 2788//2272
f 416//2273 417//2273 2790//2273 2789//2273
f 417//2274 418//2274 2791//2274 2790//2274
f 418//2275 419//2275 2792//2275 2791//2275
f 419//2276 420//2276 2793//2276 2792//2276
f 420//2277 421//2277 2794//2277 2793//2277
f 421//2278 60//2278 128//2278 2794//2278
f 2794//2279 128//2279 129//2279 2801//2279
f 2801//2280 129//2280 130//2280 2808//2280
f 2808//2281 130//2281 131//2281 2815//2281
f 2815//2282 131//2282 132//2282 2822//2282
f 2822//2283 132//2283 133//2283 2829//2283
f 2829//2284 133//2284 134//2284 2836//2284
f 2836//2285 134//2285 63//2285 442//2285
f 2835//2286 2836//2286 442//2286 441//2286
f 2834//2287 2835//2287 441//2287 440//2287
f 2833//2288 2834//2288 440//2288 439//2288
f 2832//2289 2833//2289 439//2289 438//2289
f 2831//2290 2832//2290 438//2290 437//2290
f 2830//2291 2831//2291 437//2291 436//2291
f 470//2292 2830//2292 436//2292 47//2292
f 469//2293 2823//2293 2830//2293 470//2293
f 468//2294 2816//2294 2823//2294 469//2294
f 467//2295 2809//2295 2816//2295 468//2295
f 466//2296 2802//2296 2809//2296 467//2296
f 465//2297 2795//2297 2802//2297 466//2297
f 464//2298 2788//2298 2795//2298 465//2298
f 2837//2299 2838//2299 2845//2299 2844//2299
f 2838//2300 2839//2300 2846//2300 2845//2300
f 2839//2301 2840//2301 2847//2301 2846//2301
f 2840//2302 2841//2302 2848//2302 2847//2302
f 2841//2303 2842//2303 2849//2303 2848//2303
f 2842//2304 2843//2304 2850//2304 2849//2304
f 2844//2305 2845//2305 2852//2305 2851//2305
f 2845//2306 2846//2306 2853//2306 2852//2306
f 2846//2307 2847//2307 2854//2307 2853//2307
f 2847//2308 2848//2308 2855//2308 2854//2308
f 2848//2309 2849//2309 2856//2309 2855//2309
f 2849//2310 2850//2310 2857//2310 2856//2310
f 2851//2311 2852//2311 2859//2311 2858//2311
f 2852//2312 2853//2312 2860//2312 2859//2312
f 2853//2313 2854//2313 2861//2313 2860//2313
f 2854//2314 2855//2314 2862//2314 2861//2314
f 2855//2315 2856//2315 2863//2315 2862//2315
f 2856//2316 2857//2316 2864//2316 2863//2316
f 2858//2317 2859//2317 2866//2317 2865//2317
f 2859//2318 2860//2318 2867//2318 2866//2318
f 2860//2319 2861//2319 2868//2319 2867//2319
f 2861//2320 2862//2320 2869//2320 2868//2320
f 2862//2321 2863//2321 2870//2321 2869//2321
f 2863//2322 2864//2322 2871//2322 2870//2322
f 2865//2323 2866//2323 2873//2323 2872//2323
f 2866//2324 2867//2324 2874//2324 2873//2324
f 2867//2325 2868//2325 2875//2325 2874//2325
f 2868//2326 2869//2326 2876//2326 2875//2326
f 2869//2327 2870//2327 2877//2327 2876//2327
f 2870//2328 2871//2328 2878//2328 2877//2328
f 2872//2329 2873//2329 2880//2329 2879//2329
f 2873//2330 2874//2330 2881//2330 2880//2330
f 2874//2331 2875//2331 2882//2331 2881//2331
f 2875//2332 2876//2332 2883//2332 2882//2332
f 2876//2333 2877//2333 2884//2333 2883//2333
f 2877//2334 2878//2334 2885//2334 2884//2334
f 27//2335 366//2335 2837//2335 198//2335
f 366//2336 367//2336 2838//2336 2837//2336
f 367//2337 368//2337 2839//2337 2838//2337
f 368//2338 369//2338 2840//2338 2839//2338
f 369//2339 370//2339 2841//2339 2840//2339
f 370//2340 371//2340 2842//2340 2841//2340
f 371//2341 372//2341 2843//2341 2842//2341
f 372//2342 53//2342 380//2342 2843//2342
f 2843//2343 380//2343 381//2343 2850//2343
f 2850//2344 381//2344 382//2344 2857//2344
f 2857//2345 382//2345 383//2345 2864//2345
f 2864//2346 383//2346 384//2346 2871//2346
f 2871//2347 384//2347 385//2347 2878//2347
f 2878//2348 385//2348 386//2348 2885//2348
f 2885//2349 386//2349 55//2349 869//2349
f 2884//2350 2885//2350 869//2350 868//2350
f 2883//2351 2884//2351 868//2351 867//2351
f 2882//2352 2883//2352 867//2352 866//2352
f 2881//2353 2882//2353 866//2353 865//2353
f 2880//2354 2881//2354 865//2354 864//2354
f 2879//2355 2880//2355 864//2355 863//2355
f 204//2356 2879//2356 863//2356 28//2356
f 203//2357 2872//2357 2879//2357 204//2357
f 202//2358 2865//2358 2872//2358 203//2358
f 201//2359 2858//2359 2865//2359 202//2359
f 200//2359 2851//2359 2858//2359 201//2359
f 199//2360 2844//2360 2851//2360 200//2360
f 198//2361 2837//2361 2844//2361 199//2361
f 2886//2362 2887//2362 2894//2362 2893//2362
f 2887//2363 2888//2363 2895//2363 2894//2363
f 2888//2364 2889//2364 2896//2364 2895//2364
f 2889//2365 2890//2365 2897//2365 2896//2365
f 2890//2366 2891//2366 2898//2366 2897//2366
f 2891//2367 2892//2367 2899//2367 2898//2367
f 2893//2368 2894//2368 2901//2368 2900//2368
f 2894//2369 2895//2369 2902//2369 2901//2369
f 2895//2370 2896//2370 2903//2370 2902//2370
f 2896//2371 2897//2371 2904//2371 2903//2371
f 2897//2372 2898//2372 2905//2372 2904//2372
f 2898//2373 2899//2373 2906//2373 2905//2373
f 2900//2374 2901//2374 2908//2374 2907//2374
f 2901//2375 2902//2375 2909//2375 2908//2375
f 2902//2376 2903//2376 2910//2376 2909//2376
f 2903//2377 2904//2377 2911//2377 2910//2377
f 2904//2378 2905//2378 2912//2378 2911//2378
f 2905//2379 2906//2379 2913//2379 2912//2379
f 2907//2380 2908//2380 2915//2380 2914//2380
f 2908//2381 2909//2381 2916//2381 2915//2381
f 2909//2382 2910//2382 2917//2382 2916//2382
f 2910//2383 2911//2383 2918//2383 2917//2383
f 2911//2384 2912//2384 2919//2384 2918//2384
f 2912//2385 2913//2385 2920//2385 2919//2385
f 2914//2386 2915//2386 2922//2386 2921//2386
f 2915//2387 2916//2387 2923//2387 2922//2387
f 2916//2388 2917//2388 2924//2388 2923//2388
f 2917//2389 2918//2389 2925//2389 2924//2389
f 2918//2390 2919//2390 2926//2390 2925//2390
f 2919//2391 2920//2391 2927//2391 2926//2391
f 2921//2392 2922//2392 2929//2392 2928//2392
f 2922//2393 2923//2393 2930//2393 2929//2393
f 2923//2394 2924//2394 2931//2394 2930//2394
f 2924//2395 2925//2395 2932//2395 2931//2395
f 2925//2396 2926//2396 2933//2396 2932//2396
f 2926//2397 2927//2397 2934//2397 2933//2397
f 28//2398 772//2398 2886//2398 204//2398
f 772//2399 773//2399 2887//2399 2886//2399
f 773//2400 774//2400 2888//2400 2887//2400
f 774//2401 775//2401 2889//2401 2888//2401
f 775//2402 776//2402 2890//2402 2889//2402
f 776//2403 777//2403 2891//2403 2890//2403
f 777//2404 778//2404 2892//2404 2891//2404
f 778//2405 38//2405 267//2405 2892//2405
f 2892//2406 267//2406 266//2406 2899//2406
f 2899//2407 266//2407 265//2407 2906//2407
f 2906//2408 265//2408 264//2408 2913//2408
f 2913//2409 264//2409 263//2409 2920//2409
f 2920//2410 263//2410 262//2410 2927//2410
f 2927//2411 262//2411 261//2411 2934//2411
f 2934//2412 261//2412 37//2412 260//2412
f 2933//2413 2934//2413 260//2413 259//2413
f 2932//2414 2933//2414 259//2414 258//2414
f 2931//2415 2932//2415 258//2415 257//2415
f 2930//2416 2931//2416 257//2416 256//2416
f 2929//2417 2930//2417 256//2417 255//2417
f 2928//2418 2929//2418 255//2418 254//2418
f 198//2419 2928//2419 254//2419 27//2419
f 199//2420 2921//2420 2928//2420 198//2420
f 200//2421 2914//2421 2921//2421 199//2421
f 201//2422 2907//2422 2914//2422 200//2422
f 202//2422 2900//2422 2907//2422 201//2422
f 203//2423 2893//2423 2900//2423 202//2423
f 204//2424 2886//2424 2893//2424 203//2424
f 2935//2425 2936//2425 2943//2425 2942//2425
f 2936//2426 2937//2426 2944//2426 2943//2426
f 2937//2427 2938//2427 2945//2427 2944//2427
f 2938//2428 2939//2428 2946//2428 2945//2428
f 2939//2429 2940//2429 2947//2429 2946//2429
f 2940//2430 2941//2430 2948//2430 2947//2430
f 2942//2431 2943//2431 2950//2431 2949//2431
f 2943//2432 2944//2432 2951//2432 2950//2432
f 2944//2433 2945//2433 2952//2433 2951//2433
f 2945//2434 2946//2434 2953//2434 2952//2434
f 2946//2435 2947//2435 2954//2435 2953//2435
f 2947//2436 2948//2436 2955//2436 2954//2436
f 2949//2437 2950//2437 2957//2437 2956//2437
f 2950//2438 2951//2438 2958//2438 2957//2438
f 2951//2439 2952//2439 2959//2439 2958//2439
f 2952//2440 2953//2440 2960//2440 2959//2440
f 2953//2441 2954//2441 2961//2441 2960//2441
f 2954//2442 2955//2442 2962//2442 2961//2442
f 2956//2443 2957//2443 2964//2443 2963//2443
f 2957//2444 2958//2444 2965//2444 2964//2444
f 2958//2445 2959//2445 2966//2445 2965//2445
f 2959//2446 2960//2446 2967//2446 2966//2446
f 2960//2447 2961//2447 2968//2447 2967//2447
f 2961//2448 2962//2448 2969//2448 2968//2448
f 2963//2449 2964//2449 2971//2449 2970//2449
f 2964//2450 2965//2450 2972//2450 2971//2450
f 2965//2451 2966//2451 2973//2451 2972//2451
f 2966//2452 2967//2452 2974//2452 2973//2452
f 2967//2453 2968//2453 2975//2453 2974//2453
f 2968//2454 2969//2454 2976//2454 2975//2454
f 2970//2455 2971//2455 2978//2455 2977//2455
f 2971//2456 2972//2456 2979//2456 2978//2456
f 2972//2457 2973//2457 2980//2457 2979//2457
f 2973//2458 2974//2458 2981//2458 2980//2458
f 2974//2459 2975//2459 2982//2459 2981//2459
f 2975//2460 2976//2460 2983//2460 2982//2460
f 38//2461 884//2461 2935//2461 267//2461
f 884//2462 885//2462 2936//2462 2935//2462
f 885//2463 886//2463 2937//2463 2936//2463
f 886//2464 887//2464 2938//2464 2937//2464
f 887//2465 888//2465 2939//2465 2938//2465
f 888//2466 889//2466 2940//2466 2939//2466
f 889//2467 890//2467 2941//2467 2940//2467
f 890//2468 58//2468 407//2468 2941//2468
f 2941//2469 407//2469 406//2469 2948//2469
f 2948//2470 406//2470 405//2470 2955//2470
f 2955//2471 405//2471 404//2471 2962//2471
f 2962//2472 404//2472 403//2472 2969//2472
f 2969//2473 403//2473 402//2473 2976//2473
f 2976//2474 402//2474 401//2474 2983//2474
f 2983//2475 401//2475 57//2475 400//2475
f 2982//2476 2983//2476 400//2476 399//2476
f 2981//2477 2982//2477 399//2477 398//2477
f 2980//2478 2981//2478 398//2478 397//2478
f 2979//2479 2980//2479 397//2479 396//2479
f 2978//2480 2979//2480 396//2480 395//2480
f 2977//2481 2978//2481 395//2481 394//2481
f 261//2482 2977//2482 394//2482 37//2482
f 262//2483 2970//2483 2977//2483 261//2483
f 263//2484 2963//2484 2970//2484 262//2484
f 264//2485 2956//2485 2963//2485 263//2485
f 265//2486 2949//2486 2956//2486 264//2486
f 266//2487 2942//2487 2949//2487 265//2487
f 267//2488 2935//2488 2942//2488 266//2488
f 2984//2489 2985//2489 2992//2489 2991//2489
f 2985//2490 2986//2490 2993//2490 2992//2490
f 2986//2491 2987//2491 2994//2491 2993//2491
f 2987//2492 2988//2492 2995//2492 2994//2492
f 2988//2493 2989//2493 2996//2493 2995//2493
f 2989//2494 2990//2494 2997//2494 2996//2494
f 2991//2495 2992//2495 2999//2495 2998//2495
f 2992//2496 2993//2496 3000//2496 2999//2496
f 2993//2497 2994//2497 3001//2497 3000//2497
f 2994//2498 2995//2498 3002//2498 3001//2498
f 2995//2499 2996//2499 3003//2499 3002//2499
f 2996//2500 2997//2500 3004//2500 3003//2500
f 2998//2501 2999//2501 3006//2501 3005//2501
f 2999//2502 3000//2502 3007//2502 3006//2502
f 3000//2503 3001//2503 3008//2503 3007//2503
f 3001//2504 3002//2504 3009//2504 3008//2504
f 3002//2505 3003//2505 3010//2505 3009//2505
f 3003//2506 3004//2506 3011//2506 3010//2506
f 3005//2507 3006//2507 3013//2507 3012//2507
f 3006//2508 3007//2508 3014//2508 3013//2508
f 3007//2509 3008//2509 3015//2509 3014//2509
f 3008//2510 3009//2510 3016//2510 3015//2510
f 3009//2511 3010//2511 3017//2511 3016//2511
f 3010//2512 3011//2512 3018//2512 3017//2512
f 3012//2513 3013//2513 3020//2513 3019//2513
f 3013//2514 3014//2514 3021//2514 3020//2514
f 3014//2515 3015//2515 3022//2515 3021//2515
f 3015//2516 3016//2516 3023//2516 3022//2516
f 3016//2517 3017//2517 3024//2517 3023//2517
f 3017//2518 3018//2518 3025//2518 3024//2518
f 3019//2519 3020//2519 3027//2519 3026//2519
f 3020//2520 3021//2520 3028//2520 3027//2520
f 3021//2521 3022//2521 3029//2521 3028//2521
f 3022//2522 3023//2522 3030//2522 3029//2522
f 3023//2523 3024//2523 3031//2523 3030//2523
f 3024//2524 3025//2524 3032//2524 3031//2524
f 55//2525 386//2525 2984//2525 604//2525
f 386//2526 385//2526 2985//2526 2984//2526
f 385//2527 384//2527 2986//2527 2985//2527
f 384//2528 383//2528 2987//2528 2986//2528
f 383//2529 382//2529 2988//2529 2987//2529
f 382//2530 381//2530 2989//2530 2988//2530
f 381//2531 380//2531 2990//2531 2989//2531
f 380//2532 53//2532 569//2532 2990//2532
f 2990//2533 569//2533 570//2533 2997//2533
f 2997//2534 570//2534 571//2534 3004//2534
f 3004//2535 571//2535 572//2535 3011//2535
f 3011//2536 572//2536 573//2536 3018//2536
f 3018//2537 573//2537 574//2537 3025//2537
f 3025//2538 574//2538 575//2538 3032//2538
f 3032//2539 575//2539 57//2539 401//2539
f 3031//2540 3032//2540 401//2540 402//2540
f 3030//2541 3031//2541 402//2541 403//2541
f 3029//2542 3030//2542 403//2542 404//2542
f 3028//2543 3029//2543 404//2543 405//2543
f 3027//2544 3028//2544 405//2544 406//2544
f 3026//2545 3027//2545 406//2545 407//2545
f 610//2546 3026//2546 407//2546 58//2546
f 609//2547 3019//2547 3026//2547 610//2547
f 608//2548 3012//2548 3019//2548 609//2548
f 607//2549 3005//2549 3012//2549 608//2549
f 606//2550 2998//2550 3005//2550 607//2550
f 605//2551 2991//2551 2998//2551 606//2551
f 604//2552 2984//2552 2991//2552 605//2552
f 3033//2553 3034//2553 3041//2553 3040//2553
f 3034//2554 3035//2554 3042//2554 3041//2554
f 3035//2555 3036//2555 3043//2555 3042//2555
f 3036//2556 3037//2556 3044//2556 3043//2556
f 3037//2557 3038//2557 3045//2557 3044//2557
f 3038//2558 3039//2558 3046//2558 3045//2558
f 3040//2559 3041//2559 3048//2559 3047//2559
f 3041//2560 3042//2560 3049//2560 3048//2560
f 3042//2561 3043//2561 3050//2561 3049//2561
f 3043//2562 3044//2562 3051//2562 3050//2562
f 3044//2563 3045//2563 3052//2563 3051//2563
f 3045//2564 3046//2564 3053//2564 3052//2564
f 3047//2565 3048//2565 3055//2565 3054//2565
f 3048//2566 3049//2566 3056//2566 3055//2566
f 3049//2567 3050//2567 3057//2567 3056//2567
f 3050//2568 3051//2568 3058//2568 3057//2568
f 3051//2569 3052//2569 3059//2569 3058//2569
f 3052//2570 3053//2570 3060//2570 3059//2570
f 3054//2571 3055//2571 3062//2571 3061//2571
f 3055//2572 3056//2572 3063//2572 3062//2572
f 3056//2573 3057//2573 3064//2573 3063//2573
f 3057//2574 3058//2574 3065//2574 3064//2574
f 3058//2575 3059//2575 3066//2575 3065//2575
f 3059//2576 3060//2576 3067//2576 3066//2576
f 3061//2577 3062//2577 3069//2577 3068//2577
f 3062//2578 3063//2578 3070//2578 3069//2578
f 3063//2579 3064//2579 3071//2579 3070//2579
f 3064//2580 3065//2580 3072//2580 3071//2580
f 3065//2581 3066//2581 3073//2581 3072//2581
f 3066//2582 3067//2582 3074//2582 3073//2582
f 3068//2583 3069//2583 3076//2583 3075//2583
f 3069//2584 3070//2584 3077//2584 3076//2584
f 3070//2585 3071//2585 3078//2585 3077//2585
f 3071//2586 3072//2586 3079//2586 3078//2586
f 3072//2587 3073//2587 3080//2587 3079//2587
f 3073//2588 3074//2588 3081//2588 3080//2588
f 23//2589 170//2589 3033//2589 387//2589
f 170//2590 171//2590 3034//2590 3033//2590
f 171//2591 172//2591 3035//2591 3034//2591
f 172//2592 173//2592 3036//2592 3035//2592
f 173//2592 174//2592 3037//2592 3036//2592
f 174//2593 175//2593 3038//2593 3037//2593
f 175//2594 176//2594 3039//2594 3038//2594
f 176//2595 24//2595 590//2595 3039//2595
f 3039//2596 590//2596 591//2596 3046//2596
f 3046//2597 591//2597 592//2597 3053//2597
f 3053//2598 592//2598 593//2598 3060//2598
f 3060//2599 593//2599 594//2599 3067//2599
f 3067//2600 594//2600 595//2600 3074//2600
f 3074//2601 595//2601 596//2601 3081//2601
f 3081//2602 596//2602 55//2602 583//2602
f 3080//2603 3081//2603 583//2603 584//2603
f 3079//2604 3080//2604 584//2604 585//2604
f 3078//2605 3079//2605 585//2605 586//2605
f 3077//2606 3078//2606 586//2606 587//2606
f 3076//2607 3077//2607 587//2607 588//2607
f 3075//2608 3076//2608 588//2608 589//2608
f 393//2609 3075//2609 589//2609 56//2609
f 392//2610 3068//2610 3075//2610 393//2610
f 391//2611 3061//2611 3068//2611 392//2611
f 390//2612 3054//2612 3061//2612 391//2612
f 389//2613 3047//2613 3054//2613 390//2613
f 388//2614 3040//2614 3047//2614 389//2614
f 387//2615 3033//2615 3040//2615 388//2615
f 3082//2616 3083//2616 3090//2616 3089//2616
f 3083//2617 3084//2617 3091//2617 3090//2617
f 3084//2618 3085//2618 3092//2618 3091//2618
f 3085//2619 3086//2619 3093//2619 3092//2619
f 3086//2620 3087//2620 3094//2620 3093//2620
f 3087//2621 3088//2621 3095//2621 3094//2621
f 3089//2622 3090//2622 3097//2622 3096//2622
f 3090//2623 3091//2623 3098//2623 3097//2623
f 3091//2624 3092//2624 3099//2624 3098//2624
f 3092//2625 3093//2625 3100//2625 3099//2625
f 3093//2626 3094//2626 3101//2626 3100//2626
f 3094//2627 3095//2627 3102//2627 3101//2627
f 3096//2628 3097//2628 3104//2628 3103//2628
f 3097//2629 3098//2629 3105//2629 3104//2629
f 3098//2630 3099//2630 3106//2630 3105//2630
f 3099//2631 3100//2631 3107//2631 3106//2631
f 3100//2632 3101//2632 3108//2632 3107//2632
f 3101//2633 3102//2633 3109//2633 3108//2633
f 3103//2634 3104//2634 3111//2634 3110//2634
f 3104//2635 3105//2635 3112//2635 3111//2635
f 3105//2636 3106//2636 3113//2636 3112//2636
f 3106//2637 3107//2637 3114//2637 3113//2637
f 3107//2638 3108//2638 3115//2638 3114//2638
f 3108//2639 3109//2639 3116//2639 3115//2639
f 3110//2640 3111//2640 3118//2640 3117//2640
f 3111//2641 3112//2641 3119//2641 3118//2641
f 3112//2642 3113//2642 3120//2642 3119//2642
f 3113//2643 3114//2643 3121//2643 3120//2643
f 3114//2644 3115//2644 3122//2644 3121//2644
f 3115//2645 3116//2645 3123//2645 3122//2645
f 3117//2646 3118//2646 3125//2646 3124//2646
f 3118//2647 3119//2647 3126//2647 3125//2647
f 3119//2648 3120//2648 3127//2648 3126//2648
f 3120//2649 3121//2649 3128//2649 3127//2649
f 3121//2650 3122//2650 3129//2650 3128//2650
f 3122//2651 3123//2651 3130//2651 3129//2651
f 24//2652 176//2652 3082//2652 849//2652
f 176//2653 175//2653 3083//2653 3082//2653
f 175//2654 174//2654 3084//2654 3083//2654
f 174//2655 173//2655 3085//2655 3084//2655
f 173//2655 172//2655 3086//2655 3085//2655
f 172//2656 171//2656 3087//2656 3086//2656
f 171//2657 170//2657 3088//2657 3087//2657
f 170//2658 23//2658 352//2658 3088//2658
f 3088//2659 352//2659 353//2659 3095//2659
f 3095//2660 353//2660 354//2660 3102//2660
f 3102//2661 354//2661 355//2661 3109//2661
f 3109//2662 355//2662 356//2662 3116//2662
f 3116//2663 356//2663 357//2663 3123//2663
f 3123//2664 357//2664 358//2664 3130//2664
f 3130//2665 358//2665 51//2665 359//2665
f 3129//2666 3130//2666 359//2666 360//2666
f 3128//2667 3129//2667 360//2667 361//2667
f 3127//2668 3128//2668 361//2668 362//2668
f 3126//2669 3127//2669 362//2669 363//2669
f 3125//2670 3126//2670 363//2670 364//2670
f 3124//2671 3125//2671 364//2671 365//2671
f 855//2672 3124//2672 365//2672 52//2672
f 854//2673 3117//2673 3124//2673 855//2673
f 853//2674 3110//2674 3117//2674 854//2674
f 852//2675 3103//2675 3110//2675 853//2675
f 851//2676 3096//2676 3103//2676 852//2676
f 850//2677 3089//2677 3096//2677 851//2677
f 849//2678 3082//2678 3089//2678 850//2678
f 3131//2679 3132//2679 3139//2679 3138//2679
f 3132//2680 3133//2680 3140//2680 3139//2680
f 3133//2681 3134//2681 3141//2681 3140//2681
f 3134//2682 3135//2682 3142//2682 3141//2682
f 3135//2683 3136//2683 3143//2683 3142//2683
f 3136//2684 3137//2684 3144//2684 3143//2684
f 3138//2685 3139//2685 3146//2685 3145//2685
f 3139//2686 3140//2686 3147//2686 3146//2686
f 3140//2687 3141//2687 3148//2687 3147//2687
f 3141//2688 3142//2688 3149//2688 3148//2688
f 3142//2689 3143//2689 3150//2689 3149//2689
f 3143//2690 3144//2690 3151//2690 3150//2690
f 3145//2691 3146//2691 3153//2691 3152//2691
f 3146//2692 3147//2692 3154//2692 3153//2692
f 3147//2693 3148//2693 3155//2693 3154//2693
f 3148//2694 3149//2694 3156//2694 3155//2694
f 3149//2695 3150//2695 3157//2695 3156//2695
f 3150//2696 3151//2696 3158//2696 3157//2696
f 3152//2697 3153//2697 3160//2697 3159//2697
f 3153//2698 3154//2698 3161//2698 3160//2698
f 3154//2699 3155//2699 3162//2699 3161//2699
f 3155//2700 3156//2700 3163//2700 3162//2700
f 3156//2701 3157//2701 3164//2701 3163//2701
f 3157//2702 3158//2702 3165//2702 3164//2702
f 3159//2703 3160//2703 3167//2703 3166//2703
f 3160//2704 3161//2704 3168//2704 3167//2704
f 3161//2705 3162//2705 3169//2705 3168//2705
f 3162//2706 3163//2706 3170//2706 3169//2706
f 3163//2707 3164//2707 3171//2707 3170//2707
f 3164//2708 3165//2708 3172//2708 3171//2708
f 3166//2709 3167//2709 3174//2709 3173//2709
f 3167//2710 3168//2710 3175//2710 3174//2710
f 3168//2711 3169//2711 3176//2711 3175//2711
f 3169//2712 3170//2712 3177//2712 3176//2712
f 3170//2713 3171//2713 3178//2713 3177//2713
f 3171//2714 3172//2714 3179//2714 3178//2714
f 22//2715 835//2715 3131//2715 883//2715
f 835//2716 836//2716 3132//2716 3131//2716
f 836//2717 837//2717 3133//2717 3132//2717
f 837//2718 838//2718 3134//2718 3133//2718
f 838//2719 839//2719 3135//2719 3134//2719
f 839//2720 840//2720 3136//2720 3135//2720
f 840//2721 841//2721 3137//2721 3136//2721
f 841//2722 50//2722 505//2722 3137//2722
f 3137//2723 505//2723 504//2723 3144//2723
f 3144//2724 504//2724 503//2724 3151//2724
f 3151//2725 503//2725 502//2725 3158//2725
f 3158//2726 502//2726 501//2726 3165//2726
f 3165//2727 501//2727 500//2727 3172//2727
f 3172//2728 500//2728 499//2728 3179//2728
f 3179//2729 499//2729 49//2729 344//2729
f 3178//2730 3179//2730 344//2730 343//2730
f 3177//2731 3178//2731 343//2731 342//2731
f 3176//2732 3177//2732 342//2732 341//2732
f 3175//2733 3176//2733 341//2733 340//2733
f 3174//2734 3175//2734 340//2734 339//2734
f 3173//2735 3174//2735 339//2735 338//2735
f 877//2736 3173//2736 338//2736 21//2736
f 878//2737 3166//2737 3173//2737 877//2737
f 879//2738 3159//2738 3166//2738 878//2738
f 880//2739 3152//2739 3159//2739 879//2739
f 881//2739 3145//2739 3152//2739 880//2739
f 882//2740 3138//2740 3145//2740 881//2740
f 883//2741 3131//2741 3138//2741 882//2741
f 3180//2742 3181//2742 3188//2742 3187//2742
f 3181//2743 3182//2743 3189//2743 3188//2743
f 3182//2744 3183//2744 3190//2744 3189//2744
f 3183//2745 3184//2745 3191//2745 3190//2745
f 3184//2746 3185//2746 3192//2746 3191//2746
f 3185//2747 3186//2747 3193//2747 3192//2747
f 3187//2748 3188//2748 3195//2748 3194//2748
f 3188//2749 3189//2749 3196//2749 3195//2749
f 3189//2750 3190//2750 3197//2750 3196//2750
f 3190//2751 3191//2751 3198//2751 3197//2751
f 3191//2752 3192//2752 3199//2752 3198//2752
f 3192//2753 3193//2753 3200//2753 3199//2753
f 3194//2754 3195//2754 3202//2754 3201//2754
f 3195//2755 3196//2755 3203//2755 3202//2755
f 3196//2756 3197//2756 3204//2756 3203//2756
f 3197//2757 3198//2757 3205//2757 3204//2757
f 3198//2758 3199//2758 3206//2758 3205//2758
f 3199//2759 3200//2759 3207//2759 3206//2759
f 3201//2760 3202//2760 3209//2760 3208//2760
f 3202//2761 3203//2761 3210//2761 3209//2761
f 3203//2762 3204//2762 3211//2762 3210//2762
f 3204//2763 3205//2763 3212//2763 3211//2763
f 3205//2764 3206//2764 3213//2764 3212//2764
f 3206//2765 3207//2765 3214//2765 3213//2765
f 3208//2766 3209//2766 3216//2766 3215//2766
f 3209//2767 3210//2767 3217//2767 3216//2767
f 3210//2768 3211//2768 3218//2768 3217//2768
f 3211//2769 3212//2769 3219//2769 3218//2769
f 3212//2770 3213//2770 3220//2770 3219//2770
f 3213//2771 3214//2771 3221//2771 3220//2771
f 3215//2772 3216//2772 3223//2772 3222//2772
f 3216//2773 3217//2773 3224//2773 3223//2773
f 3217//2774 3218//2774 3225//2774 3224//2774
f 3218//2775 3219//2775 3226//2775 3225//2775
f 3219//2776 3220//2776 3227//2776 3226//2776
f 3220//2777 3221//2777 3228//2777 3227//2777
f 22//2778 883//2778 3180//2778 828//2778
f 883//2779 882//2779 3181//2779 3180//2779
f 882//2780 881//2780 3182//2780 3181//2780
f 881//2781 880//2781 3183//2781 3182//2781
f 880//2781 879//2781 3184//2781 3183//2781
f 879//2782 878//2782 3185//2782 3184//2782
f 878//2783 877//2783 3186//2783 3185//2783
f 877//2784 21//2784 324//2784 3186//2784
f 3186//2785 324//2785 325//2785 3193//2785
f 3193//2786 325//2786 326//2786 3200//2786
f 3200//2787 326//2787 327//2787 3207//2787
f 3207//2788 327//2788 328//2788 3214//2788
f 3214//2789 328//2789 329//2789 3221//2789
f 3221//2790 329//2790 330//2790 3228//2790
f 3228//2791 330//2791 47//2791 331//2791
f 3227//2792 3228//2792 331//2792 332//2792
f 3226//2793 3227//2793 332//2793 333//2793
f 3225//2794 3226//2794 333//2794 334//2794
f 3224//2795 3225//2795 334//2795 335//2795
f 3223//2796 3224//2796 335//2796 336//2796
f 3222//2797 3223//2797 336//2797 337//2797
f 834//2798 3222//2798 337//2798 48//2798
f 833//2799 3215//2799 3222//2799 834//2799
f 832//2800 3208//2800 3215//2800 833//2800
f 831//2801 3201//2801 3208//2801 832//2801
f 830//2802 3194//2802 3201//2802 831//2802
f 829//2803 3187//2803 3194//2803 830//2803
f 828//2804 3180//2804 3187//2804 829//2804
f 3229//2805 3230//2805 3237//2805 3236//2805
f 3230//2806 3231//2806 3238//2806 3237//2806
f 3231//2807 3232//2807 3239//2807 3238//2807
f 3232//2808 3233//2808 3240//2808 3239//2808
f 3233//2809 3234//2809 3241//2809 3240//2809
f 3234//2810 3235//2810 3242//2810 3241//2810
f 3236//2811 3237//2811 3244//2811 3243//2811
f 3237//2812 3238//2812 3245//2812 3244//2812
f 3238//2813 3239//2813 3246//2813 3245//2813
f 3239//2814 3240//2814 3247//2814 3246//2814
f 3240//2815 3241//2815 3248//2815 3247//2815
f 3241//2816 3242//2816 3249//2816 3248//2816
f 3243//2817 3244//2817 3251//2817 3250//2817
f 3244//2818 3245//2818 3252//2818 3251//2818
f 3245//2819 3246//2819 3253//2819 3252//2819
f 3246//2820 3247//2820 3254//2820 3253//2820
f 3247//2821 3248//2821 3255//2821 3254//2821
f 3248//2822 3249//2822 3256//2822 3255//2822
f 3250//2823 3251//2823 3258//2823 3257//2823
f 3251//2824 3252//2824 3259//2824 3258//2824
f 3252//2825 3253//2825 3260//2825 3259//2825
f 3253//2826 3254//2826 3261//2826 3260//2826
f 3254//2827 3255//2827 3262//2827 3261//2827
f 3255//2828 3256//2828 3263//2828 3262//2828
f 3257//2829 3258//2829 3265//2829 3264//2829
f 3258//2830 3259//2830 3266//2830 3265//2830
f 3259//2831 3260//2831 3267//2831 3266//2831
f 3260//2832 3261//2832 3268//2832 3267//2832
f 3261//2833 3262//2833 3269//2833 3268//2833
f 3262//2834 3263//2834 3270//2834 3269//2834
f 3264//2835 3265//2835 3272//2835 3271//2835
f 3265//2836 3266//2836 3273//2836 3272//2836
f 3266//2837 3267//2837 3274//2837 3273//2837
f 3267//2838 3268//2838 3275//2838 3274//2838
f 3268//2839 3269//2839 3276//2839 3275//2839
f 3269//2840 3270//2840 3277//2840 3276//2840
f 18//2841 814//2841 3229//2841 141//2841
f 814//2842 815//2842 3230//2842 3229//2842
f 815//2843 816//2843 3231//2843 3230//2843
f 816//2844 817//2844 3232//2844 3231//2844
f 817//2845 818//2845 3233//2845 3232//2845
f 818//2846 819//2846 3234//2846 3233//2846
f 819//2847 820//2847 3235//2847 3234//2847
f 820//2848 46//2848 456//2848 3235//2848
f 3235//2849 456//2849 455//2849 3242//2849
f 3242//2850 455//2850 454//2850 3249//2850
f 3249//2851 454//2851 453//2851 3256//2851
f 3256//2852 453//2852 452//2852 3263//2852
f 3263//2853 452//2853 451//2853 3270//2853
f 3270//2854 451//2854 450//2854 3277//2854
f 3277//2855 450//2855 45//2855 316//2855
f 3276//2856 3277//2856 316//2856 315//2856
f 3275//2857 3276//2857 315//2857 314//2857
f 3274//2858 3275//2858 314//2858 313//2858
f 3273//2859 3274//2859 313//2859 312//2859
f 3272//2860 3273//2860 312//2860 311//2860
f 3271//2861 3272//2861 311//2861 310//2861
f 135//2862 3271//2862 310//2862 17//2862
f 136//2863 3264//2863 3271//2863 135//2863
f 137//2864 3257//2864 3264//2864 136//2864
f 138//2865 3250//2865 3257//2865 137//2865
f 139//2865 3243//2865 3250//2865 138//2865
f 140//2866 3236//2866 3243//2866 139//2866
f 141//2867 3229//2867 3236//2867 140//2867
f 3278//2868 3279//2868 3286//2868 3285//2868
f 3279//2869 3280//2869 3287//2869 3286//2869
f 3280//2870 3281//2870 3288//2870 3287//2870
f 3281//2871 3282//2871 3289//2871 3288//2871
f 3282//2872 3283//2872 3290//2872 3289//2872
f 3283//2873 3284//2873 3291//2873 3290//2873
f 3285//2874 3286//2874 3293//2874 3292//2874
f 3286//2875 3287//2875 3294//2875 3293//2875
f 3287//2876 3288//2876 3295//2876 3294//2876
f 3288//2877 3289//2877 3296//2877 3295//2877
f 3289//2878 3290//2878 3297//2878 3296//2878
f 3290//2879 3291//2879 3298//2879 3297//2879
f 3292//2880 3293//2880 3300//2880 3299//2880
f 3293//2881 3294//2881 3301//2881 3300//2881
f 3294//2882 3295//2882 3302//2882 3301//2882
f 3295//2883 3296//2883 3303//2883 3302//2883
f 3296//2884 3297//2884 3304//2884 3303//2884
f 3297//2885 3298//2885 3305//2885 3304//2885
f 3299//2886 3300//2886 3307//2886 3306//2886
f 3300//2887 3301//2887 3308//2887 3307//2887
f 3301//2888 3302//2888 3309//2888 3308//2888
f 3302//2889 3303//2889 3310//2889 3309//2889
f 3303//2890 3304//2890 3311//2890 3310//2890
f 3304//2891 3305//2891 3312//2891 3311//2891
f 3306//2892 3307//2892 3314//2892 3313//2892
f 3307//2893 3308//2893 3315//2893 3314//2893
f 3308//2894 3309//2894 3316//2894 3315//2894
f 3309//2895 3310//2895 3317//2895 3316//2895
f 3310//2896 3311//2896 3318//2896 3317//2896
f 3311//2897 3312//2897 3319//2897 3318//2897
f 3313//2898 3314//2898 3321//2898 3320//2898
f 3314//2899 3315//2899 3322//2899 3321//2899
f 3315//2900 3316//2900 3323//2900 3322//2900
f 3316//2901 3317//2901 3324//2901 3323//2901
f 3317//2902 3318//2902 3325//2902 3324//2902
f 3318//2903 3319//2903 3326//2903 3325//2903
f 18//2904 141//2904 3278//2904 807//2904
f 141//2905 140//2905 3279//2905 3278//2905
f 140//2906 139//2906 3280//2906 3279//2906
f 139//2907 138//2907 3281//2907 3280//2907
f 138//2907 137//2907 3282//2907 3281//2907
f 137//2908 136//2908 3283//2908 3282//2908
f 136//2909 135//2909 3284//2909 3283//2909
f 135//2910 17//2910 296//2910 3284//2910
f 3284//2911 296//2911 297//2911 3291//2911
f 3291//2912 297//2912 298//2912 3298//2912
f 3298//2913 298//2913 299//2913 3305//2913
f 3305//2914 299//2914 300//2914 3312//2914
f 3312//2915 300//2915 301//2915 3319//2915
f 3319//2916 301//2916 302//2916 3326//2916
f 3326//2917 302//2917 43//2917 303//2917
f 3325//2918 3326//2918 303//2918 304//2918
f 3324//2919 3325//2919 304//2919 305//2919
f 3323//2920 3324//2920 305//2920 306//2920
f 3322//2921 3323//2921 306//2921 307//2921
f 3321//2922 3322//2922 307//2922 308//2922
f 3320//2923 3321//2923 308//2923 309//2923
f 813//2924 3320//2924 309//2924 44//2924
f 812//2925 3313//2925 3320//2925 813//2925
f 811//2926 3306//2926 3313//2926 812//2926
f 810//2927 3299//2927 3306//2927 811//2927
f 809//2928 3292//2928 3299//2928 810//2928
f 808//2929 3285//2929 3292//2929 809//2929
f 807//2930 3278//2930 3285//2930 808//2930
f 3327//2931 3328//2931 3335//2931 3334//2931
f 3328//2932 3329//2932 3336//2932 3335//2932
f 3329//2933 3330//2933 3337//2933 3336//2933
f 3330//2934 3331//2934 3338//2934 3337//2934
f 3331//2935 3332//2935 3339//2935 3338//2935
f 3332//2936 3333//2936 3340//2936 3339//2936
f 3334//2937 3335//2937 3342//2937 3341//2937
f 3335//2938 3336//2938 3343//2938 3342//2938
f 3336//2939 3337//2939 3344//2939 3343//2939
f 3337//2940 3338//2940 3345//2940 3344//2940
f 3338//2941 3339//2941 3346//2941 3345//2941
f 3339//2942 3340//2942 3347//2942 3346//2942
f 3341//2943 3342//2943 3349//2943 3348//2943
f 3342//2944 3343//2944 3350//2944 3349//2944
f 3343//2945 3344//2945 3351//2945 3350//2945
f 3344//2946 3345//2946 3352//2946 3351//2946
f 3345//2947 3346//2947 3353//2947 3352//2947
f 3346//2948 3347//2948 3354//2948 3353//2948
f 3348//2949 3349//2949 3356//2949 3355//2949
f 3349//2950 3350//2950 3357//2950 3356//2950
f 3350//2951 3351//2951 3358//2951 3357//2951
f 3351//2952 3352//2952 3359//2952 3358//2952
f 3352//2953 3353//2953 3360//2953 3359//2953
f 3353//2954 3354//2954 3361//2954 3360//2954
f 3355//2955 3356//2955 3363//2955 3362//2955
f 3356//2956 3357//2956 3364//2956 3363//2956
f 3357//2957 3358//2957 3365//2957 3364//2957
f 3358//2958 3359//2958 3366//2958 3365//2958
f 3359//2959 3360//2959 3367//2959 3366//2959
f 3360//2960 3361//2960 3368//2960 3367//2960
f 3362//2961 3363//2961 3370//2961 3369//2961
f 3363//2962 3364//2962 3371//2962 3370//2962
f 3364//2963 3365//2963 3372//2963 3371//2963
f 3365//2964 3366//2964 3373//2964 3372//2964
f 3366//2965 3367//2965 3374//2965 3373//2965
f 3367//2966 3368//2966 3375//2966 3374//2966
f 14//2967 793//2967 3327//2967 533//2967
f 793//2968 794//2968 3328//2968 3327//2968
f 794//2969 795//2969 3329//2969 3328//2969
f 795//2970 796//2970 3330//2970 3329//2970
f 796//2971 797//2971 3331//2971 3330//2971
f 797//2972 798//2972 3332//2972 3331//2972
f 798//2973 799//2973 3333//2973 3332//2973
f 799//2974 42//2974 484//2974 3333//2974
f 3333//2975 484//2975 483//2975 3340//2975
f 3340//2976 483//2976 482//2976 3347//2976
f 3347//2977 482//2977 481//2977 3354//2977
f 3354//2978 481//2978 480//2978 3361//2978
f 3361//2979 480//2979 479//2979 3368//2979
f 3368//2980 479//2980 478//2980 3375//2980
f 3375//2981 478//2981 41//2981 288//2981
f 3374//2982 3375//2982 288//2982 287//2982
f 3373//2983 3374//2983 287//2983 286//2983
f 3372//2984 3373//2984 286//2984 285//2984
f 3371//2985 3372//2985 285//2985 284//2985
f 3370//2986 3371//2986 284//2986 283//2986
f 3369//2987 3370//2987 283//2987 282//2987
f 527//2988 3369//2988 282//2988 13//2988
f 528//2989 3362//2989 3369//2989 527//2989
f 529//2990 3355//2990 3362//2990 528//2990
f 530//2991 3348//2991 3355//2991 529//2991
f 531//2991 3341//2991 3348//2991 530//2991
f 532//2992 3334//2992 3341//2992 531//2992
f 533//2993 3327//2993 3334//2993 532//2993
f 3376//2994 3377//2994 3384//2994 3383//2994
f 3377//2995 3378//2995 3385//2995 3384//2995
f 3378//2996 3379//2996 3386//2996 3385//2996
f 3379//2997 3380//2997 3387//2997 3386//2997
f 3380//2998 3381//2998 3388//2998 3387//2998
f 3381//2999 3382//2999 3389//2999 3388//2999
f 3383//3000 3384//3000 3391//3000 3390//3000
f 3384//3001 3385//3001 3392//3001 3391//3001
f 3385//3002 3386//3002 3393//3002 3392//3002
f 3386//3003 3387//3003 3394//3003 3393//3003
f 3387//3004 3388//3004 3395//3004 3394//3004
f 3388//3005 3389//3005 3396//3005 3395//3005
f 3390//3006 3391//3006 3398//3006 3397//3006
f 3391//3007 3392//3007 3399//3007 3398//3007
f 3392//3008 3393//3008 3400//3008 3399//3008
f 3393//3009 3394//3009 3401//3009 3400//3009
f 3394//3010 3395//3010 3402//3010 3401//3010
f 3395//3011 3396//3011 3403//3011 3402//3011
f 3397//3012 3398//3012 3405//3012 3404//3012
f 3398//3013 3399//3013 3406//3013 3405//3013
f 3399//3014 3400//3014 3407//3014 3406//3014
f 3400//3015 3401//3015 3408//3015 3407//3015
f 3401//3016 3402//3016 3409//3016 3408//3016
f 3402//3017 3403//3017 3410//3017 3409//3017
f 3404//3018 3405//3018 3412//3018 3411//3018
f 3405//3019 3406//3019 3413//3019 3412//3019
f 3406//3020 3407//3020 3414//3020 3413//3020
f 3407//3021 3408//3021 3415//3021 3414//3021
f 3408//3022 3409//3022 3416//3022 3415//3022
f 3409//3023 3410//3023 3417//3023 3416//3023
f 3411//3024 3412//3024 3419//3024 3418//3024
f 3412//3025 3413//3025 3420//3025 3419//3025
f 3413//3026 3414//3026 3421//3026 3420//3026
f 3414//3027 3415//3027 3422//3027 3421//3027
f 3415//3028 3416//3028 3423//3028 3422//3028
f 3416//3029 3417//3029 3424//3029 3423//3029
f 13//3030 373//3030 3376//3030 527//3030
f 373//3031 374//3031 3377//3031 3376//3031
f 374//3032 375//3032 3378//3032 3377//3032
f 375//3033 376//3033 3379//3033 3378//3033
f 376//3034 377//3034 3380//3034 3379//3034
f 377//3035 378//3035 3381//3035 3380//3035
f 378//3036 379//3036 3382//3036 3381//3036
f 379//3037 54//3037 540//3037 3382//3037
f 3382//3038 540//3038 539//3038 3389//3038
f 3389//3039 539//3039 538//3039 3396//3039
f 3396//3040 538//3040 537//3040 3403//3040
f 3403//3041 537//3041 536//3041 3410//3041
f 3410//3042 536//3042 535//3042 3417//3042
f 3417//3043 535//3043 534//3043 3424//3043
f 3424//3044 534//3044 53//3044 862//3044
f 3423//3045 3424//3045 862//3045 861//3045
f 3422//3046 3423//3046 861//3046 860//3046
f 3421//3047 3422//3047 860//3047 859//3047
f 3420//3048 3421//3048 859//3048 858//3048
f 3419//3049 3420//3049 858//3049 857//3049
f 3418//3050 3419//3050 857//3050 856//3050
f 533//3051 3418//3051 856//3051 14//3051
f 532//3052 3411//3052 3418//3052 533//3052
f 531//3053 3404//3053 3411//3053 532//3053
f 530//3054 3397//3054 3404//3054 531//3054
f 529//3054 3390//3054 3397//3054 530//3054
f 528//3055 3383//3055 3390//3055 529//3055
f 527//3056 3376//3056 3383//3056 528//3056
f 3425//3057 3426//3057 3433//3057 3432//3057
f 3426//3058 3427//3058 3434//3058 3433//3058
f 3427//3059 3428//3059 3435//3059 3434//3059
f 3428//3060 3429//3060 3436//3060 3435//3060
f 3429//3061 3430//3061 3437//3061 3436//3061
f 3430//3062 3431//3062 3438//3062 3437//3062
f 3432//3063 3433//3063 3440//3063 3439//3063
f 3433//3064 3434//3064 3441//3064 3440//3064
f 3434//3065 3435//3065 3442//3065 3441//3065
f 3435//3066 3436//3066 3443//3066 3442//3066
f 3436//3067 3437//3067 3444//3067 3443//3067
f 3437//3068 3438//3068 3445//3068 3444//3068
f 3439//3069 3440//3069 3447//3069 3446//3069
f 3440//3070 3441//3070 3448//3070 3447//3070
f 3441//3071 3442//3071 3449//3071 3448//3071
f 3442//3072 3443//3072 3450//3072 3449//3072
f 3443//3073 3444//3073 3451//3073 3450//3073
f 3444//3074 3445//3074 3452//3074 3451//3074
f 3446//3075 3447//3075 3454//3075 3453//3075
f 3447//3076 3448//3076 3455//3076 3454//3076
f 3448//3077 3449//3077 3456//3077 3455//3077
f 3449//3078 3450//3078 3457//3078 3456//3078
f 3450//3079 3451//3079 3458//3079 3457//3079
f 3451//3080 3452//3080 3459//3080 3458//3080
f 3453//3081 3454//3081 3461//3081 3460//3081
f 3454//3082 3455//3082 3462//3082 3461//3082
f 3455//3083 3456//3083 3463//3083 3462//3083
f 3456//3084 3457//3084 3464//3084 3463//3084
f 3457//3085 3458//3085 3465//3085 3464//3085
f 3458//3086 3459//3086 3466//3086 3465//3086
f 3460//3087 3461//3087 3468//3087 3467//3087
f 3461//3088 3462//3088 3469//3088 3468//3088
f 3462//3089 3463//3089 3470//3089 3469//3089
f 3463//3090 3464//3090 3471//3090 3470//3090
f 3464//3091 3465//3091 3472//3091 3471//3091
f 3465//3092 3466//3092 3473//3092 3472//3092
f 48//3093 337//3093 3425//3093 912//3093
f 337//3094 336//3094 3426//3094 3425//3094
f 336//3095 335//3095 3427//3095 3426//3095
f 335//3096 334//3096 3428//3096 3427//3096
f 334//3097 333//3097 3429//3097 3428//3097
f 333//3098 332//3098 3430//3098 3429//3098
f 332//3099 331//3099 3431//3099 3430//3099
f 331//3100 47//3100 436//3100 3431//3100
f 3431//3101 436//3101 437//3101 3438//3101
f 3438//3102 437//3102 438//3102 3445//3102
f 3445//3103 438//3103 439//3103 3452//3103
f 3452//3104 439//3104 440//3104 3459//3104
f 3459//3105 440//3105 441//3105 3466//3105
f 3466//3106 441//3106 442//3106 3473//3106
f 3473//3107 442//3107 63//3107 547//3107
f 3472//3108 3473//3108 547//3108 546//3108
f 3471//3109 3472//3109 546//3109 545//3109
f 3470//3110 3471//3110 545//3110 544//3110
f 3469//3111 3470//3111 544//3111 543//3111
f 3468//3112 3469//3112 543//3112 542//3112
f 3467//3113 3468//3113 542//3113 541//3113
f 918//3114 3467//3114 541//3114 62//3114
f 917//3115 3460//3115 3467//3115 918//3115
f 916//3116 3453//3116 3460//3116 917//3116
f 915//3117 3446//3117 3453//3117 916//3117
f 914//3118 3439//3118 3446//3118 915//3118
f 913//3119 3432//3119 3439//3119 914//3119
f 912//3120 3425//3120 3432//3120 913//3120
f 3474//3121 3475//3121 3482//3121 3481//3121
f 3475//3122 3476//3122 3483//3122 3482//3122
f 3476//3123 3477//3123 3484//3123 3483//3123
f 3477//3124 3478//3124 3485//3124 3484//3124
f 3478//3125 3479//3125 3486//3125 3485//3125
f 3479//3126 3480//3126 3487//3126 3486//3126
f 3481//3127 3482//3127 3489//3127 3488//3127
f 3482//3128 3483//3128 3490//3128 3489//3128
f 3483//3129 3484//3129 3491//3129 3490//3129
f 3484//3130 3485//3130 3492//3130 3491//3130
f 3485//3131 3486//3131 3493//3131 3492//3131
f 3486//3132 3487//3132 3494//3132 3493//3132
f 3488//3133 3489//3133 3496//3133 3495//3133
f 3489//3134 3490//3134 3497//3134 3496//3134
f 3490//3135 3491//3135 3498//3135 3497//3135
f 3491//3136 3492//3136 3499//3136 3498//3136
f 3492//3137 3493//3137 3500//3137 3499//3137
f 3493//3138 3494//3138 3501//3138 3500//3138
f 3495//3139 3496//3139 3503//3139 3502//3139
f 3496//3140 3497//3140 3504//3140 3503//3140
f 3497//3141 3498//3141 3505//3141 3504//3141
f 3498//3142 3499//3142 3506//3142 3505//3142
f 3499//3143 3500//3143 3507//3143 3506//3143
f 3500//3144 3501//3144 3508//3144 3507//3144
f 3502//3145 3503//3145 3510//3145 3509//3145
f 3503//3146 3504//3146 3511//3146 3510//3146
f 3504//3147 3505//3147 3512//3147 3511//3147
f 3505//3148 3506//3148 3513//3148 3512//3148
f 3506//3149 3507//3149 3514//3149 3513//3149
f 3507//3150 3508//3150 3515//3150 3514//3150
f 3509//3151 3510//3151 3517//3151 3516//3151
f 3510//3152 3511//3152 3518//3152 3517//3152
f 3511//3153 3512//3153 3519//3153 3518//3153
f 3512//3154 3513//3154 3520//3154 3519//3154
f 3513//3155 3514//3155 3521//3155 3520//3155
f 3514//3156 3515//3156 3522//3156 3521//3156
f 50//3157 1024//3157 3474//3157 505//3157
f 1024//3158 1025//3158 3475//3158 3474//3158
f 1025//3159 1026//3159 3476//3159 3475//3159
f 1026//3160 1027//3160 3477//3160 3476//3160
f 1027//3161 1028//3161 3478//3161 3477//3161
f 1028//3162 1029//3162 3479//3162 3478//3162
f 1029//3163 1030//3163 3480//3163 3479//3163
f 1030//3164 62//3164 541//3164 3480//3164
f 3480//3165 541//3165 542//3165 3487//3165
f 3487//3166 542//3166 543//3166 3494//3166
f 3494//3167 543//3167 544//3167 3501//3167
f 3501//3168 544//3168 545//3168 3508//3168
f 3508//3169 545//3169 546//3169 3515//3169
f 3515//3170 546//3170 547//3170 3522//3170
f 3522//3171 547//3171 63//3171 561//3171
f 3521//3172 3522//3172 561//3172 560//3172
f 3520//3173 3521//3173 560//3173 559//3173
f 3519//3174 3520//3174 559//3174 558//3174
f 3518//3175 3519//3175 558//3175 557//3175
f 3517//3176 3518//3176 557//3176 556//3176
f 3516//3177 3517//3177 556//3177 555//3177
f 499//3178 3516//3178 555//3178 49//3178
f 500//3179 3509//3179 3516//3179 499//3179
f 501//3180 3502//3180 3509//3180 500//3180
f 502//3181 3495//3181 3502//3181 501//3181
f 503//3182 3488//3182 3495//3182 502//3182
f 504//3183 3481//3183 3488//3183 503//3183
f 505//3184 3474//3184 3481//3184 504//3184
f 3523//3185 3524//3185 3531//3185 3530//3185
f 3524//3186 3525//3186 3532//3186 3531//3186
f 3525//3187 3526//3187 3533//3187 3532//3187
f 3526//3188 3527//3188 3534//3188 3533//3188
f 3527//3189 3528//3189 3535//3189 3534//3189
f 3528//3190 3529//3190 3536//3190 3535//3190
f 3530//3191 3531//3191 3538//3191 3537//3191
f 3531//3192 3532//3192 3539//3192 3538//3192
f 3532//3193 3533//3193 3540//3193 3539//3193
f 3533//3194 3534//3194 3541//3194 3540//3194
f 3534//3195 3535//3195 3542//3195 3541//3195
f 3535//3196 3536//3196 3543//3196 3542//3196
f 3537//3197 3538//3197 3545//3197 3544//3197
f 3538//3198 3539//3198 3546//3198 3545//3198
f 3539//3199 3540//3199 3547//3199 3546//3199
f 3540//3200 3541//3200 3548//3200 3547//3200
f 3541//3201 3542//3201 3549//3201 3548//3201
f 3542//3202 3543//3202 3550//3202 3549//3202
f 3544//3203 3545//3203 3552//3203 3551//3203
f 3545//3204 3546//3204 3553//3204 3552//3204
f 3546//3205 3547//3205 3554//3205 3553//3205
f 3547//3206 3548//3206 3555//3206 3554//3206
f 3548//3207 3549//3207 3556//3207 3555//3207
f 3549//3208 3550//3208 3557//3208 3556//3208
f 3551//3209 3552//3209 3559//3209 3558//3209
f 3552//3210 3553//3210 3560//3210 3559//3210
f 3553//3211 3554//3211 3561//3211 3560//3211
f 3554//3212 3555//3212 3562//3212 3561//3212
f 3555//3213 3556//3213 3563//3213 3562//3213
f 3556//3214 3557//3214 3564//3214 3563//3214
f 3558//3215 3559//3215 3566//3215 3565//3215
f 3559//3216 3560//3216 3567//3216 3566//3216
f 3560//3217 3561//3217 3568//3217 3567//3217
f 3561//3218 3562//3218 3569//3218 3568//3218
f 3562//3219 3563//3219 3570//3219 3569//3219
f 3563//3220 3564//3220 3571//3220 3570//3220
f 55//3221 604//3221 3523//3221 583//3221
f 604//3222 605//3222 3524//3222 3523//3222
f 605//3223 606//3223 3525//3223 3524//3223
f 606//3224 607//3224 3526//3224 3525//3224
f 607//3225 608//3225 3527//3225 3526//3225
f 608//3226 609//3226 3528//3226 3527//3226
f 609//3227 610//3227 3529//3227 3528//3227
f 610//3228 58//3228 65//3228 3529//3228
f 3529//3229 65//3229 66//3229 3536//3229
f 3536//3230 66//3230 67//3230 3543//3230
f 3543//3231 67//3231 68//3231 3550//3231
f 3550//3232 68//3232 69//3232 3557//3232
f 3557//3233 69//3233 70//3233 3564//3233
f 3564//3234 70//3234 71//3234 3571//3234
f 3571//3235 71//3235 64//3235 932//3235
f 3570//3236 3571//3236 932//3236 931//3236
f 3569//3237 3570//3237 931//3237 930//3237
f 3568//3238 3569//3238 930//3238 929//3238
f 3567//3239 3568//3239 929//3239 928//3239
f 3566//3240 3567//3240 928//3240 927//3240
f 3565//3241 3566//3241 927//3241 926//3241
f 589//3242 3565//3242 926//3242 56//3242
f 588//3243 3558//3243 3565//3243 589//3243
f 587//3244 3551//3244 3558//3244 588//3244
f 586//3245 3544//3245 3551//3245 587//3245
f 585//3246 3537//3246 3544//3246 586//3246
f 584//3247 3530//3247 3537//3247 585//3247
f 583//3248 3523//3248 3530//3248 584//3248
f 3572//3249 3573//3249 3580//3249 3579//3249
f 3573//3250 3574//3250 3581//3250 3580//3250
f 3574//3251 3575//3251 3582//3251 3581//3251
f 3575//3252 3576//3252 3583//3252 3582//3252
f 3576//3253 3577//3253 3584//3253 3583//3253
f 3577//3254 3578//3254 3585//3254 3584//3254
f 3579//3255 3580//3255 3587//3255 3586//3255
f 3580//3256 3581//3256 3588//3256 3587//3256
f 3581//3257 3582//3257 3589//3257 3588//3257
f 3582//3258 3583//3258 3590//3258 3589//3258
f 3583//3259 3584//3259 3591//3259 3590//3259
f 3584//3260 3585//3260 3592//3260 3591//3260
f 3586//3261 3587//3261 3594//3261 3593//3261
f 3587//3262 3588//3262 3595//3262 3594//3262
f 3588//3263 3589//3263 3596//3263 3595//3263
f 3589//3264 3590//3264 3597//3264 3596//3264
f 3590//3265 3591//3265 3598//3265 3597//3265
f 3591//3266 3592//3266 3599//3266 3598//3266
f 3593//3267 3594//3267 3601//3267 3600//3267
f 3594//3268 3595//3268 3602//3268 3601//3268
f 3595//3269 3596//3269 3603//3269 3602//3269
f 3596//3270 3597//3270 3604//3270 3603//3270
f 3597//3271 3598//3271 3605//3271 3604//3271
f 3598//3272 3599//3272 3606//3272 3605//3272
f 3600//3273 3601//3273 3608//3273 3607//3273
f 3601//3274 3602//3274 3609//3274 3608//3274
f 3602//3275 3603//3275 3610//3275 3609//3275
f 3603//3276 3604//3276 3611//3276 3610//3276
f 3604//3277 3605//3277 3612//3277 3611//3277
f 3605//3278 3606//3278 3613//3278 3612//3278
f 3607//3279 3608//3279 3615//3279 3614//3279
f 3608//3280 3609//3280 3616//3280 3615//3280
f 3609//3281 3610//3281 3617//3281 3616//3281
f 3610//3282 3611//3282 3618//3282 3617//3282
f 3611//3283 3612//3283 3619//3283 3618//3283
f 3612//3284 3613//3284 3620//3284 3619//3284
f 52//3285 365//3285 3572//3285 1017//3285
f 365//3286 364//3286 3573//3286 3572//3286
f 364//3287 363//3287 3574//3287 3573//3287
f 363//3288 362//3288 3575//3288 3574//3288
f 362//3289 361//3289 3576//3289 3575//3289
f 361//3290 360//3290 3577//3290 3576//3290
f 360//3291 359//3291 3578//3291 3577//3291
f 359//3292 51//3292 597//3292 3578//3292
f 3578//3293 597//3293 598//3293 3585//3293
f 3585//3294 598//3294 599//3294 3592//3294
f 3592//3295 599//3295 600//3295 3599//3295
f 3599//3296 600//3296 601//3296 3606//3296
f 3606//3297 601//3297 602//3297 3613//3297
f 3613//3298 602//3298 603//3298 3620//3298
f 3620//3299 603//3299 64//3299 71//3299
f 3619//3300 3620//3300 71//3300 70//3300
f 3618//3301 3619//3301 70//3301 69//3301
f 3617//3302 3618//3302 69//3302 68//3302
f 3616//3303 3617//3303 68//3303 67//3303
f 3615//3304 3616//3304 67//3304 66//3304
f 3614//3305 3615//3305 66//3305 65//3305
f 1023//3306 3614//3306 65//3306 58//3306
f 1022//3307 3607//3307 3614//3307 1023//3307
f 1021//3308 3600//3308 3607//3308 1022//3308
f 1020//3309 3593//3309 3600//3309 1021//3309
f 1019//3310 3586//3310 3593//3310 1020//3310
f 1018//3311 3579//3311 3586//3311 1019//3311
f 1017//3312 3572//3312 3579//3312 1018//3312
f 3621//3313 3622//3313 3629//3313 3628//3313
f 3622//3314 3623//3314 3630//3314 3629//3314
f 3623//3315 3624//3315 3631//3315 3630//3315
f 3624//3316 3625//3316 3632//3316 3631//3316
f 3625//3317 3626//3317 3633//3317 3632//3317
f 3626//3318 3627//3318 3634//3318 3633//3318
f 3628//3319 3629//3319 3636//3319 3635//3319
f 3629//3320 3630//3320 3637//3320 3636//3320
f 3630//3321 3631//3321 3638//3321 3637//3321
f 3631//3322 3632//3322 3639//3322 3638//3322
f 3632//3323 3633//3323 3640//3323 3639//3323
f 3633//3324 3634//3324 3641//3324 3640//3324
f 3635//3325 3636//3325 3643//3325 3642//3325
f 3636//3326 3637//3326 3644//3326 3643//3326
f 3637//3327 3638//3327 3645//3327 3644//3327
f 3638//3328 3639//3328 3646//3328 3645//3328
f 3639//3329 3640//3329 3647//3329 3646//3329
f 3640//3330 3641//3330 3648//3330 3647//3330
f 3642//3331 3643//3331 3650//3331 3649//3331
f 3643//3332 3644//3332 3651//3332 3650//3332
f 3644//3333 3645//3333 3652//3333 3651//3333
f 3645//3334 3646//3334 3653//3334 3652//3334
f 3646//3335 3647//3335 3654//3335 3653//3335
f 3647//3336 3648//3336 3655//3336 3654//3336
f 3649//3337 3650//3337 3657//3337 3656//3337
f 3650//3338 3651//3338 3658//3338 3657//3338
f 3651//3339 3652//3339 3659//3339 3658//3339
f 3652//3340 3653//3340 3660//3340 3659//3340
f 3653//3341 3654//3341 3661//3341 3660//3341
f 3654//3342 3655//3342 3662//3342 3661//3342
f 3656//3343 3657//3343 3664//3343 3663//3343
f 3657//3344 3658//3344 3665//3344 3664//3344
f 3658//3345 3659//3345 3666//3345 3665//3345
f 3659//3346 3660//3346 3667//3346 3666//3346
f 3660//3347 3661//3347 3668//3347 3667//3347
f 3661//3348 3662//3348 3669//3348 3668//3348
f 43//3349 506//3349 3621//3349 303//3349
f 506//3350 507//3350 3622//3350 3621//3350
f 507//3351 508//3351 3623//3351 3622//3351
f 508//3352 509//3352 3624//3352 3623//3352
f 509//3353 510//3353 3625//3353 3624//3353
f 510//3354 511//3354 3626//3354 3625//3354
f 511//3355 512//3355 3627//3355 3626//3355
f 512//3356 60//3356 72//3356 3627//3356
f 3627//3357 72//3357 73//3357 3634//3357
f 3634//3358 73//3358 74//3358 3641//3358
f 3641//3359 74//3359 75//3359 3648//3359
f 3648//3360 75//3360 76//3360 3655//3360
f 3655//3361 76//3361 77//3361 3662//3361
f 3662//3362 77//3362 78//3362 3669//3362
f 3669//3363 78//3363 61//3363 995//3363
f 3668//3364 3669//3364 995//3364 994//3364
f 3667//3365 3668//3365 994//3365 993//3365
f 3666//3366 3667//3366 993//3366 992//3366
f 3665//3367 3666//3367 992//3367 991//3367
f 3664//3368 3665//3368 991//3368 990//3368
f 3663//3369 3664//3369 990//3369 989//3369
f 309//3370 3663//3370 989//3370 44//3370
f 308//3371 3656//3371 3663//3371 309//3371
f 307//3372 3649//3372 3656//3372 308//3372
f 306//3373 3642//3373 3649//3373 307//3373
f 305//3374 3635//3374 3642//3374 306//3374
f 304//3375 3628//3375 3635//3375 305//3375
f 303//3376 3621//3376 3628//3376 304//3376
f 3670//3377 3671//3377 3678//3377 3677//3377
f 3671//3378 3672//3378 3679//3378 3678//3378
f 3672//3379 3673//3379 3680//3379 3679//3379
f 3673//3380 3674//3380 3681//3380 3680//3380
f 3674//3381 3675//3381 3682//3381 3681//3381
f 3675//3382 3676//3382 3683//3382 3682//3382
f 3677//3383 3678//3383 3685//3383 3684//3383
f 3678//3384 3679//3384 3686//3384 3685//3384
f 3679//3385 3680//3385 3687//3385 3686//3385
f 3680//3386 3681//3386 3688//3386 3687//3386
f 3681//3387 3682//3387 3689//3387 3688//3387
f 3682//3388 3683//3388 3690//3388 3689//3388
f 3684//3389 3685//3389 3692//3389 3691//3389
f 3685//3390 3686//3390 3693//3390 3692//3390
f 3686//3391 3687//3391 3694//3391 3693//3391
f 3687//3392 3688//3392 3695//3392 3694//3392
f 3688//3393 3689//3393 3696//3393 3695//3393
f 3689//3394 3690//3394 3697//3394 3696//3394
f 3691//3395 3692//3395 3699//3395 3698//3395
f 3692//3396 3693//3396 3700//3396 3699//3396
f 3693//3397 3694//3397 3701//3397 3700//3397
f 3694//3398 3695//3398 3702//3398 3701//3398
f 3695//3399 3696//3399 3703//3399 3702//3399
f 3696//3400 3697//3400 3704//3400 3703//3400
f 3698//3401 3699//3401 3706//3401 3705//3401
f 3699//3402 3700//3402 3707//3402 3706//3402
f 3700//3403 3701//3403 3708//3403 3707//3403
f 3701//3404 3702//3404 3709//3404 3708//3404
f 3702//3405 3703//3405 3710//3405 3709//3405
f 3703//3406 3704//3406 3711//3406 3710//3406
f 3705//3407 3706//3407 3713//3407 3712//3407
f 3706//3408 3707//3408 3714//3408 3713//3408
f 3707//3409 3708//3409 3715//3409 3714//3409
f 3708//3410 3709//3410 3716//3410 3715//3410
f 3709//3411 3710//3411 3717//3411 3716//3411
f 3710//3412 3711//3412 3718//3412 3717//3412
f 45//3413 450//3413 3670//3413 415//3413
f 450//3414 451//3414 3671//3414 3670//3414
f 451//3415 452//3415 3672//3415 3671//3415
f 452//3416 453//3416 3673//3416 3672//3416
f 453//3417 454//3417 3674//3417 3673//3417
f 454//3418 455//3418 3675//3418 3674//3418
f 455//3419 456//3419 3676//3419 3675//3419
f 456//3420 46//3420 905//3420 3676//3420
f 3676//3421 905//3421 906//3421 3683//3421
f 3683//3422 906//3422 907//3422 3690//3422
f 3690//3423 907//3423 908//3423 3697//3423
f 3697//3424 908//3424 909//3424 3704//3424
f 3704//3425 909//3425 910//3425 3711//3425
f 3711//3426 910//3426 911//3426 3718//3426
f 3718//3427 911//3427 61//3427 78//3427
f 3717//3428 3718//3428 78//3428 77//3428
f 3716//3429 3717//3429 77//3429 76//3429
f 3715//3430 3716//3430 76//3430 75//3430
f 3714//3431 3715//3431 75//3431 74//3431
f 3713//3432 3714//3432 74//3432 73//3432
f 3712//3433 3713//3433 73//3433 72//3433
f 421//3434 3712//3434 72//3434 60//3434
f 420//3435 3705//3435 3712//3435 421//3435
f 419//3436 3698//3436 3705//3436 420//3436
f 418//3437 3691//3437 3698//3437 419//3437
f 417//3438 3684//3438 3691//3438 418//3438
f 416//3439 3677//3439 3684//3439 417//3439
f 415//3440 3670//3440 3677//3440 416//3440
f 3719//3441 3720//3441 3727//3441 3726//3441
f 3720//3442 3721//3442 3728//3442 3727//3442
f 3721//3443 3722//3443 3729//3443 3728//3443
f 3722//3444 3723//3444 3730//3444 3729//3444
f 3723//3445 3724//3445 3731//3445 3730//3445
f 3724//3446 3725//3446 3732//3446 3731//3446
f 3726//3447 3727//3447 3734//3447 3733//3447
f 3727//3448 3728//3448 3735//3448 3734//3448
f 3728//3449 3729//3449 3736//3449 3735//3449
f 3729//3450 3730//3450 3737//3450 3736//3450
f 3730//3451 3731//3451 3738//3451 3737//3451
f 3731//3452 3732//3452 3739//3452 3738//3452
f 3733//3453 3734//3453 3741//3453 3740//3453
f 3734//3454 3735//3454 3742//3454 3741//3454
f 3735//3455 3736//3455 3743//3455 3742//3455
f 3736//3456 3737//3456 3744//3456 3743//3456
f 3737//3457 3738//3457 3745//3457 3744//3457
f 3738//3458 3739//3458 3746//3458 3745//3458
f 3740//3459 3741//3459 3748//3459 3747//3459
f 3741//3460 3742//3460 3749//3460 3748//3460
f 3742//3461 3743//3461 3750//3461 3749//3461
f 3743//3462 3744//3462 3751//3462 3750//3462
f 3744//3463 3745//3463 3752//3463 3751//3463
f 3745//3464 3746//3464 3753//3464 3752//3464
f 3747//3465 3748//3465 3755//3465 3754//3465
f 3748//3466 3749//3466 3756//3466 3755//3466
f 3749//3467 3750//3467 3757//3467 3756//3467
f 3750//3468 3751//3468 3758//3468 3757//3468
f 3751//3469 3752//3469 3759//3469 3758//3469
f 3752//3470 3753//3470 3760//3470 3759//3470
f 3754//3471 3755//3471 3762//3471 3761//3471
f 3755//3472 3756//3472 3763//3472 3762//3472
f 3756//3473 3757//3473 3764//3473 3763//3473
f 3757//3474 3758//3474 3765//3474 3764//3474
f 3758//3475 3759//3475 3766//3475 3765//3475
f 3759//3476 3760//3476 3767//3476 3766//3476
f 42//3477 954//3477 3719//3477 484//3477
f 954//3478 955//3478 3720//3478 3719//3478
f 955//3479 956//3479 3721//3479 3720//3479
f 956//3480 957//3480 3722//3480 3721//3480
f 957//3481 958//3481 3723//3481 3722//3481
f 958//3482 959//3482 3724//3482 3723//3482
f 959//3483 960//3483 3725//3483 3724//3483
f 960//3484 57//3484 618//3484 3725//3484
f 3725//3485 618//3485 619//3485 3732//3485
f 3732//3486 619//3486 620//3486 3739//3486
f 3739//3487 620//3487 621//3487 3746//3487
f 3746//3488 621//3488 622//3488 3753//3488
f 3753//3489 622//3489 623//3489 3760//3489
f 3760//3490 623//3490 624//3490 3767//3490
f 3767//3491 624//3491 59//3491 491//3491
f 3766//3492 3767//3492 491//3492 490//3492
f 3765//3493 3766//3493 490//3493 489//3493
f 3764//3494 3765//3494 489//3494 488//3494
f 3763//3495 3764//3495 488//3495 487//3495
f 3762//3496 3763//3496 487//3496 486//3496
f 3761//3497 3762//3497 486//3497 485//3497
f 478//3498 3761//3498 485//3498 41//3498
f 479//3499 3754//3499 3761//3499 478//3499
f 480//3500 3747//3500 3754//3500 479//3500
f 481//3501 3740//3501 3747//3501 480//3501
f 482//3502 3733//3502 3740//3502 481//3502
f 483//3503 3726//3503 3733//3503 482//3503
f 484//3504 3719//3504 3726//3504 483//3504
f 3768//3505 3769//3505 3776//3505 3775//3505
f 3769//3506 3770//3506 3777//3506 3776//3506
f 3770//3507 3771//3507 3778//3507 3777//3507
f 3771//3508 3772//3508 3779//3508 3778//3508
f 3772//3509 3773//3509 3780//3509 3779//3509
f 3773//3510 3774//3510 3781//3510 3780//3510
f 3775//3511 3776//3511 3783//3511 3782//3511
f 3776//3512 3777//3512 3784//3512 3783//3512
f 3777//3513 3778//3513 3785//3513 3784//3513
f 3778//3514 3779//3514 3786//3514 3785//3514
f 3779//3515 3780//3515 3787//3515 3786//3515
f 3780//3516 3781//3516 3788//3516 3787//3516
f 3782//3517 3783//3517 3790//3517 3789//3517
f 3783//3518 3784//3518 3791//3518 3790//3518
f 3784//3519 3785//3519 3792//3519 3791//3519
f 3785//3520 3786//3520 3793//3520 3792//3520
f 3786//3521 3787//3521 3794//3521 3793//3521
f 3787//3522 3788//3522 3795//3522 3794//3522
f 3789//3523 3790//3523 3797//3523 3796//3523
f 3790//3524 3791//3524 3798//3524 3797//3524
f 3791//3525 3792//3525 3799//3525 3798//3525
f 3792//3526 3793//3526 3800//3526 3799//3526
f 3793//3527 3794//3527 3801//3527 3800//3527
f 3794//3528 3795//3528 3802//3528 3801//3528
f 3796//3529 3797//3529 3804//3529 3803//3529
f 3797//3530 3798//3530 3805//3530 3804//3530
f 3798//3531 3799//3531 3806//3531 3805//3531
f 3799//3532 3800//3532 3807//3532 3806//3532
f 3800//3533 3801//3533 3808//3533 3807//3533
f 3801//3534 3802//3534 3809//3534 3808//3534
f 3803//3535 3804//3535 3811//3535 3810//3535
f 3804//3536 3805//3536 3812//3536 3811//3536
f 3805//3537 3806//3537 3813//3537 3812//3537
f 3806//3538 3807//3538 3814//3538 3813//3538
f 3807//3539 3808//3539 3815//3539 3814//3539
f 3808//3540 3809//3540 3816//3540 3815//3540
f 53//3541 534//3541 3768//3541 569//3541
f 534//3542 535//3542 3769//3542 3768//3542
f 535//3543 536//3543 3770//3543 3769//3543
f 536//3544 537//3544 3771//3544 3770//3544
f 537//3545 538//3545 3772//3545 3771//3545
f 538//3546 539//3546 3773//3546 3772//3546
f 539//3547 540//3547 3774//3547 3773//3547
f 540//3548 54//3548 891//3548 3774//3548
f 3774//3549 891//3549 892//3549 3781//3549
f 3781//3550 892//3550 893//3550 3788//3550
f 3788//3551 893//3551 894//3551 3795//3551
f 3795//3552 894//3552 895//3552 3802//3552
f 3802//3553 895//3553 896//3553 3809//3553
f 3809//3554 896//3554 897//3554 3816//3554
f 3816//3555 897//3555 59//3555 624//3555
f 3815//3556 3816//3556 624//3556 623//3556
f 3814//3557 3815//3557 623//3557 622//3557
f 3813//3558 3814//3558 622//3558 621//3558
f 3812//3559 3813//3559 621//3559 620//3559
f 3811//3560 3812//3560 620//3560 619//3560
f 3810//3561 3811//3561 619//3561 618//3561
f 575//3562 3810//3562 618//3562 57//3562
f 574//3563 3803//3563 3810//3563 575//3563
f 573//3564 3796//3564 3803//3564 574//3564
f 572//3565 3789//3565 3796//3565 573//3565
f 571//3566 3782//3566 3789//3566 572//3566
f 570//3567 3775//3567 3782//3567 571//3567
f 569//3568 3768//3568 3775//3568 570//3568
f 3817//3569 3818//3569 3825//3569 3824//3569
f 3818//3570 3819//3570 3826//3570 3825//3570
f 3819//3571 3820//3571 3827//3571 3826//3571
f 3820//3572 3821//3572 3828//3572 3827//3572
f 3821//3573 3822//3573 3829//3573 3828//3573
f 3822//3574 3823//3574 3830//3574 3829//3574
f 3824//3575 3825//3575 3832//3575 3831//3575
f 3825//3576 3826//3576 3833//3576 3832//3576
f 3826//3577 3827//3577 3834//3577 3833//3577
f 3827//3578 3828//3578 3835//3578 3834//3578
f 3828//3579 3829//3579 3836//3579 3835//3579
f 3829//3580 3830//3580 3837//3580 3836//3580
f 3831//3581 3832//3581 3839//3581 3838//3581
f 3832//3582 3833//3582 3840//3582 3839//3582
f 3833//3583 3834//3583 3841//3583 3840//3583
f 3834//3584 3835//3584 3842//3584 3841//3584
f 3835//3585 3836//3585 3843//3585 3842//3585
f 3836//3586 3837//3586 3844//3586 3843//3586
f 3838//3587 3839//3587 3846//3587 3845//3587
f 3839//3588 3840//3588 3847//3588 3846//3588
f 3840//3589 3841//3589 3848//3589 3847//3589
f 3841//3590 3842//3590 3849//3590 3848//3590
f 3842//3591 3843//3591 3850//3591 3849//3591
f 3843//3592 3844//3592 3851//3592 3850//3592
f 3845//3593 3846//3593 3853//3593 3852//3593
f 3846//3594 3847//3594 3854//3594 3853//3594
f 3847//3595 3848//3595 3855//3595 3854//3595
f 3848//3596 3849//3596 3856//3596 3855//3596
f 3849//3597 3850//3597 3857//3597 3856//3597
f 3850//3598 3851//3598 3858//3598 3857//3598
f 3852//3599 3853//3599 3860//3599 3859//3599
f 3853//3600 3854//3600 3861//3600 3860//3600
f 3854//3601 3855//3601 3862//3601 3861//3601
f 3855//3602 3856//3602 3863//3602 3862//3602
f 3856//3603 3857//3603 3864//3603 3863//3603
f 3857//3604 3858//3604 3865//3604 3864//3604
f 31//3605 219//3605 3817//3605 345//3605
f 219//3606 220//3606 3818//3606 3817//3606
f 220//3607 221//3607 3819//3607 3818//3607
f 221//3608 222//3608 3820//3608 3819//3608
f 222//3608 223//3608 3821//3608 3820//3608
f 223//3609 224//3609 3822//3609 3821//3609
f 224//3610 225//3610 3823//3610 3822//3610
f 225//3611 32//3611 653//3611 3823//3611
f 3823//3612 653//3612 654//3612 3830//3612
f 3830//3613 654//3613 655//3613 3837//3613
f 3837//3614 655//3614 656//3614 3844//3614
f 3844//3615 656//3615 657//3615 3851//3615
f 3851//3616 657//3616 658//3616 3858//3616
f 3858//3617 658//3617 659//3617 3865//3617
f 3865//3618 659//3618 52//3618 1002//3618
f 3864//3619 3865//3619 1002//3619 1001//3619
f 3863//3620 3864//3620 1001//3620 1000//3620
f 3862//3621 3863//3621 1000//3621 999//3621
f 3861//3622 3862//3622 999//3622 998//3622
f 3860//3623 3861//3623 998//3623 997//3623
f 3859//3624 3860//3624 997//3624 996//3624
f 351//3625 3859//3625 996//3625 50//3625
f 350//3626 3852//3626 3859//3626 351//3626
f 349//3627 3845//3627 3852//3627 350//3627
f 348//3628 3838//3628 3845//3628 349//3628
f 347//3629 3831//3629 3838//3629 348//3629
f 346//3630 3824//3630 3831//3630 347//3630
f 345//3631 3817//3631 3824//3631 346//3631
f 3866//3632 3867//3632 3874//3632 3873//3632
f 3867//3633 3868//3633 3875//3633 3874//3633
f 3868//3634 3869//3634 3876//3634 3875//3634
f 3869//3635 3870//3635 3877//3635 3876//3635
f 3870//3636 3871//3636 3878//3636 3877//3636
f 3871//3637 3872//3637 3879//3637 3878//3637
f 3873//3638 3874//3638 3881//3638 3880//3638
f 3874//3639 3875//3639 3882//3639 3881//3639
f 3875//3640 3876//3640 3883//3640 3882//3640
f 3876//3641 3877//3641 3884//3641 3883//3641
f 3877//3642 3878//3642 3885//3642 3884//3642
f 3878//3643 3879//3643 3886//3643 3885//3643
f 3880//3644 3881//3644 3888//3644 3887//3644
f 3881//3645 3882//3645 3889//3645 3888//3645
f 3882//3646 3883//3646 3890//3646 3889//3646
f 3883//3647 3884//3647 3891//3647 3890//3647
f 3884//3648 3885//3648 3892//3648 3891//3648
f 3885//3649 3886//3649 3893//3649 3892//3649
f 3887//3650 3888//3650 3895//3650 3894//3650
f 3888//3651 3889//3651 3896//3651 3895//3651
f 3889//3652 3890//3652 3897//3652 3896//3652
f 3890//3653 3891//3653 3898//3653 3897//3653
f 3891//3654 3892//3654 3899//3654 3898//3654
f 3892//3655 3893//3655 3900//3655 3899//3655
f 3894//3656 3895//3656 3902//3656 3901//3656
f 3895//3657 3896//3657 3903//3657 3902//3657
f 3896//3658 3897//3658 3904//3658 3903//3658
f 3897//3659 3898//3659 3905//3659 3904//3659
f 3898//3660 3899//3660 3906//3660 3905//3660
f 3899//3661 3900//3661 3907//3661 3906//3661
f 3901//3662 3902//3662 3909//3662 3908//3662
f 3902//3663 3903//3663 3910//3663 3909//3663
f 3903//3664 3904//3664 3911//3664 3910//3664
f 3904//3665 3905//3665 3912//3665 3911//3665
f 3905//3666 3906//3666 3913//3666 3912//3666
f 3906//3667 3907//3667 3914//3667 3913//3667
f 19//3668 982//3668 3866//3668 149//3668
f 982//3669 983//3669 3867//3669 3866//3669
f 983//3670 984//3670 3868//3670 3867//3670
f 984//3671 985//3671 3869//3671 3868//3671
f 985//3672 986//3672 3870//3672 3869//3672
f 986//3673 987//3673 3871//3673 3870//3673
f 987//3674 988//3674 3872//3674 3871//3674
f 988//3675 49//3675 513//3675 3872//3675
f 3872//3676 513//3676 514//3676 3879//3676
f 3879//3677 514//3677 515//3677 3886//3677
f 3886//3678 515//3678 516//3678 3893//3678
f 3893//3679 516//3679 517//3679 3900//3679
f 3900//3680 517//3680 518//3680 3907//3680
f 3907//3681 518//3681 519//3681 3914//3681
f 3914//3682 519//3682 51//3682 848//3682
f 3913//3683 3914//3683 848//3683 847//3683
f 3912//3684 3913//3684 847//3684 846//3684
f 3911//3685 3912//3685 846//3685 845//3685
f 3910//3686 3911//3686 845//3686 844//3686
f 3909//3687 3910//3687 844//3687 843//3687
f 3908//3688 3909//3688 843//3688 842//3688
f 155//3689 3908//3689 842//3689 20//3689
f 154//3690 3901//3690 3908//3690 155//3690
f 153//3691 3894//3691 3901//3691 154//3691
f 152//3692 3887//3692 3894//3692 153//3692
f 151//3692 3880//3692 3887//3692 152//3692
f 150//3693 3873//3693 3880//3693 151//3693
f 149//3694 3866//3694 3873//3694 150//3694
f 3915//3695 3916//3695 3923//3695 3922//3695
f 3916//3696 3917//3696 3924//3696 3923//3696
f 3917//3697 3918//3697 3925//3697 3924//3697
f 3918//3698 3919//3698 3926//3698 3925//3698
f 3919//3699 3920//3699 3927//3699 3926//3699
f 3920//3700 3921//3700 3928//3700 3927//3700
f 3922//3701 3923//3701 3930//3701 3929//3701
f 3923//3702 3924//3702 3931//3702 3930//3702
f 3924//3703 3925//3703 3932//3703 3931//3703
f 3925//3704 3926//3704 3933//3704 3932//3704
f 3926//3705 3927//3705 3934//3705 3933//3705
f 3927//3706 3928//3706 3935//3706 3934//3706
f 3929//3707 3930//3707 3937//3707 3936//3707
f 3930//3708 3931//3708 3938//3708 3937//3708
f 3931//3709 3932//3709 3939//3709 3938//3709
f 3932//3710 3933//3710 3940//3710 3939//3710
f 3933//3711 3934//3711 3941//3711 3940//3711
f 3934//3712 3935//3712 3942//3712 3941//3712
f 3936//3713 3937//3713 3944//3713 3943//3713
f 3937//3714 3938//3714 3945//3714 3944//3714
f 3938//3715 3939//3715 3946//3715 3945//3715
f 3939//3716 3940//3716 3947//3716 3946//3716
f 3940//3717 3941//3717 3948//3717 3947//3717
f 3941//3718 3942//3718 3949//3718 3948//3718
f 3943//3719 3944//3719 3951//3719 3950//3719
f 3944//3720 3945//3720 3952//3720 3951//3720
f 3945//3721 3946//3721 3953//3721 3952//3721
f 3946//3722 3947//3722 3954//3722 3953//3722
f 3947//3723 3948//3723 3955//3723 3954//3723
f 3948//3724 3949//3724 3956//3724 3955//3724
f 3950//3725 3951//3725 3958//3725 3957//3725
f 3951//3726 3952//3726 3959//3726 3958//3726
f 3952//3727 3953//3727 3960//3727 3959//3727
f 3953//3728 3954//3728 3961//3728 3960//3728
f 3954//3729 3955//3729 3962//3729 3961//3729
f 3955//3730 3956//3730 3963//3730 3962//3730
f 19//3731 149//3731 3915//3731 247//3731
f 149//3732 150//3732 3916//3732 3915//3732
f 150//3733 151//3733 3917//3733 3916//3733
f 151//3734 152//3734 3918//3734 3917//3734
f 152//3734 153//3734 3919//3734 3918//3734
f 153//3735 154//3735 3920//3735 3919//3735
f 154//3736 155//3736 3921//3736 3920//3736
f 155//3737 20//3737 457//3737 3921//3737
f 3921//3738 457//3738 458//3738 3928//3738
f 3928//3739 458//3739 459//3739 3935//3739
f 3935//3740 459//3740 460//3740 3942//3740
f 3942//3741 460//3741 461//3741 3949//3741
f 3949//3742 461//3742 462//3742 3956//3742
f 3956//3743 462//3743 463//3743 3963//3743
f 3963//3744 463//3744 35//3744 1038//3744
f 3962//3745 3963//3745 1038//3745 1039//3745
f 3961//3746 3962//3746 1039//3746 1040//3746
f 3960//3747 3961//3747 1040//3747 1041//3747
f 3959//3748 3960//3748 1041//3748 1042//3748
f 3958//3749 3959//3749 1042//3749 1043//3749
f 3957//3750 3958//3750 1043//3750 1044//3750
f 253//3751 3957//3751 1044//3751 36//3751
f 252//3752 3950//3752 3957//3752 253//3752
f 251//3753 3943//3753 3950//3753 252//3753
f 250//3754 3936//3754 3943//3754 251//3754
f 249//3755 3929//3755 3936//3755 250//3755
f 248//3756 3922//3756 3929//3756 249//3756
f 247//3757 3915//3757 3922//3757 248//3757
f 3964//3758 3965//3758 3972//3758 3971//3758
f 3965//3759 3966//3759 3973//3759 3972//3759
f 3966//3760 3967//3760 3974//3760 3973//3760
f 3967//3761 3968//3761 3975//3761 3974//3761
f 3968//3762 3969//3762 3976//3762 3975//3762
f 3969//3763 3970//3763 3977//3763 3976//3763
f 3971//3764 3972//3764 3979//3764 3978//3764
f 3972//3765 3973//3765 3980//3765 3979//3765
f 3973//3766 3974//3766 3981//3766 3980//3766
f 3974//3767 3975//3767 3982//3767 3981//3767
f 3975//3768 3976//3768 3983//3768 3982//3768
f 3976//3769 3977//3769 3984//3769 3983//3769
f 3978//3770 3979//3770 3986//3770 3985//3770
f 3979//3771 3980//3771 3987//3771 3986//3771
f 3980//3772 3981//3772 3988//3772 3987//3772
f 3981//3773 3982//3773 3989//3773 3988//3773
f 3982//3774 3983//3774 3990//3774 3989//3774
f 3983//3775 3984//3775 3991//3775 3990//3775
f 3985//3776 3986//3776 3993//3776 3992//3776
f 3986//3777 3987//3777 3994//3777 3993//3777
f 3987//3778 3988//3778 3995//3778 3994//3778
f 3988//3779 3989//3779 3996//3779 3995//3779
f 3989//3780 3990//3780 3997//3780 3996//3780
f 3990//3781 3991//3781 3998//3781 3997//3781
f 3992//3782 3993//3782 4000//3782 3999//3782
f 3993//3783 3994//3783 4001//3783 4000//3783
f 3994//3784 3995//3784 4002//3784 4001//3784
f 3995//3785 3996//3785 4003//3785 4002//3785
f 3996//3786 3997//3786 4004//3786 4003//3786
f 3997//3787 3998//3787 4005//3787 4004//3787
f 3999//3788 4000//3788 4007//3788 4006//3788
f 4000//3789 4001//3789 4008//3789 4007//3789
f 4001//3790 4002//3790 4009//3790 4008//3790
f 4002//3791 4003//3791 4010//3791 4009//3791
f 4003//3792 4004//3792 4011//3792 4010//3792
f 4004//3793 4005//3793 4012//3793 4011//3793
f 10//3794 751//3794 3964//3794 92//3794
f 751//3795 752//3795 3965//3795 3964//3795
f 752//3796 753//3796 3966//3796 3965//3796
f 753//3797 754//3797 3967//3797 3966//3797
f 754//3798 755//3798 3968//3798 3967//3798
f 755//3799 756//3799 3969//3799 3968//3799
f 756//3800 757//3800 3970//3800 3969//3800
f 757//3801 34//3801 1009//3801 3970//3801
f 3970//3802 1009//3802 1008//3802 3977//3802
f 3977//3803 1008//3803 1007//3803 3984//3803
f 3984//3804 1007//3804 1006//3804 3991//3804
f 3991//3805 1006//3805 1005//3805 3998//3805
f 3998//3806 1005//3806 1004//3806 4005//3806
f 4005//3807 1004//3807 1003//3807 4012//3807
f 4012//3808 1003//3808 33//3808 232//3808
f 4011//3809 4012//3809 232//3809 231//3809
f 4010//3810 4011//3810 231//3810 230//3810
f 4009//3811 4010//3811 230//3811 229//3811
f 4008//3812 4009//3812 229//3812 228//3812
f 4007//3813 4008//3813 228//3813 227//3813
f 4006//3814 4007//3814 227//3814 226//3814
f 86//3815 4006//3815 226//3815 9//3815
f 87//3816 3999//3816 4006//3816 86//3816
f 88//3817 3992//3817 3999//3817 87//3817
f 89//3818 3985//3818 3992//3818 88//3818
f 90//3818 3978//3818 3985//3818 89//3818
f 91//3819 3971//3819 3978//3819 90//3819
f 92//3820 3964//3820 3971//3820 91//3820
f 4013//3821 4014//3821 4021//3821 4020//3821
f 4014//3822 4015//3822 4022//3822 4021//3822
f 4015//3823 4016//3823 4023//3823 4022//3823
f 4016//3824 4017//3824 4024//3824 4023//3824
f 4017//3825 4018//3825 4025//3825 4024//3825
f 4018//3826 4019//3826 4026//3826 4025//3826
f 4020//3827 4021//3827 4028//3827 4027//3827
f 4021//3828 4022//3828 4029//3828 4028//3828
f 4022//3829 4023//3829 4030//3829 4029//3829
f 4023//3830 4024//3830 4031//3830 4030//3830
f 4024//3831 4025//3831 4032//3831 4031//3831
f 4025//3832 4026//3832 4033//3832 4032//3832
f 4027//3833 4028//3833 4035//3833 4034//3833
f 4028//3834 4029//3834 4036//3834 4035//3834
f 4029//3835 4030//3835 4037//3835 4036//3835
f 4030//3836 4031//3836 4038//3836 4037//3836
f 4031//3837 4032//3837 4039//3837 4038//3837
f 4032//3838 4033//3838 4040//3838 4039//3838
f 4034//3839 4035//3839 4042//3839 4041//3839
f 4035//3840 4036//3840 4043//3840 4042//3840
f 4036//3841 4037//3841 4044//3841 4043//3841
f 4037//3842 4038//3842 4045//3842 4044//3842
f 4038//3843 4039//3843 4046//3843 4045//3843
f 4039//3844 4040//3844 4047//3844 4046//3844
f 4041//3845 4042//3845 4049//3845 4048//3845
f 4042//3846 4043//3846 4050//3846 4049//3846
f 4043//3847 4044//3847 4051//3847 4050//3847
f 4044//3848 4045//3848 4052//3848 4051//3848
f 4045//3849 4046//3849 4053//3849 4052//3849
f 4046//3850 4047//3850 4054//3850 4053//3850
f 4048//3851 4049//3851 4056//3851 4055//3851
f 4049//3852 4050//3852 4057//3852 4056//3852
f 4050//3853 4051//3853 4058//3853 4057//3853
f 4051//3854 4052//3854 4059//3854 4058//3854
f 4052//3855 4053//3855 4060//3855 4059//3855
f 4053//3856 4054//3856 4061//3856 4060//3856
f 9//3857 667//3857 4013//3857 86//3857
f 667//3858 668//3858 4014//3858 4013//3858
f 668//3859 669//3859 4015//3859 4014//3859
f 669//3860 670//3860 4016//3860 4015//3860
f 670//3861 671//3861 4017//3861 4016//3861
f 671//3862 672//3862 4018//3862 4017//3862
f 672//3863 673//3863 4019//3863 4018//3863
f 673//3864 41//3864 492//3864 4019//3864
f 4019//3865 492//3865 493//3865 4026//3865
f 4026//3866 493//3866 494//3866 4033//3866
f 4033//3867 494//3867 495//3867 4040//3867
f 4040//3868 495//3868 496//3868 4047//3868
f 4047//3869 496//3869 497//3869 4054//3869
f 4054//3870 497//3870 498//3870 4061//3870
f 4061//3871 498//3871 43//3871 806//3871
f 4060//3872 4061//3872 806//3872 805//3872
f 4059//3873 4060//3873 805//3873 804//3873
f 4058//3874 4059//3874 804//3874 803//3874
f 4057//3875 4058//3875 803//3875 802//3875
f 4056//3876 4057//3876 802//3876 801//3876
f 4055//3877 4056//3877 801//3877 800//3877
f 92//3878 4055//3878 800//3878 10//3878
f 91//3879 4048//3879 4055//3879 92//3879
f 90//3880 4041//3880 4048//3880 91//3880
f 89//3881 4034//3881 4041//3881 90//3881
f 88//3881 4027//3881 4034//3881 89//3881
f 87//3882 4020//3882 4027//3882 88//3882
f 86//3883 4013//3883 4020//3883 87//3883
f 4062//3884 4063//3884 4070//3884 4069//3884
f 4063//3885 4064//3885 4071//3885 4070//3885
f 4064//3886 4065//3886 4072//3886 4071//3886
f 4065//3887 4066//3887 4073//3887 4072//3887
f 4066//3888 4067//3888 4074//3888 4073//3888
f 4067//3889 4068//3889 4075//3889 4074//3889
f 4069//3890 4070//3890 4077//3890 4076//3890
f 4070//3891 4071//3891 4078//3891 4077//3891
f 4071//3892 4072//3892 4079//3892 4078//3892
f 4072//3893 4073//3893 4080//3893 4079//3893
f 4073//3894 4074//3894 4081//3894 4080//3894
f 4074//3895 4075//3895 4082//3895 4081//3895
f 4076//3896 4077//3896 4084//3896 4083//3896
f 4077//3897 4078//3897 4085//3897 4084//3897
f 4078//3898 4079//3898 4086//3898 4085//3898
f 4079//3899 4080//3899 4087//3899 4086//3899
f 4080//3900 4081//3900 4088//3900 4087//3900
f 4081//3901 4082//3901 4089//3901 4088//3901
f 4083//3902 4084//3902 4091//3902 4090//3902
f 4084//3903 4085//3903 4092//3903 4091//3903
f 4085//3904 4086//3904 4093//3904 4092//3904
f 4086//3905 4087//3905 4094//3905 4093//3905
f 4087//3906 4088//3906 4095//3906 4094//3906
f 4088//3907 4089//3907 4096//3907 4095//3907
f 4090//3908 4091//3908 4098//3908 4097//3908
f 4091//3909 4092//3909 4099//3909 4098//3909
f 4092//3910 4093//3910 4100//3910 4099//3910
f 4093//3911 4094//3911 4101//3911 4100//3911
f 4094//3912 4095//3912 4102//3912 4101//3912
f 4095//3913 4096//3913 4103//3913 4102//3913
f 4097//3914 4098//3914 4105//3914 4104//3914
f 4098//3915 4099//3915 4106//3915 4105//3915
f 4099//3916 4100//3916 4107//3916 4106//3916
f 4100//3917 4101//3917 4108//3917 4107//3917
f 4101//3918 4102//3918 4109//3918 4108//3918
f 4102//3919 4103//3919 4110//3919 4109//3919
f 25//3920 184//3920 4062//3920 289//3920
f 184//3921 185//3921 4063//3921 4062//3921
f 185//3922 186//3922 4064//3922 4063//3922
f 186//3923 187//3923 4065//3923 4064//3923
f 187//3923 188//3923 4066//3923 4065//3923
f 188//3924 189//3924 4067//3924 4066//3924
f 189//3925 190//3925 4068//3925 4067//3925
f 190//3926 26//3926 520//3926 4068//3926
f 4068//3927 520//3927 521//3927 4075//3927
f 4075//3928 521//3928 522//3928 4082//3928
f 4082//3929 522//3929 523//3929 4089//3929
f 4089//3930 523//3930 524//3930 4096//3930
f 4096//3931 524//3931 525//3931 4103//3931
f 4103//3932 525//3932 526//3932 4110//3932
f 4110//3933 526//3933 44//3933 1016//3933
f 4109//3934 4110//3934 1016//3934 1015//3934
f 4108//3935 4109//3935 1015//3935 1014//3935
f 4107//3936 4108//3936 1014//3936 1013//3936
f 4106//3937 4107//3937 1013//3937 1012//3937
f 4105//3938 4106//3938 1012//3938 1011//3938
f 4104//3939 4105//3939 1011//3939 1010//3939
f 295//3940 4104//3940 1010//3940 42//3940
f 294//3941 4097//3941 4104//3941 295//3941
f 293//3942 4090//3942 4097//3942 294//3942
f 292//3943 4083//3943 4090//3943 293//3943
f 291//3944 4076//3944 4083//3944 292//3944
f 290//3945 4069//3945 4076//3945 291//3945
f 289//3946 4062//3946 4069//3946 290//3946
f 4111//3947 4112//3947 4119//3947 4118//3947
f 4112//3948 4113//3948 4120//3948 4119//3948
f 4113//3949 4114//3949 4121//3949 4120//3949
f 4114//3950 4115//3950 4122//3950 4121//3950
f 4115//3951 4116//3951 4123//3951 4122//3951
f 4116//3952 4117//3952 4124//3952 4123//3952
f 4118//3953 4119//3953 4126//3953 4125//3953
f 4119//3954 4120//3954 4127//3954 4126//3954
f 4120//3955 4121//3955 4128//3955 4127//3955
f 4121//3956 4122//3956 4129//3956 4128//3956
f 4122//3957 4123//3957 4130//3957 4129//3957
f 4123//3958 4124//3958 4131//3958 4130//3958
f 4125//3959 4126//3959 4133//3959 4132//3959
f 4126//3960 4127//3960 4134//3960 4133//3960
f 4127//3961 4128//3961 4135//3961 4134//3961
f 4128//3962 4129//3962 4136//3962 4135//3962
f 4129//3963 4130//3963 4137//3963 4136//3963
f 4130//3964 4131//3964 4138//3964 4137//3964
f 4132//3965 4133//3965 4140//3965 4139//3965
f 4133//3966 4134//3966 4141//3966 4140//3966
f 4134//3967 4135//3967 4142//3967 4141//3967
f 4135//3968 4136//3968 4143//3968 4142//3968
f 4136//3969 4137//3969 4144//3969 4143//3969
f 4137//3970 4138//3970 4145//3970 4144//3970
f 4139//3971 4140//3971 4147//3971 4146//3971
f 4140//3972 4141//3972 4148//3972 4147//3972
f 4141//3973 4142//3973 4149//3973 4148//3973
f 4142//3974 4143//3974 4150//3974 4149//3974
f 4143//3975 4144//3975 4151//3975 4150//3975
f 4144//3976 4145//3976 4152//3976 4151//3976
f 4146//3977 4147//3977 4154//3977 4153//3977
f 4147//3978 4148//3978 4155//3978 4154//3978
f 4148//3979 4149//3979 4156//3979 4155//3979
f 4149//3980 4150//3980 4157//3980 4156//3980
f 4150//3981 4151//3981 4158//3981 4157//3981
f 4151//3982 4152//3982 4159//3982 4158//3982
f 25//3983 975//3983 4111//3983 184//3983
f 975//3984 976//3984 4112//3984 4111//3984
f 976//3985 977//3985 4113//3985 4112//3985
f 977//3986 978//3986 4114//3986 4113//3986
f 978//3987 979//3987 4115//3987 4114//3987
f 979//3988 980//3988 4116//3988 4115//3988
f 980//3989 981//3989 4117//3989 4116//3989
f 981//3990 37//3990 1045//3990 4117//3990
f 4117//3991 1045//3991 1046//3991 4124//3991
f 4124//3992 1046//3992 1047//3992 4131//3992
f 4131//3993 1047//3993 1048//3993 4138//3993
f 4138//3994 1048//3994 1049//3994 4145//3994
f 4145//3995 1049//3995 1050//3995 4152//3995
f 4152//3996 1050//3996 1051//3996 4159//3996
f 4159//3997 1051//3997 39//3997 785//3997
f 4158//3998 4159//3998 785//3998 784//3998
f 4157//3999 4158//3999 784//3999 783//3999
f 4156//4000 4157//4000 783//4000 782//4000
f 4155//4001 4156//4001 782//4001 781//4001
f 4154//4002 4155//4002 781//4002 780//4002
f 4153//4003 4154//4003 780//4003 779//4003
f 190//4004 4153//4004 779//4004 26//4004
f 189//4005 4146//4005 4153//4005 190//4005
f 188//4006 4139//4006 4146//4006 189//4006
f 187//4007 4132//4007 4139//4007 188//4007
f 186//4007 4125//4007 4132//4007 187//4007
f 185//4008 4118//4008 4125//4008 186//4008
f 184//4009 4111//4009 4118//4009 185//4009
f 4160//4010 4161//4010 4168//4010 4167//4010
f 4161//4011 4162//4011 4169//4011 4168//4011
f 4162//4012 4163//4012 4170//4012 4169//4012
f 4163//4013 4164//4013 4171//4013 4170//4013
f 4164//4014 4165//4014 4172//4014 4171//4014
f 4165//4015 4166//4015 4173//4015 4172//4015
f 4167//4016 4168//4016 4175//4016 4174//4016
f 4168//4017 4169//4017 4176//4017 4175//4017
f 4169//4018 4170//4018 4177//4018 4176//4018
f 4170//4019 4171//4019 4178//4019 4177//4019
f 4171//4020 4172//4020 4179//4020 4178//4020
f 4172//4021 4173//4021 4180//4021 4179//4021
f 4174//4022 4175//4022 4182//4022 4181//4022
f 4175//4023 4176//4023 4183//4023 4182//4023
f 4176//4024 4177//4024 4184//4024 4183//4024
f 4177//4025 4178//4025 4185//4025 4184//4025
f 4178//4026 4179//4026 4186//4026 4185//4026
f 4179//4027 4180//4027 4187//4027 4186//4027
f 4181//4028 4182//4028 4189//4028 4188//4028
f 4182//4029 4183//4029 4190//4029 4189//4029
f 4183//4030 4184//4030 4191//4030 4190//4030
f 4184//4031 4185//4031 4192//4031 4191//4031
f 4185//4032 4186//4032 4193//4032 4192//4032
f 4186//4033 4187//4033 4194//4033 4193//4033
f 4188//4034 4189//4034 4196//4034 4195//4034
f 4189//4035 4190//4035 4197//4035 4196//4035
f 4190//4036 4191//4036 4198//4036 4197//4036
f 4191//4037 4192//4037 4199//4037 4198//4037
f 4192//4038 4193//4038 4200//4038 4199//4038
f 4193//4039 4194//4039 4201//4039 4200//4039
f 4195//4040 4196//4040 4203//4040 4202//4040
f 4196//4041 4197//4041 4204//4041 4203//4041
f 4197//4042 4198//4042 4205//4042 4204//4042
f 4198//4043 4199//4043 4206//4043 4205//4043
f 4199//4044 4200//4044 4207//4044 4206//4044
f 4200//4045 4201//4045 4208//4045 4207//4045
f 32//4046 225//4046 4160//4046 548//4046
f 225//4047 224//4047 4161//4047 4160//4047
f 224//4048 223//4048 4162//4048 4161//4048
f 223//4049 222//4049 4163//4049 4162//4049
f 222//4049 221//4049 4164//4049 4163//4049
f 221//4050 220//4050 4165//4050 4164//4050
f 220//4051 219//4051 4166//4051 4165//4051
f 219//4052 31//4052 275//4052 4166//4052
f 4166//4053 275//4053 276//4053 4173//4053
f 4173//4054 276//4054 277//4054 4180//4054
f 4180//4055 277//4055 278//4055 4187//4055
f 4187//4056 278//4056 279//4056 4194//4056
f 4194//4057 279//4057 280//4057 4201//4057
f 4201//4058 280//4058 281//4058 4208//4058
f 4208//4059 281//4059 40//4059 638//4059
f 4207//4060 4208//4060 638//4060 637//4060
f 4206//4061 4207//4061 637//4061 636//4061
f 4205//4062 4206//4062 636//4062 635//4062
f 4204//4063 4205//4063 635//4063 634//4063
f 4203//4064 4204//4064 634//4064 633//4064
f 4202//4065 4203//4065 633//4065 632//4065
f 554//4066 4202//4066 632//4066 38//4066
f 553//4067 4195//4067 4202//4067 554//4067
f 552//4068 4188//4068 4195//4068 553//4068
f 551//4069 4181//4069 4188//4069 552//4069
f 550//4070 4174//4070 4181//4070 551//4070
f 549//4071 4167//4071 4174//4071 550//4071
f 548//4072 4160//4072 4167//4072 549//4072
f 4209//4073 4210//4073 4217//4073 4216//4073
f 4210//4074 4211//4074 4218//4074 4217//4074
f 4211//4075 4212//4075 4219//4075 4218//4075
f 4212//4076 4213//4076 4220//4076 4219//4076
f 4213//4077 4214//4077 4221//4077 4220//4077
f 4214//4078 4215//4078 4222//4078 4221//4078
f 4216//4079 4217//4079 4224//4079 4223//4079
f 4217//4080 4218//4080 4225//4080 4224//4080
f 4218//4081 4219//4081 4226//4081 4225//4081
f 4219//4082 4220//4082 4227//4082 4226//4082
f 4220//4083 4221//4083 4228//4083 4227//4083
f 4221//4084 4222//4084 4229//4084 4228//4084
f 4223//4085 4224//4085 4231//4085 4230//4085
f 4224//4086 4225//4086 4232//4086 4231//4086
f 4225//4087 4226//4087 4233//4087 4232//4087
f 4226//4088 4227//4088 4234//4088 4233//4088
f 4227//4089 4228//4089 4235//4089 4234//4089
f 4228//4090 4229//4090 4236//4090 4235//4090
f 4230//4091 4231//4091 4238//4091 4237//4091
f 4231//4092 4232//4092 4239//4092 4238//4092
f 4232//4093 4233//4093 4240//4093 4239//4093
f 4233//4094 4234//4094 4241//4094 4240//4094
f 4234//4095 4235//4095 4242//4095 4241//4095
f 4235//4096 4236//4096 4243//4096 4242//4096
f 4237//4097 4238//4097 4245//4097 4244//4097
f 4238//4098 4239//4098 4246//4098 4245//4098
f 4239//4099 4240//4099 4247//4099 4246//4099
f 4240//4100 4241//4100 4248//4100 4247//4100
f 4241//4101 4242//4101 4249//4101 4248//4101
f 4242//4102 4243//4102 4250//4102 4249//4102
f 4244//4103 4245//4103 4252//4103 4251//4103
f 4245//4104 4246//4104 4253//4104 4252//4104
f 4246//4105 4247//4105 4254//4105 4253//4105
f 4247//4106 4248//4106 4255//4106 4254//4106
f 4248//4107 4249//4107 4256//4107 4255//4107
f 4249//4108 4250//4108 4257//4108 4256//4108
f 41//4109 485//4109 4209//4109 492//4109
f 485//4110 486//4110 4210//4110 4209//4110
f 486//4111 487//4111 4211//4111 4210//4111
f 487//4112 488//4112 4212//4112 4211//4112
f 488//4113 489//4113 4213//4113 4212//4113
f 489//4114 490//4114 4214//4114 4213//4114
f 490//4115 491//4115 4215//4115 4214//4115
f 491//4116 59//4116 625//4116 4215//4116
f 4215//4117 625//4117 626//4117 4222//4117
f 4222//4118 626//4118 627//4118 4229//4118
f 4229//4119 627//4119 628//4119 4236//4119
f 4236//4120 628//4120 629//4120 4243//4120
f 4243//4121 629//4121 630//4121 4250//4121
f 4250//4122 630//4122 631//4122 4257//4122
f 4257//4123 631//4123 60//4123 512//4123
f 4256//4124 4257//4124 512//4124 511//4124
f 4255//4125 4256//4125 511//4125 510//4125
f 4254//4126 4255//4126 510//4126 509//4126
f 4253//4127 4254//4127 509//4127 508//4127
f 4252//4128 4253//4128 508//4128 507//4128
f 4251//4129 4252//4129 507//4129 506//4129
f 498//4130 4251//4130 506//4130 43//4130
f 497//4131 4244//4131 4251//4131 498//4131
f 496//4132 4237//4132 4244//4132 497//4132
f 495//4133 4230//4133 4237//4133 496//4133
f 494//4134 4223//4134 4230//4134 495//4134
f 493//4135 4216//4135 4223//4135 494//4135
f 492//4136 4209//4136 4216//4136 493//4136
f 4258//4137 4259//4137 4266//4137 4265//4137
f 4259//4138 4260//4138 4267//4138 4266//4138
f 4260//4139 4261//4139 4268//4139 4267//4139
f 4261//4140 4262//4140 4269//4140 4268//4140
f 4262//4141 4263//4141 4270//4141 4269//4141
f 4263//4142 4264//4142 4271//4142 4270//4142
f 4265//4143 4266//4143 4273//4143 4272//4143
f 4266//4144 4267//4144 4274//4144 4273//4144
f 4267//4145 4268//4145 4275//4145 4274//4145
f 4268//4146 4269//4146 4276//4146 4275//4146
f 4269//4147 4270//4147 4277//4147 4276//4147
f 4270//4148 4271//4148 4278//4148 4277//4148
f 4272//4149 4273//4149 4280//4149 4279//4149
f 4273//4150 4274//4150 4281//4150 4280//4150
f 4274//4151 4275//4151 4282//4151 4281//4151
f 4275//4152 4276//4152 4283//4152 4282//4152
f 4276//4153 4277//4153 4284//4153 4283//4153
f 4277//4154 4278//4154 4285//4154 4284//4154
f 4279//4155 4280//4155 4287//4155 4286//4155
f 4280//4156 4281//4156 4288//4156 4287//4156
f 4281//4157 4282//4157 4289//4157 4288//4157
f 4282//4158 4283//4158 4290//4158 4289//4158
f 4283//4159 4284//4159 4291//4159 4290//4159
f 4284//4160 4285//4160 4292//4160 4291//4160
f 4286//4161 4287//4161 4294//4161 4293//4161
f 4287//4162 4288//4162 4295//4162 4294//4162
f 4288//4163 4289//4163 4296//4163 4295//4163
f 4289//4164 4290//4164 4297//4164 4296//4164
f 4290//4165 4291//4165 4298//4165 4297//4165
f 4291//4166 4292//4166 4299//4166 4298//4166
f 4293//4167 4294//4167 4301//4167 4300//4167
f 4294//4168 4295//4168 4302//4168 4301//4168
f 4295//4169 4296//4169 4303//4169 4302//4169
f 4296//4170 4297//4170 4304//4170 4303//4170
f 4297//4171 4298//4171 4305//4171 4304//4171
f 4298//4172 4299//4172 4306//4172 4305//4172
f 33//4173 1003//4173 4258//4173 408//4173
f 1003//4174 1004//4174 4259//4174 4258//4174
f 1004//4175 1005//4175 4260//4175 4259//4175
f 1005//4176 1006//4176 4261//4176 4260//4176
f 1006//4177 1007//4177 4262//4177 4261//4177
f 1007//4178 1008//4178 4263//4178 4262//4178
f 1008//4179 1009//4179 4264//4179 4263//4179
f 1009//4180 34//4180 898//4180 4264//4180
f 4264//4181 898//4181 899//4181 4271//4181
f 4271//4182 899//4182 900//4182 4278//4182
f 4278//4183 900//4183 901//4183 4285//4183
f 4285//4184 901//4184 902//4184 4292//4184
f 4292//4185 902//4185 903//4185 4299//4185
f 4299//4186 903//4186 904//4186 4306//4186
f 4306//4187 904//4187 60//4187 631//4187
f 4305//4188 4306//4188 631//4188 630//4188
f 4304//4189 4305//4189 630//4189 629//4189
f 4303//4190 4304//4190 629//4190 628//4190
f 4302//4191 4303//4191 628//4191 627//4191
f 4301//4192 4302//4192 627//4192 626//4192
f 4300//4193 4301//4193 626//4193 625//4193
f 414//4194 4300//4194 625//4194 59//4194
f 413//4195 4293//4195 4300//4195 414//4195
f 412//4196 4286//4196 4293//4196 413//4196
f 411//4197 4279//4197 4286//4197 412//4197
f 410//4198 4272//4198 4279//4198 411//4198
f 409//4199 4265//4199 4272//4199 410//4199
f 408//4200 4258//4200 4265//4200 409//4200
f 4307//4201 4308//4201 4315//4201 4314//4201
f 4308//4202 4309//4202 4316//4202 4315//4202
f 4309//4203 4310//4203 4317//4203 4316//4203
f 4310//4204 4311//4204 4318//4204 4317//4204
f 4311//4205 4312//4205 4319//4205 4318//4205
f 4312//4206 4313//4206 4320//4206 4319//4206
f 4314//4207 4315//4207 4322//4207 4321//4207
f 4315//4208 4316//4208 4323//4208 4322//4208
f 4316//4209 4317//4209 4324//4209 4323//4209
f 4317//4210 4318//4210 4325//4210 4324//4210
f 4318//4211 4319//4211 4326//4211 4325//4211
f 4319//4212 4320//4212 4327//4212 4326//4212
f 4321//4213 4322//4213 4329//4213 4328//4213
f 4322//4214 4323//4214 4330//4214 4329//4214
f 4323//4215 4324//4215 4331//4215 4330//4215
f 4324//4216 4325//4216 4332//4216 4331//4216
f 4325//4217 4326//4217 4333//4217 4332//4217
f 4326//4218 4327//4218 4334//4218 4333//4218
f 4328//4219 4329//4219 4336//4219 4335//4219
f 4329//4220 4330//4220 4337//4220 4336//4220
f 4330//4221 4331//4221 4338//4221 4337//4221
f 4331//4222 4332//4222 4339//4222 4338//4222
f 4332//4223 4333//4223 4340//4223 4339//4223
f 4333//4224 4334//4224 4341//4224 4340//4224
f 4335//4225 4336//4225 4343//4225 4342//4225
f 4336//4226 4337//4226 4344//4226 4343//4226
f 4337//4227 4338//4227 4345//4227 4344//4227
f 4338//4228 4339//4228 4346//4228 4345//4228
f 4339//4229 4340//4229 4347//4229 4346//4229
f 4340//4230 4341//4230 4348//4230 4347//4230
f 4342//4231 4343//4231 4350//4231 4349//4231
f 4343//4232 4344//4232 4351//4232 4350//4232
f 4344//4233 4345//4233 4352//4233 4351//4233
f 4345//4234 4346//4234 4353//4234 4352//4234
f 4346//4235 4347//4235 4354//4235 4353//4235
f 4347//4236 4348//4236 4355//4236 4354//4236
f 49//4237 555//4237 4307//4237 513//4237
f 555//4238 556//4238 4308//4238 4307//4238
f 556//4239 557//4239 4309//4239 4308//4239
f 557//4240 558//4240 4310//4240 4309//4240
f 558//4241 559//4241 4311//4241 4310//4241
f 559//4242 560//4242 4312//4242 4311//4242
f 560//4243 561//4243 4313//4243 4312//4243
f 561//4244 63//4244 1052//4244 4313//4244
f 4313//4245 1052//4245 1053//4245 4320//4245
f 4320//4246 1053//4246 1054//4246 4327//4246
f 4327//4247 1054//4247 1055//4247 4334//4247
f 4334//4248 1055//4248 1056//4248 4341//4248
f 4341//4249 1056//4249 1057//4249 4348//4249
f 4348//4250 1057//4250 1058//4250 4355//4250
f 4355//4251 1058//4251 64//4251 603//4251
f 4354//4252 4355//4252 603//4252 602//4252
f 4353//4253 4354//4253 602//4253 601//4253
f 4352//4254 4353//4254 601//4254 600//4254
f 4351//4255 4352//4255 600//4255 599//4255
f 4350//4256 4351//4256 599//4256 598//4256
f 4349//4257 4350//4257 598//4257 597//4257
f 519//4258 4349//4258 597//4258 51//4258
f 518//4259 4342//4259 4349//4259 519//4259
f 517//4260 4335//4260 4342//4260 518//4260
f 516//4261 4328//4261 4335//4261 517//4261
f 515//4262 4321//4262 4328//4262 516//4262
f 514//4263 4314//4263 4321//4263 515//4263
f 513//4264 4307//4264 4314//4264 514//4264
f 4356//4265 4357//4265 4364//4265 4363//4265
f 4357//4266 4358//4266 4365//4266 4364//4266
f 4358//4267 4359//4267 4366//4267 4365//4267
f 4359//4268 4360//4268 4367//4268 4366//4268
f 4360//4269 4361//4269 4368//4269 4367//4269
f 4361//4270 4362//4270 4369//4270 4368//4270
f 4363//4271 4364//4271 4371//4271 4370//4271
f 4364//4272 4365//4272 4372//4272 4371//4272
f 4365//4273 4366//4273 4373//4273 4372//4273
f 4366//4274 4367//4274 4374//4274 4373//4274
f 4367//4275 4368//4275 4375//4275 4374//4275
f 4368//4276 4369//4276 4376//4276 4375//4276
f 4370//4277 4371//4277 4378//4277 4377//4277
f 4371//4278 4372//4278 4379//4278 4378//4278
f 4372//4279 4373//4279 4380//4279 4379//4279
f 4373//4280 4374//4280 4381//4280 4380//4280
f 4374//4281 4375//4281 4382//4281 4381//4281
f 4375//4282 4376//4282 4383//4282 4382//4282
f 4377//4283 4378//4283 4385//4283 4384//4283
f 4378//4284 4379//4284 4386//4284 4385//4284
f 4379//4285 4380//4285 4387//4285 4386//4285
f 4380//4286 4381//4286 4388//4286 4387//4286
f 4381//4287 4382//4287 4389//4287 4388//4287
f 4382//4288 4383//4288 4390//4288 4389//4288
f 4384//4289 4385//4289 4392//4289 4391//4289
f 4385//4290 4386//4290 4393//4290 4392//4290
f 4386//4291 4387//4291 4394//4291 4393//4291
f 4387//4292 4388//4292 4395//4292 4394//4292
f 4388//4293 4389//4293 4396//4293 4395//4293
f 4389//4294 4390//4294 4397//4294 4396//4294
f 4391//4295 4392//4295 4399//4295 4398//4295
f 4392//4296 4393//4296 4400//4296 4399//4296
f 4393//4297 4394//4297 4401//4297 4400//4297
f 4394//4298 4395//4298 4402//4298 4401//4298
f 4395//4299 4396//4299 4403//4299 4402//4299
f 4396//4300 4397//4300 4404//4300 4403//4300
f 36//4301 1044//4301 4356//4301 919//4301
f 1044//4302 1043//4302 4357//4302 4356//4302
f 1043//4303 1042//4303 4358//4303 4357//4303
f 1042//4304 1041//4304 4359//4304 4358//4304
f 1041//4305 1040//4305 4360//4305 4359//4305
f 1040//4306 1039//4306 4361//4306 4360//4306
f 1039//4307 1038//4307 4362//4307 4361//4307
f 1038//4308 35//4308 471//4308 4362//4308
f 4362//4309 471//4309 472//4309 4369//4309
f 4369//4310 472//4310 473//4310 4376//4310
f 4376//4311 473//4311 474//4311 4383//4311
f 4383//4312 474//4312 475//4312 4390//4312
f 4390//4313 475//4313 476//4313 4397//4313
f 4397//4314 476//4314 477//4314 4404//4314
f 4404//4315 477//4315 64//4315 1058//4315
f 4403//4316 4404//4316 1058//4316 1057//4316
f 4402//4317 4403//4317 1057//4317 1056//4317
f 4401//4318 4402//4318 1056//4318 1055//4318
f 4400//4319 4401//4319 1055//4319 1054//4319
f 4399//4320 4400//4320 1054//4320 1053//4320
f 4398//4321 4399//4321 1053//4321 1052//4321
f 925//4322 4398//4322 1052//4322 63//4322
f 924//4323 4391//4323 4398//4323 925//4323
f 923//4324 4384//4324 4391//4324 924//4324
f 922//4325 4377//4325 4384//4325 923//4325
f 921//4326 4370//4326 4377//4326 922//4326
f 920//4327 4363//4327 4370//4327 921//4327
f 919//4328 4356//4328 4363//4328 920//4328
f 4405//4329 4406//4329 4413//4329 4412//4329
f 4406//4330 4407//4330 4414//4330 4413//4330
f 4407//4331 4408//4331 4415//4331 4414//4331
f 4408//4332 4409//4332 4416//4332 4415//4332
f 4409//4333 4410//4333 4417//4333 4416//4333
f 4410//4334 4411//4334 4418//4334 4417//4334
f 4412//4335 4413//4335 4420//4335 4419//4335
f 4413//4336 4414//4336 4421//4336 4420//4336
f 4414//4337 4415//4337 4422//4337 4421//4337
f 4415//4338 4416//4338 4423//4338 4422//4338
f 4416//4339 4417//4339 4424//4339 4423//4339
f 4417//4340 4418//4340 4425//4340 4424//4340
f 4419//4341 4420//4341 4427//4341 4426//4341
f 4420//4342 4421//4342 4428//4342 4427//4342
f 4421//4343 4422//4343 4429//4343 4428//4343
f 4422//4344 4423//4344 4430//4344 4429//4344
f 4423//4345 4424//4345 4431//4345 4430//4345
f 4424//4346 4425//4346 4432//4346 4431//4346
f 4426//4347 4427//4347 4434//4347 4433//4347
f 4427//4348 4428//4348 4435//4348 4434//4348
f 4428//4349 4429//4349 4436//4349 4435//4349
f 4429//4350 4430//4350 4437//4350 4436//4350
f 4430//4351 4431//4351 4438//4351 4437//4351
f 4431//4352 4432//4352 4439//4352 4438//4352
f 4433//4353 4434//4353 4441//4353 4440//4353
f 4434//4354 4435//4354 4442//4354 4441//4354
f 4435//4355 4436//4355 4443//4355 4442//4355
f 4436//4356 4437//4356 4444//4356 4443//4356
f 4437//4357 4438//4357 4445//4357 4444//4357
f 4438//4358 4439//4358 4446//4358 4445//4358
f 4440//4359 4441//4359 4448//4359 4447//4359
f 4441//4360 4442//4360 4449//4360 4448//4360
f 4442//4361 4443//4361 4450//4361 4449//4361
f 4443//4362 4444//4362 4451//4362 4450//4362
f 4444//4363 4445//4363 4452//4363 4451//4363
f 4445//4364 4446//4364 4453//4364 4452//4364
f 37//4365 394//4365 4405//4365 1045//4365
f 394//4366 395//4366 4406//4366 4405//4366
f 395//4367 396//4367 4407//4367 4406//4367
f 396//4368 397//4368 4408//4368 4407//4368
f 397//4369 398//4369 4409//4369 4408//4369
f 398//4370 399//4370 4410//4370 4409//4370
f 399//4371 400//4371 4411//4371 4410//4371
f 400//4372 57//4372 639//4372 4411//4372
f 4411//4373 639//4373 640//4373 4418//4373
f 4418//4374 640//4374 641//4374 4425//4374
f 4425//4375 641//4375 642//4375 4432//4375
f 4432//4376 642//4376 643//4376 4439//4376
f 4439//4377 643//4377 644//4377 4446//4377
f 4446//4378 644//4378 645//4378 4453//4378
f 4453//4379 645//4379 61//4379 428//4379
f 4452//4380 4453//4380 428//4380 427//4380
f 4451//4381 4452//4381 427//4381 426//4381
f 4450//4382 4451//4382 426//4382 425//4382
f 4449//4383 4450//4383 425//4383 424//4383
f 4448//4384 4449//4384 424//4384 423//4384
f 4447//4385 4448//4385 423//4385 422//4385
f 1051//4386 4447//4386 422//4386 39//4386
f 1050//4387 4440//4387 4447//4387 1051//4387
f 1049//4388 4433//4388 4440//4388 1050//4388
f 1048//4389 4426//4389 4433//4389 1049//4389
f 1047//4390 4419//4390 4426//4390 1048//4390
f 1046//4391 4412//4391 4419//4391 1047//4391
f 1045//4392 4405//4392 4412//4392 1046//4392
f 4454//4393 4455//4393 4462//4393 4461//4393
f 4455//4394 4456//4394 4463//4394 4462//4394
f 4456//4395 4457//4395 4464//4395 4463//4395
f 4457//4396 4458//4396 4465//4396 4464//4396
f 4458//4397 4459//4397 4466//4397 4465//4397
f 4459//4398 4460//4398 4467//4398 4466//4398
f 4461//4399 4462//4399 4469//4399 4468//4399
f 4462//4400 4463//4400 4470//4400 4469//4400
f 4463//4401 4464//4401 4471//4401 4470//4401
f 4464//4402 4465//4402 4472//4402 4471//4402
f 4465//4403 4466//4403 4473//4403 4472//4403
f 4466//4404 4467//4404 4474//4404 4473//4404
f 4468//4405 4469//4405 4476//4405 4475//4405
f 4469//4406 4470//4406 4477//4406 4476//4406
f 4470//4407 4471//4407 4478//4407 4477//4407
f 4471//4408 4472//4408 4479//4408 4478//4408
f 4472//4409 4473//4409 4480//4409 4479//4409
f 4473//4410 4474//4410 4481//4410 4480//4410
f 4475//4411 4476//4411 4483//4411 4482//4411
f 4476//4412 4477//4412 4484//4412 4483//4412
f 4477//4413 4478//4413 4485//4413 4484//4413
f 4478//4414 4479//4414 4486//4414 4485//4414
f 4479//4415 4480//4415 4487//4415 4486//4415
f 4480//4416 4481//4416 4488//4416 4487//4416
f 4482//4417 4483//4417 4490//4417 4489//4417
f 4483//4418 4484//4418 4491//4418 4490//4418
f 4484//4419 4485//4419 4492//4419 4491//4419
f 4485//4420 4486//4420 4493//4420 4492//4420
f 4486//4421 4487//4421 4494//4421 4493//4421
f 4487//4422 4488//4422 4495//4422 4494//4422
f 4489//4423 4490//4423 4497//4423 4496//4423
f 4490//4424 4491//4424 4498//4424 4497//4424
f 4491//4425 4492//4425 4499//4425 4498//4425
f 4492//4426 4493//4426 4500//4426 4499//4426
f 4493//4427 4494//4427 4501//4427 4500//4427
f 4494//4428 4495//4428 4502//4428 4501//4428
f 42//4429 1010//4429 4454//4429 954//4429
f 1010//4430 1011//4430 4455//4430 4454//4430
f 1011//4431 1012//4431 4456//4431 4455//4431
f 1012//4432 1013//4432 4457//4432 4456//4432
f 1013//4433 1014//4433 4458//4433 4457//4433
f 1014//4434 1015//4434 4459//4434 4458//4434
f 1015//4435 1016//4435 4460//4435 4459//4435
f 1016//4436 44//4436 989//4436 4460//4436
f 4460//4437 989//4437 990//4437 4467//4437
f 4467//4438 990//4438 991//4438 4474//4438
f 4474//4439 991//4439 992//4439 4481//4439
f 4481//4440 992//4440 993//4440 4488//4440
f 4488//4441 993//4441 994//4441 4495//4441
f 4495//4442 994//4442 995//4442 4502//4442
f 4502//4443 995//4443 61//4443 645//4443
f 4501//4444 4502//4444 645//4444 644//4444
f 4500//4445 4501//4445 644//4445 643//4445
f 4499//4446 4500//4446 643//4446 642//4446
f 4498//4447 4499//4447 642//4447 641//4447
f 4497//4448 4498//4448 641//4448 640//4448
f 4496//4449 4497//4449 640//4449 639//4449
f 960//4450 4496//4450 639//4450 57//4450
f 959//4451 4489//4451 4496//4451 960//4451
f 958//4452 4482//4452 4489//4452 959//4452
f 957//4453 4475//4453 4482//4453 958//4453
f 956//4454 4468//4454 4475//4454 957//4454
f 955//4455 4461//4455 4468//4455 956//4455
f 954//4456 4454//4456 4461//4456 955//4456
f 4503//4457 4504//4457 4511//4457 4510//4457
f 4504//4458 4505//4458 4512//4458 4511//4458
f 4505//4459 4506//4459 4513//4459 4512//4459
f 4506//4460 4507//4460 4514//4460 4513//4460
f 4507//4461 4508//4461 4515//4461 4514//4461
f 4508//4462 4509//4462 4516//4462 4515//4462
f 4510//4463 4511//4463 4518//4463 4517//4463
f 4511//4464 4512//4464 4519//4464 4518//4464
f 4512//4465 4513//4465 4520//4465 4519//4465
f 4513//4466 4514//4466 4521//4466 4520//4466
f 4514//4467 4515//4467 4522//4467 4521//4467
f 4515//4468 4516//4468 4523//4468 4522//4468
f 4517//4469 4518//4469 4525//4469 4524//4469
f 4518//4470 4519//4470 4526//4470 4525//4470
f 4519//4471 4520//4471 4527//4471 4526//4471
f 4520//4472 4521//4472 4528//4472 4527//4472
f 4521//4473 4522//4473 4529//4473 4528//4473
f 4522//4474 4523//4474 4530//4474 4529//4474
f 4524//4475 4525//4475 4532//4475 4531//4475
f 4525//4476 4526//4476 4533//4476 4532//4476
f 4526//4477 4527//4477 4534//4477 4533//4477
f 4527//4478 4528//4478 4535//4478 4534//4478
f 4528//4479 4529//4479 4536//4479 4535//4479
f 4529//4480 4530//4480 4537//4480 4536//4480
f 4531//4481 4532//4481 4539//4481 4538//4481
f 4532//4482 4533//4482 4540//4482 4539//4482
f 4533//4483 4534//4483 4541//4483 4540//4483
f 4534//4484 4535//4484 4542//4484 4541//4484
f 4535//4485 4536//4485 4543//4485 4542//4485
f 4536//4486 4537//4486 4544//4486 4543//4486
f 4538//4487 4539//4487 4546//4487 4545//4487
f 4539//4488 4540//4488 4547//4488 4546//4488
f 4540//4489 4541//4489 4548//4489 4547//4489
f 4541//4490 4542//4490 4549//4490 4548//4490
f 4542//4491 4543//4491 4550//4491 4549//4491
f 4543//4492 4544//4492 4551//4492 4550//4492
f 38//4493 632//4493 4503//4493 884//4493
f 632//4494 633//4494 4504//4494 4503//4494
f 633//4495 634//4495 4505//4495 4504//4495
f 634//4496 635//4496 4506//4496 4505//4496
f 635//4497 636//4497 4507//4497 4506//4497
f 636//4498 637//4498 4508//4498 4507//4498
f 637//4499 638//4499 4509//4499 4508//4499
f 638//4500 40//4500 961//4500 4509//4500
f 4509//4501 961//4501 962//4501 4516//4501
f 4516//4502 962//4502 963//4502 4523//4502
f 4523//4503 963//4503 964//4503 4530//4503
f 4530//4504 964//4504 965//4504 4537//4504
f 4537//4505 965//4505 966//4505 4544//4505
f 4544//4506 966//4506 967//4506 4551//4506
f 4551//4507 967//4507 62//4507 1072//4507
f 4550//4508 4551//4508 1072//4508 1071//4508
f 4549//4509 4550//4509 1071//4509 1070//4509
f 4548//4510 4549//4510 1070//4510 1069//4510
f 4547//4511 4548//4511 1069//4511 1068//4511
f 4546//4512 4547//4512 1068//4512 1067//4512
f 4545//4513 4546//4513 1067//4513 1066//4513
f 890//4514 4545//4514 1066//4514 58//4514
f 889//4515 4538//4515 4545//4515 890//4515
f 888//4516 4531//4516 4538//4516 889//4516
f 887//4517 4524//4517 4531//4517 888//4517
f 886//4518 4517//4518 4524//4518 887//4518
f 885//4519 4510//4519 4517//4519 886//4519
f 884//4520 4503//4520 4510//4520 885//4520
f 4552//4521 4553//4521 4560//4521 4559//4521
f 4553//4522 4554//4522 4561//4522 4560//4522
f 4554//4523 4555//4523 4562//4523 4561//4523
f 4555//4524 4556//4524 4563//4524 4562//4524
f 4556//4525 4557//4525 4564//4525 4563//4525
f 4557//4526 4558//4526 4565//4526 4564//4526
f 4559//4527 4560//4527 4567//4527 4566//4527
f 4560//4528 4561//4528 4568//4528 4567//4528
f 4561//4529 4562//4529 4569//4529 4568//4529
f 4562//4530 4563//4530 4570//4530 4569//4530
f 4563//4531 4564//4531 4571//4531 4570//4531
f 4564//4532 4565//4532 4572//4532 4571//4532
f 4566//4533 4567//4533 4574//4533 4573//4533
f 4567//4534 4568//4534 4575//4534 4574//4534
f 4568//4535 4569//4535 4576//4535 4575//4535
f 4569//4536 4570//4536 4577//4536 4576//4536
f 4570//4537 4571//4537 4578//4537 4577//4537
f 4571//4538 4572//4538 4579//4538 4578//4538
f 4573//4539 4574//4539 4581//4539 4580//4539
f 4574//4540 4575//4540 4582//4540 4581//4540
f 4575//4541 4576//4541 4583//4541 4582//4541
f 4576//4542 4577//4542 4584//4542 4583//4542
f 4577//4543 4578//4543 4585//4543 4584//4543
f 4578//4544 4579//4544 4586//4544 4585//4544
f 4580//4545 4581//4545 4588//4545 4587//4545
f 4581//4546 4582//4546 4589//4546 4588//4546
f 4582//4547 4583//4547 4590//4547 4589//4547
f 4583//4548 4584//4548 4591//4548 4590//4548
f 4584//4549 4585//4549 4592//4549 4591//4549
f 4585//4550 4586//4550 4593//4550 4592//4550
f 4587//4551 4588//4551 4595//4551 4594//4551
f 4588//4552 4589//4552 4596//4552 4595//4552
f 4589//4553 4590//4553 4597//4553 4596//4553
f 4590//4554 4591//4554 4598//4554 4597//4554
f 4591//4555 4592//4555 4599//4555 4598//4555
f 4592//4556 4593//4556 4600//4556 4599//4556
f 52//4557 1017//4557 4552//4557 1002//4557
f 1017//4558 1018//4558 4553//4558 4552//4558
f 1018//4559 1019//4559 4554//4559 4553//4559
f 1019//4560 1020//4560 4555//4560 4554//4560
f 1020//4561 1021//4561 4556//4561 4555//4561
f 1021//4562 1022//4562 4557//4562 4556//4562
f 1022//4563 1023//4563 4558//4563 4557//4563
f 1023//4564 58//4564 1066//4564 4558//4564
f 4558//4565 1066//4565 1067//4565 4565//4565
f 4565//4566 1067//4566 1068//4566 4572//4566
f 4572//4567 1068//4567 1069//4567 4579//4567
f 4579//4568 1069//4568 1070//4568 4586//4568
f 4586//4569 1070//4569 1071//4569 4593//4569
f 4593//4570 1071//4570 1072//4570 4600//4570
f 4600//4571 1072//4571 62//4571 1030//4571
f 4599//4572 4600//4572 1030//4572 1029//4572
f 4598//4573 4599//4573 1029//4573 1028//4573
f 4597//4574 4598//4574 1028//4574 1027//4574
f 4596//4575 4597//4575 1027//4575 1026//4575
f 4595//4576 4596//4576 1026//4576 1025//4576
f 4594//4577 4595//4577 1025//4577 1024//4577
f 996//4578 4594//4578 1024//4578 50//4578
f 997//4579 4587//4579 4594//4579 996//4579
f 998//4580 4580//4580 4587//4580 997//4580
f 999//4581 4573//4581 4580//4581 998//4581
f 1000//4582 4566//4582 4573//4582 999//4582
f 1001//4583 4559//4583 4566//4583 1000//4583
f 1002//4584 4552//4584 4559//4584 1001//4584
